/user/nirish.samant/u28445/.conda/envs/dnlp/lib/python3.10/site-packages/huggingface_hub/file_download.py:942: FutureWarning: `resume_download` is deprecated and will be removed in version 1.0.0. Downloads always resume when possible. If you want to force a new download, use `force_download=True`.
  warnings.warn(
/user/nirish.samant/u28445/.conda/envs/dnlp/lib/python3.10/site-packages/huggingface_hub/file_download.py:942: FutureWarning: `resume_download` is deprecated and will be removed in version 1.0.0. Downloads always resume when possible. If you want to force a new download, use `force_download=True`.
  warnings.warn(

Epoch 1/10:   0%|          | 0/545 [00:00<?, ?it/s]
Epoch 1/10:   0%|          | 1/545 [00:01<11:32,  1.27s/it]
Epoch 1/10:   0%|          | 2/545 [00:01<06:31,  1.39it/s]
Epoch 1/10:   1%|          | 3/545 [00:01<04:55,  1.84it/s]
Epoch 1/10:   1%|          | 4/545 [00:02<04:09,  2.17it/s]
Epoch 1/10:   1%|          | 5/545 [00:02<03:44,  2.41it/s]
Epoch 1/10:   1%|          | 6/545 [00:02<03:29,  2.57it/s]
Epoch 1/10:   1%|▏         | 7/545 [00:03<03:19,  2.69it/s]
Epoch 1/10:   1%|▏         | 8/545 [00:03<03:13,  2.78it/s]
Epoch 1/10:   2%|▏         | 9/545 [00:03<03:08,  2.84it/s]
Epoch 1/10:   2%|▏         | 10/545 [00:04<03:05,  2.88it/s]
Epoch 1/10:   2%|▏         | 11/545 [00:04<03:03,  2.91it/s]
Epoch 1/10:   2%|▏         | 12/545 [00:04<03:01,  2.93it/s]
Epoch 1/10:   2%|▏         | 13/545 [00:05<03:00,  2.95it/s]
Epoch 1/10:   3%|▎         | 14/545 [00:05<02:59,  2.96it/s]
Epoch 1/10:   3%|▎         | 15/545 [00:05<02:58,  2.97it/s]
Epoch 1/10:   3%|▎         | 16/545 [00:06<02:57,  2.97it/s]
Epoch 1/10:   3%|▎         | 17/545 [00:06<02:57,  2.98it/s]
Epoch 1/10:   3%|▎         | 18/545 [00:06<02:56,  2.98it/s]
Epoch 1/10:   3%|▎         | 19/545 [00:07<02:56,  2.98it/s]
Epoch 1/10:   4%|▎         | 20/545 [00:07<02:56,  2.98it/s]
Epoch 1/10:   4%|▍         | 21/545 [00:07<02:55,  2.98it/s]
Epoch 1/10:   4%|▍         | 22/545 [00:08<02:55,  2.98it/s]
Epoch 1/10:   4%|▍         | 23/545 [00:08<02:55,  2.98it/s]
Epoch 1/10:   4%|▍         | 24/545 [00:08<02:54,  2.98it/s]
Epoch 1/10:   5%|▍         | 25/545 [00:09<02:54,  2.98it/s]
Epoch 1/10:   5%|▍         | 26/545 [00:09<02:53,  2.98it/s]
Epoch 1/10:   5%|▍         | 27/545 [00:09<02:53,  2.98it/s]
Epoch 1/10:   5%|▌         | 28/545 [00:10<02:53,  2.98it/s]
Epoch 1/10:   5%|▌         | 29/545 [00:10<02:53,  2.98it/s]
Epoch 1/10:   6%|▌         | 30/545 [00:10<02:52,  2.98it/s]
Epoch 1/10:   6%|▌         | 31/545 [00:11<02:52,  2.98it/s]
Epoch 1/10:   6%|▌         | 32/545 [00:11<02:52,  2.98it/s]
Epoch 1/10:   6%|▌         | 33/545 [00:11<02:51,  2.98it/s]
Epoch 1/10:   6%|▌         | 34/545 [00:12<02:51,  2.98it/s]
Epoch 1/10:   6%|▋         | 35/545 [00:12<02:51,  2.98it/s]
Epoch 1/10:   7%|▋         | 36/545 [00:13<02:51,  2.97it/s]
Epoch 1/10:   7%|▋         | 37/545 [00:13<02:50,  2.97it/s]
Epoch 1/10:   7%|▋         | 38/545 [00:13<02:50,  2.97it/s]
Epoch 1/10:   7%|▋         | 39/545 [00:14<02:50,  2.97it/s]
Epoch 1/10:   7%|▋         | 40/545 [00:14<02:50,  2.97it/s]
Epoch 1/10:   8%|▊         | 41/545 [00:14<02:49,  2.97it/s]
Epoch 1/10:   8%|▊         | 42/545 [00:15<02:49,  2.96it/s]
Epoch 1/10:   8%|▊         | 43/545 [00:15<02:49,  2.96it/s]
Epoch 1/10:   8%|▊         | 44/545 [00:15<02:49,  2.96it/s]
Epoch 1/10:   8%|▊         | 45/545 [00:16<02:48,  2.96it/s]
Epoch 1/10:   8%|▊         | 46/545 [00:16<02:48,  2.96it/s]
Epoch 1/10:   9%|▊         | 47/545 [00:16<02:48,  2.96it/s]
Epoch 1/10:   9%|▉         | 48/545 [00:17<02:47,  2.96it/s]
Epoch 1/10:   9%|▉         | 49/545 [00:17<02:47,  2.96it/s]
Epoch 1/10:   9%|▉         | 50/545 [00:17<02:47,  2.96it/s]
Epoch 1/10:   9%|▉         | 51/545 [00:18<02:46,  2.96it/s]
Epoch 1/10:  10%|▉         | 52/545 [00:18<02:46,  2.97it/s]
Epoch 1/10:  10%|▉         | 53/545 [00:18<02:45,  2.97it/s]
Epoch 1/10:  10%|▉         | 54/545 [00:19<02:45,  2.97it/s]
Epoch 1/10:  10%|█         | 55/545 [00:19<02:45,  2.97it/s]
Epoch 1/10:  10%|█         | 56/545 [00:19<02:44,  2.97it/s]
Epoch 1/10:  10%|█         | 57/545 [00:20<02:44,  2.97it/s]
Epoch 1/10:  11%|█         | 58/545 [00:20<02:44,  2.97it/s]
Epoch 1/10:  11%|█         | 59/545 [00:20<02:43,  2.97it/s]
Epoch 1/10:  11%|█         | 60/545 [00:21<02:43,  2.97it/s]
Epoch 1/10:  11%|█         | 61/545 [00:21<02:43,  2.97it/s]
Epoch 1/10:  11%|█▏        | 62/545 [00:21<02:42,  2.97it/s]
Epoch 1/10:  12%|█▏        | 63/545 [00:22<02:42,  2.97it/s]
Epoch 1/10:  12%|█▏        | 64/545 [00:22<02:42,  2.97it/s]
Epoch 1/10:  12%|█▏        | 65/545 [00:22<02:41,  2.97it/s]
Epoch 1/10:  12%|█▏        | 66/545 [00:23<02:41,  2.97it/s]
Epoch 1/10:  12%|█▏        | 67/545 [00:23<02:41,  2.97it/s]
Epoch 1/10:  12%|█▏        | 68/545 [00:23<02:40,  2.97it/s]
Epoch 1/10:  13%|█▎        | 69/545 [00:24<02:40,  2.97it/s]
Epoch 1/10:  13%|█▎        | 70/545 [00:24<02:40,  2.97it/s]
Epoch 1/10:  13%|█▎        | 71/545 [00:24<02:39,  2.97it/s]
Epoch 1/10:  13%|█▎        | 72/545 [00:25<02:39,  2.96it/s]
Epoch 1/10:  13%|█▎        | 73/545 [00:25<02:39,  2.96it/s]
Epoch 1/10:  14%|█▎        | 74/545 [00:25<02:38,  2.97it/s]
Epoch 1/10:  14%|█▍        | 75/545 [00:26<02:38,  2.97it/s]
Epoch 1/10:  14%|█▍        | 76/545 [00:26<02:38,  2.97it/s]
Epoch 1/10:  14%|█▍        | 77/545 [00:26<02:37,  2.97it/s]
Epoch 1/10:  14%|█▍        | 78/545 [00:27<02:37,  2.97it/s]
Epoch 1/10:  14%|█▍        | 79/545 [00:27<02:36,  2.97it/s]
Epoch 1/10:  15%|█▍        | 80/545 [00:27<02:36,  2.97it/s]
Epoch 1/10:  15%|█▍        | 81/545 [00:28<02:36,  2.97it/s]
Epoch 1/10:  15%|█▌        | 82/545 [00:28<02:35,  2.97it/s]
Epoch 1/10:  15%|█▌        | 83/545 [00:28<02:35,  2.97it/s]
Epoch 1/10:  15%|█▌        | 84/545 [00:29<02:35,  2.97it/s]
Epoch 1/10:  16%|█▌        | 85/545 [00:29<02:35,  2.97it/s]
Epoch 1/10:  16%|█▌        | 86/545 [00:29<02:34,  2.97it/s]
Epoch 1/10:  16%|█▌        | 87/545 [00:30<02:34,  2.97it/s]
Epoch 1/10:  16%|█▌        | 88/545 [00:30<02:34,  2.97it/s]
Epoch 1/10:  16%|█▋        | 89/545 [00:30<02:33,  2.97it/s]
Epoch 1/10:  17%|█▋        | 90/545 [00:31<02:33,  2.97it/s]
Epoch 1/10:  17%|█▋        | 91/545 [00:31<02:33,  2.97it/s]
Epoch 1/10:  17%|█▋        | 92/545 [00:31<02:32,  2.97it/s]
Epoch 1/10:  17%|█▋        | 93/545 [00:32<02:32,  2.97it/s]
Epoch 1/10:  17%|█▋        | 94/545 [00:32<02:31,  2.97it/s]
Epoch 1/10:  17%|█▋        | 95/545 [00:32<02:31,  2.97it/s]
Epoch 1/10:  18%|█▊        | 96/545 [00:33<02:31,  2.97it/s]
Epoch 1/10:  18%|█▊        | 97/545 [00:33<02:30,  2.97it/s]
Epoch 1/10:  18%|█▊        | 98/545 [00:33<02:30,  2.97it/s]
Epoch 1/10:  18%|█▊        | 99/545 [00:34<02:30,  2.97it/s]
Epoch 1/10:  18%|█▊        | 100/545 [00:34<02:29,  2.97it/s]
Epoch 1/10:  19%|█▊        | 101/545 [00:34<02:29,  2.97it/s]
Epoch 1/10:  19%|█▊        | 102/545 [00:35<02:29,  2.97it/s]
Epoch 1/10:  19%|█▉        | 103/545 [00:35<02:28,  2.97it/s]
Epoch 1/10:  19%|█▉        | 104/545 [00:35<02:28,  2.97it/s]
Epoch 1/10:  19%|█▉        | 105/545 [00:36<02:28,  2.97it/s]
Epoch 1/10:  19%|█▉        | 106/545 [00:36<02:27,  2.97it/s]
Epoch 1/10:  20%|█▉        | 107/545 [00:36<02:27,  2.97it/s]
Epoch 1/10:  20%|█▉        | 108/545 [00:37<02:27,  2.97it/s]
Epoch 1/10:  20%|██        | 109/545 [00:37<02:26,  2.97it/s]
Epoch 1/10:  20%|██        | 110/545 [00:37<02:26,  2.97it/s]
Epoch 1/10:  20%|██        | 111/545 [00:38<02:26,  2.97it/s]
Epoch 1/10:  21%|██        | 112/545 [00:38<02:25,  2.97it/s]
Epoch 1/10:  21%|██        | 113/545 [00:38<02:25,  2.97it/s]
Epoch 1/10:  21%|██        | 114/545 [00:39<02:25,  2.97it/s]
Epoch 1/10:  21%|██        | 115/545 [00:39<02:24,  2.97it/s]
Epoch 1/10:  21%|██▏       | 116/545 [00:39<02:24,  2.97it/s]
Epoch 1/10:  21%|██▏       | 117/545 [00:40<02:24,  2.97it/s]
Epoch 1/10:  22%|██▏       | 118/545 [00:40<02:23,  2.97it/s]
Epoch 1/10:  22%|██▏       | 119/545 [00:40<02:23,  2.97it/s]
Epoch 1/10:  22%|██▏       | 120/545 [00:41<02:23,  2.97it/s]
Epoch 1/10:  22%|██▏       | 121/545 [00:41<02:22,  2.97it/s]
Epoch 1/10:  22%|██▏       | 122/545 [00:41<02:22,  2.97it/s]
Epoch 1/10:  23%|██▎       | 123/545 [00:42<02:22,  2.97it/s]
Epoch 1/10:  23%|██▎       | 124/545 [00:42<02:21,  2.97it/s]
Epoch 1/10:  23%|██▎       | 125/545 [00:43<02:21,  2.97it/s]
Epoch 1/10:  23%|██▎       | 126/545 [00:43<02:21,  2.97it/s]
Epoch 1/10:  23%|██▎       | 127/545 [00:43<02:20,  2.97it/s]
Epoch 1/10:  23%|██▎       | 128/545 [00:44<02:20,  2.96it/s]
Epoch 1/10:  24%|██▎       | 129/545 [00:44<02:20,  2.96it/s]
Epoch 1/10:  24%|██▍       | 130/545 [00:44<02:19,  2.96it/s]
Epoch 1/10:  24%|██▍       | 131/545 [00:45<02:19,  2.96it/s]
Epoch 1/10:  24%|██▍       | 132/545 [00:45<02:19,  2.96it/s]
Epoch 1/10:  24%|██▍       | 133/545 [00:45<02:18,  2.97it/s]
Epoch 1/10:  25%|██▍       | 134/545 [00:46<02:18,  2.97it/s]
Epoch 1/10:  25%|██▍       | 135/545 [00:46<02:18,  2.97it/s]
Epoch 1/10:  25%|██▍       | 136/545 [00:46<02:17,  2.97it/s]
Epoch 1/10:  25%|██▌       | 137/545 [00:47<02:17,  2.97it/s]
Epoch 1/10:  25%|██▌       | 138/545 [00:47<02:17,  2.96it/s]
Epoch 1/10:  26%|██▌       | 139/545 [00:47<02:16,  2.96it/s]
Epoch 1/10:  26%|██▌       | 140/545 [00:48<02:16,  2.97it/s]
Epoch 1/10:  26%|██▌       | 141/545 [00:48<02:16,  2.97it/s]
Epoch 1/10:  26%|██▌       | 142/545 [00:48<02:15,  2.97it/s]
Epoch 1/10:  26%|██▌       | 143/545 [00:49<02:15,  2.97it/s]
Epoch 1/10:  26%|██▋       | 144/545 [00:49<02:15,  2.97it/s]
Epoch 1/10:  27%|██▋       | 145/545 [00:49<02:14,  2.97it/s]
Epoch 1/10:  27%|██▋       | 146/545 [00:50<02:14,  2.97it/s]
Epoch 1/10:  27%|██▋       | 147/545 [00:50<02:14,  2.96it/s]
Epoch 1/10:  27%|██▋       | 148/545 [00:50<02:13,  2.97it/s]
Epoch 1/10:  27%|██▋       | 149/545 [00:51<02:13,  2.97it/s]
Epoch 1/10:  28%|██▊       | 150/545 [00:51<02:13,  2.97it/s]
Epoch 1/10:  28%|██▊       | 151/545 [00:51<02:12,  2.97it/s]
Epoch 1/10:  28%|██▊       | 152/545 [00:52<02:12,  2.97it/s]
Epoch 1/10:  28%|██▊       | 153/545 [00:52<02:12,  2.97it/s]
Epoch 1/10:  28%|██▊       | 154/545 [00:52<02:11,  2.97it/s]
Epoch 1/10:  28%|██▊       | 155/545 [00:53<02:11,  2.97it/s]
Epoch 1/10:  29%|██▊       | 156/545 [00:53<02:11,  2.97it/s]
Epoch 1/10:  29%|██▉       | 157/545 [00:53<02:10,  2.97it/s]
Epoch 1/10:  29%|██▉       | 158/545 [00:54<02:10,  2.97it/s]
Epoch 1/10:  29%|██▉       | 159/545 [00:54<02:10,  2.97it/s]
Epoch 1/10:  29%|██▉       | 160/545 [00:54<02:09,  2.97it/s]
Epoch 1/10:  30%|██▉       | 161/545 [00:55<02:09,  2.97it/s]
Epoch 1/10:  30%|██▉       | 162/545 [00:55<02:09,  2.97it/s]
Epoch 1/10:  30%|██▉       | 163/545 [00:55<02:08,  2.97it/s]
Epoch 1/10:  30%|███       | 164/545 [00:56<02:08,  2.97it/s]
Epoch 1/10:  30%|███       | 165/545 [00:56<02:08,  2.96it/s]
Epoch 1/10:  30%|███       | 166/545 [00:56<02:07,  2.96it/s]
Epoch 1/10:  31%|███       | 167/545 [00:57<02:07,  2.97it/s]
Epoch 1/10:  31%|███       | 168/545 [00:57<02:07,  2.97it/s]
Epoch 1/10:  31%|███       | 169/545 [00:57<02:06,  2.97it/s]
Epoch 1/10:  31%|███       | 170/545 [00:58<02:06,  2.97it/s]
Epoch 1/10:  31%|███▏      | 171/545 [00:58<02:06,  2.97it/s]
Epoch 1/10:  32%|███▏      | 172/545 [00:58<02:05,  2.97it/s]
Epoch 1/10:  32%|███▏      | 173/545 [00:59<02:05,  2.97it/s]
Epoch 1/10:  32%|███▏      | 174/545 [00:59<02:04,  2.97it/s]
Epoch 1/10:  32%|███▏      | 175/545 [00:59<02:04,  2.97it/s]
Epoch 1/10:  32%|███▏      | 176/545 [01:00<02:04,  2.97it/s]
Epoch 1/10:  32%|███▏      | 177/545 [01:00<02:03,  2.97it/s]
Epoch 1/10:  33%|███▎      | 178/545 [01:00<02:03,  2.97it/s]
Epoch 1/10:  33%|███▎      | 179/545 [01:01<02:03,  2.97it/s]
Epoch 1/10:  33%|███▎      | 180/545 [01:01<02:02,  2.97it/s]
Epoch 1/10:  33%|███▎      | 181/545 [01:01<02:02,  2.96it/s]
Epoch 1/10:  33%|███▎      | 182/545 [01:02<02:02,  2.97it/s]
Epoch 1/10:  34%|███▎      | 183/545 [01:02<02:02,  2.97it/s]
Epoch 1/10:  34%|███▍      | 184/545 [01:02<02:01,  2.97it/s]
Epoch 1/10:  34%|███▍      | 185/545 [01:03<02:01,  2.97it/s]
Epoch 1/10:  34%|███▍      | 186/545 [01:03<02:00,  2.97it/s]
Epoch 1/10:  34%|███▍      | 187/545 [01:03<02:00,  2.97it/s]
Epoch 1/10:  34%|███▍      | 188/545 [01:04<02:00,  2.97it/s]
Epoch 1/10:  35%|███▍      | 189/545 [01:04<01:59,  2.97it/s]
Epoch 1/10:  35%|███▍      | 190/545 [01:04<01:59,  2.97it/s]
Epoch 1/10:  35%|███▌      | 191/545 [01:05<01:59,  2.97it/s]
Epoch 1/10:  35%|███▌      | 192/545 [01:05<01:58,  2.97it/s]
Epoch 1/10:  35%|███▌      | 193/545 [01:05<01:58,  2.97it/s]
Epoch 1/10:  36%|███▌      | 194/545 [01:06<01:58,  2.97it/s]
Epoch 1/10:  36%|███▌      | 195/545 [01:06<01:57,  2.97it/s]
Epoch 1/10:  36%|███▌      | 196/545 [01:06<01:57,  2.97it/s]
Epoch 1/10:  36%|███▌      | 197/545 [01:07<01:57,  2.97it/s]
Epoch 1/10:  36%|███▋      | 198/545 [01:07<01:56,  2.97it/s]
Epoch 1/10:  37%|███▋      | 199/545 [01:07<01:56,  2.96it/s]
Epoch 1/10:  37%|███▋      | 200/545 [01:08<01:56,  2.97it/s]
Epoch 1/10:  37%|███▋      | 201/545 [01:08<01:55,  2.97it/s]
Epoch 1/10:  37%|███▋      | 202/545 [01:08<01:55,  2.97it/s]
Epoch 1/10:  37%|███▋      | 203/545 [01:09<01:55,  2.97it/s]
Epoch 1/10:  37%|███▋      | 204/545 [01:09<01:54,  2.97it/s]
Epoch 1/10:  38%|███▊      | 205/545 [01:09<01:54,  2.97it/s]
Epoch 1/10:  38%|███▊      | 206/545 [01:10<01:54,  2.97it/s]
Epoch 1/10:  38%|███▊      | 207/545 [01:10<01:53,  2.97it/s]
Epoch 1/10:  38%|███▊      | 208/545 [01:10<01:53,  2.97it/s]
Epoch 1/10:  38%|███▊      | 209/545 [01:11<01:53,  2.97it/s]
Epoch 1/10:  39%|███▊      | 210/545 [01:11<01:52,  2.97it/s]
Epoch 1/10:  39%|███▊      | 211/545 [01:11<01:52,  2.97it/s]
Epoch 1/10:  39%|███▉      | 212/545 [01:12<01:52,  2.97it/s]
Epoch 1/10:  39%|███▉      | 213/545 [01:12<01:51,  2.97it/s]
Epoch 1/10:  39%|███▉      | 214/545 [01:12<01:51,  2.97it/s]
Epoch 1/10:  39%|███▉      | 215/545 [01:13<01:51,  2.97it/s]
Epoch 1/10:  40%|███▉      | 216/545 [01:13<01:50,  2.97it/s]
Epoch 1/10:  40%|███▉      | 217/545 [01:14<01:50,  2.97it/s]
Epoch 1/10:  40%|████      | 218/545 [01:14<01:50,  2.96it/s]
Epoch 1/10:  40%|████      | 219/545 [01:14<01:49,  2.97it/s]
Epoch 1/10:  40%|████      | 220/545 [01:15<01:49,  2.97it/s]
Epoch 1/10:  41%|████      | 221/545 [01:15<01:49,  2.97it/s]
Epoch 1/10:  41%|████      | 222/545 [01:15<01:48,  2.97it/s]
Epoch 1/10:  41%|████      | 223/545 [01:16<01:48,  2.97it/s]
Epoch 1/10:  41%|████      | 224/545 [01:16<01:48,  2.97it/s]
Epoch 1/10:  41%|████▏     | 225/545 [01:16<01:47,  2.97it/s]
Epoch 1/10:  41%|████▏     | 226/545 [01:17<01:47,  2.97it/s]
Epoch 1/10:  42%|████▏     | 227/545 [01:17<01:47,  2.97it/s]
Epoch 1/10:  42%|████▏     | 228/545 [01:17<01:46,  2.97it/s]
Epoch 1/10:  42%|████▏     | 229/545 [01:18<01:46,  2.97it/s]
Epoch 1/10:  42%|████▏     | 230/545 [01:18<01:46,  2.97it/s]
Epoch 1/10:  42%|████▏     | 231/545 [01:18<01:45,  2.97it/s]
Epoch 1/10:  43%|████▎     | 232/545 [01:19<01:45,  2.97it/s]
Epoch 1/10:  43%|████▎     | 233/545 [01:19<01:45,  2.96it/s]
Epoch 1/10:  43%|████▎     | 234/545 [01:19<01:44,  2.96it/s]
Epoch 1/10:  43%|████▎     | 235/545 [01:20<01:44,  2.96it/s]
Epoch 1/10:  43%|████▎     | 236/545 [01:20<01:44,  2.96it/s]
Epoch 1/10:  43%|████▎     | 237/545 [01:20<01:43,  2.97it/s]
Epoch 1/10:  44%|████▎     | 238/545 [01:21<01:43,  2.97it/s]
Epoch 1/10:  44%|████▍     | 239/545 [01:21<01:43,  2.97it/s]
Epoch 1/10:  44%|████▍     | 240/545 [01:21<01:42,  2.97it/s]
Epoch 1/10:  44%|████▍     | 241/545 [01:22<01:42,  2.97it/s]
Epoch 1/10:  44%|████▍     | 242/545 [01:22<01:42,  2.97it/s]
Epoch 1/10:  45%|████▍     | 243/545 [01:22<01:41,  2.97it/s]
Epoch 1/10:  45%|████▍     | 244/545 [01:23<01:41,  2.97it/s]
Epoch 1/10:  45%|████▍     | 245/545 [01:23<01:41,  2.97it/s]
Epoch 1/10:  45%|████▌     | 246/545 [01:23<01:40,  2.97it/s]
Epoch 1/10:  45%|████▌     | 247/545 [01:24<01:40,  2.97it/s]
Epoch 1/10:  46%|████▌     | 248/545 [01:24<01:40,  2.97it/s]
Epoch 1/10:  46%|████▌     | 249/545 [01:24<01:39,  2.97it/s]
Epoch 1/10:  46%|████▌     | 250/545 [01:25<01:39,  2.97it/s]
Epoch 1/10:  46%|████▌     | 251/545 [01:25<01:39,  2.97it/s]
Epoch 1/10:  46%|████▌     | 252/545 [01:25<01:38,  2.97it/s]
Epoch 1/10:  46%|████▋     | 253/545 [01:26<01:38,  2.97it/s]
Epoch 1/10:  47%|████▋     | 254/545 [01:26<01:38,  2.97it/s]
Epoch 1/10:  47%|████▋     | 255/545 [01:26<01:37,  2.97it/s]
Epoch 1/10:  47%|████▋     | 256/545 [01:27<01:37,  2.97it/s]
Epoch 1/10:  47%|████▋     | 257/545 [01:27<01:37,  2.97it/s]
Epoch 1/10:  47%|████▋     | 258/545 [01:27<01:36,  2.97it/s]
Epoch 1/10:  48%|████▊     | 259/545 [01:28<01:36,  2.97it/s]
Epoch 1/10:  48%|████▊     | 260/545 [01:28<01:36,  2.97it/s]
Epoch 1/10:  48%|████▊     | 261/545 [01:28<01:35,  2.97it/s]
Epoch 1/10:  48%|████▊     | 262/545 [01:29<01:35,  2.97it/s]
Epoch 1/10:  48%|████▊     | 263/545 [01:29<01:34,  2.97it/s]
Epoch 1/10:  48%|████▊     | 264/545 [01:29<01:34,  2.97it/s]
Epoch 1/10:  49%|████▊     | 265/545 [01:30<01:34,  2.97it/s]
Epoch 1/10:  49%|████▉     | 266/545 [01:30<01:34,  2.97it/s]
Epoch 1/10:  49%|████▉     | 267/545 [01:30<01:33,  2.97it/s]
Epoch 1/10:  49%|████▉     | 268/545 [01:31<01:33,  2.97it/s]
Epoch 1/10:  49%|████▉     | 269/545 [01:31<01:32,  2.97it/s]
Epoch 1/10:  50%|████▉     | 270/545 [01:31<01:32,  2.97it/s]
Epoch 1/10:  50%|████▉     | 271/545 [01:32<01:32,  2.97it/s]
Epoch 1/10:  50%|████▉     | 272/545 [01:32<01:31,  2.97it/s]
Epoch 1/10:  50%|█████     | 273/545 [01:32<01:31,  2.97it/s]
Epoch 1/10:  50%|█████     | 274/545 [01:33<01:31,  2.97it/s]
Epoch 1/10:  50%|█████     | 275/545 [01:33<01:30,  2.97it/s]
Epoch 1/10:  51%|█████     | 276/545 [01:33<01:30,  2.97it/s]
Epoch 1/10:  51%|█████     | 277/545 [01:34<01:30,  2.97it/s]
Epoch 1/10:  51%|█████     | 278/545 [01:34<01:29,  2.97it/s]
Epoch 1/10:  51%|█████     | 279/545 [01:34<01:29,  2.97it/s]
Epoch 1/10:  51%|█████▏    | 280/545 [01:35<01:29,  2.97it/s]
Epoch 1/10:  52%|█████▏    | 281/545 [01:35<01:28,  2.97it/s]
Epoch 1/10:  52%|█████▏    | 282/545 [01:35<01:28,  2.97it/s]
Epoch 1/10:  52%|█████▏    | 283/545 [01:36<01:28,  2.97it/s]
Epoch 1/10:  52%|█████▏    | 284/545 [01:36<01:27,  2.97it/s]
Epoch 1/10:  52%|█████▏    | 285/545 [01:36<01:27,  2.97it/s]
Epoch 1/10:  52%|█████▏    | 286/545 [01:37<01:27,  2.97it/s]
Epoch 1/10:  53%|█████▎    | 287/545 [01:37<01:26,  2.97it/s]
Epoch 1/10:  53%|█████▎    | 288/545 [01:37<01:26,  2.97it/s]
Epoch 1/10:  53%|█████▎    | 289/545 [01:38<01:26,  2.97it/s]
Epoch 1/10:  53%|█████▎    | 290/545 [01:38<01:25,  2.97it/s]
Epoch 1/10:  53%|█████▎    | 291/545 [01:38<01:25,  2.97it/s]
Epoch 1/10:  54%|█████▎    | 292/545 [01:39<01:25,  2.97it/s]
Epoch 1/10:  54%|█████▍    | 293/545 [01:39<01:24,  2.97it/s]
Epoch 1/10:  54%|█████▍    | 294/545 [01:39<01:24,  2.97it/s]
Epoch 1/10:  54%|█████▍    | 295/545 [01:40<01:24,  2.97it/s]
Epoch 1/10:  54%|█████▍    | 296/545 [01:40<01:23,  2.97it/s]
Epoch 1/10:  54%|█████▍    | 297/545 [01:40<01:23,  2.97it/s]
Epoch 1/10:  55%|█████▍    | 298/545 [01:41<01:23,  2.97it/s]
Epoch 1/10:  55%|█████▍    | 299/545 [01:41<01:22,  2.97it/s]
Epoch 1/10:  55%|█████▌    | 300/545 [01:41<01:22,  2.97it/s]
Epoch 1/10:  55%|█████▌    | 301/545 [01:42<01:22,  2.97it/s]
Epoch 1/10:  55%|█████▌    | 302/545 [01:42<01:21,  2.97it/s]
Epoch 1/10:  56%|█████▌    | 303/545 [01:42<01:21,  2.97it/s]
Epoch 1/10:  56%|█████▌    | 304/545 [01:43<01:21,  2.97it/s]
Epoch 1/10:  56%|█████▌    | 305/545 [01:43<01:20,  2.97it/s]
Epoch 1/10:  56%|█████▌    | 306/545 [01:43<01:20,  2.97it/s]
Epoch 1/10:  56%|█████▋    | 307/545 [01:44<01:20,  2.97it/s]
Epoch 1/10:  57%|█████▋    | 308/545 [01:44<01:19,  2.97it/s]
Epoch 1/10:  57%|█████▋    | 309/545 [01:44<01:19,  2.97it/s]
Epoch 1/10:  57%|█████▋    | 310/545 [01:45<01:19,  2.97it/s]
Epoch 1/10:  57%|█████▋    | 311/545 [01:45<01:18,  2.97it/s]
Epoch 1/10:  57%|█████▋    | 312/545 [01:46<01:18,  2.97it/s]
Epoch 1/10:  57%|█████▋    | 313/545 [01:46<01:18,  2.97it/s]
Epoch 1/10:  58%|█████▊    | 314/545 [01:46<01:17,  2.97it/s]
Epoch 1/10:  58%|█████▊    | 315/545 [01:47<01:17,  2.97it/s]
Epoch 1/10:  58%|█████▊    | 316/545 [01:47<01:17,  2.97it/s]
Epoch 1/10:  58%|█████▊    | 317/545 [01:47<01:16,  2.97it/s]
Epoch 1/10:  58%|█████▊    | 318/545 [01:48<01:16,  2.97it/s]
Epoch 1/10:  59%|█████▊    | 319/545 [01:48<01:16,  2.96it/s]
Epoch 1/10:  59%|█████▊    | 320/545 [01:48<01:16,  2.96it/s]
Epoch 1/10:  59%|█████▉    | 321/545 [01:49<01:15,  2.96it/s]
Epoch 1/10:  59%|█████▉    | 322/545 [01:49<01:15,  2.97it/s]
Epoch 1/10:  59%|█████▉    | 323/545 [01:49<01:14,  2.97it/s]
Epoch 1/10:  59%|█████▉    | 324/545 [01:50<01:14,  2.97it/s]
Epoch 1/10:  60%|█████▉    | 325/545 [01:50<01:14,  2.97it/s]
Epoch 1/10:  60%|█████▉    | 326/545 [01:50<01:13,  2.97it/s]
Epoch 1/10:  60%|██████    | 327/545 [01:51<01:13,  2.97it/s]
Epoch 1/10:  60%|██████    | 328/545 [01:51<01:13,  2.97it/s]
Epoch 1/10:  60%|██████    | 329/545 [01:51<01:12,  2.97it/s]
Epoch 1/10:  61%|██████    | 330/545 [01:52<01:12,  2.97it/s]
Epoch 1/10:  61%|██████    | 331/545 [01:52<01:12,  2.97it/s]
Epoch 1/10:  61%|██████    | 332/545 [01:52<01:11,  2.97it/s]
Epoch 1/10:  61%|██████    | 333/545 [01:53<01:11,  2.97it/s]
Epoch 1/10:  61%|██████▏   | 334/545 [01:53<01:11,  2.97it/s]
Epoch 1/10:  61%|██████▏   | 335/545 [01:53<01:10,  2.97it/s]
Epoch 1/10:  62%|██████▏   | 336/545 [01:54<01:10,  2.97it/s]
Epoch 1/10:  62%|██████▏   | 337/545 [01:54<01:10,  2.97it/s]
Epoch 1/10:  62%|██████▏   | 338/545 [01:54<01:09,  2.97it/s]
Epoch 1/10:  62%|██████▏   | 339/545 [01:55<01:09,  2.97it/s]
Epoch 1/10:  62%|██████▏   | 340/545 [01:55<01:09,  2.97it/s]
Epoch 1/10:  63%|██████▎   | 341/545 [01:55<01:08,  2.97it/s]
Epoch 1/10:  63%|██████▎   | 342/545 [01:56<01:08,  2.97it/s]
Epoch 1/10:  63%|██████▎   | 343/545 [01:56<01:07,  2.97it/s]
Epoch 1/10:  63%|██████▎   | 344/545 [01:56<01:07,  2.97it/s]
Epoch 1/10:  63%|██████▎   | 345/545 [01:57<01:07,  2.97it/s]
Epoch 1/10:  63%|██████▎   | 346/545 [01:57<01:07,  2.97it/s]
Epoch 1/10:  64%|██████▎   | 347/545 [01:57<01:06,  2.97it/s]
Epoch 1/10:  64%|██████▍   | 348/545 [01:58<01:06,  2.97it/s]
Epoch 1/10:  64%|██████▍   | 349/545 [01:58<01:05,  2.97it/s]
Epoch 1/10:  64%|██████▍   | 350/545 [01:58<01:05,  2.97it/s]
Epoch 1/10:  64%|██████▍   | 351/545 [01:59<01:05,  2.97it/s]
Epoch 1/10:  65%|██████▍   | 352/545 [01:59<01:04,  2.97it/s]
Epoch 1/10:  65%|██████▍   | 353/545 [01:59<01:04,  2.97it/s]
Epoch 1/10:  65%|██████▍   | 354/545 [02:00<01:04,  2.97it/s]
Epoch 1/10:  65%|██████▌   | 355/545 [02:00<01:03,  2.97it/s]
Epoch 1/10:  65%|██████▌   | 356/545 [02:00<01:03,  2.97it/s]
Epoch 1/10:  66%|██████▌   | 357/545 [02:01<01:03,  2.97it/s]
Epoch 1/10:  66%|██████▌   | 358/545 [02:01<01:02,  2.97it/s]
Epoch 1/10:  66%|██████▌   | 359/545 [02:01<01:02,  2.97it/s]
Epoch 1/10:  66%|██████▌   | 360/545 [02:02<01:02,  2.97it/s]
Epoch 1/10:  66%|██████▌   | 361/545 [02:02<01:01,  2.97it/s]
Epoch 1/10:  66%|██████▋   | 362/545 [02:02<01:01,  2.97it/s]
Epoch 1/10:  67%|██████▋   | 363/545 [02:03<01:01,  2.97it/s]
Epoch 1/10:  67%|██████▋   | 364/545 [02:03<01:00,  2.97it/s]
Epoch 1/10:  67%|██████▋   | 365/545 [02:03<01:00,  2.97it/s]
Epoch 1/10:  67%|██████▋   | 366/545 [02:04<01:00,  2.97it/s]
Epoch 1/10:  67%|██████▋   | 367/545 [02:04<00:59,  2.97it/s]
Epoch 1/10:  68%|██████▊   | 368/545 [02:04<00:59,  2.97it/s]
Epoch 1/10:  68%|██████▊   | 369/545 [02:05<00:59,  2.97it/s]
Epoch 1/10:  68%|██████▊   | 370/545 [02:05<00:58,  2.97it/s]
Epoch 1/10:  68%|██████▊   | 371/545 [02:05<00:58,  2.97it/s]
Epoch 1/10:  68%|██████▊   | 372/545 [02:06<00:58,  2.97it/s]
Epoch 1/10:  68%|██████▊   | 373/545 [02:06<00:57,  2.97it/s]
Epoch 1/10:  69%|██████▊   | 374/545 [02:06<00:57,  2.97it/s]
Epoch 1/10:  69%|██████▉   | 375/545 [02:07<00:57,  2.97it/s]
Epoch 1/10:  69%|██████▉   | 376/545 [02:07<00:56,  2.97it/s]
Epoch 1/10:  69%|██████▉   | 377/545 [02:07<00:56,  2.97it/s]
Epoch 1/10:  69%|██████▉   | 378/545 [02:08<00:56,  2.97it/s]
Epoch 1/10:  70%|██████▉   | 379/545 [02:08<00:55,  2.97it/s]
Epoch 1/10:  70%|██████▉   | 380/545 [02:08<00:55,  2.97it/s]
Epoch 1/10:  70%|██████▉   | 381/545 [02:09<00:55,  2.97it/s]
Epoch 1/10:  70%|███████   | 382/545 [02:09<00:54,  2.97it/s]
Epoch 1/10:  70%|███████   | 383/545 [02:09<00:54,  2.97it/s]
Epoch 1/10:  70%|███████   | 384/545 [02:10<00:54,  2.97it/s]
Epoch 1/10:  71%|███████   | 385/545 [02:10<00:53,  2.97it/s]
Epoch 1/10:  71%|███████   | 386/545 [02:10<00:53,  2.97it/s]
Epoch 1/10:  71%|███████   | 387/545 [02:11<00:53,  2.97it/s]
Epoch 1/10:  71%|███████   | 388/545 [02:11<00:52,  2.97it/s]
Epoch 1/10:  71%|███████▏  | 389/545 [02:11<00:52,  2.97it/s]
Epoch 1/10:  72%|███████▏  | 390/545 [02:12<00:52,  2.97it/s]
Epoch 1/10:  72%|███████▏  | 391/545 [02:12<00:51,  2.97it/s]
Epoch 1/10:  72%|███████▏  | 392/545 [02:12<00:51,  2.97it/s]
Epoch 1/10:  72%|███████▏  | 393/545 [02:13<00:51,  2.97it/s]
Epoch 1/10:  72%|███████▏  | 394/545 [02:13<00:50,  2.97it/s]
Epoch 1/10:  72%|███████▏  | 395/545 [02:13<00:50,  2.97it/s]
Epoch 1/10:  73%|███████▎  | 396/545 [02:14<00:50,  2.97it/s]
Epoch 1/10:  73%|███████▎  | 397/545 [02:14<00:49,  2.97it/s]
Epoch 1/10:  73%|███████▎  | 398/545 [02:14<00:49,  2.97it/s]
Epoch 1/10:  73%|███████▎  | 399/545 [02:15<00:49,  2.97it/s]
Epoch 1/10:  73%|███████▎  | 400/545 [02:15<00:48,  2.97it/s]
Epoch 1/10:  74%|███████▎  | 401/545 [02:15<00:48,  2.97it/s]
Epoch 1/10:  74%|███████▍  | 402/545 [02:16<00:48,  2.97it/s]
Epoch 1/10:  74%|███████▍  | 403/545 [02:16<00:47,  2.97it/s]
Epoch 1/10:  74%|███████▍  | 404/545 [02:16<00:47,  2.97it/s]
Epoch 1/10:  74%|███████▍  | 405/545 [02:17<00:47,  2.97it/s]
Epoch 1/10:  74%|███████▍  | 406/545 [02:17<00:46,  2.97it/s]
Epoch 1/10:  75%|███████▍  | 407/545 [02:17<00:46,  2.97it/s]
Epoch 1/10:  75%|███████▍  | 408/545 [02:18<00:46,  2.97it/s]
Epoch 1/10:  75%|███████▌  | 409/545 [02:18<00:45,  2.97it/s]
Epoch 1/10:  75%|███████▌  | 410/545 [02:19<00:45,  2.97it/s]
Epoch 1/10:  75%|███████▌  | 411/545 [02:19<00:45,  2.97it/s]
Epoch 1/10:  76%|███████▌  | 412/545 [02:19<00:44,  2.97it/s]
Epoch 1/10:  76%|███████▌  | 413/545 [02:20<00:44,  2.97it/s]
Epoch 1/10:  76%|███████▌  | 414/545 [02:20<00:44,  2.97it/s]
Epoch 1/10:  76%|███████▌  | 415/545 [02:20<00:43,  2.97it/s]
Epoch 1/10:  76%|███████▋  | 416/545 [02:21<00:43,  2.97it/s]
Epoch 1/10:  77%|███████▋  | 417/545 [02:21<00:43,  2.97it/s]
Epoch 1/10:  77%|███████▋  | 418/545 [02:21<00:42,  2.97it/s]
Epoch 1/10:  77%|███████▋  | 419/545 [02:22<00:42,  2.97it/s]
Epoch 1/10:  77%|███████▋  | 420/545 [02:22<00:42,  2.97it/s]
Epoch 1/10:  77%|███████▋  | 421/545 [02:22<00:41,  2.96it/s]
Epoch 1/10:  77%|███████▋  | 422/545 [02:23<00:41,  2.96it/s]
Epoch 1/10:  78%|███████▊  | 423/545 [02:23<00:41,  2.96it/s]
Epoch 1/10:  78%|███████▊  | 424/545 [02:23<00:40,  2.97it/s]
Epoch 1/10:  78%|███████▊  | 425/545 [02:24<00:40,  2.97it/s]
Epoch 1/10:  78%|███████▊  | 426/545 [02:24<00:40,  2.97it/s]
Epoch 1/10:  78%|███████▊  | 427/545 [02:24<00:39,  2.97it/s]
Epoch 1/10:  79%|███████▊  | 428/545 [02:25<00:39,  2.96it/s]
Epoch 1/10:  79%|███████▊  | 429/545 [02:25<00:39,  2.97it/s]
Epoch 1/10:  79%|███████▉  | 430/545 [02:25<00:38,  2.97it/s]
Epoch 1/10:  79%|███████▉  | 431/545 [02:26<00:38,  2.97it/s]
Epoch 1/10:  79%|███████▉  | 432/545 [02:26<00:38,  2.97it/s]
Epoch 1/10:  79%|███████▉  | 433/545 [02:26<00:37,  2.97it/s]
Epoch 1/10:  80%|███████▉  | 434/545 [02:27<00:37,  2.96it/s]
Epoch 1/10:  80%|███████▉  | 435/545 [02:27<00:37,  2.96it/s]
Epoch 1/10:  80%|████████  | 436/545 [02:27<00:36,  2.97it/s]
Epoch 1/10:  80%|████████  | 437/545 [02:28<00:36,  2.97it/s]
Epoch 1/10:  80%|████████  | 438/545 [02:28<00:36,  2.97it/s]
Epoch 1/10:  81%|████████  | 439/545 [02:28<00:35,  2.97it/s]
Epoch 1/10:  81%|████████  | 440/545 [02:29<00:35,  2.97it/s]
Epoch 1/10:  81%|████████  | 441/545 [02:29<00:35,  2.97it/s]
Epoch 1/10:  81%|████████  | 442/545 [02:29<00:34,  2.97it/s]
Epoch 1/10:  81%|████████▏ | 443/545 [02:30<00:34,  2.97it/s]
Epoch 1/10:  81%|████████▏ | 444/545 [02:30<00:33,  2.97it/s]
Epoch 1/10:  82%|████████▏ | 445/545 [02:30<00:33,  2.97it/s]
Epoch 1/10:  82%|████████▏ | 446/545 [02:31<00:33,  2.97it/s]
Epoch 1/10:  82%|████████▏ | 447/545 [02:31<00:33,  2.97it/s]
Epoch 1/10:  82%|████████▏ | 448/545 [02:31<00:32,  2.97it/s]
Epoch 1/10:  82%|████████▏ | 449/545 [02:32<00:32,  2.97it/s]
Epoch 1/10:  83%|████████▎ | 450/545 [02:32<00:31,  2.97it/s]
Epoch 1/10:  83%|████████▎ | 451/545 [02:32<00:31,  2.97it/s]
Epoch 1/10:  83%|████████▎ | 452/545 [02:33<00:31,  2.97it/s]
Epoch 1/10:  83%|████████▎ | 453/545 [02:33<00:30,  2.97it/s]
Epoch 1/10:  83%|████████▎ | 454/545 [02:33<00:30,  2.97it/s]
Epoch 1/10:  83%|████████▎ | 455/545 [02:34<00:30,  2.97it/s]
Epoch 1/10:  84%|████████▎ | 456/545 [02:34<00:29,  2.97it/s]
Epoch 1/10:  84%|████████▍ | 457/545 [02:34<00:29,  2.97it/s]
Epoch 1/10:  84%|████████▍ | 458/545 [02:35<00:29,  2.97it/s]
Epoch 1/10:  84%|████████▍ | 459/545 [02:35<00:28,  2.97it/s]
Epoch 1/10:  84%|████████▍ | 460/545 [02:35<00:28,  2.97it/s]
Epoch 1/10:  85%|████████▍ | 461/545 [02:36<00:28,  2.97it/s]
Epoch 1/10:  85%|████████▍ | 462/545 [02:36<00:27,  2.97it/s]
Epoch 1/10:  85%|████████▍ | 463/545 [02:36<00:27,  2.97it/s]
Epoch 1/10:  85%|████████▌ | 464/545 [02:37<00:27,  2.97it/s]
Epoch 1/10:  85%|████████▌ | 465/545 [02:37<00:26,  2.97it/s]
Epoch 1/10:  86%|████████▌ | 466/545 [02:37<00:26,  2.97it/s]
Epoch 1/10:  86%|████████▌ | 467/545 [02:38<00:26,  2.97it/s]
Epoch 1/10:  86%|████████▌ | 468/545 [02:38<00:25,  2.97it/s]
Epoch 1/10:  86%|████████▌ | 469/545 [02:38<00:25,  2.97it/s]
Epoch 1/10:  86%|████████▌ | 470/545 [02:39<00:25,  2.97it/s]
Epoch 1/10:  86%|████████▋ | 471/545 [02:39<00:24,  2.97it/s]
Epoch 1/10:  87%|████████▋ | 472/545 [02:39<00:24,  2.97it/s]
Epoch 1/10:  87%|████████▋ | 473/545 [02:40<00:24,  2.97it/s]
Epoch 1/10:  87%|████████▋ | 474/545 [02:40<00:23,  2.97it/s]
Epoch 1/10:  87%|████████▋ | 475/545 [02:40<00:23,  2.97it/s]
Epoch 1/10:  87%|████████▋ | 476/545 [02:41<00:23,  2.97it/s]
Epoch 1/10:  88%|████████▊ | 477/545 [02:41<00:22,  2.97it/s]
Epoch 1/10:  88%|████████▊ | 478/545 [02:41<00:22,  2.97it/s]
Epoch 1/10:  88%|████████▊ | 479/545 [02:42<00:22,  2.97it/s]
Epoch 1/10:  88%|████████▊ | 480/545 [02:42<00:21,  2.97it/s]
Epoch 1/10:  88%|████████▊ | 481/545 [02:42<00:21,  2.97it/s]
Epoch 1/10:  88%|████████▊ | 482/545 [02:43<00:21,  2.97it/s]
Epoch 1/10:  89%|████████▊ | 483/545 [02:43<00:20,  2.97it/s]
Epoch 1/10:  89%|████████▉ | 484/545 [02:43<00:20,  2.97it/s]
Epoch 1/10:  89%|████████▉ | 485/545 [02:44<00:20,  2.97it/s]
Epoch 1/10:  89%|████████▉ | 486/545 [02:44<00:19,  2.97it/s]
Epoch 1/10:  89%|████████▉ | 487/545 [02:44<00:19,  2.97it/s]
Epoch 1/10:  90%|████████▉ | 488/545 [02:45<00:19,  2.97it/s]
Epoch 1/10:  90%|████████▉ | 489/545 [02:45<00:18,  2.97it/s]
Epoch 1/10:  90%|████████▉ | 490/545 [02:45<00:18,  2.97it/s]
Epoch 1/10:  90%|█████████ | 491/545 [02:46<00:18,  2.97it/s]
Epoch 1/10:  90%|█████████ | 492/545 [02:46<00:17,  2.97it/s]
Epoch 1/10:  90%|█████████ | 493/545 [02:46<00:17,  2.97it/s]
Epoch 1/10:  91%|█████████ | 494/545 [02:47<00:17,  2.97it/s]
Epoch 1/10:  91%|█████████ | 495/545 [02:47<00:16,  2.97it/s]
Epoch 1/10:  91%|█████████ | 496/545 [02:47<00:16,  2.97it/s]
Epoch 1/10:  91%|█████████ | 497/545 [02:48<00:16,  2.97it/s]
Epoch 1/10:  91%|█████████▏| 498/545 [02:48<00:15,  2.97it/s]
Epoch 1/10:  92%|█████████▏| 499/545 [02:48<00:15,  2.97it/s]
Epoch 1/10:  92%|█████████▏| 500/545 [02:49<00:15,  2.97it/s]
Epoch 1/10:  92%|█████████▏| 501/545 [02:49<00:14,  2.97it/s]
Epoch 1/10:  92%|█████████▏| 502/545 [02:49<00:14,  2.97it/s]
Epoch 1/10:  92%|█████████▏| 503/545 [02:50<00:14,  2.97it/s]
Epoch 1/10:  92%|█████████▏| 504/545 [02:50<00:13,  2.97it/s]
Epoch 1/10:  93%|█████████▎| 505/545 [02:50<00:13,  2.96it/s]
Epoch 1/10:  93%|█████████▎| 506/545 [02:51<00:13,  2.97it/s]
Epoch 1/10:  93%|█████████▎| 507/545 [02:51<00:12,  2.97it/s]
Epoch 1/10:  93%|█████████▎| 508/545 [02:52<00:12,  2.97it/s]
Epoch 1/10:  93%|█████████▎| 509/545 [02:52<00:12,  2.97it/s]
Epoch 1/10:  94%|█████████▎| 510/545 [02:52<00:11,  2.97it/s]
Epoch 1/10:  94%|█████████▍| 511/545 [02:53<00:11,  2.97it/s]
Epoch 1/10:  94%|█████████▍| 512/545 [02:53<00:11,  2.97it/s]
Epoch 1/10:  94%|█████████▍| 513/545 [02:53<00:10,  2.97it/s]
Epoch 1/10:  94%|█████████▍| 514/545 [02:54<00:10,  2.97it/s]
Epoch 1/10:  94%|█████████▍| 515/545 [02:54<00:10,  2.97it/s]
Epoch 1/10:  95%|█████████▍| 516/545 [02:54<00:09,  2.97it/s]
Epoch 1/10:  95%|█████████▍| 517/545 [02:55<00:09,  2.97it/s]
Epoch 1/10:  95%|█████████▌| 518/545 [02:55<00:09,  2.95it/s]
Epoch 1/10:  95%|█████████▌| 519/545 [02:55<00:08,  2.93it/s]
Epoch 1/10:  95%|█████████▌| 520/545 [02:56<00:08,  2.93it/s]
Epoch 1/10:  96%|█████████▌| 521/545 [02:56<00:08,  2.94it/s]
Epoch 1/10:  96%|█████████▌| 522/545 [02:56<00:07,  2.95it/s]
Epoch 1/10:  96%|█████████▌| 523/545 [02:57<00:07,  2.95it/s]
Epoch 1/10:  96%|█████████▌| 524/545 [02:57<00:07,  2.96it/s]
Epoch 1/10:  96%|█████████▋| 525/545 [02:57<00:06,  2.96it/s]
Epoch 1/10:  97%|█████████▋| 526/545 [02:58<00:06,  2.96it/s]
Epoch 1/10:  97%|█████████▋| 527/545 [02:58<00:06,  2.97it/s]
Epoch 1/10:  97%|█████████▋| 528/545 [02:58<00:05,  2.97it/s]
Epoch 1/10:  97%|█████████▋| 529/545 [02:59<00:05,  2.97it/s]
Epoch 1/10:  97%|█████████▋| 530/545 [02:59<00:05,  2.97it/s]
Epoch 1/10:  97%|█████████▋| 531/545 [02:59<00:04,  2.97it/s]
Epoch 1/10:  98%|█████████▊| 532/545 [03:00<00:04,  2.97it/s]
Epoch 1/10:  98%|█████████▊| 533/545 [03:00<00:04,  2.97it/s]
Epoch 1/10:  98%|█████████▊| 534/545 [03:00<00:03,  2.97it/s]
Epoch 1/10:  98%|█████████▊| 535/545 [03:01<00:03,  2.97it/s]
Epoch 1/10:  98%|█████████▊| 536/545 [03:01<00:03,  2.97it/s]
Epoch 1/10:  99%|█████████▊| 537/545 [03:01<00:02,  2.97it/s]
Epoch 1/10:  99%|█████████▊| 538/545 [03:02<00:02,  2.97it/s]
Epoch 1/10:  99%|█████████▉| 539/545 [03:02<00:02,  2.97it/s]
Epoch 1/10:  99%|█████████▉| 540/545 [03:02<00:01,  2.97it/s]
Epoch 1/10:  99%|█████████▉| 541/545 [03:03<00:01,  2.97it/s]
Epoch 1/10:  99%|█████████▉| 542/545 [03:03<00:01,  2.97it/s]
Epoch 1/10: 100%|█████████▉| 543/545 [03:03<00:00,  2.97it/s]
Epoch 1/10: 100%|█████████▉| 544/545 [03:04<00:00,  2.97it/s]
Epoch 1/10: 100%|██████████| 545/545 [03:04<00:00,  3.16it/s]
Epoch 1/10: 100%|██████████| 545/545 [03:04<00:00,  2.96it/s]

Epoch 2/10:   0%|          | 0/545 [00:00<?, ?it/s]
Epoch 2/10:   0%|          | 1/545 [00:00<03:35,  2.52it/s]
Epoch 2/10:   0%|          | 2/545 [00:00<03:16,  2.77it/s]
Epoch 2/10:   1%|          | 3/545 [00:01<03:09,  2.85it/s]
Epoch 2/10:   1%|          | 4/545 [00:01<03:06,  2.90it/s]
Epoch 2/10:   1%|          | 5/545 [00:01<03:04,  2.92it/s]
Epoch 2/10:   1%|          | 6/545 [00:02<03:03,  2.94it/s]
Epoch 2/10:   1%|▏         | 7/545 [00:02<03:02,  2.95it/s]
Epoch 2/10:   1%|▏         | 8/545 [00:02<03:01,  2.96it/s]
Epoch 2/10:   2%|▏         | 9/545 [00:03<03:01,  2.96it/s]
Epoch 2/10:   2%|▏         | 10/545 [00:03<03:00,  2.96it/s]
Epoch 2/10:   2%|▏         | 11/545 [00:03<03:00,  2.96it/s]
Epoch 2/10:   2%|▏         | 12/545 [00:04<02:59,  2.96it/s]
Epoch 2/10:   2%|▏         | 13/545 [00:04<02:59,  2.96it/s]
Epoch 2/10:   3%|▎         | 14/545 [00:04<02:59,  2.96it/s]
Epoch 2/10:   3%|▎         | 15/545 [00:05<02:58,  2.97it/s]
Epoch 2/10:   3%|▎         | 16/545 [00:05<02:58,  2.97it/s]
Epoch 2/10:   3%|▎         | 17/545 [00:05<02:57,  2.97it/s]
Epoch 2/10:   3%|▎         | 18/545 [00:06<02:57,  2.97it/s]
Epoch 2/10:   3%|▎         | 19/545 [00:06<02:57,  2.97it/s]
Epoch 2/10:   4%|▎         | 20/545 [00:06<02:56,  2.97it/s]
Epoch 2/10:   4%|▍         | 21/545 [00:07<02:56,  2.97it/s]
Epoch 2/10:   4%|▍         | 22/545 [00:07<02:56,  2.97it/s]
Epoch 2/10:   4%|▍         | 23/545 [00:07<02:55,  2.97it/s]
Epoch 2/10:   4%|▍         | 24/545 [00:08<02:55,  2.97it/s]
Epoch 2/10:   5%|▍         | 25/545 [00:08<02:55,  2.97it/s]
Epoch 2/10:   5%|▍         | 26/545 [00:08<02:54,  2.97it/s]
Epoch 2/10:   5%|▍         | 27/545 [00:09<02:54,  2.97it/s]
Epoch 2/10:   5%|▌         | 28/545 [00:09<02:54,  2.96it/s]
Epoch 2/10:   5%|▌         | 29/545 [00:09<02:53,  2.97it/s]
Epoch 2/10:   6%|▌         | 30/545 [00:10<02:53,  2.97it/s]
Epoch 2/10:   6%|▌         | 31/545 [00:10<02:53,  2.97it/s]
Epoch 2/10:   6%|▌         | 32/545 [00:10<02:52,  2.97it/s]
Epoch 2/10:   6%|▌         | 33/545 [00:11<02:52,  2.97it/s]
Epoch 2/10:   6%|▌         | 34/545 [00:11<02:52,  2.97it/s]
Epoch 2/10:   6%|▋         | 35/545 [00:11<02:51,  2.97it/s]
Epoch 2/10:   7%|▋         | 36/545 [00:12<02:51,  2.97it/s]
Epoch 2/10:   7%|▋         | 37/545 [00:12<02:51,  2.97it/s]
Epoch 2/10:   7%|▋         | 38/545 [00:12<02:50,  2.97it/s]
Epoch 2/10:   7%|▋         | 39/545 [00:13<02:50,  2.97it/s]
Epoch 2/10:   7%|▋         | 40/545 [00:13<02:49,  2.97it/s]
Epoch 2/10:   8%|▊         | 41/545 [00:13<02:49,  2.97it/s]
Epoch 2/10:   8%|▊         | 42/545 [00:14<02:49,  2.97it/s]
Epoch 2/10:   8%|▊         | 43/545 [00:14<02:48,  2.97it/s]
Epoch 2/10:   8%|▊         | 44/545 [00:14<02:48,  2.97it/s]
Epoch 2/10:   8%|▊         | 45/545 [00:15<02:48,  2.97it/s]
Epoch 2/10:   8%|▊         | 46/545 [00:15<02:48,  2.97it/s]
Epoch 2/10:   9%|▊         | 47/545 [00:15<02:47,  2.97it/s]
Epoch 2/10:   9%|▉         | 48/545 [00:16<02:47,  2.97it/s]
Epoch 2/10:   9%|▉         | 49/545 [00:16<02:47,  2.97it/s]
Epoch 2/10:   9%|▉         | 50/545 [00:16<02:46,  2.97it/s]
Epoch 2/10:   9%|▉         | 51/545 [00:17<02:46,  2.97it/s]
Epoch 2/10:  10%|▉         | 52/545 [00:17<02:46,  2.97it/s]
Epoch 2/10:  10%|▉         | 53/545 [00:17<02:45,  2.97it/s]
Epoch 2/10:  10%|▉         | 54/545 [00:18<02:45,  2.97it/s]
Epoch 2/10:  10%|█         | 55/545 [00:18<02:44,  2.97it/s]
Epoch 2/10:  10%|█         | 56/545 [00:18<02:44,  2.97it/s]
Epoch 2/10:  10%|█         | 57/545 [00:19<02:44,  2.97it/s]
Epoch 2/10:  11%|█         | 58/545 [00:19<02:44,  2.97it/s]
Epoch 2/10:  11%|█         | 59/545 [00:19<02:43,  2.97it/s]
Epoch 2/10:  11%|█         | 60/545 [00:20<02:43,  2.97it/s]
Epoch 2/10:  11%|█         | 61/545 [00:20<02:43,  2.97it/s]
Epoch 2/10:  11%|█▏        | 62/545 [00:20<02:42,  2.97it/s]
Epoch 2/10:  12%|█▏        | 63/545 [00:21<02:42,  2.97it/s]
Epoch 2/10:  12%|█▏        | 64/545 [00:21<02:42,  2.97it/s]
Epoch 2/10:  12%|█▏        | 65/545 [00:21<02:41,  2.97it/s]
Epoch 2/10:  12%|█▏        | 66/545 [00:22<02:41,  2.97it/s]
Epoch 2/10:  12%|█▏        | 67/545 [00:22<02:40,  2.97it/s]
Epoch 2/10:  12%|█▏        | 68/545 [00:22<02:40,  2.97it/s]
Epoch 2/10:  13%|█▎        | 69/545 [00:23<02:40,  2.97it/s]
Epoch 2/10:  13%|█▎        | 70/545 [00:23<02:39,  2.97it/s]
Epoch 2/10:  13%|█▎        | 71/545 [00:23<02:39,  2.97it/s]
Epoch 2/10:  13%|█▎        | 72/545 [00:24<02:39,  2.97it/s]
Epoch 2/10:  13%|█▎        | 73/545 [00:24<02:38,  2.97it/s]
Epoch 2/10:  14%|█▎        | 74/545 [00:24<02:38,  2.97it/s]
Epoch 2/10:  14%|█▍        | 75/545 [00:25<02:38,  2.97it/s]
Epoch 2/10:  14%|█▍        | 76/545 [00:25<02:38,  2.97it/s]
Epoch 2/10:  14%|█▍        | 77/545 [00:25<02:37,  2.97it/s]
Epoch 2/10:  14%|█▍        | 78/545 [00:26<02:37,  2.97it/s]
Epoch 2/10:  14%|█▍        | 79/545 [00:26<02:37,  2.97it/s]
Epoch 2/10:  15%|█▍        | 80/545 [00:27<02:36,  2.97it/s]
Epoch 2/10:  15%|█▍        | 81/545 [00:27<02:36,  2.97it/s]
Epoch 2/10:  15%|█▌        | 82/545 [00:27<02:35,  2.97it/s]
Epoch 2/10:  15%|█▌        | 83/545 [00:28<02:35,  2.97it/s]
Epoch 2/10:  15%|█▌        | 84/545 [00:28<02:35,  2.97it/s]
Epoch 2/10:  16%|█▌        | 85/545 [00:28<02:34,  2.97it/s]
Epoch 2/10:  16%|█▌        | 86/545 [00:29<02:34,  2.97it/s]
Epoch 2/10:  16%|█▌        | 87/545 [00:29<02:34,  2.97it/s]
Epoch 2/10:  16%|█▌        | 88/545 [00:29<02:33,  2.97it/s]
Epoch 2/10:  16%|█▋        | 89/545 [00:30<02:33,  2.96it/s]
Epoch 2/10:  17%|█▋        | 90/545 [00:30<02:33,  2.97it/s]
Epoch 2/10:  17%|█▋        | 91/545 [00:30<02:33,  2.97it/s]
Epoch 2/10:  17%|█▋        | 92/545 [00:31<02:32,  2.97it/s]
Epoch 2/10:  17%|█▋        | 93/545 [00:31<02:32,  2.97it/s]
Epoch 2/10:  17%|█▋        | 94/545 [00:31<02:31,  2.97it/s]
Epoch 2/10:  17%|█▋        | 95/545 [00:32<02:31,  2.97it/s]
Epoch 2/10:  18%|█▊        | 96/545 [00:32<02:31,  2.97it/s]
Epoch 2/10:  18%|█▊        | 97/545 [00:32<02:30,  2.97it/s]
Epoch 2/10:  18%|█▊        | 98/545 [00:33<02:30,  2.97it/s]
Epoch 2/10:  18%|█▊        | 99/545 [00:33<02:30,  2.97it/s]
Epoch 2/10:  18%|█▊        | 100/545 [00:33<02:30,  2.97it/s]
Epoch 2/10:  19%|█▊        | 101/545 [00:34<02:29,  2.96it/s]
Epoch 2/10:  19%|█▊        | 102/545 [00:34<02:29,  2.96it/s]
Epoch 2/10:  19%|█▉        | 103/545 [00:34<02:29,  2.96it/s]
Epoch 2/10:  19%|█▉        | 104/545 [00:35<02:28,  2.96it/s]
Epoch 2/10:  19%|█▉        | 105/545 [00:35<02:28,  2.97it/s]
Epoch 2/10:  19%|█▉        | 106/545 [00:35<02:28,  2.97it/s]
Epoch 2/10:  20%|█▉        | 107/545 [00:36<02:27,  2.97it/s]
Epoch 2/10:  20%|█▉        | 108/545 [00:36<02:27,  2.97it/s]
Epoch 2/10:  20%|██        | 109/545 [00:36<02:26,  2.97it/s]
Epoch 2/10:  20%|██        | 110/545 [00:37<02:26,  2.97it/s]
Epoch 2/10:  20%|██        | 111/545 [00:37<02:26,  2.97it/s]
Epoch 2/10:  21%|██        | 112/545 [00:37<02:25,  2.97it/s]
Epoch 2/10:  21%|██        | 113/545 [00:38<02:25,  2.97it/s]
Epoch 2/10:  21%|██        | 114/545 [00:38<02:25,  2.97it/s]
Epoch 2/10:  21%|██        | 115/545 [00:38<02:24,  2.97it/s]
Epoch 2/10:  21%|██▏       | 116/545 [00:39<02:24,  2.97it/s]
Epoch 2/10:  21%|██▏       | 117/545 [00:39<02:24,  2.97it/s]
Epoch 2/10:  22%|██▏       | 118/545 [00:39<02:23,  2.97it/s]
Epoch 2/10:  22%|██▏       | 119/545 [00:40<02:23,  2.97it/s]
Epoch 2/10:  22%|██▏       | 120/545 [00:40<02:23,  2.97it/s]
Epoch 2/10:  22%|██▏       | 121/545 [00:40<02:22,  2.97it/s]
Epoch 2/10:  22%|██▏       | 122/545 [00:41<02:22,  2.97it/s]
Epoch 2/10:  23%|██▎       | 123/545 [00:41<02:22,  2.97it/s]
Epoch 2/10:  23%|██▎       | 124/545 [00:41<02:21,  2.97it/s]
Epoch 2/10:  23%|██▎       | 125/545 [00:42<02:21,  2.97it/s]
Epoch 2/10:  23%|██▎       | 126/545 [00:42<02:21,  2.97it/s]
Epoch 2/10:  23%|██▎       | 127/545 [00:42<02:20,  2.97it/s]
Epoch 2/10:  23%|██▎       | 128/545 [00:43<02:20,  2.97it/s]
Epoch 2/10:  24%|██▎       | 129/545 [00:43<02:20,  2.97it/s]
Epoch 2/10:  24%|██▍       | 130/545 [00:43<02:19,  2.97it/s]
Epoch 2/10:  24%|██▍       | 131/545 [00:44<02:19,  2.97it/s]
Epoch 2/10:  24%|██▍       | 132/545 [00:44<02:19,  2.97it/s]
Epoch 2/10:  24%|██▍       | 133/545 [00:44<02:18,  2.97it/s]
Epoch 2/10:  25%|██▍       | 134/545 [00:45<02:18,  2.97it/s]
Epoch 2/10:  25%|██▍       | 135/545 [00:45<02:18,  2.97it/s]
Epoch 2/10:  25%|██▍       | 136/545 [00:45<02:17,  2.97it/s]
Epoch 2/10:  25%|██▌       | 137/545 [00:46<02:17,  2.97it/s]
Epoch 2/10:  25%|██▌       | 138/545 [00:46<02:17,  2.97it/s]
Epoch 2/10:  26%|██▌       | 139/545 [00:46<02:16,  2.97it/s]
Epoch 2/10:  26%|██▌       | 140/545 [00:47<02:16,  2.97it/s]
Epoch 2/10:  26%|██▌       | 141/545 [00:47<02:16,  2.97it/s]
Epoch 2/10:  26%|██▌       | 142/545 [00:47<02:15,  2.97it/s]
Epoch 2/10:  26%|██▌       | 143/545 [00:48<02:15,  2.97it/s]
Epoch 2/10:  26%|██▋       | 144/545 [00:48<02:15,  2.97it/s]
Epoch 2/10:  27%|██▋       | 145/545 [00:48<02:14,  2.97it/s]
Epoch 2/10:  27%|██▋       | 146/545 [00:49<02:14,  2.97it/s]
Epoch 2/10:  27%|██▋       | 147/545 [00:49<02:14,  2.97it/s]
Epoch 2/10:  27%|██▋       | 148/545 [00:49<02:13,  2.97it/s]
Epoch 2/10:  27%|██▋       | 149/545 [00:50<02:13,  2.97it/s]
Epoch 2/10:  28%|██▊       | 150/545 [00:50<02:12,  2.97it/s]
Epoch 2/10:  28%|██▊       | 151/545 [00:50<02:12,  2.97it/s]
Epoch 2/10:  28%|██▊       | 152/545 [00:51<02:12,  2.97it/s]
Epoch 2/10:  28%|██▊       | 153/545 [00:51<02:11,  2.97it/s]
Epoch 2/10:  28%|██▊       | 154/545 [00:51<02:11,  2.97it/s]
Epoch 2/10:  28%|██▊       | 155/545 [00:52<02:11,  2.97it/s]
Epoch 2/10:  29%|██▊       | 156/545 [00:52<02:10,  2.97it/s]
Epoch 2/10:  29%|██▉       | 157/545 [00:52<02:10,  2.97it/s]
Epoch 2/10:  29%|██▉       | 158/545 [00:53<02:10,  2.97it/s]
Epoch 2/10:  29%|██▉       | 159/545 [00:53<02:09,  2.97it/s]
Epoch 2/10:  29%|██▉       | 160/545 [00:53<02:09,  2.97it/s]
Epoch 2/10:  30%|██▉       | 161/545 [00:54<02:09,  2.97it/s]
Epoch 2/10:  30%|██▉       | 162/545 [00:54<02:09,  2.97it/s]
Epoch 2/10:  30%|██▉       | 163/545 [00:54<02:08,  2.97it/s]
Epoch 2/10:  30%|███       | 164/545 [00:55<02:08,  2.97it/s]
Epoch 2/10:  30%|███       | 165/545 [00:55<02:08,  2.97it/s]
Epoch 2/10:  30%|███       | 166/545 [00:55<02:07,  2.97it/s]
Epoch 2/10:  31%|███       | 167/545 [00:56<02:07,  2.97it/s]
Epoch 2/10:  31%|███       | 168/545 [00:56<02:07,  2.97it/s]
Epoch 2/10:  31%|███       | 169/545 [00:56<02:06,  2.97it/s]
Epoch 2/10:  31%|███       | 170/545 [00:57<02:06,  2.97it/s]
Epoch 2/10:  31%|███▏      | 171/545 [00:57<02:05,  2.97it/s]
Epoch 2/10:  32%|███▏      | 172/545 [00:58<02:05,  2.97it/s]
Epoch 2/10:  32%|███▏      | 173/545 [00:58<02:05,  2.97it/s]
Epoch 2/10:  32%|███▏      | 174/545 [00:58<02:05,  2.97it/s]
Epoch 2/10:  32%|███▏      | 175/545 [00:59<02:04,  2.97it/s]
Epoch 2/10:  32%|███▏      | 176/545 [00:59<02:04,  2.97it/s]
Epoch 2/10:  32%|███▏      | 177/545 [00:59<02:04,  2.97it/s]
Epoch 2/10:  33%|███▎      | 178/545 [01:00<02:03,  2.97it/s]
Epoch 2/10:  33%|███▎      | 179/545 [01:00<02:03,  2.96it/s]
Epoch 2/10:  33%|███▎      | 180/545 [01:00<02:03,  2.96it/s]
Epoch 2/10:  33%|███▎      | 181/545 [01:01<02:02,  2.96it/s]
Epoch 2/10:  33%|███▎      | 182/545 [01:01<02:02,  2.97it/s]
Epoch 2/10:  34%|███▎      | 183/545 [01:01<02:01,  2.97it/s]
Epoch 2/10:  34%|███▍      | 184/545 [01:02<02:01,  2.97it/s]
Epoch 2/10:  34%|███▍      | 185/545 [01:02<02:01,  2.97it/s]
Epoch 2/10:  34%|███▍      | 186/545 [01:02<02:00,  2.97it/s]
Epoch 2/10:  34%|███▍      | 187/545 [01:03<02:00,  2.97it/s]
Epoch 2/10:  34%|███▍      | 188/545 [01:03<02:00,  2.97it/s]
Epoch 2/10:  35%|███▍      | 189/545 [01:03<01:59,  2.97it/s]
Epoch 2/10:  35%|███▍      | 190/545 [01:04<01:59,  2.97it/s]
Epoch 2/10:  35%|███▌      | 191/545 [01:04<01:59,  2.97it/s]
Epoch 2/10:  35%|███▌      | 192/545 [01:04<01:58,  2.97it/s]
Epoch 2/10:  35%|███▌      | 193/545 [01:05<01:58,  2.97it/s]
Epoch 2/10:  36%|███▌      | 194/545 [01:05<01:58,  2.97it/s]
Epoch 2/10:  36%|███▌      | 195/545 [01:05<01:57,  2.97it/s]
Epoch 2/10:  36%|███▌      | 196/545 [01:06<01:57,  2.97it/s]
Epoch 2/10:  36%|███▌      | 197/545 [01:06<01:57,  2.96it/s]
Epoch 2/10:  36%|███▋      | 198/545 [01:06<01:56,  2.97it/s]
Epoch 2/10:  37%|███▋      | 199/545 [01:07<01:56,  2.97it/s]
Epoch 2/10:  37%|███▋      | 200/545 [01:07<01:56,  2.97it/s]
Epoch 2/10:  37%|███▋      | 201/545 [01:07<01:55,  2.97it/s]
Epoch 2/10:  37%|███▋      | 202/545 [01:08<01:55,  2.97it/s]
Epoch 2/10:  37%|███▋      | 203/545 [01:08<01:55,  2.97it/s]
Epoch 2/10:  37%|███▋      | 204/545 [01:08<01:54,  2.97it/s]
Epoch 2/10:  38%|███▊      | 205/545 [01:09<01:54,  2.97it/s]
Epoch 2/10:  38%|███▊      | 206/545 [01:09<01:54,  2.97it/s]
Epoch 2/10:  38%|███▊      | 207/545 [01:09<01:53,  2.97it/s]
Epoch 2/10:  38%|███▊      | 208/545 [01:10<01:53,  2.97it/s]
Epoch 2/10:  38%|███▊      | 209/545 [01:10<01:53,  2.97it/s]
Epoch 2/10:  39%|███▊      | 210/545 [01:10<01:52,  2.97it/s]
Epoch 2/10:  39%|███▊      | 211/545 [01:11<01:52,  2.97it/s]
Epoch 2/10:  39%|███▉      | 212/545 [01:11<01:52,  2.97it/s]
Epoch 2/10:  39%|███▉      | 213/545 [01:11<01:51,  2.97it/s]
Epoch 2/10:  39%|███▉      | 214/545 [01:12<01:51,  2.97it/s]
Epoch 2/10:  39%|███▉      | 215/545 [01:12<01:51,  2.97it/s]
Epoch 2/10:  40%|███▉      | 216/545 [01:12<01:50,  2.97it/s]
Epoch 2/10:  40%|███▉      | 217/545 [01:13<01:50,  2.97it/s]
Epoch 2/10:  40%|████      | 218/545 [01:13<01:50,  2.97it/s]
Epoch 2/10:  40%|████      | 219/545 [01:13<01:49,  2.97it/s]
Epoch 2/10:  40%|████      | 220/545 [01:14<01:49,  2.97it/s]
Epoch 2/10:  41%|████      | 221/545 [01:14<01:49,  2.97it/s]
Epoch 2/10:  41%|████      | 222/545 [01:14<01:48,  2.97it/s]
Epoch 2/10:  41%|████      | 223/545 [01:15<01:48,  2.97it/s]
Epoch 2/10:  41%|████      | 224/545 [01:15<01:48,  2.97it/s]
Epoch 2/10:  41%|████▏     | 225/545 [01:15<01:47,  2.97it/s]
Epoch 2/10:  41%|████▏     | 226/545 [01:16<01:47,  2.97it/s]
Epoch 2/10:  42%|████▏     | 227/545 [01:16<01:47,  2.97it/s]
Epoch 2/10:  42%|████▏     | 228/545 [01:16<01:46,  2.97it/s]
Epoch 2/10:  42%|████▏     | 229/545 [01:17<01:46,  2.97it/s]
Epoch 2/10:  42%|████▏     | 230/545 [01:17<01:46,  2.97it/s]
Epoch 2/10:  42%|████▏     | 231/545 [01:17<01:45,  2.97it/s]
Epoch 2/10:  43%|████▎     | 232/545 [01:18<01:45,  2.97it/s]
Epoch 2/10:  43%|████▎     | 233/545 [01:18<01:45,  2.97it/s]
Epoch 2/10:  43%|████▎     | 234/545 [01:18<01:44,  2.97it/s]
Epoch 2/10:  43%|████▎     | 235/545 [01:19<01:44,  2.97it/s]
Epoch 2/10:  43%|████▎     | 236/545 [01:19<01:44,  2.97it/s]
Epoch 2/10:  43%|████▎     | 237/545 [01:19<01:43,  2.97it/s]
Epoch 2/10:  44%|████▎     | 238/545 [01:20<01:43,  2.97it/s]
Epoch 2/10:  44%|████▍     | 239/545 [01:20<01:42,  2.97it/s]
Epoch 2/10:  44%|████▍     | 240/545 [01:20<01:42,  2.97it/s]
Epoch 2/10:  44%|████▍     | 241/545 [01:21<01:42,  2.97it/s]
Epoch 2/10:  44%|████▍     | 242/545 [01:21<01:42,  2.97it/s]
Epoch 2/10:  45%|████▍     | 243/545 [01:21<01:41,  2.97it/s]
Epoch 2/10:  45%|████▍     | 244/545 [01:22<01:41,  2.97it/s]
Epoch 2/10:  45%|████▍     | 245/545 [01:22<01:41,  2.97it/s]
Epoch 2/10:  45%|████▌     | 246/545 [01:22<01:40,  2.97it/s]
Epoch 2/10:  45%|████▌     | 247/545 [01:23<01:40,  2.97it/s]
Epoch 2/10:  46%|████▌     | 248/545 [01:23<01:40,  2.97it/s]
Epoch 2/10:  46%|████▌     | 249/545 [01:23<01:39,  2.97it/s]
Epoch 2/10:  46%|████▌     | 250/545 [01:24<01:39,  2.97it/s]
Epoch 2/10:  46%|████▌     | 251/545 [01:24<01:38,  2.97it/s]
Epoch 2/10:  46%|████▌     | 252/545 [01:24<01:38,  2.97it/s]
Epoch 2/10:  46%|████▋     | 253/545 [01:25<01:38,  2.97it/s]
Epoch 2/10:  47%|████▋     | 254/545 [01:25<01:37,  2.97it/s]
Epoch 2/10:  47%|████▋     | 255/545 [01:25<01:37,  2.97it/s]
Epoch 2/10:  47%|████▋     | 256/545 [01:26<01:37,  2.97it/s]
Epoch 2/10:  47%|████▋     | 257/545 [01:26<01:36,  2.97it/s]
Epoch 2/10:  47%|████▋     | 258/545 [01:26<01:36,  2.97it/s]
Epoch 2/10:  48%|████▊     | 259/545 [01:27<01:36,  2.97it/s]
Epoch 2/10:  48%|████▊     | 260/545 [01:27<01:35,  2.97it/s]
Epoch 2/10:  48%|████▊     | 261/545 [01:27<01:35,  2.97it/s]
Epoch 2/10:  48%|████▊     | 262/545 [01:28<01:35,  2.97it/s]
Epoch 2/10:  48%|████▊     | 263/545 [01:28<01:34,  2.97it/s]
Epoch 2/10:  48%|████▊     | 264/545 [01:28<01:34,  2.97it/s]
Epoch 2/10:  49%|████▊     | 265/545 [01:29<01:34,  2.97it/s]
Epoch 2/10:  49%|████▉     | 266/545 [01:29<01:33,  2.97it/s]
Epoch 2/10:  49%|████▉     | 267/545 [01:30<01:33,  2.97it/s]
Epoch 2/10:  49%|████▉     | 268/545 [01:30<01:33,  2.97it/s]
Epoch 2/10:  49%|████▉     | 269/545 [01:30<01:32,  2.97it/s]
Epoch 2/10:  50%|████▉     | 270/545 [01:31<01:32,  2.97it/s]
Epoch 2/10:  50%|████▉     | 271/545 [01:31<01:32,  2.97it/s]
Epoch 2/10:  50%|████▉     | 272/545 [01:31<01:31,  2.97it/s]
Epoch 2/10:  50%|█████     | 273/545 [01:32<01:31,  2.97it/s]
Epoch 2/10:  50%|█████     | 274/545 [01:32<01:31,  2.97it/s]
Epoch 2/10:  50%|█████     | 275/545 [01:32<01:30,  2.97it/s]
Epoch 2/10:  51%|█████     | 276/545 [01:33<01:30,  2.97it/s]
Epoch 2/10:  51%|█████     | 277/545 [01:33<01:30,  2.97it/s]
Epoch 2/10:  51%|█████     | 278/545 [01:33<01:29,  2.97it/s]
Epoch 2/10:  51%|█████     | 279/545 [01:34<01:29,  2.97it/s]
Epoch 2/10:  51%|█████▏    | 280/545 [01:34<01:29,  2.97it/s]
Epoch 2/10:  52%|█████▏    | 281/545 [01:34<01:28,  2.97it/s]
Epoch 2/10:  52%|█████▏    | 282/545 [01:35<01:28,  2.97it/s]
Epoch 2/10:  52%|█████▏    | 283/545 [01:35<01:28,  2.97it/s]
Epoch 2/10:  52%|█████▏    | 284/545 [01:35<01:27,  2.97it/s]
Epoch 2/10:  52%|█████▏    | 285/545 [01:36<01:27,  2.97it/s]
Epoch 2/10:  52%|█████▏    | 286/545 [01:36<01:27,  2.97it/s]
Epoch 2/10:  53%|█████▎    | 287/545 [01:36<01:26,  2.97it/s]
Epoch 2/10:  53%|█████▎    | 288/545 [01:37<01:26,  2.97it/s]
Epoch 2/10:  53%|█████▎    | 289/545 [01:37<01:26,  2.97it/s]
Epoch 2/10:  53%|█████▎    | 290/545 [01:37<01:25,  2.97it/s]
Epoch 2/10:  53%|█████▎    | 291/545 [01:38<01:25,  2.97it/s]
Epoch 2/10:  54%|█████▎    | 292/545 [01:38<01:25,  2.97it/s]
Epoch 2/10:  54%|█████▍    | 293/545 [01:38<01:24,  2.97it/s]
Epoch 2/10:  54%|█████▍    | 294/545 [01:39<01:24,  2.97it/s]
Epoch 2/10:  54%|█████▍    | 295/545 [01:39<01:24,  2.97it/s]
Epoch 2/10:  54%|█████▍    | 296/545 [01:39<01:23,  2.97it/s]
Epoch 2/10:  54%|█████▍    | 297/545 [01:40<01:23,  2.97it/s]
Epoch 2/10:  55%|█████▍    | 298/545 [01:40<01:23,  2.97it/s]
Epoch 2/10:  55%|█████▍    | 299/545 [01:40<01:22,  2.97it/s]
Epoch 2/10:  55%|█████▌    | 300/545 [01:41<01:22,  2.97it/s]
Epoch 2/10:  55%|█████▌    | 301/545 [01:41<01:22,  2.97it/s]
Epoch 2/10:  55%|█████▌    | 302/545 [01:41<01:21,  2.97it/s]
Epoch 2/10:  56%|█████▌    | 303/545 [01:42<01:21,  2.97it/s]
Epoch 2/10:  56%|█████▌    | 304/545 [01:42<01:21,  2.97it/s]
Epoch 2/10:  56%|█████▌    | 305/545 [01:42<01:20,  2.97it/s]
Epoch 2/10:  56%|█████▌    | 306/545 [01:43<01:20,  2.97it/s]
Epoch 2/10:  56%|█████▋    | 307/545 [01:43<01:20,  2.97it/s]
Epoch 2/10:  57%|█████▋    | 308/545 [01:43<01:19,  2.97it/s]
Epoch 2/10:  57%|█████▋    | 309/545 [01:44<01:19,  2.97it/s]
Epoch 2/10:  57%|█████▋    | 310/545 [01:44<01:19,  2.97it/s]
Epoch 2/10:  57%|█████▋    | 311/545 [01:44<01:18,  2.97it/s]
Epoch 2/10:  57%|█████▋    | 312/545 [01:45<01:18,  2.97it/s]
Epoch 2/10:  57%|█████▋    | 313/545 [01:45<01:18,  2.97it/s]
Epoch 2/10:  58%|█████▊    | 314/545 [01:45<01:17,  2.97it/s]
Epoch 2/10:  58%|█████▊    | 315/545 [01:46<01:17,  2.97it/s]
Epoch 2/10:  58%|█████▊    | 316/545 [01:46<01:17,  2.97it/s]
Epoch 2/10:  58%|█████▊    | 317/545 [01:46<01:16,  2.97it/s]
Epoch 2/10:  58%|█████▊    | 318/545 [01:47<01:16,  2.97it/s]
Epoch 2/10:  59%|█████▊    | 319/545 [01:47<01:16,  2.97it/s]
Epoch 2/10:  59%|█████▊    | 320/545 [01:47<01:15,  2.97it/s]
Epoch 2/10:  59%|█████▉    | 321/545 [01:48<01:15,  2.97it/s]
Epoch 2/10:  59%|█████▉    | 322/545 [01:48<01:15,  2.97it/s]
Epoch 2/10:  59%|█████▉    | 323/545 [01:48<01:14,  2.97it/s]
Epoch 2/10:  59%|█████▉    | 324/545 [01:49<01:14,  2.97it/s]
Epoch 2/10:  60%|█████▉    | 325/545 [01:49<01:14,  2.97it/s]
Epoch 2/10:  60%|█████▉    | 326/545 [01:49<01:13,  2.97it/s]
Epoch 2/10:  60%|██████    | 327/545 [01:50<01:13,  2.97it/s]
Epoch 2/10:  60%|██████    | 328/545 [01:50<01:13,  2.97it/s]
Epoch 2/10:  60%|██████    | 329/545 [01:50<01:12,  2.97it/s]
Epoch 2/10:  61%|██████    | 330/545 [01:51<01:12,  2.97it/s]
Epoch 2/10:  61%|██████    | 331/545 [01:51<01:12,  2.97it/s]
Epoch 2/10:  61%|██████    | 332/545 [01:51<01:11,  2.97it/s]
Epoch 2/10:  61%|██████    | 333/545 [01:52<01:11,  2.97it/s]
Epoch 2/10:  61%|██████▏   | 334/545 [01:52<01:11,  2.97it/s]
Epoch 2/10:  61%|██████▏   | 335/545 [01:52<01:10,  2.97it/s]
Epoch 2/10:  62%|██████▏   | 336/545 [01:53<01:10,  2.97it/s]
Epoch 2/10:  62%|██████▏   | 337/545 [01:53<01:10,  2.97it/s]
Epoch 2/10:  62%|██████▏   | 338/545 [01:53<01:09,  2.97it/s]
Epoch 2/10:  62%|██████▏   | 339/545 [01:54<01:09,  2.97it/s]
Epoch 2/10:  62%|██████▏   | 340/545 [01:54<01:09,  2.97it/s]
Epoch 2/10:  63%|██████▎   | 341/545 [01:54<01:08,  2.97it/s]
Epoch 2/10:  63%|██████▎   | 342/545 [01:55<01:08,  2.97it/s]
Epoch 2/10:  63%|██████▎   | 343/545 [01:55<01:08,  2.97it/s]
Epoch 2/10:  63%|██████▎   | 344/545 [01:55<01:07,  2.97it/s]
Epoch 2/10:  63%|██████▎   | 345/545 [01:56<01:07,  2.97it/s]
Epoch 2/10:  63%|██████▎   | 346/545 [01:56<01:06,  2.97it/s]
Epoch 2/10:  64%|██████▎   | 347/545 [01:56<01:06,  2.97it/s]
Epoch 2/10:  64%|██████▍   | 348/545 [01:57<01:06,  2.97it/s]
Epoch 2/10:  64%|██████▍   | 349/545 [01:57<01:05,  2.97it/s]
Epoch 2/10:  64%|██████▍   | 350/545 [01:57<01:05,  2.97it/s]
Epoch 2/10:  64%|██████▍   | 351/545 [01:58<01:05,  2.97it/s]
Epoch 2/10:  65%|██████▍   | 352/545 [01:58<01:04,  2.97it/s]
Epoch 2/10:  65%|██████▍   | 353/545 [01:58<01:04,  2.97it/s]
Epoch 2/10:  65%|██████▍   | 354/545 [01:59<01:04,  2.97it/s]
Epoch 2/10:  65%|██████▌   | 355/545 [01:59<01:03,  2.97it/s]
Epoch 2/10:  65%|██████▌   | 356/545 [01:59<01:03,  2.97it/s]
Epoch 2/10:  66%|██████▌   | 357/545 [02:00<01:03,  2.97it/s]
Epoch 2/10:  66%|██████▌   | 358/545 [02:00<01:03,  2.96it/s]
Epoch 2/10:  66%|██████▌   | 359/545 [02:00<01:02,  2.96it/s]
Epoch 2/10:  66%|██████▌   | 360/545 [02:01<01:02,  2.97it/s]
Epoch 2/10:  66%|██████▌   | 361/545 [02:01<01:01,  2.97it/s]
Epoch 2/10:  66%|██████▋   | 362/545 [02:01<01:01,  2.97it/s]
Epoch 2/10:  67%|██████▋   | 363/545 [02:02<01:01,  2.97it/s]
Epoch 2/10:  67%|██████▋   | 364/545 [02:02<01:00,  2.97it/s]
Epoch 2/10:  67%|██████▋   | 365/545 [02:02<01:00,  2.97it/s]
Epoch 2/10:  67%|██████▋   | 366/545 [02:03<01:00,  2.97it/s]
Epoch 2/10:  67%|██████▋   | 367/545 [02:03<00:59,  2.97it/s]
Epoch 2/10:  68%|██████▊   | 368/545 [02:04<00:59,  2.97it/s]
Epoch 2/10:  68%|██████▊   | 369/545 [02:04<00:59,  2.97it/s]
Epoch 2/10:  68%|██████▊   | 370/545 [02:04<00:58,  2.97it/s]
Epoch 2/10:  68%|██████▊   | 371/545 [02:05<00:58,  2.97it/s]
Epoch 2/10:  68%|██████▊   | 372/545 [02:05<00:58,  2.97it/s]
Epoch 2/10:  68%|██████▊   | 373/545 [02:05<00:57,  2.97it/s]
Epoch 2/10:  69%|██████▊   | 374/545 [02:06<00:57,  2.97it/s]
Epoch 2/10:  69%|██████▉   | 375/545 [02:06<00:57,  2.97it/s]
Epoch 2/10:  69%|██████▉   | 376/545 [02:06<00:56,  2.97it/s]
Epoch 2/10:  69%|██████▉   | 377/545 [02:07<00:56,  2.97it/s]
Epoch 2/10:  69%|██████▉   | 378/545 [02:07<00:56,  2.97it/s]
Epoch 2/10:  70%|██████▉   | 379/545 [02:07<00:55,  2.97it/s]
Epoch 2/10:  70%|██████▉   | 380/545 [02:08<00:55,  2.97it/s]
Epoch 2/10:  70%|██████▉   | 381/545 [02:08<00:55,  2.97it/s]
Epoch 2/10:  70%|███████   | 382/545 [02:08<00:54,  2.97it/s]
Epoch 2/10:  70%|███████   | 383/545 [02:09<00:54,  2.97it/s]
Epoch 2/10:  70%|███████   | 384/545 [02:09<00:54,  2.97it/s]
Epoch 2/10:  71%|███████   | 385/545 [02:09<00:53,  2.97it/s]
Epoch 2/10:  71%|███████   | 386/545 [02:10<00:53,  2.97it/s]
Epoch 2/10:  71%|███████   | 387/545 [02:10<00:53,  2.97it/s]
Epoch 2/10:  71%|███████   | 388/545 [02:10<00:52,  2.97it/s]
Epoch 2/10:  71%|███████▏  | 389/545 [02:11<00:52,  2.97it/s]
Epoch 2/10:  72%|███████▏  | 390/545 [02:11<00:52,  2.97it/s]
Epoch 2/10:  72%|███████▏  | 391/545 [02:11<00:51,  2.97it/s]
Epoch 2/10:  72%|███████▏  | 392/545 [02:12<00:51,  2.97it/s]
Epoch 2/10:  72%|███████▏  | 393/545 [02:12<00:51,  2.97it/s]
Epoch 2/10:  72%|███████▏  | 394/545 [02:12<00:50,  2.97it/s]
Epoch 2/10:  72%|███████▏  | 395/545 [02:13<00:50,  2.97it/s]
Epoch 2/10:  73%|███████▎  | 396/545 [02:13<00:50,  2.97it/s]
Epoch 2/10:  73%|███████▎  | 397/545 [02:13<00:49,  2.97it/s]
Epoch 2/10:  73%|███████▎  | 398/545 [02:14<00:49,  2.97it/s]
Epoch 2/10:  73%|███████▎  | 399/545 [02:14<00:49,  2.97it/s]
Epoch 2/10:  73%|███████▎  | 400/545 [02:14<00:48,  2.97it/s]
Epoch 2/10:  74%|███████▎  | 401/545 [02:15<00:48,  2.97it/s]
Epoch 2/10:  74%|███████▍  | 402/545 [02:15<00:48,  2.97it/s]
Epoch 2/10:  74%|███████▍  | 403/545 [02:15<00:47,  2.97it/s]
Epoch 2/10:  74%|███████▍  | 404/545 [02:16<00:47,  2.97it/s]
Epoch 2/10:  74%|███████▍  | 405/545 [02:16<00:47,  2.97it/s]
Epoch 2/10:  74%|███████▍  | 406/545 [02:16<00:46,  2.97it/s]
Epoch 2/10:  75%|███████▍  | 407/545 [02:17<00:46,  2.97it/s]
Epoch 2/10:  75%|███████▍  | 408/545 [02:17<00:46,  2.97it/s]
Epoch 2/10:  75%|███████▌  | 409/545 [02:17<00:45,  2.97it/s]
Epoch 2/10:  75%|███████▌  | 410/545 [02:18<00:45,  2.97it/s]
Epoch 2/10:  75%|███████▌  | 411/545 [02:18<00:45,  2.97it/s]
Epoch 2/10:  76%|███████▌  | 412/545 [02:18<00:44,  2.97it/s]
Epoch 2/10:  76%|███████▌  | 413/545 [02:19<00:44,  2.97it/s]
Epoch 2/10:  76%|███████▌  | 414/545 [02:19<00:44,  2.97it/s]
Epoch 2/10:  76%|███████▌  | 415/545 [02:19<00:43,  2.97it/s]
Epoch 2/10:  76%|███████▋  | 416/545 [02:20<00:43,  2.97it/s]
Epoch 2/10:  77%|███████▋  | 417/545 [02:20<00:43,  2.97it/s]
Epoch 2/10:  77%|███████▋  | 418/545 [02:20<00:42,  2.97it/s]
Epoch 2/10:  77%|███████▋  | 419/545 [02:21<00:42,  2.97it/s]
Epoch 2/10:  77%|███████▋  | 420/545 [02:21<00:42,  2.97it/s]
Epoch 2/10:  77%|███████▋  | 421/545 [02:21<00:41,  2.97it/s]
Epoch 2/10:  77%|███████▋  | 422/545 [02:22<00:41,  2.97it/s]
Epoch 2/10:  78%|███████▊  | 423/545 [02:22<00:41,  2.97it/s]
Epoch 2/10:  78%|███████▊  | 424/545 [02:22<00:40,  2.97it/s]
Epoch 2/10:  78%|███████▊  | 425/545 [02:23<00:40,  2.97it/s]
Epoch 2/10:  78%|███████▊  | 426/545 [02:23<00:40,  2.97it/s]
Epoch 2/10:  78%|███████▊  | 427/545 [02:23<00:39,  2.97it/s]
Epoch 2/10:  79%|███████▊  | 428/545 [02:24<00:39,  2.97it/s]
Epoch 2/10:  79%|███████▊  | 429/545 [02:24<00:39,  2.97it/s]
Epoch 2/10:  79%|███████▉  | 430/545 [02:24<00:38,  2.97it/s]
Epoch 2/10:  79%|███████▉  | 431/545 [02:25<00:38,  2.97it/s]
Epoch 2/10:  79%|███████▉  | 432/545 [02:25<00:38,  2.97it/s]
Epoch 2/10:  79%|███████▉  | 433/545 [02:25<00:37,  2.97it/s]
Epoch 2/10:  80%|███████▉  | 434/545 [02:26<00:37,  2.97it/s]
Epoch 2/10:  80%|███████▉  | 435/545 [02:26<00:37,  2.97it/s]
Epoch 2/10:  80%|████████  | 436/545 [02:26<00:36,  2.97it/s]
Epoch 2/10:  80%|████████  | 437/545 [02:27<00:36,  2.97it/s]
Epoch 2/10:  80%|████████  | 438/545 [02:27<00:36,  2.97it/s]
Epoch 2/10:  81%|████████  | 439/545 [02:27<00:35,  2.97it/s]
Epoch 2/10:  81%|████████  | 440/545 [02:28<00:35,  2.97it/s]
Epoch 2/10:  81%|████████  | 441/545 [02:28<00:35,  2.97it/s]
Epoch 2/10:  81%|████████  | 442/545 [02:28<00:34,  2.97it/s]
Epoch 2/10:  81%|████████▏ | 443/545 [02:29<00:34,  2.97it/s]
Epoch 2/10:  81%|████████▏ | 444/545 [02:29<00:34,  2.97it/s]
Epoch 2/10:  82%|████████▏ | 445/545 [02:29<00:33,  2.97it/s]
Epoch 2/10:  82%|████████▏ | 446/545 [02:30<00:33,  2.97it/s]
Epoch 2/10:  82%|████████▏ | 447/545 [02:30<00:32,  2.97it/s]
Epoch 2/10:  82%|████████▏ | 448/545 [02:30<00:32,  2.97it/s]
Epoch 2/10:  82%|████████▏ | 449/545 [02:31<00:32,  2.97it/s]
Epoch 2/10:  83%|████████▎ | 450/545 [02:31<00:32,  2.97it/s]
Epoch 2/10:  83%|████████▎ | 451/545 [02:31<00:31,  2.97it/s]
Epoch 2/10:  83%|████████▎ | 452/545 [02:32<00:31,  2.97it/s]
Epoch 2/10:  83%|████████▎ | 453/545 [02:32<00:31,  2.97it/s]
Epoch 2/10:  83%|████████▎ | 454/545 [02:32<00:30,  2.97it/s]
Epoch 2/10:  83%|████████▎ | 455/545 [02:33<00:30,  2.97it/s]
Epoch 2/10:  84%|████████▎ | 456/545 [02:33<00:29,  2.97it/s]
Epoch 2/10:  84%|████████▍ | 457/545 [02:33<00:29,  2.97it/s]
Epoch 2/10:  84%|████████▍ | 458/545 [02:34<00:29,  2.97it/s]
Epoch 2/10:  84%|████████▍ | 459/545 [02:34<00:28,  2.97it/s]
Epoch 2/10:  84%|████████▍ | 460/545 [02:34<00:28,  2.97it/s]
Epoch 2/10:  85%|████████▍ | 461/545 [02:35<00:28,  2.97it/s]
Epoch 2/10:  85%|████████▍ | 462/545 [02:35<00:27,  2.97it/s]
Epoch 2/10:  85%|████████▍ | 463/545 [02:35<00:27,  2.97it/s]
Epoch 2/10:  85%|████████▌ | 464/545 [02:36<00:27,  2.97it/s]
Epoch 2/10:  85%|████████▌ | 465/545 [02:36<00:26,  2.97it/s]
Epoch 2/10:  86%|████████▌ | 466/545 [02:37<00:26,  2.97it/s]
Epoch 2/10:  86%|████████▌ | 467/545 [02:37<00:26,  2.97it/s]
Epoch 2/10:  86%|████████▌ | 468/545 [02:37<00:25,  2.97it/s]
Epoch 2/10:  86%|████████▌ | 469/545 [02:38<00:25,  2.97it/s]
Epoch 2/10:  86%|████████▌ | 470/545 [02:38<00:25,  2.97it/s]
Epoch 2/10:  86%|████████▋ | 471/545 [02:38<00:24,  2.97it/s]
Epoch 2/10:  87%|████████▋ | 472/545 [02:39<00:24,  2.97it/s]
Epoch 2/10:  87%|████████▋ | 473/545 [02:39<00:24,  2.97it/s]
Epoch 2/10:  87%|████████▋ | 474/545 [02:39<00:23,  2.97it/s]
Epoch 2/10:  87%|████████▋ | 475/545 [02:40<00:23,  2.97it/s]
Epoch 2/10:  87%|████████▋ | 476/545 [02:40<00:23,  2.97it/s]
Epoch 2/10:  88%|████████▊ | 477/545 [02:40<00:22,  2.97it/s]
Epoch 2/10:  88%|████████▊ | 478/545 [02:41<00:22,  2.97it/s]
Epoch 2/10:  88%|████████▊ | 479/545 [02:41<00:22,  2.97it/s]
Epoch 2/10:  88%|████████▊ | 480/545 [02:41<00:21,  2.97it/s]
Epoch 2/10:  88%|████████▊ | 481/545 [02:42<00:21,  2.97it/s]
Epoch 2/10:  88%|████████▊ | 482/545 [02:42<00:21,  2.97it/s]
Epoch 2/10:  89%|████████▊ | 483/545 [02:42<00:20,  2.97it/s]
Epoch 2/10:  89%|████████▉ | 484/545 [02:43<00:20,  2.97it/s]
Epoch 2/10:  89%|████████▉ | 485/545 [02:43<00:20,  2.97it/s]
Epoch 2/10:  89%|████████▉ | 486/545 [02:43<00:19,  2.97it/s]
Epoch 2/10:  89%|████████▉ | 487/545 [02:44<00:19,  2.97it/s]
Epoch 2/10:  90%|████████▉ | 488/545 [02:44<00:19,  2.97it/s]
Epoch 2/10:  90%|████████▉ | 489/545 [02:44<00:18,  2.97it/s]
Epoch 2/10:  90%|████████▉ | 490/545 [02:45<00:18,  2.97it/s]
Epoch 2/10:  90%|█████████ | 491/545 [02:45<00:18,  2.97it/s]
Epoch 2/10:  90%|█████████ | 492/545 [02:45<00:17,  2.97it/s]
Epoch 2/10:  90%|█████████ | 493/545 [02:46<00:17,  2.97it/s]
Epoch 2/10:  91%|█████████ | 494/545 [02:46<00:17,  2.97it/s]
Epoch 2/10:  91%|█████████ | 495/545 [02:46<00:16,  2.97it/s]
Epoch 2/10:  91%|█████████ | 496/545 [02:47<00:16,  2.97it/s]
Epoch 2/10:  91%|█████████ | 497/545 [02:47<00:16,  2.97it/s]
Epoch 2/10:  91%|█████████▏| 498/545 [02:47<00:15,  2.97it/s]
Epoch 2/10:  92%|█████████▏| 499/545 [02:48<00:15,  2.97it/s]
Epoch 2/10:  92%|█████████▏| 500/545 [02:48<00:15,  2.97it/s]
Epoch 2/10:  92%|█████████▏| 501/545 [02:48<00:14,  2.97it/s]
Epoch 2/10:  92%|█████████▏| 502/545 [02:49<00:14,  2.97it/s]
Epoch 2/10:  92%|█████████▏| 503/545 [02:49<00:14,  2.97it/s]
Epoch 2/10:  92%|█████████▏| 504/545 [02:49<00:13,  2.97it/s]
Epoch 2/10:  93%|█████████▎| 505/545 [02:50<00:13,  2.97it/s]
Epoch 2/10:  93%|█████████▎| 506/545 [02:50<00:13,  2.97it/s]
Epoch 2/10:  93%|█████████▎| 507/545 [02:50<00:12,  2.97it/s]
Epoch 2/10:  93%|█████████▎| 508/545 [02:51<00:12,  2.97it/s]
Epoch 2/10:  93%|█████████▎| 509/545 [02:51<00:12,  2.97it/s]
Epoch 2/10:  94%|█████████▎| 510/545 [02:51<00:11,  2.97it/s]
Epoch 2/10:  94%|█████████▍| 511/545 [02:52<00:11,  2.97it/s]
Epoch 2/10:  94%|█████████▍| 512/545 [02:52<00:11,  2.97it/s]
Epoch 2/10:  94%|█████████▍| 513/545 [02:52<00:10,  2.97it/s]
Epoch 2/10:  94%|█████████▍| 514/545 [02:53<00:10,  2.97it/s]
Epoch 2/10:  94%|█████████▍| 515/545 [02:53<00:10,  2.97it/s]
Epoch 2/10:  95%|█████████▍| 516/545 [02:53<00:09,  2.97it/s]
Epoch 2/10:  95%|█████████▍| 517/545 [02:54<00:09,  2.97it/s]
Epoch 2/10:  95%|█████████▌| 518/545 [02:54<00:09,  2.97it/s]
Epoch 2/10:  95%|█████████▌| 519/545 [02:54<00:08,  2.97it/s]
Epoch 2/10:  95%|█████████▌| 520/545 [02:55<00:08,  2.97it/s]
Epoch 2/10:  96%|█████████▌| 521/545 [02:55<00:08,  2.97it/s]
Epoch 2/10:  96%|█████████▌| 522/545 [02:55<00:07,  2.97it/s]
Epoch 2/10:  96%|█████████▌| 523/545 [02:56<00:07,  2.97it/s]
Epoch 2/10:  96%|█████████▌| 524/545 [02:56<00:07,  2.97it/s]
Epoch 2/10:  96%|█████████▋| 525/545 [02:56<00:06,  2.97it/s]
Epoch 2/10:  97%|█████████▋| 526/545 [02:57<00:06,  2.97it/s]
Epoch 2/10:  97%|█████████▋| 527/545 [02:57<00:06,  2.97it/s]
Epoch 2/10:  97%|█████████▋| 528/545 [02:57<00:05,  2.97it/s]
Epoch 2/10:  97%|█████████▋| 529/545 [02:58<00:05,  2.97it/s]
Epoch 2/10:  97%|█████████▋| 530/545 [02:58<00:05,  2.97it/s]
Epoch 2/10:  97%|█████████▋| 531/545 [02:58<00:04,  2.97it/s]
Epoch 2/10:  98%|█████████▊| 532/545 [02:59<00:04,  2.97it/s]
Epoch 2/10:  98%|█████████▊| 533/545 [02:59<00:04,  2.97it/s]
Epoch 2/10:  98%|█████████▊| 534/545 [02:59<00:03,  2.97it/s]
Epoch 2/10:  98%|█████████▊| 535/545 [03:00<00:03,  2.97it/s]
Epoch 2/10:  98%|█████████▊| 536/545 [03:00<00:03,  2.97it/s]
Epoch 2/10:  99%|█████████▊| 537/545 [03:00<00:02,  2.95it/s]
Epoch 2/10:  99%|█████████▊| 538/545 [03:01<00:02,  2.96it/s]
Epoch 2/10:  99%|█████████▉| 539/545 [03:01<00:02,  2.96it/s]
Epoch 2/10:  99%|█████████▉| 540/545 [03:01<00:01,  2.96it/s]
Epoch 2/10:  99%|█████████▉| 541/545 [03:02<00:01,  2.97it/s]
Epoch 2/10:  99%|█████████▉| 542/545 [03:02<00:01,  2.97it/s]
Epoch 2/10: 100%|█████████▉| 543/545 [03:02<00:00,  2.97it/s]
Epoch 2/10: 100%|█████████▉| 544/545 [03:03<00:00,  2.97it/s]
Epoch 2/10: 100%|██████████| 545/545 [03:03<00:00,  3.16it/s]
Epoch 2/10: 100%|██████████| 545/545 [03:03<00:00,  2.97it/s]

Epoch 3/10:   0%|          | 0/545 [00:00<?, ?it/s]
Epoch 3/10:   0%|          | 1/545 [00:00<03:29,  2.60it/s]
Epoch 3/10:   0%|          | 2/545 [00:00<03:13,  2.81it/s]
Epoch 3/10:   1%|          | 3/545 [00:01<03:07,  2.89it/s]
Epoch 3/10:   1%|          | 4/545 [00:01<03:04,  2.93it/s]
Epoch 3/10:   1%|          | 5/545 [00:01<03:03,  2.95it/s]
Epoch 3/10:   1%|          | 6/545 [00:02<03:01,  2.96it/s]
Epoch 3/10:   1%|▏         | 7/545 [00:02<03:01,  2.97it/s]
Epoch 3/10:   1%|▏         | 8/545 [00:02<03:00,  2.98it/s]
Epoch 3/10:   2%|▏         | 9/545 [00:03<02:59,  2.98it/s]
Epoch 3/10:   2%|▏         | 10/545 [00:03<02:59,  2.98it/s]
Epoch 3/10:   2%|▏         | 11/545 [00:03<02:58,  2.98it/s]
Epoch 3/10:   2%|▏         | 12/545 [00:04<02:58,  2.99it/s]
Epoch 3/10:   2%|▏         | 13/545 [00:04<02:58,  2.99it/s]
Epoch 3/10:   3%|▎         | 14/545 [00:04<02:57,  2.99it/s]
Epoch 3/10:   3%|▎         | 15/545 [00:05<02:57,  2.99it/s]
Epoch 3/10:   3%|▎         | 16/545 [00:05<02:57,  2.99it/s]
Epoch 3/10:   3%|▎         | 17/545 [00:05<02:56,  2.99it/s]
Epoch 3/10:   3%|▎         | 18/545 [00:06<02:56,  2.99it/s]
Epoch 3/10:   3%|▎         | 19/545 [00:06<02:56,  2.99it/s]
Epoch 3/10:   4%|▎         | 20/545 [00:06<02:55,  2.99it/s]
Epoch 3/10:   4%|▍         | 21/545 [00:07<02:55,  2.99it/s]
Epoch 3/10:   4%|▍         | 22/545 [00:07<02:55,  2.99it/s]
Epoch 3/10:   4%|▍         | 23/545 [00:07<02:54,  2.99it/s]
Epoch 3/10:   4%|▍         | 24/545 [00:08<02:54,  2.99it/s]
Epoch 3/10:   5%|▍         | 25/545 [00:08<02:54,  2.99it/s]
Epoch 3/10:   5%|▍         | 26/545 [00:08<02:53,  2.99it/s]
Epoch 3/10:   5%|▍         | 27/545 [00:09<02:53,  2.99it/s]
Epoch 3/10:   5%|▌         | 28/545 [00:09<02:53,  2.99it/s]
Epoch 3/10:   5%|▌         | 29/545 [00:09<02:52,  2.99it/s]
Epoch 3/10:   6%|▌         | 30/545 [00:10<02:52,  2.99it/s]
Epoch 3/10:   6%|▌         | 31/545 [00:10<02:52,  2.99it/s]
Epoch 3/10:   6%|▌         | 32/545 [00:10<02:51,  2.99it/s]
Epoch 3/10:   6%|▌         | 33/545 [00:11<02:51,  2.99it/s]
Epoch 3/10:   6%|▌         | 34/545 [00:11<02:51,  2.98it/s]
Epoch 3/10:   6%|▋         | 35/545 [00:11<02:50,  2.99it/s]
Epoch 3/10:   7%|▋         | 36/545 [00:12<02:50,  2.98it/s]
Epoch 3/10:   7%|▋         | 37/545 [00:12<02:50,  2.99it/s]
Epoch 3/10:   7%|▋         | 38/545 [00:12<02:49,  2.99it/s]
Epoch 3/10:   7%|▋         | 39/545 [00:13<02:49,  2.99it/s]
Epoch 3/10:   7%|▋         | 40/545 [00:13<02:49,  2.99it/s]
Epoch 3/10:   8%|▊         | 41/545 [00:13<02:48,  2.99it/s]
Epoch 3/10:   8%|▊         | 42/545 [00:14<02:48,  2.99it/s]
Epoch 3/10:   8%|▊         | 43/545 [00:14<02:48,  2.99it/s]
Epoch 3/10:   8%|▊         | 44/545 [00:14<02:47,  2.99it/s]
Epoch 3/10:   8%|▊         | 45/545 [00:15<02:47,  2.99it/s]
Epoch 3/10:   8%|▊         | 46/545 [00:15<02:47,  2.99it/s]
Epoch 3/10:   9%|▊         | 47/545 [00:15<02:46,  2.99it/s]
Epoch 3/10:   9%|▉         | 48/545 [00:16<02:46,  2.99it/s]
Epoch 3/10:   9%|▉         | 49/545 [00:16<02:46,  2.99it/s]
Epoch 3/10:   9%|▉         | 50/545 [00:16<02:45,  2.99it/s]
Epoch 3/10:   9%|▉         | 51/545 [00:17<02:45,  2.99it/s]
Epoch 3/10:  10%|▉         | 52/545 [00:17<02:45,  2.99it/s]
Epoch 3/10:  10%|▉         | 53/545 [00:17<02:44,  2.99it/s]
Epoch 3/10:  10%|▉         | 54/545 [00:18<02:44,  2.99it/s]
Epoch 3/10:  10%|█         | 55/545 [00:18<02:44,  2.98it/s]
Epoch 3/10:  10%|█         | 56/545 [00:18<02:43,  2.99it/s]
Epoch 3/10:  10%|█         | 57/545 [00:19<02:43,  2.99it/s]
Epoch 3/10:  11%|█         | 58/545 [00:19<02:43,  2.99it/s]
Epoch 3/10:  11%|█         | 59/545 [00:19<02:42,  2.99it/s]
Epoch 3/10:  11%|█         | 60/545 [00:20<02:42,  2.99it/s]
Epoch 3/10:  11%|█         | 61/545 [00:20<02:42,  2.99it/s]
Epoch 3/10:  11%|█▏        | 62/545 [00:20<02:41,  2.99it/s]
Epoch 3/10:  12%|█▏        | 63/545 [00:21<02:41,  2.99it/s]
Epoch 3/10:  12%|█▏        | 64/545 [00:21<02:40,  2.99it/s]
Epoch 3/10:  12%|█▏        | 65/545 [00:21<02:40,  2.99it/s]
Epoch 3/10:  12%|█▏        | 66/545 [00:22<02:40,  2.99it/s]
Epoch 3/10:  12%|█▏        | 67/545 [00:22<02:39,  2.99it/s]
Epoch 3/10:  12%|█▏        | 68/545 [00:22<02:39,  2.99it/s]
Epoch 3/10:  13%|█▎        | 69/545 [00:23<02:39,  2.99it/s]
Epoch 3/10:  13%|█▎        | 70/545 [00:23<02:39,  2.99it/s]
Epoch 3/10:  13%|█▎        | 71/545 [00:23<02:38,  2.99it/s]
Epoch 3/10:  13%|█▎        | 72/545 [00:24<02:38,  2.99it/s]
Epoch 3/10:  13%|█▎        | 73/545 [00:24<02:37,  2.99it/s]
Epoch 3/10:  14%|█▎        | 74/545 [00:24<02:37,  2.99it/s]
Epoch 3/10:  14%|█▍        | 75/545 [00:25<02:37,  2.99it/s]
Epoch 3/10:  14%|█▍        | 76/545 [00:25<02:37,  2.99it/s]
Epoch 3/10:  14%|█▍        | 77/545 [00:25<02:36,  2.99it/s]
Epoch 3/10:  14%|█▍        | 78/545 [00:26<02:36,  2.99it/s]
Epoch 3/10:  14%|█▍        | 79/545 [00:26<02:35,  2.99it/s]
Epoch 3/10:  15%|█▍        | 80/545 [00:26<02:35,  2.99it/s]
Epoch 3/10:  15%|█▍        | 81/545 [00:27<02:35,  2.99it/s]
Epoch 3/10:  15%|█▌        | 82/545 [00:27<02:35,  2.99it/s]
Epoch 3/10:  15%|█▌        | 83/545 [00:27<02:34,  2.99it/s]
Epoch 3/10:  15%|█▌        | 84/545 [00:28<02:34,  2.99it/s]
Epoch 3/10:  16%|█▌        | 85/545 [00:28<02:34,  2.99it/s]
Epoch 3/10:  16%|█▌        | 86/545 [00:28<02:33,  2.99it/s]
Epoch 3/10:  16%|█▌        | 87/545 [00:29<02:33,  2.99it/s]
Epoch 3/10:  16%|█▌        | 88/545 [00:29<02:32,  2.99it/s]
Epoch 3/10:  16%|█▋        | 89/545 [00:29<02:32,  2.99it/s]
Epoch 3/10:  17%|█▋        | 90/545 [00:30<02:32,  2.99it/s]
Epoch 3/10:  17%|█▋        | 91/545 [00:30<02:31,  2.99it/s]
Epoch 3/10:  17%|█▋        | 92/545 [00:30<02:31,  2.99it/s]
Epoch 3/10:  17%|█▋        | 93/545 [00:31<02:31,  2.99it/s]
Epoch 3/10:  17%|█▋        | 94/545 [00:31<02:30,  2.99it/s]
Epoch 3/10:  17%|█▋        | 95/545 [00:31<02:30,  2.99it/s]
Epoch 3/10:  18%|█▊        | 96/545 [00:32<02:30,  2.99it/s]
Epoch 3/10:  18%|█▊        | 97/545 [00:32<02:29,  2.99it/s]
Epoch 3/10:  18%|█▊        | 98/545 [00:32<02:29,  2.99it/s]
Epoch 3/10:  18%|█▊        | 99/545 [00:33<02:29,  2.99it/s]
Epoch 3/10:  18%|█▊        | 100/545 [00:33<02:29,  2.99it/s]
Epoch 3/10:  19%|█▊        | 101/545 [00:33<02:28,  2.99it/s]
Epoch 3/10:  19%|█▊        | 102/545 [00:34<02:28,  2.99it/s]
Epoch 3/10:  19%|█▉        | 103/545 [00:34<02:27,  2.99it/s]
Epoch 3/10:  19%|█▉        | 104/545 [00:34<02:27,  2.99it/s]
Epoch 3/10:  19%|█▉        | 105/545 [00:35<02:27,  2.99it/s]
Epoch 3/10:  19%|█▉        | 106/545 [00:35<02:26,  2.99it/s]
Epoch 3/10:  20%|█▉        | 107/545 [00:35<02:26,  2.99it/s]
Epoch 3/10:  20%|█▉        | 108/545 [00:36<02:26,  2.99it/s]
Epoch 3/10:  20%|██        | 109/545 [00:36<02:25,  2.99it/s]
Epoch 3/10:  20%|██        | 110/545 [00:36<02:25,  2.99it/s]
Epoch 3/10:  20%|██        | 111/545 [00:37<02:25,  2.99it/s]
Epoch 3/10:  21%|██        | 112/545 [00:37<02:24,  2.99it/s]
Epoch 3/10:  21%|██        | 113/545 [00:37<02:24,  2.99it/s]
Epoch 3/10:  21%|██        | 114/545 [00:38<02:24,  2.99it/s]
Epoch 3/10:  21%|██        | 115/545 [00:38<02:23,  2.99it/s]
Epoch 3/10:  21%|██▏       | 116/545 [00:38<02:23,  2.99it/s]
Epoch 3/10:  21%|██▏       | 117/545 [00:39<02:23,  2.99it/s]
Epoch 3/10:  22%|██▏       | 118/545 [00:39<02:22,  2.99it/s]
Epoch 3/10:  22%|██▏       | 119/545 [00:39<02:22,  2.99it/s]
Epoch 3/10:  22%|██▏       | 120/545 [00:40<02:22,  2.99it/s]
Epoch 3/10:  22%|██▏       | 121/545 [00:40<02:21,  2.99it/s]
Epoch 3/10:  22%|██▏       | 122/545 [00:40<02:21,  2.99it/s]
Epoch 3/10:  23%|██▎       | 123/545 [00:41<02:21,  2.99it/s]
Epoch 3/10:  23%|██▎       | 124/545 [00:41<02:21,  2.99it/s]
Epoch 3/10:  23%|██▎       | 125/545 [00:41<02:20,  2.99it/s]
Epoch 3/10:  23%|██▎       | 126/545 [00:42<02:20,  2.99it/s]
Epoch 3/10:  23%|██▎       | 127/545 [00:42<02:20,  2.99it/s]
Epoch 3/10:  23%|██▎       | 128/545 [00:42<02:19,  2.99it/s]
Epoch 3/10:  24%|██▎       | 129/545 [00:43<02:19,  2.99it/s]
Epoch 3/10:  24%|██▍       | 130/545 [00:43<02:19,  2.99it/s]
Epoch 3/10:  24%|██▍       | 131/545 [00:43<02:18,  2.99it/s]
Epoch 3/10:  24%|██▍       | 132/545 [00:44<02:18,  2.99it/s]
Epoch 3/10:  24%|██▍       | 133/545 [00:44<02:17,  2.99it/s]
Epoch 3/10:  25%|██▍       | 134/545 [00:44<02:17,  2.99it/s]
Epoch 3/10:  25%|██▍       | 135/545 [00:45<02:17,  2.99it/s]
Epoch 3/10:  25%|██▍       | 136/545 [00:45<02:16,  2.99it/s]
Epoch 3/10:  25%|██▌       | 137/545 [00:45<02:16,  2.99it/s]
Epoch 3/10:  25%|██▌       | 138/545 [00:46<02:16,  2.99it/s]
Epoch 3/10:  26%|██▌       | 139/545 [00:46<02:16,  2.99it/s]
Epoch 3/10:  26%|██▌       | 140/545 [00:46<02:15,  2.98it/s]
Epoch 3/10:  26%|██▌       | 141/545 [00:47<02:15,  2.98it/s]
Epoch 3/10:  26%|██▌       | 142/545 [00:47<02:15,  2.98it/s]
Epoch 3/10:  26%|██▌       | 143/545 [00:47<02:14,  2.98it/s]
Epoch 3/10:  26%|██▋       | 144/545 [00:48<02:14,  2.98it/s]
Epoch 3/10:  27%|██▋       | 145/545 [00:48<02:13,  2.99it/s]
Epoch 3/10:  27%|██▋       | 146/545 [00:48<02:13,  2.99it/s]
Epoch 3/10:  27%|██▋       | 147/545 [00:49<02:13,  2.99it/s]
Epoch 3/10:  27%|██▋       | 148/545 [00:49<02:12,  2.99it/s]
Epoch 3/10:  27%|██▋       | 149/545 [00:49<02:12,  2.99it/s]
Epoch 3/10:  28%|██▊       | 150/545 [00:50<02:12,  2.99it/s]
Epoch 3/10:  28%|██▊       | 151/545 [00:50<02:11,  2.99it/s]
Epoch 3/10:  28%|██▊       | 152/545 [00:50<02:11,  2.98it/s]
Epoch 3/10:  28%|██▊       | 153/545 [00:51<02:11,  2.99it/s]
Epoch 3/10:  28%|██▊       | 154/545 [00:51<02:10,  2.99it/s]
Epoch 3/10:  28%|██▊       | 155/545 [00:51<02:10,  2.99it/s]
Epoch 3/10:  29%|██▊       | 156/545 [00:52<02:10,  2.99it/s]
Epoch 3/10:  29%|██▉       | 157/545 [00:52<02:09,  2.99it/s]
Epoch 3/10:  29%|██▉       | 158/545 [00:52<02:09,  2.99it/s]
Epoch 3/10:  29%|██▉       | 159/545 [00:53<02:09,  2.99it/s]
Epoch 3/10:  29%|██▉       | 160/545 [00:53<02:08,  2.99it/s]
Epoch 3/10:  30%|██▉       | 161/545 [00:53<02:08,  2.99it/s]
Epoch 3/10:  30%|██▉       | 162/545 [00:54<02:08,  2.99it/s]
Epoch 3/10:  30%|██▉       | 163/545 [00:54<02:07,  2.99it/s]
Epoch 3/10:  30%|███       | 164/545 [00:54<02:07,  2.99it/s]
Epoch 3/10:  30%|███       | 165/545 [00:55<02:07,  2.99it/s]
Epoch 3/10:  30%|███       | 166/545 [00:55<02:06,  2.99it/s]
Epoch 3/10:  31%|███       | 167/545 [00:55<02:06,  2.99it/s]
Epoch 3/10:  31%|███       | 168/545 [00:56<02:06,  2.99it/s]
Epoch 3/10:  31%|███       | 169/545 [00:56<02:05,  2.99it/s]
Epoch 3/10:  31%|███       | 170/545 [00:56<02:05,  2.99it/s]
Epoch 3/10:  31%|███▏      | 171/545 [00:57<02:05,  2.99it/s]
Epoch 3/10:  32%|███▏      | 172/545 [00:57<02:04,  2.99it/s]
Epoch 3/10:  32%|███▏      | 173/545 [00:57<02:04,  2.98it/s]
Epoch 3/10:  32%|███▏      | 174/545 [00:58<02:04,  2.99it/s]
Epoch 3/10:  32%|███▏      | 175/545 [00:58<02:03,  2.98it/s]
Epoch 3/10:  32%|███▏      | 176/545 [00:58<02:03,  2.98it/s]
Epoch 3/10:  32%|███▏      | 177/545 [00:59<02:03,  2.99it/s]
Epoch 3/10:  33%|███▎      | 178/545 [00:59<02:02,  2.99it/s]
Epoch 3/10:  33%|███▎      | 179/545 [00:59<02:02,  2.99it/s]
Epoch 3/10:  33%|███▎      | 180/545 [01:00<02:02,  2.99it/s]
Epoch 3/10:  33%|███▎      | 181/545 [01:00<02:02,  2.96it/s]
Epoch 3/10:  33%|███▎      | 182/545 [01:00<02:02,  2.97it/s]
Epoch 3/10:  34%|███▎      | 183/545 [01:01<02:01,  2.97it/s]
Epoch 3/10:  34%|███▍      | 184/545 [01:01<02:01,  2.98it/s]
Epoch 3/10:  34%|███▍      | 185/545 [01:02<02:00,  2.98it/s]
Epoch 3/10:  34%|███▍      | 186/545 [01:02<02:00,  2.98it/s]
Epoch 3/10:  34%|███▍      | 187/545 [01:02<02:00,  2.98it/s]
Epoch 3/10:  34%|███▍      | 188/545 [01:03<01:59,  2.98it/s]
Epoch 3/10:  35%|███▍      | 189/545 [01:03<01:59,  2.98it/s]
Epoch 3/10:  35%|███▍      | 190/545 [01:03<01:58,  2.99it/s]
Epoch 3/10:  35%|███▌      | 191/545 [01:04<01:58,  2.99it/s]
Epoch 3/10:  35%|███▌      | 192/545 [01:04<01:58,  2.99it/s]
Epoch 3/10:  35%|███▌      | 193/545 [01:04<01:57,  2.99it/s]
Epoch 3/10:  36%|███▌      | 194/545 [01:05<01:57,  2.99it/s]
Epoch 3/10:  36%|███▌      | 195/545 [01:05<01:57,  2.99it/s]
Epoch 3/10:  36%|███▌      | 196/545 [01:05<01:56,  2.99it/s]
Epoch 3/10:  36%|███▌      | 197/545 [01:06<01:56,  2.99it/s]
Epoch 3/10:  36%|███▋      | 198/545 [01:06<01:56,  2.99it/s]
Epoch 3/10:  37%|███▋      | 199/545 [01:06<01:55,  2.99it/s]
Epoch 3/10:  37%|███▋      | 200/545 [01:07<01:55,  2.99it/s]
Epoch 3/10:  37%|███▋      | 201/545 [01:07<01:55,  2.99it/s]
Epoch 3/10:  37%|███▋      | 202/545 [01:07<01:54,  2.99it/s]
Epoch 3/10:  37%|███▋      | 203/545 [01:08<01:54,  2.99it/s]
Epoch 3/10:  37%|███▋      | 204/545 [01:08<01:54,  2.99it/s]
Epoch 3/10:  38%|███▊      | 205/545 [01:08<01:53,  2.99it/s]
Epoch 3/10:  38%|███▊      | 206/545 [01:09<01:53,  2.99it/s]
Epoch 3/10:  38%|███▊      | 207/545 [01:09<01:53,  2.99it/s]
Epoch 3/10:  38%|███▊      | 208/545 [01:09<01:52,  2.99it/s]
Epoch 3/10:  38%|███▊      | 209/545 [01:10<01:52,  2.99it/s]
Epoch 3/10:  39%|███▊      | 210/545 [01:10<01:52,  2.99it/s]
Epoch 3/10:  39%|███▊      | 211/545 [01:10<01:51,  2.99it/s]
Epoch 3/10:  39%|███▉      | 212/545 [01:11<01:51,  2.99it/s]
Epoch 3/10:  39%|███▉      | 213/545 [01:11<01:51,  2.98it/s]
Epoch 3/10:  39%|███▉      | 214/545 [01:11<01:50,  2.98it/s]
Epoch 3/10:  39%|███▉      | 215/545 [01:12<01:50,  2.99it/s]
Epoch 3/10:  40%|███▉      | 216/545 [01:12<01:50,  2.99it/s]
Epoch 3/10:  40%|███▉      | 217/545 [01:12<01:49,  2.99it/s]
Epoch 3/10:  40%|████      | 218/545 [01:13<01:49,  2.99it/s]
Epoch 3/10:  40%|████      | 219/545 [01:13<01:49,  2.99it/s]
Epoch 3/10:  40%|████      | 220/545 [01:13<01:48,  2.99it/s]
Epoch 3/10:  41%|████      | 221/545 [01:14<01:48,  2.99it/s]
Epoch 3/10:  41%|████      | 222/545 [01:14<01:48,  2.99it/s]
Epoch 3/10:  41%|████      | 223/545 [01:14<01:47,  2.98it/s]
Epoch 3/10:  41%|████      | 224/545 [01:15<01:47,  2.99it/s]
Epoch 3/10:  41%|████▏     | 225/545 [01:15<01:47,  2.99it/s]
Epoch 3/10:  41%|████▏     | 226/545 [01:15<01:46,  2.98it/s]
Epoch 3/10:  42%|████▏     | 227/545 [01:16<01:46,  2.99it/s]
Epoch 3/10:  42%|████▏     | 228/545 [01:16<01:46,  2.99it/s]
Epoch 3/10:  42%|████▏     | 229/545 [01:16<01:45,  2.99it/s]
Epoch 3/10:  42%|████▏     | 230/545 [01:17<01:45,  2.99it/s]
Epoch 3/10:  42%|████▏     | 231/545 [01:17<01:45,  2.99it/s]
Epoch 3/10:  43%|████▎     | 232/545 [01:17<01:44,  2.99it/s]
Epoch 3/10:  43%|████▎     | 233/545 [01:18<01:44,  2.99it/s]
Epoch 3/10:  43%|████▎     | 234/545 [01:18<01:44,  2.99it/s]
Epoch 3/10:  43%|████▎     | 235/545 [01:18<01:43,  2.99it/s]
Epoch 3/10:  43%|████▎     | 236/545 [01:19<01:43,  2.99it/s]
Epoch 3/10:  43%|████▎     | 237/545 [01:19<01:43,  2.99it/s]
Epoch 3/10:  44%|████▎     | 238/545 [01:19<01:42,  2.99it/s]
Epoch 3/10:  44%|████▍     | 239/545 [01:20<01:42,  2.99it/s]
Epoch 3/10:  44%|████▍     | 240/545 [01:20<01:42,  2.99it/s]
Epoch 3/10:  44%|████▍     | 241/545 [01:20<01:41,  2.99it/s]
Epoch 3/10:  44%|████▍     | 242/545 [01:21<01:41,  2.99it/s]
Epoch 3/10:  45%|████▍     | 243/545 [01:21<01:41,  2.99it/s]
Epoch 3/10:  45%|████▍     | 244/545 [01:21<01:40,  2.99it/s]
Epoch 3/10:  45%|████▍     | 245/545 [01:22<01:40,  2.99it/s]
Epoch 3/10:  45%|████▌     | 246/545 [01:22<01:40,  2.99it/s]
Epoch 3/10:  45%|████▌     | 247/545 [01:22<01:39,  2.99it/s]
Epoch 3/10:  46%|████▌     | 248/545 [01:23<01:39,  2.99it/s]
Epoch 3/10:  46%|████▌     | 249/545 [01:23<01:39,  2.99it/s]
Epoch 3/10:  46%|████▌     | 250/545 [01:23<01:38,  2.99it/s]
Epoch 3/10:  46%|████▌     | 251/545 [01:24<01:38,  2.99it/s]
Epoch 3/10:  46%|████▌     | 252/545 [01:24<01:38,  2.99it/s]
Epoch 3/10:  46%|████▋     | 253/545 [01:24<01:37,  2.99it/s]
Epoch 3/10:  47%|████▋     | 254/545 [01:25<01:37,  2.99it/s]
Epoch 3/10:  47%|████▋     | 255/545 [01:25<01:37,  2.99it/s]
Epoch 3/10:  47%|████▋     | 256/545 [01:25<01:36,  2.99it/s]
Epoch 3/10:  47%|████▋     | 257/545 [01:26<01:36,  2.99it/s]
Epoch 3/10:  47%|████▋     | 258/545 [01:26<01:36,  2.99it/s]
Epoch 3/10:  48%|████▊     | 259/545 [01:26<01:35,  2.99it/s]
Epoch 3/10:  48%|████▊     | 260/545 [01:27<01:35,  2.99it/s]
Epoch 3/10:  48%|████▊     | 261/545 [01:27<01:35,  2.99it/s]
Epoch 3/10:  48%|████▊     | 262/545 [01:27<01:34,  2.99it/s]
Epoch 3/10:  48%|████▊     | 263/545 [01:28<01:34,  2.99it/s]
Epoch 3/10:  48%|████▊     | 264/545 [01:28<01:34,  2.99it/s]
Epoch 3/10:  49%|████▊     | 265/545 [01:28<01:33,  2.99it/s]
Epoch 3/10:  49%|████▉     | 266/545 [01:29<01:33,  2.99it/s]
Epoch 3/10:  49%|████▉     | 267/545 [01:29<01:33,  2.99it/s]
Epoch 3/10:  49%|████▉     | 268/545 [01:29<01:32,  2.99it/s]
Epoch 3/10:  49%|████▉     | 269/545 [01:30<01:32,  2.99it/s]
Epoch 3/10:  50%|████▉     | 270/545 [01:30<01:32,  2.98it/s]
Epoch 3/10:  50%|████▉     | 271/545 [01:30<01:31,  2.99it/s]
Epoch 3/10:  50%|████▉     | 272/545 [01:31<01:31,  2.99it/s]
Epoch 3/10:  50%|█████     | 273/545 [01:31<01:31,  2.99it/s]
Epoch 3/10:  50%|█████     | 274/545 [01:31<01:30,  2.99it/s]
Epoch 3/10:  50%|█████     | 275/545 [01:32<01:30,  2.99it/s]
Epoch 3/10:  51%|█████     | 276/545 [01:32<01:30,  2.99it/s]
Epoch 3/10:  51%|█████     | 277/545 [01:32<01:29,  2.99it/s]
Epoch 3/10:  51%|█████     | 278/545 [01:33<01:29,  2.99it/s]
Epoch 3/10:  51%|█████     | 279/545 [01:33<01:29,  2.99it/s]
Epoch 3/10:  51%|█████▏    | 280/545 [01:33<01:28,  2.99it/s]
Epoch 3/10:  52%|█████▏    | 281/545 [01:34<01:28,  2.99it/s]
Epoch 3/10:  52%|█████▏    | 282/545 [01:34<01:28,  2.99it/s]
Epoch 3/10:  52%|█████▏    | 283/545 [01:34<01:27,  2.99it/s]
Epoch 3/10:  52%|█████▏    | 284/545 [01:35<01:27,  2.99it/s]
Epoch 3/10:  52%|█████▏    | 285/545 [01:35<01:27,  2.99it/s]
Epoch 3/10:  52%|█████▏    | 286/545 [01:35<01:26,  2.99it/s]
Epoch 3/10:  53%|█████▎    | 287/545 [01:36<01:26,  2.99it/s]
Epoch 3/10:  53%|█████▎    | 288/545 [01:36<01:26,  2.99it/s]
Epoch 3/10:  53%|█████▎    | 289/545 [01:36<01:25,  2.99it/s]
Epoch 3/10:  53%|█████▎    | 290/545 [01:37<01:25,  2.99it/s]
Epoch 3/10:  53%|█████▎    | 291/545 [01:37<01:25,  2.99it/s]
Epoch 3/10:  54%|█████▎    | 292/545 [01:37<01:24,  2.99it/s]
Epoch 3/10:  54%|█████▍    | 293/545 [01:38<01:24,  2.99it/s]
Epoch 3/10:  54%|█████▍    | 294/545 [01:38<01:24,  2.99it/s]
Epoch 3/10:  54%|█████▍    | 295/545 [01:38<01:23,  2.99it/s]
Epoch 3/10:  54%|█████▍    | 296/545 [01:39<01:23,  2.99it/s]
Epoch 3/10:  54%|█████▍    | 297/545 [01:39<01:23,  2.99it/s]
Epoch 3/10:  55%|█████▍    | 298/545 [01:39<01:22,  2.99it/s]
Epoch 3/10:  55%|█████▍    | 299/545 [01:40<01:22,  2.99it/s]
Epoch 3/10:  55%|█████▌    | 300/545 [01:40<01:21,  2.99it/s]
Epoch 3/10:  55%|█████▌    | 301/545 [01:40<01:21,  2.99it/s]
Epoch 3/10:  55%|█████▌    | 302/545 [01:41<01:21,  2.99it/s]
Epoch 3/10:  56%|█████▌    | 303/545 [01:41<01:21,  2.99it/s]
Epoch 3/10:  56%|█████▌    | 304/545 [01:41<01:20,  2.99it/s]
Epoch 3/10:  56%|█████▌    | 305/545 [01:42<01:20,  2.99it/s]
Epoch 3/10:  56%|█████▌    | 306/545 [01:42<01:20,  2.99it/s]
Epoch 3/10:  56%|█████▋    | 307/545 [01:42<01:19,  2.99it/s]
Epoch 3/10:  57%|█████▋    | 308/545 [01:43<01:19,  2.99it/s]
Epoch 3/10:  57%|█████▋    | 309/545 [01:43<01:19,  2.99it/s]
Epoch 3/10:  57%|█████▋    | 310/545 [01:43<01:18,  2.99it/s]
Epoch 3/10:  57%|█████▋    | 311/545 [01:44<01:18,  2.99it/s]
Epoch 3/10:  57%|█████▋    | 312/545 [01:44<01:18,  2.99it/s]
Epoch 3/10:  57%|█████▋    | 313/545 [01:44<01:17,  2.98it/s]
Epoch 3/10:  58%|█████▊    | 314/545 [01:45<01:17,  2.98it/s]
Epoch 3/10:  58%|█████▊    | 315/545 [01:45<01:17,  2.98it/s]
Epoch 3/10:  58%|█████▊    | 316/545 [01:45<01:16,  2.98it/s]
Epoch 3/10:  58%|█████▊    | 317/545 [01:46<01:16,  2.98it/s]
Epoch 3/10:  58%|█████▊    | 318/545 [01:46<01:16,  2.99it/s]
Epoch 3/10:  59%|█████▊    | 319/545 [01:46<01:15,  2.98it/s]
Epoch 3/10:  59%|█████▊    | 320/545 [01:47<01:15,  2.99it/s]
Epoch 3/10:  59%|█████▉    | 321/545 [01:47<01:15,  2.99it/s]
Epoch 3/10:  59%|█████▉    | 322/545 [01:47<01:14,  2.99it/s]
Epoch 3/10:  59%|█████▉    | 323/545 [01:48<01:14,  2.99it/s]
Epoch 3/10:  59%|█████▉    | 324/545 [01:48<01:14,  2.98it/s]
Epoch 3/10:  60%|█████▉    | 325/545 [01:48<01:13,  2.99it/s]
Epoch 3/10:  60%|█████▉    | 326/545 [01:49<01:13,  2.99it/s]
Epoch 3/10:  60%|██████    | 327/545 [01:49<01:12,  2.99it/s]
Epoch 3/10:  60%|██████    | 328/545 [01:49<01:12,  2.99it/s]
Epoch 3/10:  60%|██████    | 329/545 [01:50<01:12,  2.99it/s]
Epoch 3/10:  61%|██████    | 330/545 [01:50<01:11,  2.99it/s]
Epoch 3/10:  61%|██████    | 331/545 [01:50<01:11,  2.99it/s]
Epoch 3/10:  61%|██████    | 332/545 [01:51<01:11,  2.99it/s]
Epoch 3/10:  61%|██████    | 333/545 [01:51<01:10,  2.99it/s]
Epoch 3/10:  61%|██████▏   | 334/545 [01:51<01:10,  2.99it/s]
Epoch 3/10:  61%|██████▏   | 335/545 [01:52<01:10,  2.99it/s]
Epoch 3/10:  62%|██████▏   | 336/545 [01:52<01:09,  2.99it/s]
Epoch 3/10:  62%|██████▏   | 337/545 [01:52<01:09,  2.99it/s]
Epoch 3/10:  62%|██████▏   | 338/545 [01:53<01:09,  2.99it/s]
Epoch 3/10:  62%|██████▏   | 339/545 [01:53<01:08,  2.99it/s]
Epoch 3/10:  62%|██████▏   | 340/545 [01:53<01:08,  2.99it/s]
Epoch 3/10:  63%|██████▎   | 341/545 [01:54<01:08,  2.99it/s]
Epoch 3/10:  63%|██████▎   | 342/545 [01:54<01:07,  2.99it/s]
Epoch 3/10:  63%|██████▎   | 343/545 [01:54<01:07,  2.99it/s]
Epoch 3/10:  63%|██████▎   | 344/545 [01:55<01:07,  2.99it/s]
Epoch 3/10:  63%|██████▎   | 345/545 [01:55<01:06,  2.99it/s]
Epoch 3/10:  63%|██████▎   | 346/545 [01:55<01:06,  2.98it/s]
Epoch 3/10:  64%|██████▎   | 347/545 [01:56<01:06,  2.99it/s]
Epoch 3/10:  64%|██████▍   | 348/545 [01:56<01:05,  2.99it/s]
Epoch 3/10:  64%|██████▍   | 349/545 [01:56<01:05,  2.99it/s]
Epoch 3/10:  64%|██████▍   | 350/545 [01:57<01:05,  2.99it/s]
Epoch 3/10:  64%|██████▍   | 351/545 [01:57<01:04,  2.99it/s]
Epoch 3/10:  65%|██████▍   | 352/545 [01:57<01:04,  2.99it/s]
Epoch 3/10:  65%|██████▍   | 353/545 [01:58<01:04,  2.99it/s]
Epoch 3/10:  65%|██████▍   | 354/545 [01:58<01:03,  2.99it/s]
Epoch 3/10:  65%|██████▌   | 355/545 [01:58<01:03,  2.99it/s]
Epoch 3/10:  65%|██████▌   | 356/545 [01:59<01:03,  2.99it/s]
Epoch 3/10:  66%|██████▌   | 357/545 [01:59<01:02,  2.99it/s]
Epoch 3/10:  66%|██████▌   | 358/545 [01:59<01:02,  2.99it/s]
Epoch 3/10:  66%|██████▌   | 359/545 [02:00<01:02,  2.99it/s]
Epoch 3/10:  66%|██████▌   | 360/545 [02:00<01:01,  2.99it/s]
Epoch 3/10:  66%|██████▌   | 361/545 [02:00<01:01,  2.97it/s]
Epoch 3/10:  66%|██████▋   | 362/545 [02:01<01:01,  2.97it/s]
Epoch 3/10:  67%|██████▋   | 363/545 [02:01<01:01,  2.98it/s]
Epoch 3/10:  67%|██████▋   | 364/545 [02:01<01:00,  2.98it/s]
Epoch 3/10:  67%|██████▋   | 365/545 [02:02<01:00,  2.98it/s]
Epoch 3/10:  67%|██████▋   | 366/545 [02:02<00:59,  2.98it/s]
Epoch 3/10:  67%|██████▋   | 367/545 [02:02<00:59,  2.99it/s]
Epoch 3/10:  68%|██████▊   | 368/545 [02:03<00:59,  2.99it/s]
Epoch 3/10:  68%|██████▊   | 369/545 [02:03<00:58,  2.98it/s]
Epoch 3/10:  68%|██████▊   | 370/545 [02:03<00:58,  2.99it/s]
Epoch 3/10:  68%|██████▊   | 371/545 [02:04<00:58,  2.99it/s]
Epoch 3/10:  68%|██████▊   | 372/545 [02:04<00:57,  2.99it/s]
Epoch 3/10:  68%|██████▊   | 373/545 [02:04<00:57,  2.99it/s]
Epoch 3/10:  69%|██████▊   | 374/545 [02:05<00:57,  2.99it/s]
Epoch 3/10:  69%|██████▉   | 375/545 [02:05<00:56,  2.99it/s]
Epoch 3/10:  69%|██████▉   | 376/545 [02:05<00:56,  2.99it/s]
Epoch 3/10:  69%|██████▉   | 377/545 [02:06<00:56,  2.99it/s]
Epoch 3/10:  69%|██████▉   | 378/545 [02:06<00:55,  2.99it/s]
Epoch 3/10:  70%|██████▉   | 379/545 [02:06<00:55,  2.98it/s]
Epoch 3/10:  70%|██████▉   | 380/545 [02:07<00:55,  2.98it/s]
Epoch 3/10:  70%|██████▉   | 381/545 [02:07<00:54,  2.99it/s]
Epoch 3/10:  70%|███████   | 382/545 [02:07<00:54,  2.99it/s]
Epoch 3/10:  70%|███████   | 383/545 [02:08<00:54,  2.99it/s]
Epoch 3/10:  70%|███████   | 384/545 [02:08<00:53,  2.99it/s]
Epoch 3/10:  71%|███████   | 385/545 [02:08<00:53,  2.99it/s]
Epoch 3/10:  71%|███████   | 386/545 [02:09<00:53,  2.99it/s]
Epoch 3/10:  71%|███████   | 387/545 [02:09<00:52,  2.99it/s]
Epoch 3/10:  71%|███████   | 388/545 [02:09<00:52,  2.99it/s]
Epoch 3/10:  71%|███████▏  | 389/545 [02:10<00:52,  2.99it/s]
Epoch 3/10:  72%|███████▏  | 390/545 [02:10<00:51,  2.99it/s]
Epoch 3/10:  72%|███████▏  | 391/545 [02:10<00:51,  2.99it/s]
Epoch 3/10:  72%|███████▏  | 392/545 [02:11<00:51,  2.99it/s]
Epoch 3/10:  72%|███████▏  | 393/545 [02:11<00:50,  2.99it/s]
Epoch 3/10:  72%|███████▏  | 394/545 [02:11<00:50,  2.99it/s]
Epoch 3/10:  72%|███████▏  | 395/545 [02:12<00:50,  2.99it/s]
Epoch 3/10:  73%|███████▎  | 396/545 [02:12<00:49,  2.99it/s]
Epoch 3/10:  73%|███████▎  | 397/545 [02:12<00:49,  2.99it/s]
Epoch 3/10:  73%|███████▎  | 398/545 [02:13<00:49,  2.99it/s]
Epoch 3/10:  73%|███████▎  | 399/545 [02:13<00:48,  2.99it/s]
Epoch 3/10:  73%|███████▎  | 400/545 [02:14<00:48,  2.99it/s]
Epoch 3/10:  74%|███████▎  | 401/545 [02:14<00:48,  2.99it/s]
Epoch 3/10:  74%|███████▍  | 402/545 [02:14<00:47,  2.99it/s]
Epoch 3/10:  74%|███████▍  | 403/545 [02:15<00:47,  2.99it/s]
Epoch 3/10:  74%|███████▍  | 404/545 [02:15<00:47,  2.99it/s]
Epoch 3/10:  74%|███████▍  | 405/545 [02:15<00:46,  2.99it/s]
Epoch 3/10:  74%|███████▍  | 406/545 [02:16<00:46,  2.99it/s]
Epoch 3/10:  75%|███████▍  | 407/545 [02:16<00:46,  2.98it/s]
Epoch 3/10:  75%|███████▍  | 408/545 [02:16<00:45,  2.99it/s]
Epoch 3/10:  75%|███████▌  | 409/545 [02:17<00:45,  2.99it/s]
Epoch 3/10:  75%|███████▌  | 410/545 [02:17<00:45,  2.99it/s]
Epoch 3/10:  75%|███████▌  | 411/545 [02:17<00:44,  2.99it/s]
Epoch 3/10:  76%|███████▌  | 412/545 [02:18<00:44,  2.98it/s]
Epoch 3/10:  76%|███████▌  | 413/545 [02:18<00:44,  2.98it/s]
Epoch 3/10:  76%|███████▌  | 414/545 [02:18<00:43,  2.99it/s]
Epoch 3/10:  76%|███████▌  | 415/545 [02:19<00:43,  2.99it/s]
Epoch 3/10:  76%|███████▋  | 416/545 [02:19<00:43,  2.99it/s]
Epoch 3/10:  77%|███████▋  | 417/545 [02:19<00:42,  2.99it/s]
Epoch 3/10:  77%|███████▋  | 418/545 [02:20<00:42,  2.99it/s]
Epoch 3/10:  77%|███████▋  | 419/545 [02:20<00:42,  2.99it/s]
Epoch 3/10:  77%|███████▋  | 420/545 [02:20<00:41,  2.99it/s]
Epoch 3/10:  77%|███████▋  | 421/545 [02:21<00:41,  2.99it/s]
Epoch 3/10:  77%|███████▋  | 422/545 [02:21<00:41,  2.99it/s]
Epoch 3/10:  78%|███████▊  | 423/545 [02:21<00:40,  2.99it/s]
Epoch 3/10:  78%|███████▊  | 424/545 [02:22<00:40,  2.99it/s]
Epoch 3/10:  78%|███████▊  | 425/545 [02:22<00:40,  2.99it/s]
Epoch 3/10:  78%|███████▊  | 426/545 [02:22<00:39,  2.99it/s]
Epoch 3/10:  78%|███████▊  | 427/545 [02:23<00:39,  2.99it/s]
Epoch 3/10:  79%|███████▊  | 428/545 [02:23<00:39,  2.99it/s]
Epoch 3/10:  79%|███████▊  | 429/545 [02:23<00:38,  2.99it/s]
Epoch 3/10:  79%|███████▉  | 430/545 [02:24<00:38,  2.99it/s]
Epoch 3/10:  79%|███████▉  | 431/545 [02:24<00:38,  2.98it/s]
Epoch 3/10:  79%|███████▉  | 432/545 [02:24<00:37,  2.98it/s]
Epoch 3/10:  79%|███████▉  | 433/545 [02:25<00:37,  2.98it/s]
Epoch 3/10:  80%|███████▉  | 434/545 [02:25<00:37,  2.99it/s]
Epoch 3/10:  80%|███████▉  | 435/545 [02:25<00:36,  2.99it/s]
Epoch 3/10:  80%|████████  | 436/545 [02:26<00:36,  2.99it/s]
Epoch 3/10:  80%|████████  | 437/545 [02:26<00:36,  2.99it/s]
Epoch 3/10:  80%|████████  | 438/545 [02:26<00:35,  2.99it/s]
Epoch 3/10:  81%|████████  | 439/545 [02:27<00:35,  2.99it/s]
Epoch 3/10:  81%|████████  | 440/545 [02:27<00:35,  2.99it/s]
Epoch 3/10:  81%|████████  | 441/545 [02:27<00:34,  2.99it/s]
Epoch 3/10:  81%|████████  | 442/545 [02:28<00:34,  2.99it/s]
Epoch 3/10:  81%|████████▏ | 443/545 [02:28<00:34,  2.99it/s]
Epoch 3/10:  81%|████████▏ | 444/545 [02:28<00:33,  2.99it/s]
Epoch 3/10:  82%|████████▏ | 445/545 [02:29<00:33,  2.98it/s]
Epoch 3/10:  82%|████████▏ | 446/545 [02:29<00:33,  2.98it/s]
Epoch 3/10:  82%|████████▏ | 447/545 [02:29<00:32,  2.99it/s]
Epoch 3/10:  82%|████████▏ | 448/545 [02:30<00:32,  2.98it/s]
Epoch 3/10:  82%|████████▏ | 449/545 [02:30<00:32,  2.99it/s]
Epoch 3/10:  83%|████████▎ | 450/545 [02:30<00:31,  2.99it/s]
Epoch 3/10:  83%|████████▎ | 451/545 [02:31<00:31,  2.99it/s]
Epoch 3/10:  83%|████████▎ | 452/545 [02:31<00:31,  2.99it/s]
Epoch 3/10:  83%|████████▎ | 453/545 [02:31<00:30,  2.99it/s]
Epoch 3/10:  83%|████████▎ | 454/545 [02:32<00:30,  2.99it/s]
Epoch 3/10:  83%|████████▎ | 455/545 [02:32<00:30,  2.99it/s]
Epoch 3/10:  84%|████████▎ | 456/545 [02:32<00:29,  2.99it/s]
Epoch 3/10:  84%|████████▍ | 457/545 [02:33<00:29,  2.99it/s]
Epoch 3/10:  84%|████████▍ | 458/545 [02:33<00:29,  2.99it/s]
Epoch 3/10:  84%|████████▍ | 459/545 [02:33<00:28,  2.99it/s]
Epoch 3/10:  84%|████████▍ | 460/545 [02:34<00:28,  2.99it/s]
Epoch 3/10:  85%|████████▍ | 461/545 [02:34<00:28,  2.99it/s]
Epoch 3/10:  85%|████████▍ | 462/545 [02:34<00:27,  2.99it/s]
Epoch 3/10:  85%|████████▍ | 463/545 [02:35<00:27,  2.99it/s]
Epoch 3/10:  85%|████████▌ | 464/545 [02:35<00:27,  2.99it/s]
Epoch 3/10:  85%|████████▌ | 465/545 [02:35<00:26,  2.99it/s]
Epoch 3/10:  86%|████████▌ | 466/545 [02:36<00:26,  2.99it/s]
Epoch 3/10:  86%|████████▌ | 467/545 [02:36<00:26,  2.99it/s]
Epoch 3/10:  86%|████████▌ | 468/545 [02:36<00:25,  2.99it/s]
Epoch 3/10:  86%|████████▌ | 469/545 [02:37<00:25,  2.99it/s]
Epoch 3/10:  86%|████████▌ | 470/545 [02:37<00:25,  2.99it/s]
Epoch 3/10:  86%|████████▋ | 471/545 [02:37<00:24,  2.99it/s]
Epoch 3/10:  87%|████████▋ | 472/545 [02:38<00:24,  2.99it/s]
Epoch 3/10:  87%|████████▋ | 473/545 [02:38<00:24,  2.99it/s]
Epoch 3/10:  87%|████████▋ | 474/545 [02:38<00:23,  2.99it/s]
Epoch 3/10:  87%|████████▋ | 475/545 [02:39<00:23,  2.99it/s]
Epoch 3/10:  87%|████████▋ | 476/545 [02:39<00:23,  2.99it/s]
Epoch 3/10:  88%|████████▊ | 477/545 [02:39<00:22,  2.99it/s]
Epoch 3/10:  88%|████████▊ | 478/545 [02:40<00:22,  2.99it/s]
Epoch 3/10:  88%|████████▊ | 479/545 [02:40<00:22,  2.99it/s]
Epoch 3/10:  88%|████████▊ | 480/545 [02:40<00:21,  2.99it/s]
Epoch 3/10:  88%|████████▊ | 481/545 [02:41<00:21,  2.99it/s]
Epoch 3/10:  88%|████████▊ | 482/545 [02:41<00:21,  2.99it/s]
Epoch 3/10:  89%|████████▊ | 483/545 [02:41<00:20,  2.99it/s]
Epoch 3/10:  89%|████████▉ | 484/545 [02:42<00:20,  2.99it/s]
Epoch 3/10:  89%|████████▉ | 485/545 [02:42<00:20,  2.99it/s]
Epoch 3/10:  89%|████████▉ | 486/545 [02:42<00:19,  2.99it/s]
Epoch 3/10:  89%|████████▉ | 487/545 [02:43<00:19,  2.99it/s]
Epoch 3/10:  90%|████████▉ | 488/545 [02:43<00:19,  2.99it/s]
Epoch 3/10:  90%|████████▉ | 489/545 [02:43<00:18,  2.99it/s]
Epoch 3/10:  90%|████████▉ | 490/545 [02:44<00:18,  2.99it/s]
Epoch 3/10:  90%|█████████ | 491/545 [02:44<00:18,  2.98it/s]
Epoch 3/10:  90%|█████████ | 492/545 [02:44<00:17,  2.98it/s]
Epoch 3/10:  90%|█████████ | 493/545 [02:45<00:17,  2.98it/s]
Epoch 3/10:  91%|█████████ | 494/545 [02:45<00:17,  2.99it/s]
Epoch 3/10:  91%|█████████ | 495/545 [02:45<00:16,  2.99it/s]
Epoch 3/10:  91%|█████████ | 496/545 [02:46<00:16,  2.99it/s]
Epoch 3/10:  91%|█████████ | 497/545 [02:46<00:16,  2.99it/s]
Epoch 3/10:  91%|█████████▏| 498/545 [02:46<00:15,  2.99it/s]
Epoch 3/10:  92%|█████████▏| 499/545 [02:47<00:15,  2.99it/s]
Epoch 3/10:  92%|█████████▏| 500/545 [02:47<00:15,  2.99it/s]
Epoch 3/10:  92%|█████████▏| 501/545 [02:47<00:14,  2.99it/s]
Epoch 3/10:  92%|█████████▏| 502/545 [02:48<00:14,  2.99it/s]
Epoch 3/10:  92%|█████████▏| 503/545 [02:48<00:14,  2.99it/s]
Epoch 3/10:  92%|█████████▏| 504/545 [02:48<00:13,  2.99it/s]
Epoch 3/10:  93%|█████████▎| 505/545 [02:49<00:13,  2.99it/s]
Epoch 3/10:  93%|█████████▎| 506/545 [02:49<00:13,  2.99it/s]
Epoch 3/10:  93%|█████████▎| 507/545 [02:49<00:12,  2.99it/s]
Epoch 3/10:  93%|█████████▎| 508/545 [02:50<00:12,  2.99it/s]
Epoch 3/10:  93%|█████████▎| 509/545 [02:50<00:12,  2.99it/s]
Epoch 3/10:  94%|█████████▎| 510/545 [02:50<00:11,  2.99it/s]
Epoch 3/10:  94%|█████████▍| 511/545 [02:51<00:11,  2.99it/s]
Epoch 3/10:  94%|█████████▍| 512/545 [02:51<00:11,  2.99it/s]
Epoch 3/10:  94%|█████████▍| 513/545 [02:51<00:10,  2.99it/s]
Epoch 3/10:  94%|█████████▍| 514/545 [02:52<00:10,  2.99it/s]
Epoch 3/10:  94%|█████████▍| 515/545 [02:52<00:10,  2.99it/s]
Epoch 3/10:  95%|█████████▍| 516/545 [02:52<00:09,  2.99it/s]
Epoch 3/10:  95%|█████████▍| 517/545 [02:53<00:09,  2.99it/s]
Epoch 3/10:  95%|█████████▌| 518/545 [02:53<00:09,  2.99it/s]
Epoch 3/10:  95%|█████████▌| 519/545 [02:53<00:08,  2.99it/s]
Epoch 3/10:  95%|█████████▌| 520/545 [02:54<00:08,  2.99it/s]
Epoch 3/10:  96%|█████████▌| 521/545 [02:54<00:08,  2.99it/s]
Epoch 3/10:  96%|█████████▌| 522/545 [02:54<00:07,  2.99it/s]
Epoch 3/10:  96%|█████████▌| 523/545 [02:55<00:07,  2.99it/s]
Epoch 3/10:  96%|█████████▌| 524/545 [02:55<00:07,  2.99it/s]
Epoch 3/10:  96%|█████████▋| 525/545 [02:55<00:06,  2.99it/s]
Epoch 3/10:  97%|█████████▋| 526/545 [02:56<00:06,  2.99it/s]
Epoch 3/10:  97%|█████████▋| 527/545 [02:56<00:06,  2.99it/s]
Epoch 3/10:  97%|█████████▋| 528/545 [02:56<00:05,  2.99it/s]
Epoch 3/10:  97%|█████████▋| 529/545 [02:57<00:05,  2.99it/s]
Epoch 3/10:  97%|█████████▋| 530/545 [02:57<00:05,  2.99it/s]
Epoch 3/10:  97%|█████████▋| 531/545 [02:57<00:04,  2.99it/s]
Epoch 3/10:  98%|█████████▊| 532/545 [02:58<00:04,  2.98it/s]
Epoch 3/10:  98%|█████████▊| 533/545 [02:58<00:04,  2.99it/s]
Epoch 3/10:  98%|█████████▊| 534/545 [02:58<00:03,  2.99it/s]
Epoch 3/10:  98%|█████████▊| 535/545 [02:59<00:03,  2.99it/s]
Epoch 3/10:  98%|█████████▊| 536/545 [02:59<00:03,  2.99it/s]
Epoch 3/10:  99%|█████████▊| 537/545 [02:59<00:02,  2.99it/s]
Epoch 3/10:  99%|█████████▊| 538/545 [03:00<00:02,  2.99it/s]
Epoch 3/10:  99%|█████████▉| 539/545 [03:00<00:02,  2.99it/s]
Epoch 3/10:  99%|█████████▉| 540/545 [03:00<00:01,  2.99it/s]
Epoch 3/10:  99%|█████████▉| 541/545 [03:01<00:01,  2.97it/s]
Epoch 3/10:  99%|█████████▉| 542/545 [03:01<00:01,  2.98it/s]
Epoch 3/10: 100%|█████████▉| 543/545 [03:01<00:00,  2.98it/s]
Epoch 3/10: 100%|█████████▉| 544/545 [03:02<00:00,  2.98it/s]
Epoch 3/10: 100%|██████████| 545/545 [03:02<00:00,  3.18it/s]
Epoch 3/10: 100%|██████████| 545/545 [03:02<00:00,  2.99it/s]

Epoch 4/10:   0%|          | 0/545 [00:00<?, ?it/s]
Epoch 4/10:   0%|          | 1/545 [00:00<03:31,  2.57it/s]
Epoch 4/10:   0%|          | 2/545 [00:00<03:14,  2.80it/s]
Epoch 4/10:   1%|          | 3/545 [00:01<03:08,  2.88it/s]
Epoch 4/10:   1%|          | 4/545 [00:01<03:05,  2.92it/s]
Epoch 4/10:   1%|          | 5/545 [00:01<03:03,  2.95it/s]
Epoch 4/10:   1%|          | 6/545 [00:02<03:02,  2.96it/s]
Epoch 4/10:   1%|▏         | 7/545 [00:02<03:01,  2.97it/s]
Epoch 4/10:   1%|▏         | 8/545 [00:02<03:00,  2.97it/s]
Epoch 4/10:   2%|▏         | 9/545 [00:03<02:59,  2.98it/s]
Epoch 4/10:   2%|▏         | 10/545 [00:03<02:59,  2.98it/s]
Epoch 4/10:   2%|▏         | 11/545 [00:03<02:58,  2.98it/s]
Epoch 4/10:   2%|▏         | 12/545 [00:04<02:58,  2.98it/s]
Epoch 4/10:   2%|▏         | 13/545 [00:04<02:58,  2.99it/s]
Epoch 4/10:   3%|▎         | 14/545 [00:04<02:57,  2.99it/s]
Epoch 4/10:   3%|▎         | 15/545 [00:05<02:57,  2.99it/s]
Epoch 4/10:   3%|▎         | 16/545 [00:05<02:57,  2.99it/s]
Epoch 4/10:   3%|▎         | 17/545 [00:05<02:56,  2.98it/s]
Epoch 4/10:   3%|▎         | 18/545 [00:06<02:56,  2.99it/s]
Epoch 4/10:   3%|▎         | 19/545 [00:06<02:56,  2.99it/s]
Epoch 4/10:   4%|▎         | 20/545 [00:06<02:55,  2.99it/s]
Epoch 4/10:   4%|▍         | 21/545 [00:07<02:55,  2.99it/s]
Epoch 4/10:   4%|▍         | 22/545 [00:07<02:55,  2.99it/s]
Epoch 4/10:   4%|▍         | 23/545 [00:07<02:54,  2.99it/s]
Epoch 4/10:   4%|▍         | 24/545 [00:08<02:54,  2.99it/s]
Epoch 4/10:   5%|▍         | 25/545 [00:08<02:54,  2.99it/s]
Epoch 4/10:   5%|▍         | 26/545 [00:08<02:53,  2.99it/s]
Epoch 4/10:   5%|▍         | 27/545 [00:09<02:53,  2.99it/s]
Epoch 4/10:   5%|▌         | 28/545 [00:09<02:53,  2.99it/s]
Epoch 4/10:   5%|▌         | 29/545 [00:09<02:52,  2.99it/s]
Epoch 4/10:   6%|▌         | 30/545 [00:10<02:52,  2.99it/s]
Epoch 4/10:   6%|▌         | 31/545 [00:10<02:52,  2.99it/s]
Epoch 4/10:   6%|▌         | 32/545 [00:10<02:51,  2.99it/s]
Epoch 4/10:   6%|▌         | 33/545 [00:11<02:51,  2.99it/s]
Epoch 4/10:   6%|▌         | 34/545 [00:11<02:51,  2.99it/s]
Epoch 4/10:   6%|▋         | 35/545 [00:11<02:50,  2.99it/s]
Epoch 4/10:   7%|▋         | 36/545 [00:12<02:50,  2.99it/s]
Epoch 4/10:   7%|▋         | 37/545 [00:12<02:50,  2.99it/s]
Epoch 4/10:   7%|▋         | 38/545 [00:12<02:49,  2.99it/s]
Epoch 4/10:   7%|▋         | 39/545 [00:13<02:49,  2.99it/s]
Epoch 4/10:   7%|▋         | 40/545 [00:13<02:49,  2.99it/s]
Epoch 4/10:   8%|▊         | 41/545 [00:13<02:48,  2.99it/s]
Epoch 4/10:   8%|▊         | 42/545 [00:14<02:48,  2.99it/s]
Epoch 4/10:   8%|▊         | 43/545 [00:14<02:48,  2.99it/s]
Epoch 4/10:   8%|▊         | 44/545 [00:14<02:47,  2.99it/s]
Epoch 4/10:   8%|▊         | 45/545 [00:15<02:47,  2.99it/s]
Epoch 4/10:   8%|▊         | 46/545 [00:15<02:47,  2.99it/s]
Epoch 4/10:   9%|▊         | 47/545 [00:15<02:46,  2.99it/s]
Epoch 4/10:   9%|▉         | 48/545 [00:16<02:46,  2.99it/s]
Epoch 4/10:   9%|▉         | 49/545 [00:16<02:45,  2.99it/s]
Epoch 4/10:   9%|▉         | 50/545 [00:16<02:45,  2.99it/s]
Epoch 4/10:   9%|▉         | 51/545 [00:17<02:45,  2.99it/s]
Epoch 4/10:  10%|▉         | 52/545 [00:17<02:45,  2.99it/s]
Epoch 4/10:  10%|▉         | 53/545 [00:17<02:44,  2.99it/s]
Epoch 4/10:  10%|▉         | 54/545 [00:18<02:44,  2.99it/s]
Epoch 4/10:  10%|█         | 55/545 [00:18<02:44,  2.99it/s]
Epoch 4/10:  10%|█         | 56/545 [00:18<02:43,  2.99it/s]
Epoch 4/10:  10%|█         | 57/545 [00:19<02:43,  2.99it/s]
Epoch 4/10:  11%|█         | 58/545 [00:19<02:43,  2.99it/s]
Epoch 4/10:  11%|█         | 59/545 [00:19<02:42,  2.99it/s]
Epoch 4/10:  11%|█         | 60/545 [00:20<02:42,  2.99it/s]
Epoch 4/10:  11%|█         | 61/545 [00:20<02:42,  2.99it/s]
Epoch 4/10:  11%|█▏        | 62/545 [00:20<02:41,  2.99it/s]
Epoch 4/10:  12%|█▏        | 63/545 [00:21<02:41,  2.99it/s]
Epoch 4/10:  12%|█▏        | 64/545 [00:21<02:41,  2.99it/s]
Epoch 4/10:  12%|█▏        | 65/545 [00:21<02:40,  2.99it/s]
Epoch 4/10:  12%|█▏        | 66/545 [00:22<02:40,  2.99it/s]
Epoch 4/10:  12%|█▏        | 67/545 [00:22<02:40,  2.99it/s]
Epoch 4/10:  12%|█▏        | 68/545 [00:22<02:39,  2.99it/s]
Epoch 4/10:  13%|█▎        | 69/545 [00:23<02:39,  2.99it/s]
Epoch 4/10:  13%|█▎        | 70/545 [00:23<02:39,  2.99it/s]
Epoch 4/10:  13%|█▎        | 71/545 [00:23<02:38,  2.99it/s]
Epoch 4/10:  13%|█▎        | 72/545 [00:24<02:38,  2.99it/s]
Epoch 4/10:  13%|█▎        | 73/545 [00:24<02:37,  2.99it/s]
Epoch 4/10:  14%|█▎        | 74/545 [00:24<02:37,  2.99it/s]
Epoch 4/10:  14%|█▍        | 75/545 [00:25<02:37,  2.99it/s]
Epoch 4/10:  14%|█▍        | 76/545 [00:25<02:37,  2.99it/s]
Epoch 4/10:  14%|█▍        | 77/545 [00:25<02:36,  2.99it/s]
Epoch 4/10:  14%|█▍        | 78/545 [00:26<02:36,  2.99it/s]
Epoch 4/10:  14%|█▍        | 79/545 [00:26<02:36,  2.99it/s]
Epoch 4/10:  15%|█▍        | 80/545 [00:26<02:35,  2.99it/s]
Epoch 4/10:  15%|█▍        | 81/545 [00:27<02:35,  2.99it/s]
Epoch 4/10:  15%|█▌        | 82/545 [00:27<02:35,  2.99it/s]
Epoch 4/10:  15%|█▌        | 83/545 [00:27<02:34,  2.99it/s]
Epoch 4/10:  15%|█▌        | 84/545 [00:28<02:34,  2.99it/s]
Epoch 4/10:  16%|█▌        | 85/545 [00:28<02:33,  2.99it/s]
Epoch 4/10:  16%|█▌        | 86/545 [00:28<02:33,  2.99it/s]
Epoch 4/10:  16%|█▌        | 87/545 [00:29<02:33,  2.99it/s]
Epoch 4/10:  16%|█▌        | 88/545 [00:29<02:33,  2.99it/s]
Epoch 4/10:  16%|█▋        | 89/545 [00:29<02:32,  2.99it/s]
Epoch 4/10:  17%|█▋        | 90/545 [00:30<02:32,  2.99it/s]
Epoch 4/10:  17%|█▋        | 91/545 [00:30<02:32,  2.99it/s]
Epoch 4/10:  17%|█▋        | 92/545 [00:30<02:31,  2.99it/s]
Epoch 4/10:  17%|█▋        | 93/545 [00:31<02:31,  2.99it/s]
Epoch 4/10:  17%|█▋        | 94/545 [00:31<02:31,  2.99it/s]
Epoch 4/10:  17%|█▋        | 95/545 [00:31<02:30,  2.99it/s]
Epoch 4/10:  18%|█▊        | 96/545 [00:32<02:30,  2.99it/s]
Epoch 4/10:  18%|█▊        | 97/545 [00:32<02:29,  2.99it/s]
Epoch 4/10:  18%|█▊        | 98/545 [00:32<02:29,  2.99it/s]
Epoch 4/10:  18%|█▊        | 99/545 [00:33<02:29,  2.99it/s]
Epoch 4/10:  18%|█▊        | 100/545 [00:33<02:28,  2.99it/s]
Epoch 4/10:  19%|█▊        | 101/545 [00:33<02:28,  2.99it/s]
Epoch 4/10:  19%|█▊        | 102/545 [00:34<02:28,  2.99it/s]
Epoch 4/10:  19%|█▉        | 103/545 [00:34<02:27,  2.99it/s]
Epoch 4/10:  19%|█▉        | 104/545 [00:34<02:27,  2.99it/s]
Epoch 4/10:  19%|█▉        | 105/545 [00:35<02:27,  2.99it/s]
Epoch 4/10:  19%|█▉        | 106/545 [00:35<02:26,  2.99it/s]
Epoch 4/10:  20%|█▉        | 107/545 [00:35<02:26,  2.99it/s]
Epoch 4/10:  20%|█▉        | 108/545 [00:36<02:26,  2.99it/s]
Epoch 4/10:  20%|██        | 109/545 [00:36<02:26,  2.99it/s]
Epoch 4/10:  20%|██        | 110/545 [00:36<02:25,  2.99it/s]
Epoch 4/10:  20%|██        | 111/545 [00:37<02:25,  2.99it/s]
Epoch 4/10:  21%|██        | 112/545 [00:37<02:24,  2.99it/s]
Epoch 4/10:  21%|██        | 113/545 [00:37<02:24,  2.99it/s]
Epoch 4/10:  21%|██        | 114/545 [00:38<02:24,  2.99it/s]
Epoch 4/10:  21%|██        | 115/545 [00:38<02:23,  2.99it/s]
Epoch 4/10:  21%|██▏       | 116/545 [00:38<02:23,  2.99it/s]
Epoch 4/10:  21%|██▏       | 117/545 [00:39<02:23,  2.99it/s]
Epoch 4/10:  22%|██▏       | 118/545 [00:39<02:22,  2.99it/s]
Epoch 4/10:  22%|██▏       | 119/545 [00:39<02:22,  2.99it/s]
Epoch 4/10:  22%|██▏       | 120/545 [00:40<02:22,  2.99it/s]
Epoch 4/10:  22%|██▏       | 121/545 [00:40<02:22,  2.99it/s]
Epoch 4/10:  22%|██▏       | 122/545 [00:40<02:21,  2.99it/s]
Epoch 4/10:  23%|██▎       | 123/545 [00:41<02:21,  2.99it/s]
Epoch 4/10:  23%|██▎       | 124/545 [00:41<02:20,  2.99it/s]
Epoch 4/10:  23%|██▎       | 125/545 [00:41<02:20,  2.99it/s]
Epoch 4/10:  23%|██▎       | 126/545 [00:42<02:20,  2.99it/s]
Epoch 4/10:  23%|██▎       | 127/545 [00:42<02:19,  2.99it/s]
Epoch 4/10:  23%|██▎       | 128/545 [00:42<02:19,  2.99it/s]
Epoch 4/10:  24%|██▎       | 129/545 [00:43<02:19,  2.99it/s]
Epoch 4/10:  24%|██▍       | 130/545 [00:43<02:19,  2.98it/s]
Epoch 4/10:  24%|██▍       | 131/545 [00:43<02:18,  2.99it/s]
Epoch 4/10:  24%|██▍       | 132/545 [00:44<02:18,  2.99it/s]
Epoch 4/10:  24%|██▍       | 133/545 [00:44<02:17,  2.99it/s]
Epoch 4/10:  25%|██▍       | 134/545 [00:44<02:17,  2.99it/s]
Epoch 4/10:  25%|██▍       | 135/545 [00:45<02:17,  2.99it/s]
Epoch 4/10:  25%|██▍       | 136/545 [00:45<02:16,  2.99it/s]
Epoch 4/10:  25%|██▌       | 137/545 [00:45<02:16,  2.99it/s]
Epoch 4/10:  25%|██▌       | 138/545 [00:46<02:16,  2.99it/s]
Epoch 4/10:  26%|██▌       | 139/545 [00:46<02:15,  2.99it/s]
Epoch 4/10:  26%|██▌       | 140/545 [00:46<02:15,  2.99it/s]
Epoch 4/10:  26%|██▌       | 141/545 [00:47<02:15,  2.99it/s]
Epoch 4/10:  26%|██▌       | 142/545 [00:47<02:14,  2.99it/s]
Epoch 4/10:  26%|██▌       | 143/545 [00:47<02:14,  2.99it/s]
Epoch 4/10:  26%|██▋       | 144/545 [00:48<02:14,  2.99it/s]
Epoch 4/10:  27%|██▋       | 145/545 [00:48<02:13,  2.99it/s]
Epoch 4/10:  27%|██▋       | 146/545 [00:48<02:13,  2.99it/s]
Epoch 4/10:  27%|██▋       | 147/545 [00:49<02:13,  2.99it/s]
Epoch 4/10:  27%|██▋       | 148/545 [00:49<02:12,  2.99it/s]
Epoch 4/10:  27%|██▋       | 149/545 [00:49<02:12,  2.99it/s]
Epoch 4/10:  28%|██▊       | 150/545 [00:50<02:12,  2.99it/s]
Epoch 4/10:  28%|██▊       | 151/545 [00:50<02:11,  2.99it/s]
Epoch 4/10:  28%|██▊       | 152/545 [00:50<02:11,  2.99it/s]
Epoch 4/10:  28%|██▊       | 153/545 [00:51<02:11,  2.99it/s]
Epoch 4/10:  28%|██▊       | 154/545 [00:51<02:10,  2.99it/s]
Epoch 4/10:  28%|██▊       | 155/545 [00:51<02:10,  2.99it/s]
Epoch 4/10:  29%|██▊       | 156/545 [00:52<02:10,  2.99it/s]
Epoch 4/10:  29%|██▉       | 157/545 [00:52<02:09,  2.99it/s]
Epoch 4/10:  29%|██▉       | 158/545 [00:52<02:09,  2.99it/s]
Epoch 4/10:  29%|██▉       | 159/545 [00:53<02:09,  2.99it/s]
Epoch 4/10:  29%|██▉       | 160/545 [00:53<02:08,  2.99it/s]
Epoch 4/10:  30%|██▉       | 161/545 [00:53<02:08,  2.99it/s]
Epoch 4/10:  30%|██▉       | 162/545 [00:54<02:08,  2.99it/s]
Epoch 4/10:  30%|██▉       | 163/545 [00:54<02:07,  2.99it/s]
Epoch 4/10:  30%|███       | 164/545 [00:54<02:07,  2.99it/s]
Epoch 4/10:  30%|███       | 165/545 [00:55<02:07,  2.99it/s]
Epoch 4/10:  30%|███       | 166/545 [00:55<02:06,  2.99it/s]
Epoch 4/10:  31%|███       | 167/545 [00:55<02:06,  2.99it/s]
Epoch 4/10:  31%|███       | 168/545 [00:56<02:06,  2.99it/s]
Epoch 4/10:  31%|███       | 169/545 [00:56<02:05,  2.99it/s]
Epoch 4/10:  31%|███       | 170/545 [00:56<02:05,  2.99it/s]
Epoch 4/10:  31%|███▏      | 171/545 [00:57<02:05,  2.99it/s]
Epoch 4/10:  32%|███▏      | 172/545 [00:57<02:04,  2.99it/s]
Epoch 4/10:  32%|███▏      | 173/545 [00:57<02:04,  2.99it/s]
Epoch 4/10:  32%|███▏      | 174/545 [00:58<02:04,  2.99it/s]
Epoch 4/10:  32%|███▏      | 175/545 [00:58<02:03,  2.99it/s]
Epoch 4/10:  32%|███▏      | 176/545 [00:58<02:03,  2.99it/s]
Epoch 4/10:  32%|███▏      | 177/545 [00:59<02:03,  2.99it/s]
Epoch 4/10:  33%|███▎      | 178/545 [00:59<02:02,  2.99it/s]
Epoch 4/10:  33%|███▎      | 179/545 [00:59<02:02,  2.99it/s]
Epoch 4/10:  33%|███▎      | 180/545 [01:00<02:02,  2.99it/s]
Epoch 4/10:  33%|███▎      | 181/545 [01:00<02:02,  2.97it/s]
Epoch 4/10:  33%|███▎      | 182/545 [01:00<02:01,  2.98it/s]
Epoch 4/10:  34%|███▎      | 183/545 [01:01<02:01,  2.98it/s]
Epoch 4/10:  34%|███▍      | 184/545 [01:01<02:01,  2.98it/s]
Epoch 4/10:  34%|███▍      | 185/545 [01:01<02:00,  2.98it/s]
Epoch 4/10:  34%|███▍      | 186/545 [01:02<02:00,  2.98it/s]
Epoch 4/10:  34%|███▍      | 187/545 [01:02<01:59,  2.99it/s]
Epoch 4/10:  34%|███▍      | 188/545 [01:03<01:59,  2.99it/s]
Epoch 4/10:  35%|███▍      | 189/545 [01:03<01:59,  2.99it/s]
Epoch 4/10:  35%|███▍      | 190/545 [01:03<01:58,  2.99it/s]
Epoch 4/10:  35%|███▌      | 191/545 [01:04<01:58,  2.99it/s]
Epoch 4/10:  35%|███▌      | 192/545 [01:04<01:58,  2.99it/s]
Epoch 4/10:  35%|███▌      | 193/545 [01:04<01:57,  2.99it/s]
Epoch 4/10:  36%|███▌      | 194/545 [01:05<01:57,  2.99it/s]
Epoch 4/10:  36%|███▌      | 195/545 [01:05<01:57,  2.99it/s]
Epoch 4/10:  36%|███▌      | 196/545 [01:05<01:56,  2.99it/s]
Epoch 4/10:  36%|███▌      | 197/545 [01:06<01:56,  2.99it/s]
Epoch 4/10:  36%|███▋      | 198/545 [01:06<01:56,  2.99it/s]
Epoch 4/10:  37%|███▋      | 199/545 [01:06<01:55,  2.99it/s]
Epoch 4/10:  37%|███▋      | 200/545 [01:07<01:55,  2.99it/s]
Epoch 4/10:  37%|███▋      | 201/545 [01:07<01:55,  2.99it/s]
Epoch 4/10:  37%|███▋      | 202/545 [01:07<01:54,  2.99it/s]
Epoch 4/10:  37%|███▋      | 203/545 [01:08<01:54,  2.99it/s]
Epoch 4/10:  37%|███▋      | 204/545 [01:08<01:54,  2.99it/s]
Epoch 4/10:  38%|███▊      | 205/545 [01:08<01:53,  2.99it/s]
Epoch 4/10:  38%|███▊      | 206/545 [01:09<01:53,  2.99it/s]
Epoch 4/10:  38%|███▊      | 207/545 [01:09<01:53,  2.99it/s]
Epoch 4/10:  38%|███▊      | 208/545 [01:09<01:52,  2.99it/s]
Epoch 4/10:  38%|███▊      | 209/545 [01:10<01:52,  2.99it/s]
Epoch 4/10:  39%|███▊      | 210/545 [01:10<01:52,  2.99it/s]
Epoch 4/10:  39%|███▊      | 211/545 [01:10<01:51,  2.99it/s]
Epoch 4/10:  39%|███▉      | 212/545 [01:11<01:51,  2.99it/s]
Epoch 4/10:  39%|███▉      | 213/545 [01:11<01:51,  2.99it/s]
Epoch 4/10:  39%|███▉      | 214/545 [01:11<01:50,  2.99it/s]
Epoch 4/10:  39%|███▉      | 215/545 [01:12<01:50,  2.99it/s]
Epoch 4/10:  40%|███▉      | 216/545 [01:12<01:50,  2.99it/s]
Epoch 4/10:  40%|███▉      | 217/545 [01:12<01:49,  2.99it/s]
Epoch 4/10:  40%|████      | 218/545 [01:13<01:49,  2.99it/s]
Epoch 4/10:  40%|████      | 219/545 [01:13<01:49,  2.99it/s]
Epoch 4/10:  40%|████      | 220/545 [01:13<01:48,  2.99it/s]
Epoch 4/10:  41%|████      | 221/545 [01:14<01:48,  2.99it/s]
Epoch 4/10:  41%|████      | 222/545 [01:14<01:48,  2.99it/s]
Epoch 4/10:  41%|████      | 223/545 [01:14<01:47,  2.99it/s]
Epoch 4/10:  41%|████      | 224/545 [01:15<01:47,  2.99it/s]
Epoch 4/10:  41%|████▏     | 225/545 [01:15<01:47,  2.99it/s]
Epoch 4/10:  41%|████▏     | 226/545 [01:15<01:46,  2.99it/s]
Epoch 4/10:  42%|████▏     | 227/545 [01:16<01:46,  2.99it/s]
Epoch 4/10:  42%|████▏     | 228/545 [01:16<01:46,  2.99it/s]
Epoch 4/10:  42%|████▏     | 229/545 [01:16<01:45,  2.99it/s]
Epoch 4/10:  42%|████▏     | 230/545 [01:17<01:45,  2.99it/s]
Epoch 4/10:  42%|████▏     | 231/545 [01:17<01:45,  2.99it/s]
Epoch 4/10:  43%|████▎     | 232/545 [01:17<01:44,  2.99it/s]
Epoch 4/10:  43%|████▎     | 233/545 [01:18<01:44,  2.99it/s]
Epoch 4/10:  43%|████▎     | 234/545 [01:18<01:44,  2.99it/s]
Epoch 4/10:  43%|████▎     | 235/545 [01:18<01:43,  2.99it/s]
Epoch 4/10:  43%|████▎     | 236/545 [01:19<01:43,  2.99it/s]
Epoch 4/10:  43%|████▎     | 237/545 [01:19<01:43,  2.99it/s]
Epoch 4/10:  44%|████▎     | 238/545 [01:19<01:42,  2.99it/s]
Epoch 4/10:  44%|████▍     | 239/545 [01:20<01:42,  2.99it/s]
Epoch 4/10:  44%|████▍     | 240/545 [01:20<01:42,  2.99it/s]
Epoch 4/10:  44%|████▍     | 241/545 [01:20<01:41,  2.99it/s]
Epoch 4/10:  44%|████▍     | 242/545 [01:21<01:41,  2.99it/s]
Epoch 4/10:  45%|████▍     | 243/545 [01:21<01:41,  2.99it/s]
Epoch 4/10:  45%|████▍     | 244/545 [01:21<01:40,  2.99it/s]
Epoch 4/10:  45%|████▍     | 245/545 [01:22<01:40,  2.99it/s]
Epoch 4/10:  45%|████▌     | 246/545 [01:22<01:40,  2.99it/s]
Epoch 4/10:  45%|████▌     | 247/545 [01:22<01:39,  2.99it/s]
Epoch 4/10:  46%|████▌     | 248/545 [01:23<01:39,  2.99it/s]
Epoch 4/10:  46%|████▌     | 249/545 [01:23<01:39,  2.99it/s]
Epoch 4/10:  46%|████▌     | 250/545 [01:23<01:38,  2.99it/s]
Epoch 4/10:  46%|████▌     | 251/545 [01:24<01:38,  2.99it/s]
Epoch 4/10:  46%|████▌     | 252/545 [01:24<01:38,  2.99it/s]
Epoch 4/10:  46%|████▋     | 253/545 [01:24<01:37,  2.99it/s]
Epoch 4/10:  47%|████▋     | 254/545 [01:25<01:37,  2.99it/s]
Epoch 4/10:  47%|████▋     | 255/545 [01:25<01:37,  2.99it/s]
Epoch 4/10:  47%|████▋     | 256/545 [01:25<01:36,  2.99it/s]
Epoch 4/10:  47%|████▋     | 257/545 [01:26<01:36,  2.99it/s]
Epoch 4/10:  47%|████▋     | 258/545 [01:26<01:36,  2.99it/s]
Epoch 4/10:  48%|████▊     | 259/545 [01:26<01:35,  2.99it/s]
Epoch 4/10:  48%|████▊     | 260/545 [01:27<01:35,  2.99it/s]
Epoch 4/10:  48%|████▊     | 261/545 [01:27<01:35,  2.99it/s]
Epoch 4/10:  48%|████▊     | 262/545 [01:27<01:34,  2.99it/s]
Epoch 4/10:  48%|████▊     | 263/545 [01:28<01:34,  2.99it/s]
Epoch 4/10:  48%|████▊     | 264/545 [01:28<01:34,  2.99it/s]
Epoch 4/10:  49%|████▊     | 265/545 [01:28<01:33,  2.99it/s]
Epoch 4/10:  49%|████▉     | 266/545 [01:29<01:33,  2.99it/s]
Epoch 4/10:  49%|████▉     | 267/545 [01:29<01:33,  2.99it/s]
Epoch 4/10:  49%|████▉     | 268/545 [01:29<01:32,  2.99it/s]
Epoch 4/10:  49%|████▉     | 269/545 [01:30<01:32,  2.99it/s]
Epoch 4/10:  50%|████▉     | 270/545 [01:30<01:32,  2.99it/s]
Epoch 4/10:  50%|████▉     | 271/545 [01:30<01:31,  2.99it/s]
Epoch 4/10:  50%|████▉     | 272/545 [01:31<01:31,  2.99it/s]
Epoch 4/10:  50%|█████     | 273/545 [01:31<01:31,  2.99it/s]
Epoch 4/10:  50%|█████     | 274/545 [01:31<01:30,  2.99it/s]
Epoch 4/10:  50%|█████     | 275/545 [01:32<01:30,  2.99it/s]
Epoch 4/10:  51%|█████     | 276/545 [01:32<01:30,  2.99it/s]
Epoch 4/10:  51%|█████     | 277/545 [01:32<01:29,  2.99it/s]
Epoch 4/10:  51%|█████     | 278/545 [01:33<01:29,  2.99it/s]
Epoch 4/10:  51%|█████     | 279/545 [01:33<01:29,  2.99it/s]
Epoch 4/10:  51%|█████▏    | 280/545 [01:33<01:28,  2.99it/s]
Epoch 4/10:  52%|█████▏    | 281/545 [01:34<01:28,  2.99it/s]
Epoch 4/10:  52%|█████▏    | 282/545 [01:34<01:28,  2.99it/s]
Epoch 4/10:  52%|█████▏    | 283/545 [01:34<01:27,  2.99it/s]
Epoch 4/10:  52%|█████▏    | 284/545 [01:35<01:27,  2.99it/s]
Epoch 4/10:  52%|█████▏    | 285/545 [01:35<01:27,  2.99it/s]
Epoch 4/10:  52%|█████▏    | 286/545 [01:35<01:26,  2.99it/s]
Epoch 4/10:  53%|█████▎    | 287/545 [01:36<01:26,  2.99it/s]
Epoch 4/10:  53%|█████▎    | 288/545 [01:36<01:26,  2.99it/s]
Epoch 4/10:  53%|█████▎    | 289/545 [01:36<01:25,  2.99it/s]
Epoch 4/10:  53%|█████▎    | 290/545 [01:37<01:25,  2.99it/s]
Epoch 4/10:  53%|█████▎    | 291/545 [01:37<01:25,  2.99it/s]
Epoch 4/10:  54%|█████▎    | 292/545 [01:37<01:24,  2.99it/s]
Epoch 4/10:  54%|█████▍    | 293/545 [01:38<01:24,  2.99it/s]
Epoch 4/10:  54%|█████▍    | 294/545 [01:38<01:24,  2.99it/s]
Epoch 4/10:  54%|█████▍    | 295/545 [01:38<01:23,  2.99it/s]
Epoch 4/10:  54%|█████▍    | 296/545 [01:39<01:23,  2.99it/s]
Epoch 4/10:  54%|█████▍    | 297/545 [01:39<01:23,  2.99it/s]
Epoch 4/10:  55%|█████▍    | 298/545 [01:39<01:22,  2.99it/s]
Epoch 4/10:  55%|█████▍    | 299/545 [01:40<01:22,  2.99it/s]
Epoch 4/10:  55%|█████▌    | 300/545 [01:40<01:22,  2.99it/s]
Epoch 4/10:  55%|█████▌    | 301/545 [01:40<01:21,  2.99it/s]
Epoch 4/10:  55%|█████▌    | 302/545 [01:41<01:21,  2.99it/s]
Epoch 4/10:  56%|█████▌    | 303/545 [01:41<01:21,  2.99it/s]
Epoch 4/10:  56%|█████▌    | 304/545 [01:41<01:20,  2.99it/s]
Epoch 4/10:  56%|█████▌    | 305/545 [01:42<01:20,  2.99it/s]
Epoch 4/10:  56%|█████▌    | 306/545 [01:42<01:20,  2.98it/s]
Epoch 4/10:  56%|█████▋    | 307/545 [01:42<01:19,  2.99it/s]
Epoch 4/10:  57%|█████▋    | 308/545 [01:43<01:19,  2.99it/s]
Epoch 4/10:  57%|█████▋    | 309/545 [01:43<01:19,  2.99it/s]
Epoch 4/10:  57%|█████▋    | 310/545 [01:43<01:18,  2.98it/s]
Epoch 4/10:  57%|█████▋    | 311/545 [01:44<01:18,  2.98it/s]
Epoch 4/10:  57%|█████▋    | 312/545 [01:44<01:18,  2.98it/s]
Epoch 4/10:  57%|█████▋    | 313/545 [01:44<01:17,  2.98it/s]
Epoch 4/10:  58%|█████▊    | 314/545 [01:45<01:17,  2.98it/s]
Epoch 4/10:  58%|█████▊    | 315/545 [01:45<01:17,  2.99it/s]
Epoch 4/10:  58%|█████▊    | 316/545 [01:45<01:16,  2.99it/s]
Epoch 4/10:  58%|█████▊    | 317/545 [01:46<01:16,  2.99it/s]
Epoch 4/10:  58%|█████▊    | 318/545 [01:46<01:16,  2.99it/s]
Epoch 4/10:  59%|█████▊    | 319/545 [01:46<01:15,  2.99it/s]
Epoch 4/10:  59%|█████▊    | 320/545 [01:47<01:15,  2.99it/s]
Epoch 4/10:  59%|█████▉    | 321/545 [01:47<01:14,  2.99it/s]
Epoch 4/10:  59%|█████▉    | 322/545 [01:47<01:14,  2.99it/s]
Epoch 4/10:  59%|█████▉    | 323/545 [01:48<01:14,  2.99it/s]
Epoch 4/10:  59%|█████▉    | 324/545 [01:48<01:14,  2.99it/s]
Epoch 4/10:  60%|█████▉    | 325/545 [01:48<01:13,  2.99it/s]
Epoch 4/10:  60%|█████▉    | 326/545 [01:49<01:13,  2.99it/s]
Epoch 4/10:  60%|██████    | 327/545 [01:49<01:12,  2.99it/s]
Epoch 4/10:  60%|██████    | 328/545 [01:49<01:12,  2.99it/s]
Epoch 4/10:  60%|██████    | 329/545 [01:50<01:12,  2.99it/s]
Epoch 4/10:  61%|██████    | 330/545 [01:50<01:11,  2.99it/s]
Epoch 4/10:  61%|██████    | 331/545 [01:50<01:11,  2.99it/s]
Epoch 4/10:  61%|██████    | 332/545 [01:51<01:11,  2.99it/s]
Epoch 4/10:  61%|██████    | 333/545 [01:51<01:11,  2.99it/s]
Epoch 4/10:  61%|██████▏   | 334/545 [01:51<01:10,  2.99it/s]
Epoch 4/10:  61%|██████▏   | 335/545 [01:52<01:10,  2.99it/s]
Epoch 4/10:  62%|██████▏   | 336/545 [01:52<01:09,  2.99it/s]
Epoch 4/10:  62%|██████▏   | 337/545 [01:52<01:09,  2.99it/s]
Epoch 4/10:  62%|██████▏   | 338/545 [01:53<01:09,  2.99it/s]
Epoch 4/10:  62%|██████▏   | 339/545 [01:53<01:08,  2.99it/s]
Epoch 4/10:  62%|██████▏   | 340/545 [01:53<01:08,  2.99it/s]
Epoch 4/10:  63%|██████▎   | 341/545 [01:54<01:08,  2.99it/s]
Epoch 4/10:  63%|██████▎   | 342/545 [01:54<01:07,  2.99it/s]
Epoch 4/10:  63%|██████▎   | 343/545 [01:54<01:07,  2.99it/s]
Epoch 4/10:  63%|██████▎   | 344/545 [01:55<01:07,  2.99it/s]
Epoch 4/10:  63%|██████▎   | 345/545 [01:55<01:06,  2.99it/s]
Epoch 4/10:  63%|██████▎   | 346/545 [01:55<01:06,  2.99it/s]
Epoch 4/10:  64%|██████▎   | 347/545 [01:56<01:06,  2.99it/s]
Epoch 4/10:  64%|██████▍   | 348/545 [01:56<01:05,  2.99it/s]
Epoch 4/10:  64%|██████▍   | 349/545 [01:56<01:05,  2.99it/s]
Epoch 4/10:  64%|██████▍   | 350/545 [01:57<01:05,  2.99it/s]
Epoch 4/10:  64%|██████▍   | 351/545 [01:57<01:04,  2.99it/s]
Epoch 4/10:  65%|██████▍   | 352/545 [01:57<01:04,  2.99it/s]
Epoch 4/10:  65%|██████▍   | 353/545 [01:58<01:04,  2.99it/s]
Epoch 4/10:  65%|██████▍   | 354/545 [01:58<01:03,  2.99it/s]
Epoch 4/10:  65%|██████▌   | 355/545 [01:58<01:03,  2.99it/s]
Epoch 4/10:  65%|██████▌   | 356/545 [01:59<01:03,  2.99it/s]
Epoch 4/10:  66%|██████▌   | 357/545 [01:59<01:02,  2.99it/s]
Epoch 4/10:  66%|██████▌   | 358/545 [01:59<01:02,  2.99it/s]
Epoch 4/10:  66%|██████▌   | 359/545 [02:00<01:02,  2.99it/s]
Epoch 4/10:  66%|██████▌   | 360/545 [02:00<01:01,  2.99it/s]
Epoch 4/10:  66%|██████▌   | 361/545 [02:00<01:02,  2.97it/s]
Epoch 4/10:  66%|██████▋   | 362/545 [02:01<01:01,  2.97it/s]
Epoch 4/10:  67%|██████▋   | 363/545 [02:01<01:01,  2.97it/s]
Epoch 4/10:  67%|██████▋   | 364/545 [02:01<01:00,  2.97it/s]
Epoch 4/10:  67%|██████▋   | 365/545 [02:02<01:00,  2.98it/s]
Epoch 4/10:  67%|██████▋   | 366/545 [02:02<01:00,  2.98it/s]
Epoch 4/10:  67%|██████▋   | 367/545 [02:02<00:59,  2.98it/s]
Epoch 4/10:  68%|██████▊   | 368/545 [02:03<00:59,  2.98it/s]
Epoch 4/10:  68%|██████▊   | 369/545 [02:03<00:58,  2.99it/s]
Epoch 4/10:  68%|██████▊   | 370/545 [02:03<00:58,  2.99it/s]
Epoch 4/10:  68%|██████▊   | 371/545 [02:04<00:58,  2.99it/s]
Epoch 4/10:  68%|██████▊   | 372/545 [02:04<00:57,  2.99it/s]
Epoch 4/10:  68%|██████▊   | 373/545 [02:04<00:57,  2.99it/s]
Epoch 4/10:  69%|██████▊   | 374/545 [02:05<00:57,  2.99it/s]
Epoch 4/10:  69%|██████▉   | 375/545 [02:05<00:56,  2.99it/s]
Epoch 4/10:  69%|██████▉   | 376/545 [02:05<00:56,  2.99it/s]
Epoch 4/10:  69%|██████▉   | 377/545 [02:06<00:56,  2.99it/s]
Epoch 4/10:  69%|██████▉   | 378/545 [02:06<00:55,  2.99it/s]
Epoch 4/10:  70%|██████▉   | 379/545 [02:06<00:55,  2.99it/s]
Epoch 4/10:  70%|██████▉   | 380/545 [02:07<00:55,  2.99it/s]
Epoch 4/10:  70%|██████▉   | 381/545 [02:07<00:54,  2.99it/s]
Epoch 4/10:  70%|███████   | 382/545 [02:07<00:54,  2.99it/s]
Epoch 4/10:  70%|███████   | 383/545 [02:08<00:54,  2.99it/s]
Epoch 4/10:  70%|███████   | 384/545 [02:08<00:53,  2.99it/s]
Epoch 4/10:  71%|███████   | 385/545 [02:08<00:53,  2.99it/s]
Epoch 4/10:  71%|███████   | 386/545 [02:09<00:53,  2.99it/s]
Epoch 4/10:  71%|███████   | 387/545 [02:09<00:52,  2.99it/s]
Epoch 4/10:  71%|███████   | 388/545 [02:09<00:52,  2.99it/s]
Epoch 4/10:  71%|███████▏  | 389/545 [02:10<00:52,  2.99it/s]
Epoch 4/10:  72%|███████▏  | 390/545 [02:10<00:51,  2.99it/s]
Epoch 4/10:  72%|███████▏  | 391/545 [02:10<00:51,  2.99it/s]
Epoch 4/10:  72%|███████▏  | 392/545 [02:11<00:51,  2.99it/s]
Epoch 4/10:  72%|███████▏  | 393/545 [02:11<00:50,  2.99it/s]
Epoch 4/10:  72%|███████▏  | 394/545 [02:11<00:50,  2.99it/s]
Epoch 4/10:  72%|███████▏  | 395/545 [02:12<00:50,  2.99it/s]
Epoch 4/10:  73%|███████▎  | 396/545 [02:12<00:49,  2.99it/s]
Epoch 4/10:  73%|███████▎  | 397/545 [02:12<00:49,  2.99it/s]
Epoch 4/10:  73%|███████▎  | 398/545 [02:13<00:49,  2.99it/s]
Epoch 4/10:  73%|███████▎  | 399/545 [02:13<00:48,  2.99it/s]
Epoch 4/10:  73%|███████▎  | 400/545 [02:13<00:48,  2.99it/s]
Epoch 4/10:  74%|███████▎  | 401/545 [02:14<00:48,  2.99it/s]
Epoch 4/10:  74%|███████▍  | 402/545 [02:14<00:47,  2.99it/s]
Epoch 4/10:  74%|███████▍  | 403/545 [02:15<00:47,  2.99it/s]
Epoch 4/10:  74%|███████▍  | 404/545 [02:15<00:47,  2.99it/s]
Epoch 4/10:  74%|███████▍  | 405/545 [02:15<00:46,  2.99it/s]
Epoch 4/10:  74%|███████▍  | 406/545 [02:16<00:46,  2.99it/s]
Epoch 4/10:  75%|███████▍  | 407/545 [02:16<00:46,  2.99it/s]
Epoch 4/10:  75%|███████▍  | 408/545 [02:16<00:45,  2.99it/s]
Epoch 4/10:  75%|███████▌  | 409/545 [02:17<00:45,  2.99it/s]
Epoch 4/10:  75%|███████▌  | 410/545 [02:17<00:45,  2.99it/s]
Epoch 4/10:  75%|███████▌  | 411/545 [02:17<00:44,  2.99it/s]
Epoch 4/10:  76%|███████▌  | 412/545 [02:18<00:44,  2.99it/s]
Epoch 4/10:  76%|███████▌  | 413/545 [02:18<00:44,  2.99it/s]
Epoch 4/10:  76%|███████▌  | 414/545 [02:18<00:43,  2.99it/s]
Epoch 4/10:  76%|███████▌  | 415/545 [02:19<00:43,  2.99it/s]
Epoch 4/10:  76%|███████▋  | 416/545 [02:19<00:43,  2.99it/s]
Epoch 4/10:  77%|███████▋  | 417/545 [02:19<00:42,  2.99it/s]
Epoch 4/10:  77%|███████▋  | 418/545 [02:20<00:42,  2.99it/s]
Epoch 4/10:  77%|███████▋  | 419/545 [02:20<00:42,  2.99it/s]
Epoch 4/10:  77%|███████▋  | 420/545 [02:20<00:41,  2.99it/s]
Epoch 4/10:  77%|███████▋  | 421/545 [02:21<00:41,  2.99it/s]
Epoch 4/10:  77%|███████▋  | 422/545 [02:21<00:41,  2.99it/s]
Epoch 4/10:  78%|███████▊  | 423/545 [02:21<00:40,  2.99it/s]
Epoch 4/10:  78%|███████▊  | 424/545 [02:22<00:40,  2.99it/s]
Epoch 4/10:  78%|███████▊  | 425/545 [02:22<00:40,  2.99it/s]
Epoch 4/10:  78%|███████▊  | 426/545 [02:22<00:39,  2.99it/s]
Epoch 4/10:  78%|███████▊  | 427/545 [02:23<00:39,  2.99it/s]
Epoch 4/10:  79%|███████▊  | 428/545 [02:23<00:39,  2.99it/s]
Epoch 4/10:  79%|███████▊  | 429/545 [02:23<00:38,  2.99it/s]
Epoch 4/10:  79%|███████▉  | 430/545 [02:24<00:38,  2.99it/s]
Epoch 4/10:  79%|███████▉  | 431/545 [02:24<00:38,  2.99it/s]
Epoch 4/10:  79%|███████▉  | 432/545 [02:24<00:37,  2.99it/s]
Epoch 4/10:  79%|███████▉  | 433/545 [02:25<00:37,  2.99it/s]
Epoch 4/10:  80%|███████▉  | 434/545 [02:25<00:37,  2.99it/s]
Epoch 4/10:  80%|███████▉  | 435/545 [02:25<00:36,  2.99it/s]
Epoch 4/10:  80%|████████  | 436/545 [02:26<00:36,  2.99it/s]
Epoch 4/10:  80%|████████  | 437/545 [02:26<00:36,  2.99it/s]
Epoch 4/10:  80%|████████  | 438/545 [02:26<00:35,  2.99it/s]
Epoch 4/10:  81%|████████  | 439/545 [02:27<00:35,  2.99it/s]
Epoch 4/10:  81%|████████  | 440/545 [02:27<00:35,  2.99it/s]
Epoch 4/10:  81%|████████  | 441/545 [02:27<00:34,  2.99it/s]
Epoch 4/10:  81%|████████  | 442/545 [02:28<00:34,  2.99it/s]
Epoch 4/10:  81%|████████▏ | 443/545 [02:28<00:34,  2.99it/s]
Epoch 4/10:  81%|████████▏ | 444/545 [02:28<00:33,  2.99it/s]
Epoch 4/10:  82%|████████▏ | 445/545 [02:29<00:33,  2.99it/s]
Epoch 4/10:  82%|████████▏ | 446/545 [02:29<00:33,  2.99it/s]
Epoch 4/10:  82%|████████▏ | 447/545 [02:29<00:32,  2.99it/s]
Epoch 4/10:  82%|████████▏ | 448/545 [02:30<00:32,  2.99it/s]
Epoch 4/10:  82%|████████▏ | 449/545 [02:30<00:32,  2.99it/s]
Epoch 4/10:  83%|████████▎ | 450/545 [02:30<00:31,  2.99it/s]
Epoch 4/10:  83%|████████▎ | 451/545 [02:31<00:31,  2.99it/s]
Epoch 4/10:  83%|████████▎ | 452/545 [02:31<00:31,  2.99it/s]
Epoch 4/10:  83%|████████▎ | 453/545 [02:31<00:30,  2.99it/s]
Epoch 4/10:  83%|████████▎ | 454/545 [02:32<00:30,  2.99it/s]
Epoch 4/10:  83%|████████▎ | 455/545 [02:32<00:30,  2.99it/s]
Epoch 4/10:  84%|████████▎ | 456/545 [02:32<00:29,  2.99it/s]
Epoch 4/10:  84%|████████▍ | 457/545 [02:33<00:29,  2.99it/s]
Epoch 4/10:  84%|████████▍ | 458/545 [02:33<00:29,  2.99it/s]
Epoch 4/10:  84%|████████▍ | 459/545 [02:33<00:28,  2.99it/s]
Epoch 4/10:  84%|████████▍ | 460/545 [02:34<00:28,  2.99it/s]
Epoch 4/10:  85%|████████▍ | 461/545 [02:34<00:28,  2.98it/s]
Epoch 4/10:  85%|████████▍ | 462/545 [02:34<00:27,  2.99it/s]
Epoch 4/10:  85%|████████▍ | 463/545 [02:35<00:27,  2.99it/s]
Epoch 4/10:  85%|████████▌ | 464/545 [02:35<00:27,  2.99it/s]
Epoch 4/10:  85%|████████▌ | 465/545 [02:35<00:26,  2.99it/s]
Epoch 4/10:  86%|████████▌ | 466/545 [02:36<00:26,  2.99it/s]
Epoch 4/10:  86%|████████▌ | 467/545 [02:36<00:26,  2.99it/s]
Epoch 4/10:  86%|████████▌ | 468/545 [02:36<00:25,  2.99it/s]
Epoch 4/10:  86%|████████▌ | 469/545 [02:37<00:25,  2.99it/s]
Epoch 4/10:  86%|████████▌ | 470/545 [02:37<00:25,  2.99it/s]
Epoch 4/10:  86%|████████▋ | 471/545 [02:37<00:24,  2.99it/s]
Epoch 4/10:  87%|████████▋ | 472/545 [02:38<00:24,  2.99it/s]
Epoch 4/10:  87%|████████▋ | 473/545 [02:38<00:24,  2.99it/s]
Epoch 4/10:  87%|████████▋ | 474/545 [02:38<00:23,  2.99it/s]
Epoch 4/10:  87%|████████▋ | 475/545 [02:39<00:23,  2.99it/s]
Epoch 4/10:  87%|████████▋ | 476/545 [02:39<00:23,  2.99it/s]
Epoch 4/10:  88%|████████▊ | 477/545 [02:39<00:22,  2.99it/s]
Epoch 4/10:  88%|████████▊ | 478/545 [02:40<00:22,  2.99it/s]
Epoch 4/10:  88%|████████▊ | 479/545 [02:40<00:22,  2.99it/s]
Epoch 4/10:  88%|████████▊ | 480/545 [02:40<00:21,  2.99it/s]
Epoch 4/10:  88%|████████▊ | 481/545 [02:41<00:21,  2.99it/s]
Epoch 4/10:  88%|████████▊ | 482/545 [02:41<00:21,  2.99it/s]
Epoch 4/10:  89%|████████▊ | 483/545 [02:41<00:20,  2.99it/s]
Epoch 4/10:  89%|████████▉ | 484/545 [02:42<00:20,  2.99it/s]
Epoch 4/10:  89%|████████▉ | 485/545 [02:42<00:20,  2.99it/s]
Epoch 4/10:  89%|████████▉ | 486/545 [02:42<00:19,  2.99it/s]
Epoch 4/10:  89%|████████▉ | 487/545 [02:43<00:19,  2.99it/s]
Epoch 4/10:  90%|████████▉ | 488/545 [02:43<00:19,  2.99it/s]
Epoch 4/10:  90%|████████▉ | 489/545 [02:43<00:18,  2.99it/s]
Epoch 4/10:  90%|████████▉ | 490/545 [02:44<00:18,  2.99it/s]
Epoch 4/10:  90%|█████████ | 491/545 [02:44<00:18,  2.99it/s]
Epoch 4/10:  90%|█████████ | 492/545 [02:44<00:17,  2.99it/s]
Epoch 4/10:  90%|█████████ | 493/545 [02:45<00:17,  2.99it/s]
Epoch 4/10:  91%|█████████ | 494/545 [02:45<00:17,  2.99it/s]
Epoch 4/10:  91%|█████████ | 495/545 [02:45<00:16,  2.99it/s]
Epoch 4/10:  91%|█████████ | 496/545 [02:46<00:16,  2.99it/s]
Epoch 4/10:  91%|█████████ | 497/545 [02:46<00:16,  2.99it/s]
Epoch 4/10:  91%|█████████▏| 498/545 [02:46<00:15,  2.99it/s]
Epoch 4/10:  92%|█████████▏| 499/545 [02:47<00:15,  2.99it/s]
Epoch 4/10:  92%|█████████▏| 500/545 [02:47<00:15,  2.99it/s]
Epoch 4/10:  92%|█████████▏| 501/545 [02:47<00:14,  2.99it/s]
Epoch 4/10:  92%|█████████▏| 502/545 [02:48<00:14,  2.99it/s]
Epoch 4/10:  92%|█████████▏| 503/545 [02:48<00:14,  2.99it/s]
Epoch 4/10:  92%|█████████▏| 504/545 [02:48<00:13,  2.99it/s]
Epoch 4/10:  93%|█████████▎| 505/545 [02:49<00:13,  2.99it/s]
Epoch 4/10:  93%|█████████▎| 506/545 [02:49<00:13,  2.99it/s]
Epoch 4/10:  93%|█████████▎| 507/545 [02:49<00:12,  2.99it/s]
Epoch 4/10:  93%|█████████▎| 508/545 [02:50<00:12,  2.99it/s]
Epoch 4/10:  93%|█████████▎| 509/545 [02:50<00:12,  2.99it/s]
Epoch 4/10:  94%|█████████▎| 510/545 [02:50<00:11,  2.99it/s]
Epoch 4/10:  94%|█████████▍| 511/545 [02:51<00:11,  2.99it/s]
Epoch 4/10:  94%|█████████▍| 512/545 [02:51<00:11,  2.99it/s]
Epoch 4/10:  94%|█████████▍| 513/545 [02:51<00:10,  2.99it/s]
Epoch 4/10:  94%|█████████▍| 514/545 [02:52<00:10,  2.99it/s]
Epoch 4/10:  94%|█████████▍| 515/545 [02:52<00:10,  2.99it/s]
Epoch 4/10:  95%|█████████▍| 516/545 [02:52<00:09,  2.99it/s]
Epoch 4/10:  95%|█████████▍| 517/545 [02:53<00:09,  2.99it/s]
Epoch 4/10:  95%|█████████▌| 518/545 [02:53<00:09,  2.99it/s]
Epoch 4/10:  95%|█████████▌| 519/545 [02:53<00:08,  2.99it/s]
Epoch 4/10:  95%|█████████▌| 520/545 [02:54<00:08,  2.99it/s]
Epoch 4/10:  96%|█████████▌| 521/545 [02:54<00:08,  2.99it/s]
Epoch 4/10:  96%|█████████▌| 522/545 [02:54<00:07,  2.99it/s]
Epoch 4/10:  96%|█████████▌| 523/545 [02:55<00:07,  2.99it/s]
Epoch 4/10:  96%|█████████▌| 524/545 [02:55<00:07,  2.99it/s]
Epoch 4/10:  96%|█████████▋| 525/545 [02:55<00:06,  2.98it/s]
Epoch 4/10:  97%|█████████▋| 526/545 [02:56<00:06,  2.99it/s]
Epoch 4/10:  97%|█████████▋| 527/545 [02:56<00:06,  2.99it/s]
Epoch 4/10:  97%|█████████▋| 528/545 [02:56<00:05,  2.99it/s]
Epoch 4/10:  97%|█████████▋| 529/545 [02:57<00:05,  2.99it/s]
Epoch 4/10:  97%|█████████▋| 530/545 [02:57<00:05,  2.98it/s]
Epoch 4/10:  97%|█████████▋| 531/545 [02:57<00:04,  2.99it/s]
Epoch 4/10:  98%|█████████▊| 532/545 [02:58<00:04,  2.99it/s]
Epoch 4/10:  98%|█████████▊| 533/545 [02:58<00:04,  2.99it/s]
Epoch 4/10:  98%|█████████▊| 534/545 [02:58<00:03,  2.99it/s]
Epoch 4/10:  98%|█████████▊| 535/545 [02:59<00:03,  2.99it/s]
Epoch 4/10:  98%|█████████▊| 536/545 [02:59<00:03,  2.99it/s]
Epoch 4/10:  99%|█████████▊| 537/545 [02:59<00:02,  2.99it/s]
Epoch 4/10:  99%|█████████▊| 538/545 [03:00<00:02,  2.99it/s]
Epoch 4/10:  99%|█████████▉| 539/545 [03:00<00:02,  2.99it/s]
Epoch 4/10:  99%|█████████▉| 540/545 [03:00<00:01,  2.99it/s]
Epoch 4/10:  99%|█████████▉| 541/545 [03:01<00:01,  2.41it/s]
Epoch 4/10:  99%|█████████▉| 542/545 [03:01<00:01,  2.56it/s]
Epoch 4/10: 100%|█████████▉| 543/545 [03:02<00:00,  2.68it/s]
Epoch 4/10: 100%|█████████▉| 544/545 [03:02<00:00,  2.76it/s]
Epoch 4/10: 100%|██████████| 545/545 [03:02<00:00,  3.00it/s]
Epoch 4/10: 100%|██████████| 545/545 [03:02<00:00,  2.98it/s]

Epoch 5/10:   0%|          | 0/545 [00:00<?, ?it/s]
Epoch 5/10:   0%|          | 1/545 [00:00<03:25,  2.65it/s]
Epoch 5/10:   0%|          | 2/545 [00:00<03:11,  2.84it/s]
Epoch 5/10:   1%|          | 3/545 [00:01<03:06,  2.90it/s]
Epoch 5/10:   1%|          | 4/545 [00:01<03:04,  2.94it/s]
Epoch 5/10:   1%|          | 5/545 [00:01<03:02,  2.95it/s]
Epoch 5/10:   1%|          | 6/545 [00:02<03:01,  2.96it/s]
Epoch 5/10:   1%|▏         | 7/545 [00:02<03:01,  2.97it/s]
Epoch 5/10:   1%|▏         | 8/545 [00:02<03:00,  2.98it/s]
Epoch 5/10:   2%|▏         | 9/545 [00:03<02:59,  2.98it/s]
Epoch 5/10:   2%|▏         | 10/545 [00:03<02:59,  2.98it/s]
Epoch 5/10:   2%|▏         | 11/545 [00:03<02:59,  2.98it/s]
Epoch 5/10:   2%|▏         | 12/545 [00:04<02:58,  2.98it/s]
Epoch 5/10:   2%|▏         | 13/545 [00:04<02:58,  2.98it/s]
Epoch 5/10:   3%|▎         | 14/545 [00:04<02:57,  2.98it/s]
Epoch 5/10:   3%|▎         | 15/545 [00:05<02:57,  2.99it/s]
Epoch 5/10:   3%|▎         | 16/545 [00:05<02:57,  2.99it/s]
Epoch 5/10:   3%|▎         | 17/545 [00:05<02:56,  2.99it/s]
Epoch 5/10:   3%|▎         | 18/545 [00:06<02:56,  2.98it/s]
Epoch 5/10:   3%|▎         | 19/545 [00:06<02:56,  2.98it/s]
Epoch 5/10:   4%|▎         | 20/545 [00:06<02:55,  2.99it/s]
Epoch 5/10:   4%|▍         | 21/545 [00:07<02:55,  2.99it/s]
Epoch 5/10:   4%|▍         | 22/545 [00:07<02:55,  2.99it/s]
Epoch 5/10:   4%|▍         | 23/545 [00:07<02:54,  2.99it/s]
Epoch 5/10:   4%|▍         | 24/545 [00:08<02:54,  2.99it/s]
Epoch 5/10:   5%|▍         | 25/545 [00:08<02:54,  2.99it/s]
Epoch 5/10:   5%|▍         | 26/545 [00:08<02:53,  2.99it/s]
Epoch 5/10:   5%|▍         | 27/545 [00:09<02:53,  2.99it/s]
Epoch 5/10:   5%|▌         | 28/545 [00:09<02:53,  2.99it/s]
Epoch 5/10:   5%|▌         | 29/545 [00:09<02:52,  2.99it/s]
Epoch 5/10:   6%|▌         | 30/545 [00:10<02:52,  2.99it/s]
Epoch 5/10:   6%|▌         | 31/545 [00:10<02:52,  2.99it/s]
Epoch 5/10:   6%|▌         | 32/545 [00:10<02:51,  2.99it/s]
Epoch 5/10:   6%|▌         | 33/545 [00:11<02:51,  2.99it/s]
Epoch 5/10:   6%|▌         | 34/545 [00:11<02:51,  2.99it/s]
Epoch 5/10:   6%|▋         | 35/545 [00:11<02:50,  2.99it/s]
Epoch 5/10:   7%|▋         | 36/545 [00:12<02:50,  2.99it/s]
Epoch 5/10:   7%|▋         | 37/545 [00:12<02:50,  2.99it/s]
Epoch 5/10:   7%|▋         | 38/545 [00:12<02:49,  2.99it/s]
Epoch 5/10:   7%|▋         | 39/545 [00:13<02:49,  2.99it/s]
Epoch 5/10:   7%|▋         | 40/545 [00:13<02:49,  2.99it/s]
Epoch 5/10:   8%|▊         | 41/545 [00:13<02:48,  2.99it/s]
Epoch 5/10:   8%|▊         | 42/545 [00:14<02:48,  2.99it/s]
Epoch 5/10:   8%|▊         | 43/545 [00:14<02:47,  2.99it/s]
Epoch 5/10:   8%|▊         | 44/545 [00:14<02:47,  2.99it/s]
Epoch 5/10:   8%|▊         | 45/545 [00:15<02:47,  2.99it/s]
Epoch 5/10:   8%|▊         | 46/545 [00:15<02:46,  2.99it/s]
Epoch 5/10:   9%|▊         | 47/545 [00:15<02:46,  2.99it/s]
Epoch 5/10:   9%|▉         | 48/545 [00:16<02:46,  2.99it/s]
Epoch 5/10:   9%|▉         | 49/545 [00:16<02:46,  2.99it/s]
Epoch 5/10:   9%|▉         | 50/545 [00:16<02:45,  2.99it/s]
Epoch 5/10:   9%|▉         | 51/545 [00:17<02:45,  2.99it/s]
Epoch 5/10:  10%|▉         | 52/545 [00:17<02:44,  2.99it/s]
Epoch 5/10:  10%|▉         | 53/545 [00:17<02:44,  2.99it/s]
Epoch 5/10:  10%|▉         | 54/545 [00:18<02:44,  2.99it/s]
Epoch 5/10:  10%|█         | 55/545 [00:18<02:43,  2.99it/s]
Epoch 5/10:  10%|█         | 56/545 [00:18<02:43,  2.99it/s]
Epoch 5/10:  10%|█         | 57/545 [00:19<02:43,  2.99it/s]
Epoch 5/10:  11%|█         | 58/545 [00:19<02:43,  2.99it/s]
Epoch 5/10:  11%|█         | 59/545 [00:19<02:42,  2.99it/s]
Epoch 5/10:  11%|█         | 60/545 [00:20<02:42,  2.99it/s]
Epoch 5/10:  11%|█         | 61/545 [00:20<02:41,  2.99it/s]
Epoch 5/10:  11%|█▏        | 62/545 [00:20<02:41,  2.99it/s]
Epoch 5/10:  12%|█▏        | 63/545 [00:21<02:41,  2.99it/s]
Epoch 5/10:  12%|█▏        | 64/545 [00:21<02:40,  2.99it/s]
Epoch 5/10:  12%|█▏        | 65/545 [00:21<02:40,  2.99it/s]
Epoch 5/10:  12%|█▏        | 66/545 [00:22<02:40,  2.99it/s]
Epoch 5/10:  12%|█▏        | 67/545 [00:22<02:40,  2.99it/s]
Epoch 5/10:  12%|█▏        | 68/545 [00:22<02:39,  2.99it/s]
Epoch 5/10:  13%|█▎        | 69/545 [00:23<02:39,  2.99it/s]
Epoch 5/10:  13%|█▎        | 70/545 [00:23<02:39,  2.99it/s]
Epoch 5/10:  13%|█▎        | 71/545 [00:23<02:38,  2.99it/s]
Epoch 5/10:  13%|█▎        | 72/545 [00:24<02:38,  2.99it/s]
Epoch 5/10:  13%|█▎        | 73/545 [00:24<02:37,  2.99it/s]
Epoch 5/10:  14%|█▎        | 74/545 [00:24<02:37,  2.99it/s]
Epoch 5/10:  14%|█▍        | 75/545 [00:25<02:37,  2.99it/s]
Epoch 5/10:  14%|█▍        | 76/545 [00:25<02:37,  2.99it/s]
Epoch 5/10:  14%|█▍        | 77/545 [00:25<02:36,  2.99it/s]
Epoch 5/10:  14%|█▍        | 78/545 [00:26<02:36,  2.99it/s]
Epoch 5/10:  14%|█▍        | 79/545 [00:26<02:35,  2.99it/s]
Epoch 5/10:  15%|█▍        | 80/545 [00:26<02:35,  2.99it/s]
Epoch 5/10:  15%|█▍        | 81/545 [00:27<02:35,  2.99it/s]
Epoch 5/10:  15%|█▌        | 82/545 [00:27<02:35,  2.99it/s]
Epoch 5/10:  15%|█▌        | 83/545 [00:27<02:34,  2.99it/s]
Epoch 5/10:  15%|█▌        | 84/545 [00:28<02:34,  2.99it/s]
Epoch 5/10:  16%|█▌        | 85/545 [00:28<02:34,  2.99it/s]
Epoch 5/10:  16%|█▌        | 86/545 [00:28<02:33,  2.99it/s]
Epoch 5/10:  16%|█▌        | 87/545 [00:29<02:33,  2.99it/s]
Epoch 5/10:  16%|█▌        | 88/545 [00:29<02:33,  2.99it/s]
Epoch 5/10:  16%|█▋        | 89/545 [00:29<02:32,  2.99it/s]
Epoch 5/10:  17%|█▋        | 90/545 [00:30<02:32,  2.98it/s]
Epoch 5/10:  17%|█▋        | 91/545 [00:30<02:32,  2.99it/s]
Epoch 5/10:  17%|█▋        | 92/545 [00:30<02:31,  2.99it/s]
Epoch 5/10:  17%|█▋        | 93/545 [00:31<02:31,  2.99it/s]
Epoch 5/10:  17%|█▋        | 94/545 [00:31<02:31,  2.99it/s]
Epoch 5/10:  17%|█▋        | 95/545 [00:31<02:30,  2.99it/s]
Epoch 5/10:  18%|█▊        | 96/545 [00:32<02:30,  2.99it/s]
Epoch 5/10:  18%|█▊        | 97/545 [00:32<02:30,  2.98it/s]
Epoch 5/10:  18%|█▊        | 98/545 [00:32<02:29,  2.99it/s]
Epoch 5/10:  18%|█▊        | 99/545 [00:33<02:29,  2.99it/s]
Epoch 5/10:  18%|█▊        | 100/545 [00:33<02:29,  2.99it/s]
Epoch 5/10:  19%|█▊        | 101/545 [00:33<02:28,  2.99it/s]
Epoch 5/10:  19%|█▊        | 102/545 [00:34<02:28,  2.98it/s]
Epoch 5/10:  19%|█▉        | 103/545 [00:34<02:28,  2.99it/s]
Epoch 5/10:  19%|█▉        | 104/545 [00:34<02:27,  2.99it/s]
Epoch 5/10:  19%|█▉        | 105/545 [00:35<02:27,  2.99it/s]
Epoch 5/10:  19%|█▉        | 106/545 [00:35<02:27,  2.99it/s]
Epoch 5/10:  20%|█▉        | 107/545 [00:35<02:26,  2.99it/s]
Epoch 5/10:  20%|█▉        | 108/545 [00:36<02:26,  2.99it/s]
Epoch 5/10:  20%|██        | 109/545 [00:36<02:26,  2.99it/s]
Epoch 5/10:  20%|██        | 110/545 [00:36<02:25,  2.99it/s]
Epoch 5/10:  20%|██        | 111/545 [00:37<02:25,  2.99it/s]
Epoch 5/10:  21%|██        | 112/545 [00:37<02:24,  2.99it/s]
Epoch 5/10:  21%|██        | 113/545 [00:37<02:24,  2.99it/s]
Epoch 5/10:  21%|██        | 114/545 [00:38<02:24,  2.99it/s]
Epoch 5/10:  21%|██        | 115/545 [00:38<02:23,  2.99it/s]
Epoch 5/10:  21%|██▏       | 116/545 [00:38<02:23,  2.99it/s]
Epoch 5/10:  21%|██▏       | 117/545 [00:39<02:23,  2.99it/s]
Epoch 5/10:  22%|██▏       | 118/545 [00:39<02:22,  2.99it/s]
Epoch 5/10:  22%|██▏       | 119/545 [00:39<02:22,  2.99it/s]
Epoch 5/10:  22%|██▏       | 120/545 [00:40<02:22,  2.99it/s]
Epoch 5/10:  22%|██▏       | 121/545 [00:40<02:21,  2.99it/s]
Epoch 5/10:  22%|██▏       | 122/545 [00:40<02:21,  2.99it/s]
Epoch 5/10:  23%|██▎       | 123/545 [00:41<02:21,  2.99it/s]
Epoch 5/10:  23%|██▎       | 124/545 [00:41<02:21,  2.99it/s]
Epoch 5/10:  23%|██▎       | 125/545 [00:41<02:20,  2.99it/s]
Epoch 5/10:  23%|██▎       | 126/545 [00:42<02:20,  2.99it/s]
Epoch 5/10:  23%|██▎       | 127/545 [00:42<02:19,  2.99it/s]
Epoch 5/10:  23%|██▎       | 128/545 [00:42<02:19,  2.99it/s]
Epoch 5/10:  24%|██▎       | 129/545 [00:43<02:19,  2.99it/s]
Epoch 5/10:  24%|██▍       | 130/545 [00:43<02:18,  2.99it/s]
Epoch 5/10:  24%|██▍       | 131/545 [00:43<02:18,  2.99it/s]
Epoch 5/10:  24%|██▍       | 132/545 [00:44<02:18,  2.99it/s]
Epoch 5/10:  24%|██▍       | 133/545 [00:44<02:17,  2.99it/s]
Epoch 5/10:  25%|██▍       | 134/545 [00:44<02:17,  2.99it/s]
Epoch 5/10:  25%|██▍       | 135/545 [00:45<02:17,  2.99it/s]
Epoch 5/10:  25%|██▍       | 136/545 [00:45<02:16,  2.99it/s]
Epoch 5/10:  25%|██▌       | 137/545 [00:45<02:16,  2.99it/s]
Epoch 5/10:  25%|██▌       | 138/545 [00:46<02:16,  2.99it/s]
Epoch 5/10:  26%|██▌       | 139/545 [00:46<02:15,  2.99it/s]
Epoch 5/10:  26%|██▌       | 140/545 [00:46<02:15,  2.99it/s]
Epoch 5/10:  26%|██▌       | 141/545 [00:47<02:15,  2.99it/s]
Epoch 5/10:  26%|██▌       | 142/545 [00:47<02:14,  2.99it/s]
Epoch 5/10:  26%|██▌       | 143/545 [00:47<02:14,  2.99it/s]
Epoch 5/10:  26%|██▋       | 144/545 [00:48<02:14,  2.99it/s]
Epoch 5/10:  27%|██▋       | 145/545 [00:48<02:13,  2.99it/s]
Epoch 5/10:  27%|██▋       | 146/545 [00:48<02:13,  2.99it/s]
Epoch 5/10:  27%|██▋       | 147/545 [00:49<02:13,  2.99it/s]
Epoch 5/10:  27%|██▋       | 148/545 [00:49<02:12,  2.99it/s]
Epoch 5/10:  27%|██▋       | 149/545 [00:49<02:12,  2.99it/s]
Epoch 5/10:  28%|██▊       | 150/545 [00:50<02:12,  2.99it/s]
Epoch 5/10:  28%|██▊       | 151/545 [00:50<02:11,  2.99it/s]
Epoch 5/10:  28%|██▊       | 152/545 [00:50<02:11,  2.99it/s]
Epoch 5/10:  28%|██▊       | 153/545 [00:51<02:11,  2.99it/s]
Epoch 5/10:  28%|██▊       | 154/545 [00:51<02:10,  2.99it/s]
Epoch 5/10:  28%|██▊       | 155/545 [00:51<02:10,  2.99it/s]
Epoch 5/10:  29%|██▊       | 156/545 [00:52<02:10,  2.99it/s]
Epoch 5/10:  29%|██▉       | 157/545 [00:52<02:09,  2.99it/s]
Epoch 5/10:  29%|██▉       | 158/545 [00:52<02:09,  2.99it/s]
Epoch 5/10:  29%|██▉       | 159/545 [00:53<02:09,  2.99it/s]
Epoch 5/10:  29%|██▉       | 160/545 [00:53<02:08,  2.99it/s]
Epoch 5/10:  30%|██▉       | 161/545 [00:53<02:08,  2.99it/s]
Epoch 5/10:  30%|██▉       | 162/545 [00:54<02:08,  2.99it/s]
Epoch 5/10:  30%|██▉       | 163/545 [00:54<02:07,  2.99it/s]
Epoch 5/10:  30%|███       | 164/545 [00:54<02:07,  2.99it/s]
Epoch 5/10:  30%|███       | 165/545 [00:55<02:07,  2.99it/s]
Epoch 5/10:  30%|███       | 166/545 [00:55<02:06,  2.99it/s]
Epoch 5/10:  31%|███       | 167/545 [00:55<02:06,  2.99it/s]
Epoch 5/10:  31%|███       | 168/545 [00:56<02:06,  2.99it/s]
Epoch 5/10:  31%|███       | 169/545 [00:56<02:05,  2.99it/s]
Epoch 5/10:  31%|███       | 170/545 [00:56<02:05,  2.99it/s]
Epoch 5/10:  31%|███▏      | 171/545 [00:57<02:05,  2.99it/s]
Epoch 5/10:  32%|███▏      | 172/545 [00:57<02:04,  2.99it/s]
Epoch 5/10:  32%|███▏      | 173/545 [00:57<02:04,  2.99it/s]
Epoch 5/10:  32%|███▏      | 174/545 [00:58<02:04,  2.99it/s]
Epoch 5/10:  32%|███▏      | 175/545 [00:58<02:03,  2.99it/s]
Epoch 5/10:  32%|███▏      | 176/545 [00:58<02:03,  2.99it/s]
Epoch 5/10:  32%|███▏      | 177/545 [00:59<02:03,  2.99it/s]
Epoch 5/10:  33%|███▎      | 178/545 [00:59<02:02,  2.99it/s]
Epoch 5/10:  33%|███▎      | 179/545 [00:59<02:02,  2.99it/s]
Epoch 5/10:  33%|███▎      | 180/545 [01:00<02:02,  2.99it/s]
Epoch 5/10:  33%|███▎      | 181/545 [01:00<02:02,  2.98it/s]
Epoch 5/10:  33%|███▎      | 182/545 [01:00<02:01,  2.98it/s]
Epoch 5/10:  34%|███▎      | 183/545 [01:01<02:01,  2.98it/s]
Epoch 5/10:  34%|███▍      | 184/545 [01:01<02:01,  2.98it/s]
Epoch 5/10:  34%|███▍      | 185/545 [01:01<02:00,  2.98it/s]
Epoch 5/10:  34%|███▍      | 186/545 [01:02<02:00,  2.99it/s]
Epoch 5/10:  34%|███▍      | 187/545 [01:02<01:59,  2.99it/s]
Epoch 5/10:  34%|███▍      | 188/545 [01:02<01:59,  2.99it/s]
Epoch 5/10:  35%|███▍      | 189/545 [01:03<01:59,  2.99it/s]
Epoch 5/10:  35%|███▍      | 190/545 [01:03<01:58,  2.99it/s]
Epoch 5/10:  35%|███▌      | 191/545 [01:04<01:58,  2.99it/s]
Epoch 5/10:  35%|███▌      | 192/545 [01:04<01:58,  2.99it/s]
Epoch 5/10:  35%|███▌      | 193/545 [01:04<01:57,  2.99it/s]
Epoch 5/10:  36%|███▌      | 194/545 [01:05<01:57,  2.99it/s]
Epoch 5/10:  36%|███▌      | 195/545 [01:05<01:57,  2.99it/s]
Epoch 5/10:  36%|███▌      | 196/545 [01:05<01:56,  2.99it/s]
Epoch 5/10:  36%|███▌      | 197/545 [01:06<01:56,  2.99it/s]
Epoch 5/10:  36%|███▋      | 198/545 [01:06<01:56,  2.99it/s]
Epoch 5/10:  37%|███▋      | 199/545 [01:06<01:55,  2.99it/s]
Epoch 5/10:  37%|███▋      | 200/545 [01:07<01:55,  2.99it/s]
Epoch 5/10:  37%|███▋      | 201/545 [01:07<01:55,  2.99it/s]
Epoch 5/10:  37%|███▋      | 202/545 [01:07<01:54,  2.99it/s]
Epoch 5/10:  37%|███▋      | 203/545 [01:08<01:54,  2.99it/s]
Epoch 5/10:  37%|███▋      | 204/545 [01:08<01:54,  2.99it/s]
Epoch 5/10:  38%|███▊      | 205/545 [01:08<01:53,  2.99it/s]
Epoch 5/10:  38%|███▊      | 206/545 [01:09<01:53,  2.99it/s]
Epoch 5/10:  38%|███▊      | 207/545 [01:09<01:53,  2.99it/s]
Epoch 5/10:  38%|███▊      | 208/545 [01:09<01:52,  2.99it/s]
Epoch 5/10:  38%|███▊      | 209/545 [01:10<01:52,  2.99it/s]
Epoch 5/10:  39%|███▊      | 210/545 [01:10<01:52,  2.99it/s]
Epoch 5/10:  39%|███▊      | 211/545 [01:10<01:51,  2.99it/s]
Epoch 5/10:  39%|███▉      | 212/545 [01:11<01:51,  2.99it/s]
Epoch 5/10:  39%|███▉      | 213/545 [01:11<01:51,  2.99it/s]
Epoch 5/10:  39%|███▉      | 214/545 [01:11<01:50,  2.99it/s]
Epoch 5/10:  39%|███▉      | 215/545 [01:12<01:50,  2.99it/s]
Epoch 5/10:  40%|███▉      | 216/545 [01:12<01:50,  2.99it/s]
Epoch 5/10:  40%|███▉      | 217/545 [01:12<01:49,  2.99it/s]
Epoch 5/10:  40%|████      | 218/545 [01:13<01:49,  2.99it/s]
Epoch 5/10:  40%|████      | 219/545 [01:13<01:49,  2.99it/s]
Epoch 5/10:  40%|████      | 220/545 [01:13<01:48,  2.99it/s]
Epoch 5/10:  41%|████      | 221/545 [01:14<01:48,  2.99it/s]
Epoch 5/10:  41%|████      | 222/545 [01:14<01:48,  2.99it/s]
Epoch 5/10:  41%|████      | 223/545 [01:14<01:47,  2.99it/s]
Epoch 5/10:  41%|████      | 224/545 [01:15<01:47,  2.99it/s]
Epoch 5/10:  41%|████▏     | 225/545 [01:15<01:47,  2.99it/s]
Epoch 5/10:  41%|████▏     | 226/545 [01:15<01:46,  2.99it/s]
Epoch 5/10:  42%|████▏     | 227/545 [01:16<01:46,  2.99it/s]
Epoch 5/10:  42%|████▏     | 228/545 [01:16<01:46,  2.99it/s]
Epoch 5/10:  42%|████▏     | 229/545 [01:16<01:45,  2.99it/s]
Epoch 5/10:  42%|████▏     | 230/545 [01:17<01:45,  2.99it/s]
Epoch 5/10:  42%|████▏     | 231/545 [01:17<01:45,  2.99it/s]
Epoch 5/10:  43%|████▎     | 232/545 [01:17<01:44,  2.99it/s]
Epoch 5/10:  43%|████▎     | 233/545 [01:18<01:44,  2.99it/s]
Epoch 5/10:  43%|████▎     | 234/545 [01:18<01:44,  2.99it/s]
Epoch 5/10:  43%|████▎     | 235/545 [01:18<01:43,  2.99it/s]
Epoch 5/10:  43%|████▎     | 236/545 [01:19<01:43,  2.99it/s]
Epoch 5/10:  43%|████▎     | 237/545 [01:19<01:43,  2.99it/s]
Epoch 5/10:  44%|████▎     | 238/545 [01:19<01:42,  2.99it/s]
Epoch 5/10:  44%|████▍     | 239/545 [01:20<01:42,  2.99it/s]
Epoch 5/10:  44%|████▍     | 240/545 [01:20<01:42,  2.99it/s]
Epoch 5/10:  44%|████▍     | 241/545 [01:20<01:41,  2.99it/s]
Epoch 5/10:  44%|████▍     | 242/545 [01:21<01:41,  2.99it/s]
Epoch 5/10:  45%|████▍     | 243/545 [01:21<01:41,  2.99it/s]
Epoch 5/10:  45%|████▍     | 244/545 [01:21<01:40,  2.99it/s]
Epoch 5/10:  45%|████▍     | 245/545 [01:22<01:40,  2.99it/s]
Epoch 5/10:  45%|████▌     | 246/545 [01:22<01:40,  2.99it/s]
Epoch 5/10:  45%|████▌     | 247/545 [01:22<01:39,  2.99it/s]
Epoch 5/10:  46%|████▌     | 248/545 [01:23<01:39,  2.99it/s]
Epoch 5/10:  46%|████▌     | 249/545 [01:23<01:39,  2.99it/s]
Epoch 5/10:  46%|████▌     | 250/545 [01:23<01:38,  2.99it/s]
Epoch 5/10:  46%|████▌     | 251/545 [01:24<01:38,  2.99it/s]
Epoch 5/10:  46%|████▌     | 252/545 [01:24<01:38,  2.99it/s]
Epoch 5/10:  46%|████▋     | 253/545 [01:24<01:37,  2.99it/s]
Epoch 5/10:  47%|████▋     | 254/545 [01:25<01:37,  2.99it/s]
Epoch 5/10:  47%|████▋     | 255/545 [01:25<01:37,  2.99it/s]
Epoch 5/10:  47%|████▋     | 256/545 [01:25<01:36,  2.99it/s]
Epoch 5/10:  47%|████▋     | 257/545 [01:26<01:36,  2.99it/s]
Epoch 5/10:  47%|████▋     | 258/545 [01:26<01:36,  2.99it/s]
Epoch 5/10:  48%|████▊     | 259/545 [01:26<01:35,  2.99it/s]
Epoch 5/10:  48%|████▊     | 260/545 [01:27<01:35,  2.99it/s]
Epoch 5/10:  48%|████▊     | 261/545 [01:27<01:35,  2.99it/s]
Epoch 5/10:  48%|████▊     | 262/545 [01:27<01:34,  2.99it/s]
Epoch 5/10:  48%|████▊     | 263/545 [01:28<01:34,  2.99it/s]
Epoch 5/10:  48%|████▊     | 264/545 [01:28<01:34,  2.99it/s]
Epoch 5/10:  49%|████▊     | 265/545 [01:28<01:33,  2.99it/s]
Epoch 5/10:  49%|████▉     | 266/545 [01:29<01:33,  2.99it/s]
Epoch 5/10:  49%|████▉     | 267/545 [01:29<01:33,  2.99it/s]
Epoch 5/10:  49%|████▉     | 268/545 [01:29<01:32,  2.99it/s]
Epoch 5/10:  49%|████▉     | 269/545 [01:30<01:32,  2.99it/s]
Epoch 5/10:  50%|████▉     | 270/545 [01:30<01:32,  2.99it/s]
Epoch 5/10:  50%|████▉     | 271/545 [01:30<01:31,  2.99it/s]
Epoch 5/10:  50%|████▉     | 272/545 [01:31<01:31,  2.99it/s]
Epoch 5/10:  50%|█████     | 273/545 [01:31<01:31,  2.99it/s]
Epoch 5/10:  50%|█████     | 274/545 [01:31<01:30,  2.99it/s]
Epoch 5/10:  50%|█████     | 275/545 [01:32<01:30,  2.99it/s]
Epoch 5/10:  51%|█████     | 276/545 [01:32<01:30,  2.99it/s]
Epoch 5/10:  51%|█████     | 277/545 [01:32<01:29,  2.99it/s]
Epoch 5/10:  51%|█████     | 278/545 [01:33<01:29,  2.99it/s]
Epoch 5/10:  51%|█████     | 279/545 [01:33<01:29,  2.99it/s]
Epoch 5/10:  51%|█████▏    | 280/545 [01:33<01:28,  2.99it/s]
Epoch 5/10:  52%|█████▏    | 281/545 [01:34<01:28,  2.99it/s]
Epoch 5/10:  52%|█████▏    | 282/545 [01:34<01:28,  2.99it/s]
Epoch 5/10:  52%|█████▏    | 283/545 [01:34<01:27,  2.99it/s]
Epoch 5/10:  52%|█████▏    | 284/545 [01:35<01:27,  2.99it/s]
Epoch 5/10:  52%|█████▏    | 285/545 [01:35<01:27,  2.99it/s]
Epoch 5/10:  52%|█████▏    | 286/545 [01:35<01:26,  2.99it/s]
Epoch 5/10:  53%|█████▎    | 287/545 [01:36<01:26,  2.99it/s]
Epoch 5/10:  53%|█████▎    | 288/545 [01:36<01:26,  2.99it/s]
Epoch 5/10:  53%|█████▎    | 289/545 [01:36<01:25,  2.99it/s]
Epoch 5/10:  53%|█████▎    | 290/545 [01:37<01:25,  2.99it/s]
Epoch 5/10:  53%|█████▎    | 291/545 [01:37<01:25,  2.99it/s]
Epoch 5/10:  54%|█████▎    | 292/545 [01:37<01:24,  2.99it/s]
Epoch 5/10:  54%|█████▍    | 293/545 [01:38<01:24,  2.99it/s]
Epoch 5/10:  54%|█████▍    | 294/545 [01:38<01:24,  2.99it/s]
Epoch 5/10:  54%|█████▍    | 295/545 [01:38<01:23,  2.99it/s]
Epoch 5/10:  54%|█████▍    | 296/545 [01:39<01:23,  2.99it/s]
Epoch 5/10:  54%|█████▍    | 297/545 [01:39<01:23,  2.99it/s]
Epoch 5/10:  55%|█████▍    | 298/545 [01:39<01:22,  2.99it/s]
Epoch 5/10:  55%|█████▍    | 299/545 [01:40<01:22,  2.99it/s]
Epoch 5/10:  55%|█████▌    | 300/545 [01:40<01:22,  2.99it/s]
Epoch 5/10:  55%|█████▌    | 301/545 [01:40<01:21,  2.99it/s]
Epoch 5/10:  55%|█████▌    | 302/545 [01:41<01:21,  2.99it/s]
Epoch 5/10:  56%|█████▌    | 303/545 [01:41<01:21,  2.99it/s]
Epoch 5/10:  56%|█████▌    | 304/545 [01:41<01:20,  2.99it/s]
Epoch 5/10:  56%|█████▌    | 305/545 [01:42<01:20,  2.98it/s]
Epoch 5/10:  56%|█████▌    | 306/545 [01:42<01:20,  2.98it/s]
Epoch 5/10:  56%|█████▋    | 307/545 [01:42<01:19,  2.99it/s]
Epoch 5/10:  57%|█████▋    | 308/545 [01:43<01:19,  2.99it/s]
Epoch 5/10:  57%|█████▋    | 309/545 [01:43<01:19,  2.99it/s]
Epoch 5/10:  57%|█████▋    | 310/545 [01:43<01:18,  2.99it/s]
Epoch 5/10:  57%|█████▋    | 311/545 [01:44<01:18,  2.99it/s]
Epoch 5/10:  57%|█████▋    | 312/545 [01:44<01:18,  2.99it/s]
Epoch 5/10:  57%|█████▋    | 313/545 [01:44<01:17,  2.99it/s]
Epoch 5/10:  58%|█████▊    | 314/545 [01:45<01:17,  2.99it/s]
Epoch 5/10:  58%|█████▊    | 315/545 [01:45<01:16,  2.99it/s]
Epoch 5/10:  58%|█████▊    | 316/545 [01:45<01:16,  2.99it/s]
Epoch 5/10:  58%|█████▊    | 317/545 [01:46<01:16,  2.99it/s]
Epoch 5/10:  58%|█████▊    | 318/545 [01:46<01:15,  2.99it/s]
Epoch 5/10:  59%|█████▊    | 319/545 [01:46<01:15,  2.99it/s]
Epoch 5/10:  59%|█████▊    | 320/545 [01:47<01:15,  2.99it/s]
Epoch 5/10:  59%|█████▉    | 321/545 [01:47<01:14,  2.99it/s]
Epoch 5/10:  59%|█████▉    | 322/545 [01:47<01:14,  2.99it/s]
Epoch 5/10:  59%|█████▉    | 323/545 [01:48<01:14,  2.99it/s]
Epoch 5/10:  59%|█████▉    | 324/545 [01:48<01:13,  2.99it/s]
Epoch 5/10:  60%|█████▉    | 325/545 [01:48<01:13,  2.99it/s]
Epoch 5/10:  60%|█████▉    | 326/545 [01:49<01:13,  2.99it/s]
Epoch 5/10:  60%|██████    | 327/545 [01:49<01:12,  2.99it/s]
Epoch 5/10:  60%|██████    | 328/545 [01:49<01:12,  2.99it/s]
Epoch 5/10:  60%|██████    | 329/545 [01:50<01:12,  2.99it/s]
Epoch 5/10:  61%|██████    | 330/545 [01:50<01:11,  2.99it/s]
Epoch 5/10:  61%|██████    | 331/545 [01:50<01:11,  2.99it/s]
Epoch 5/10:  61%|██████    | 332/545 [01:51<01:11,  2.99it/s]
Epoch 5/10:  61%|██████    | 333/545 [01:51<01:10,  2.99it/s]
Epoch 5/10:  61%|██████▏   | 334/545 [01:51<01:10,  2.99it/s]
Epoch 5/10:  61%|██████▏   | 335/545 [01:52<01:10,  2.99it/s]
Epoch 5/10:  62%|██████▏   | 336/545 [01:52<01:09,  2.99it/s]
Epoch 5/10:  62%|██████▏   | 337/545 [01:52<01:09,  2.99it/s]
Epoch 5/10:  62%|██████▏   | 338/545 [01:53<01:09,  2.99it/s]
Epoch 5/10:  62%|██████▏   | 339/545 [01:53<01:08,  2.99it/s]
Epoch 5/10:  62%|██████▏   | 340/545 [01:53<01:08,  2.99it/s]
Epoch 5/10:  63%|██████▎   | 341/545 [01:54<01:08,  2.99it/s]
Epoch 5/10:  63%|██████▎   | 342/545 [01:54<01:07,  2.99it/s]
Epoch 5/10:  63%|██████▎   | 343/545 [01:54<01:07,  2.99it/s]
Epoch 5/10:  63%|██████▎   | 344/545 [01:55<01:07,  2.99it/s]
Epoch 5/10:  63%|██████▎   | 345/545 [01:55<01:06,  2.99it/s]
Epoch 5/10:  63%|██████▎   | 346/545 [01:55<01:06,  2.99it/s]
Epoch 5/10:  64%|██████▎   | 347/545 [01:56<01:06,  2.99it/s]
Epoch 5/10:  64%|██████▍   | 348/545 [01:56<01:05,  2.99it/s]
Epoch 5/10:  64%|██████▍   | 349/545 [01:56<01:05,  2.99it/s]
Epoch 5/10:  64%|██████▍   | 350/545 [01:57<01:05,  2.99it/s]
Epoch 5/10:  64%|██████▍   | 351/545 [01:57<01:04,  2.99it/s]
Epoch 5/10:  65%|██████▍   | 352/545 [01:57<01:04,  2.99it/s]
Epoch 5/10:  65%|██████▍   | 353/545 [01:58<01:04,  2.99it/s]
Epoch 5/10:  65%|██████▍   | 354/545 [01:58<01:03,  2.99it/s]
Epoch 5/10:  65%|██████▌   | 355/545 [01:58<01:03,  2.99it/s]
Epoch 5/10:  65%|██████▌   | 356/545 [01:59<01:03,  2.99it/s]
Epoch 5/10:  66%|██████▌   | 357/545 [01:59<01:02,  2.99it/s]
Epoch 5/10:  66%|██████▌   | 358/545 [01:59<01:02,  2.99it/s]
Epoch 5/10:  66%|██████▌   | 359/545 [02:00<01:02,  2.99it/s]
Epoch 5/10:  66%|██████▌   | 360/545 [02:00<01:01,  2.99it/s]
Epoch 5/10:  66%|██████▌   | 361/545 [02:00<01:02,  2.97it/s]
Epoch 5/10:  66%|██████▋   | 362/545 [02:01<01:01,  2.97it/s]
Epoch 5/10:  67%|██████▋   | 363/545 [02:01<01:01,  2.98it/s]
Epoch 5/10:  67%|██████▋   | 364/545 [02:01<01:00,  2.98it/s]
Epoch 5/10:  67%|██████▋   | 365/545 [02:02<01:00,  2.98it/s]
Epoch 5/10:  67%|██████▋   | 366/545 [02:02<00:59,  2.98it/s]
Epoch 5/10:  67%|██████▋   | 367/545 [02:02<00:59,  2.98it/s]
Epoch 5/10:  68%|██████▊   | 368/545 [02:03<00:59,  2.98it/s]
Epoch 5/10:  68%|██████▊   | 369/545 [02:03<00:58,  2.98it/s]
Epoch 5/10:  68%|██████▊   | 370/545 [02:03<00:58,  2.99it/s]
Epoch 5/10:  68%|██████▊   | 371/545 [02:04<00:58,  2.99it/s]
Epoch 5/10:  68%|██████▊   | 372/545 [02:04<00:57,  2.99it/s]
Epoch 5/10:  68%|██████▊   | 373/545 [02:04<00:57,  2.99it/s]
Epoch 5/10:  69%|██████▊   | 374/545 [02:05<00:57,  2.99it/s]
Epoch 5/10:  69%|██████▉   | 375/545 [02:05<00:56,  2.99it/s]
Epoch 5/10:  69%|██████▉   | 376/545 [02:05<00:56,  2.99it/s]
Epoch 5/10:  69%|██████▉   | 377/545 [02:06<00:56,  2.99it/s]
Epoch 5/10:  69%|██████▉   | 378/545 [02:06<00:55,  2.99it/s]
Epoch 5/10:  70%|██████▉   | 379/545 [02:06<00:55,  2.99it/s]
Epoch 5/10:  70%|██████▉   | 380/545 [02:07<00:55,  2.99it/s]
Epoch 5/10:  70%|██████▉   | 381/545 [02:07<00:54,  2.98it/s]
Epoch 5/10:  70%|███████   | 382/545 [02:07<00:54,  2.98it/s]
Epoch 5/10:  70%|███████   | 383/545 [02:08<00:54,  2.99it/s]
Epoch 5/10:  70%|███████   | 384/545 [02:08<00:53,  2.99it/s]
Epoch 5/10:  71%|███████   | 385/545 [02:08<00:53,  2.99it/s]
Epoch 5/10:  71%|███████   | 386/545 [02:09<00:53,  2.99it/s]
Epoch 5/10:  71%|███████   | 387/545 [02:09<00:52,  2.99it/s]
Epoch 5/10:  71%|███████   | 388/545 [02:09<00:52,  2.99it/s]
Epoch 5/10:  71%|███████▏  | 389/545 [02:10<00:52,  2.99it/s]
Epoch 5/10:  72%|███████▏  | 390/545 [02:10<00:51,  2.99it/s]
Epoch 5/10:  72%|███████▏  | 391/545 [02:10<00:51,  2.99it/s]
Epoch 5/10:  72%|███████▏  | 392/545 [02:11<00:51,  2.99it/s]
Epoch 5/10:  72%|███████▏  | 393/545 [02:11<00:50,  2.99it/s]
Epoch 5/10:  72%|███████▏  | 394/545 [02:11<00:50,  2.99it/s]
Epoch 5/10:  72%|███████▏  | 395/545 [02:12<00:50,  2.99it/s]
Epoch 5/10:  73%|███████▎  | 396/545 [02:12<00:49,  2.99it/s]
Epoch 5/10:  73%|███████▎  | 397/545 [02:12<00:49,  2.99it/s]
Epoch 5/10:  73%|███████▎  | 398/545 [02:13<00:49,  2.99it/s]
Epoch 5/10:  73%|███████▎  | 399/545 [02:13<00:48,  2.99it/s]
Epoch 5/10:  73%|███████▎  | 400/545 [02:13<00:48,  2.99it/s]
Epoch 5/10:  74%|███████▎  | 401/545 [02:14<00:48,  2.99it/s]
Epoch 5/10:  74%|███████▍  | 402/545 [02:14<00:47,  2.99it/s]
Epoch 5/10:  74%|███████▍  | 403/545 [02:14<00:47,  2.99it/s]
Epoch 5/10:  74%|███████▍  | 404/545 [02:15<00:47,  2.99it/s]
Epoch 5/10:  74%|███████▍  | 405/545 [02:15<00:46,  2.99it/s]
Epoch 5/10:  74%|███████▍  | 406/545 [02:15<00:46,  2.99it/s]
Epoch 5/10:  75%|███████▍  | 407/545 [02:16<00:46,  2.99it/s]
Epoch 5/10:  75%|███████▍  | 408/545 [02:16<00:45,  2.99it/s]
Epoch 5/10:  75%|███████▌  | 409/545 [02:17<00:45,  2.99it/s]
Epoch 5/10:  75%|███████▌  | 410/545 [02:17<00:45,  2.99it/s]
Epoch 5/10:  75%|███████▌  | 411/545 [02:17<00:44,  2.99it/s]
Epoch 5/10:  76%|███████▌  | 412/545 [02:18<00:44,  2.99it/s]
Epoch 5/10:  76%|███████▌  | 413/545 [02:18<00:44,  2.99it/s]
Epoch 5/10:  76%|███████▌  | 414/545 [02:18<00:43,  2.99it/s]
Epoch 5/10:  76%|███████▌  | 415/545 [02:19<00:43,  2.98it/s]
Epoch 5/10:  76%|███████▋  | 416/545 [02:19<00:43,  2.98it/s]
Epoch 5/10:  77%|███████▋  | 417/545 [02:19<00:42,  2.99it/s]
Epoch 5/10:  77%|███████▋  | 418/545 [02:20<00:42,  2.99it/s]
Epoch 5/10:  77%|███████▋  | 419/545 [02:20<00:42,  2.99it/s]
Epoch 5/10:  77%|███████▋  | 420/545 [02:20<00:41,  2.99it/s]
Epoch 5/10:  77%|███████▋  | 421/545 [02:21<00:41,  2.99it/s]
Epoch 5/10:  77%|███████▋  | 422/545 [02:21<00:41,  2.99it/s]
Epoch 5/10:  78%|███████▊  | 423/545 [02:21<00:40,  2.99it/s]
Epoch 5/10:  78%|███████▊  | 424/545 [02:22<00:40,  2.99it/s]
Epoch 5/10:  78%|███████▊  | 425/545 [02:22<00:40,  2.99it/s]
Epoch 5/10:  78%|███████▊  | 426/545 [02:22<00:39,  2.99it/s]
Epoch 5/10:  78%|███████▊  | 427/545 [02:23<00:39,  2.99it/s]
Epoch 5/10:  79%|███████▊  | 428/545 [02:23<00:39,  2.99it/s]
Epoch 5/10:  79%|███████▊  | 429/545 [02:23<00:38,  2.99it/s]
Epoch 5/10:  79%|███████▉  | 430/545 [02:24<00:38,  2.99it/s]
Epoch 5/10:  79%|███████▉  | 431/545 [02:24<00:38,  2.99it/s]
Epoch 5/10:  79%|███████▉  | 432/545 [02:24<00:37,  2.99it/s]
Epoch 5/10:  79%|███████▉  | 433/545 [02:25<00:37,  2.99it/s]
Epoch 5/10:  80%|███████▉  | 434/545 [02:25<00:37,  2.99it/s]
Epoch 5/10:  80%|███████▉  | 435/545 [02:25<00:36,  2.99it/s]
Epoch 5/10:  80%|████████  | 436/545 [02:26<00:36,  2.99it/s]
Epoch 5/10:  80%|████████  | 437/545 [02:26<00:36,  2.99it/s]
Epoch 5/10:  80%|████████  | 438/545 [02:26<00:35,  2.99it/s]
Epoch 5/10:  81%|████████  | 439/545 [02:27<00:35,  2.99it/s]
Epoch 5/10:  81%|████████  | 440/545 [02:27<00:35,  2.99it/s]
Epoch 5/10:  81%|████████  | 441/545 [02:27<00:34,  2.99it/s]
Epoch 5/10:  81%|████████  | 442/545 [02:28<00:34,  2.99it/s]
Epoch 5/10:  81%|████████▏ | 443/545 [02:28<00:34,  2.99it/s]
Epoch 5/10:  81%|████████▏ | 444/545 [02:28<00:33,  2.99it/s]
Epoch 5/10:  82%|████████▏ | 445/545 [02:29<00:33,  2.98it/s]
Epoch 5/10:  82%|████████▏ | 446/545 [02:29<00:33,  2.98it/s]
Epoch 5/10:  82%|████████▏ | 447/545 [02:29<00:32,  2.99it/s]
Epoch 5/10:  82%|████████▏ | 448/545 [02:30<00:32,  2.99it/s]
Epoch 5/10:  82%|████████▏ | 449/545 [02:30<00:32,  2.99it/s]
Epoch 5/10:  83%|████████▎ | 450/545 [02:30<00:31,  2.99it/s]
Epoch 5/10:  83%|████████▎ | 451/545 [02:31<00:31,  2.99it/s]
Epoch 5/10:  83%|████████▎ | 452/545 [02:31<00:31,  2.99it/s]
Epoch 5/10:  83%|████████▎ | 453/545 [02:31<00:30,  2.99it/s]
Epoch 5/10:  83%|████████▎ | 454/545 [02:32<00:30,  2.99it/s]
Epoch 5/10:  83%|████████▎ | 455/545 [02:32<00:30,  2.99it/s]
Epoch 5/10:  84%|████████▎ | 456/545 [02:32<00:29,  2.99it/s]
Epoch 5/10:  84%|████████▍ | 457/545 [02:33<00:29,  2.99it/s]
Epoch 5/10:  84%|████████▍ | 458/545 [02:33<00:29,  2.99it/s]
Epoch 5/10:  84%|████████▍ | 459/545 [02:33<00:28,  2.99it/s]
Epoch 5/10:  84%|████████▍ | 460/545 [02:34<00:28,  2.99it/s]
Epoch 5/10:  85%|████████▍ | 461/545 [02:34<00:28,  2.99it/s]
Epoch 5/10:  85%|████████▍ | 462/545 [02:34<00:27,  2.99it/s]
Epoch 5/10:  85%|████████▍ | 463/545 [02:35<00:27,  2.99it/s]
Epoch 5/10:  85%|████████▌ | 464/545 [02:35<00:27,  2.99it/s]
Epoch 5/10:  85%|████████▌ | 465/545 [02:35<00:26,  2.99it/s]
Epoch 5/10:  86%|████████▌ | 466/545 [02:36<00:26,  2.99it/s]
Epoch 5/10:  86%|████████▌ | 467/545 [02:36<00:26,  2.99it/s]
Epoch 5/10:  86%|████████▌ | 468/545 [02:36<00:25,  2.99it/s]
Epoch 5/10:  86%|████████▌ | 469/545 [02:37<00:25,  2.99it/s]
Epoch 5/10:  86%|████████▌ | 470/545 [02:37<00:25,  2.99it/s]
Epoch 5/10:  86%|████████▋ | 471/545 [02:37<00:24,  2.99it/s]
Epoch 5/10:  87%|████████▋ | 472/545 [02:38<00:24,  2.99it/s]
Epoch 5/10:  87%|████████▋ | 473/545 [02:38<00:24,  2.99it/s]
Epoch 5/10:  87%|████████▋ | 474/545 [02:38<00:23,  2.99it/s]
Epoch 5/10:  87%|████████▋ | 475/545 [02:39<00:23,  2.99it/s]
Epoch 5/10:  87%|████████▋ | 476/545 [02:39<00:23,  2.99it/s]
Epoch 5/10:  88%|████████▊ | 477/545 [02:39<00:22,  2.99it/s]
Epoch 5/10:  88%|████████▊ | 478/545 [02:40<00:22,  2.99it/s]
Epoch 5/10:  88%|████████▊ | 479/545 [02:40<00:22,  2.99it/s]
Epoch 5/10:  88%|████████▊ | 480/545 [02:40<00:21,  2.99it/s]
Epoch 5/10:  88%|████████▊ | 481/545 [02:41<00:21,  2.99it/s]
Epoch 5/10:  88%|████████▊ | 482/545 [02:41<00:21,  2.99it/s]
Epoch 5/10:  89%|████████▊ | 483/545 [02:41<00:20,  2.99it/s]
Epoch 5/10:  89%|████████▉ | 484/545 [02:42<00:20,  2.99it/s]
Epoch 5/10:  89%|████████▉ | 485/545 [02:42<00:20,  2.99it/s]
Epoch 5/10:  89%|████████▉ | 486/545 [02:42<00:19,  2.99it/s]
Epoch 5/10:  89%|████████▉ | 487/545 [02:43<00:19,  2.99it/s]
Epoch 5/10:  90%|████████▉ | 488/545 [02:43<00:19,  2.99it/s]
Epoch 5/10:  90%|████████▉ | 489/545 [02:43<00:18,  2.99it/s]
Epoch 5/10:  90%|████████▉ | 490/545 [02:44<00:18,  2.99it/s]
Epoch 5/10:  90%|█████████ | 491/545 [02:44<00:18,  2.99it/s]
Epoch 5/10:  90%|█████████ | 492/545 [02:44<00:17,  2.99it/s]
Epoch 5/10:  90%|█████████ | 493/545 [02:45<00:17,  2.99it/s]
Epoch 5/10:  91%|█████████ | 494/545 [02:45<00:17,  2.99it/s]
Epoch 5/10:  91%|█████████ | 495/545 [02:45<00:16,  2.99it/s]
Epoch 5/10:  91%|█████████ | 496/545 [02:46<00:16,  2.99it/s]
Epoch 5/10:  91%|█████████ | 497/545 [02:46<00:16,  2.99it/s]
Epoch 5/10:  91%|█████████▏| 498/545 [02:46<00:15,  2.99it/s]
Epoch 5/10:  92%|█████████▏| 499/545 [02:47<00:15,  2.99it/s]
Epoch 5/10:  92%|█████████▏| 500/545 [02:47<00:15,  2.99it/s]
Epoch 5/10:  92%|█████████▏| 501/545 [02:47<00:14,  2.99it/s]
Epoch 5/10:  92%|█████████▏| 502/545 [02:48<00:14,  2.99it/s]
Epoch 5/10:  92%|█████████▏| 503/545 [02:48<00:14,  2.99it/s]
Epoch 5/10:  92%|█████████▏| 504/545 [02:48<00:13,  2.99it/s]
Epoch 5/10:  93%|█████████▎| 505/545 [02:49<00:13,  2.99it/s]
Epoch 5/10:  93%|█████████▎| 506/545 [02:49<00:13,  2.99it/s]
Epoch 5/10:  93%|█████████▎| 507/545 [02:49<00:12,  2.99it/s]
Epoch 5/10:  93%|█████████▎| 508/545 [02:50<00:12,  2.99it/s]
Epoch 5/10:  93%|█████████▎| 509/545 [02:50<00:12,  2.99it/s]
Epoch 5/10:  94%|█████████▎| 510/545 [02:50<00:11,  2.99it/s]
Epoch 5/10:  94%|█████████▍| 511/545 [02:51<00:11,  2.99it/s]
Epoch 5/10:  94%|█████████▍| 512/545 [02:51<00:11,  2.99it/s]
Epoch 5/10:  94%|█████████▍| 513/545 [02:51<00:10,  2.99it/s]
Epoch 5/10:  94%|█████████▍| 514/545 [02:52<00:10,  2.99it/s]
Epoch 5/10:  94%|█████████▍| 515/545 [02:52<00:10,  2.99it/s]
Epoch 5/10:  95%|█████████▍| 516/545 [02:52<00:09,  2.99it/s]
Epoch 5/10:  95%|█████████▍| 517/545 [02:53<00:09,  2.99it/s]
Epoch 5/10:  95%|█████████▌| 518/545 [02:53<00:09,  2.99it/s]
Epoch 5/10:  95%|█████████▌| 519/545 [02:53<00:08,  2.99it/s]
Epoch 5/10:  95%|█████████▌| 520/545 [02:54<00:08,  2.99it/s]
Epoch 5/10:  96%|█████████▌| 521/545 [02:54<00:08,  2.99it/s]
Epoch 5/10:  96%|█████████▌| 522/545 [02:54<00:07,  2.99it/s]
Epoch 5/10:  96%|█████████▌| 523/545 [02:55<00:07,  2.99it/s]
Epoch 5/10:  96%|█████████▌| 524/545 [02:55<00:07,  2.99it/s]
Epoch 5/10:  96%|█████████▋| 525/545 [02:55<00:06,  2.99it/s]
Epoch 5/10:  97%|█████████▋| 526/545 [02:56<00:06,  2.99it/s]
Epoch 5/10:  97%|█████████▋| 527/545 [02:56<00:06,  2.99it/s]
Epoch 5/10:  97%|█████████▋| 528/545 [02:56<00:05,  2.99it/s]
Epoch 5/10:  97%|█████████▋| 529/545 [02:57<00:05,  2.99it/s]
Epoch 5/10:  97%|█████████▋| 530/545 [02:57<00:05,  2.99it/s]
Epoch 5/10:  97%|█████████▋| 531/545 [02:57<00:04,  2.99it/s]
Epoch 5/10:  98%|█████████▊| 532/545 [02:58<00:04,  2.99it/s]
Epoch 5/10:  98%|█████████▊| 533/545 [02:58<00:04,  2.99it/s]
Epoch 5/10:  98%|█████████▊| 534/545 [02:58<00:03,  2.99it/s]
Epoch 5/10:  98%|█████████▊| 535/545 [02:59<00:03,  2.99it/s]
Epoch 5/10:  98%|█████████▊| 536/545 [02:59<00:03,  2.99it/s]
Epoch 5/10:  99%|█████████▊| 537/545 [02:59<00:02,  2.99it/s]
Epoch 5/10:  99%|█████████▊| 538/545 [03:00<00:02,  2.99it/s]
Epoch 5/10:  99%|█████████▉| 539/545 [03:00<00:02,  2.99it/s]
Epoch 5/10:  99%|█████████▉| 540/545 [03:00<00:01,  2.99it/s]
Epoch 5/10:  99%|█████████▉| 541/545 [03:01<00:01,  2.97it/s]
Epoch 5/10:  99%|█████████▉| 542/545 [03:01<00:01,  2.98it/s]
Epoch 5/10: 100%|█████████▉| 543/545 [03:01<00:00,  2.98it/s]
Epoch 5/10: 100%|█████████▉| 544/545 [03:02<00:00,  2.98it/s]
Epoch 5/10: 100%|██████████| 545/545 [03:02<00:00,  3.18it/s]
Epoch 5/10: 100%|██████████| 545/545 [03:02<00:00,  2.99it/s]

Epoch 6/10:   0%|          | 0/545 [00:00<?, ?it/s]
Epoch 6/10:   0%|          | 1/545 [00:00<03:33,  2.54it/s]
Epoch 6/10:   0%|          | 2/545 [00:00<03:14,  2.79it/s]
Epoch 6/10:   1%|          | 3/545 [00:01<03:08,  2.87it/s]
Epoch 6/10:   1%|          | 4/545 [00:01<03:05,  2.92it/s]
Epoch 6/10:   1%|          | 5/545 [00:01<03:03,  2.94it/s]
Epoch 6/10:   1%|          | 6/545 [00:02<03:02,  2.96it/s]
Epoch 6/10:   1%|▏         | 7/545 [00:02<03:01,  2.97it/s]
Epoch 6/10:   1%|▏         | 8/545 [00:02<03:00,  2.97it/s]
Epoch 6/10:   2%|▏         | 9/545 [00:03<03:00,  2.98it/s]
Epoch 6/10:   2%|▏         | 10/545 [00:03<02:59,  2.98it/s]
Epoch 6/10:   2%|▏         | 11/545 [00:03<02:59,  2.98it/s]
Epoch 6/10:   2%|▏         | 12/545 [00:04<02:58,  2.98it/s]
Epoch 6/10:   2%|▏         | 13/545 [00:04<02:58,  2.98it/s]
Epoch 6/10:   3%|▎         | 14/545 [00:04<02:57,  2.98it/s]
Epoch 6/10:   3%|▎         | 15/545 [00:05<02:57,  2.99it/s]
Epoch 6/10:   3%|▎         | 16/545 [00:05<02:57,  2.99it/s]
Epoch 6/10:   3%|▎         | 17/545 [00:05<02:56,  2.99it/s]
Epoch 6/10:   3%|▎         | 18/545 [00:06<02:56,  2.99it/s]
Epoch 6/10:   3%|▎         | 19/545 [00:06<02:56,  2.99it/s]
Epoch 6/10:   4%|▎         | 20/545 [00:06<02:55,  2.99it/s]
Epoch 6/10:   4%|▍         | 21/545 [00:07<02:55,  2.99it/s]
Epoch 6/10:   4%|▍         | 22/545 [00:07<02:55,  2.99it/s]
Epoch 6/10:   4%|▍         | 23/545 [00:07<02:54,  2.99it/s]
Epoch 6/10:   4%|▍         | 24/545 [00:08<02:54,  2.99it/s]
Epoch 6/10:   5%|▍         | 25/545 [00:08<02:54,  2.99it/s]
Epoch 6/10:   5%|▍         | 26/545 [00:08<02:53,  2.99it/s]
Epoch 6/10:   5%|▍         | 27/545 [00:09<02:53,  2.99it/s]
Epoch 6/10:   5%|▌         | 28/545 [00:09<02:53,  2.99it/s]
Epoch 6/10:   5%|▌         | 29/545 [00:09<02:52,  2.99it/s]
Epoch 6/10:   6%|▌         | 30/545 [00:10<02:52,  2.99it/s]
Epoch 6/10:   6%|▌         | 31/545 [00:10<02:52,  2.99it/s]
Epoch 6/10:   6%|▌         | 32/545 [00:10<02:51,  2.99it/s]
Epoch 6/10:   6%|▌         | 33/545 [00:11<02:51,  2.99it/s]
Epoch 6/10:   6%|▌         | 34/545 [00:11<02:51,  2.99it/s]
Epoch 6/10:   6%|▋         | 35/545 [00:11<02:50,  2.99it/s]
Epoch 6/10:   7%|▋         | 36/545 [00:12<02:50,  2.99it/s]
Epoch 6/10:   7%|▋         | 37/545 [00:12<02:50,  2.99it/s]
Epoch 6/10:   7%|▋         | 38/545 [00:12<02:49,  2.99it/s]
Epoch 6/10:   7%|▋         | 39/545 [00:13<02:49,  2.99it/s]
Epoch 6/10:   7%|▋         | 40/545 [00:13<02:49,  2.99it/s]
Epoch 6/10:   8%|▊         | 41/545 [00:13<02:48,  2.99it/s]
Epoch 6/10:   8%|▊         | 42/545 [00:14<02:48,  2.99it/s]
Epoch 6/10:   8%|▊         | 43/545 [00:14<02:48,  2.99it/s]
Epoch 6/10:   8%|▊         | 44/545 [00:14<02:47,  2.99it/s]
Epoch 6/10:   8%|▊         | 45/545 [00:15<02:47,  2.99it/s]
Epoch 6/10:   8%|▊         | 46/545 [00:15<02:46,  2.99it/s]
Epoch 6/10:   9%|▊         | 47/545 [00:15<02:46,  2.99it/s]
Epoch 6/10:   9%|▉         | 48/545 [00:16<02:46,  2.99it/s]
Epoch 6/10:   9%|▉         | 49/545 [00:16<02:46,  2.99it/s]
Epoch 6/10:   9%|▉         | 50/545 [00:16<02:45,  2.99it/s]
Epoch 6/10:   9%|▉         | 51/545 [00:17<02:45,  2.99it/s]
Epoch 6/10:  10%|▉         | 52/545 [00:17<02:45,  2.99it/s]
Epoch 6/10:  10%|▉         | 53/545 [00:17<02:44,  2.99it/s]
Epoch 6/10:  10%|▉         | 54/545 [00:18<02:44,  2.99it/s]
Epoch 6/10:  10%|█         | 55/545 [00:18<02:44,  2.99it/s]
Epoch 6/10:  10%|█         | 56/545 [00:18<02:43,  2.99it/s]
Epoch 6/10:  10%|█         | 57/545 [00:19<02:43,  2.99it/s]
Epoch 6/10:  11%|█         | 58/545 [00:19<02:43,  2.99it/s]
Epoch 6/10:  11%|█         | 59/545 [00:19<02:42,  2.99it/s]
Epoch 6/10:  11%|█         | 60/545 [00:20<02:42,  2.99it/s]
Epoch 6/10:  11%|█         | 61/545 [00:20<02:41,  2.99it/s]
Epoch 6/10:  11%|█▏        | 62/545 [00:20<02:41,  2.99it/s]
Epoch 6/10:  12%|█▏        | 63/545 [00:21<02:41,  2.99it/s]
Epoch 6/10:  12%|█▏        | 64/545 [00:21<02:40,  2.99it/s]
Epoch 6/10:  12%|█▏        | 65/545 [00:21<02:40,  2.99it/s]
Epoch 6/10:  12%|█▏        | 66/545 [00:22<02:40,  2.99it/s]
Epoch 6/10:  12%|█▏        | 67/545 [00:22<02:39,  2.99it/s]
Epoch 6/10:  12%|█▏        | 68/545 [00:22<02:39,  2.99it/s]
Epoch 6/10:  13%|█▎        | 69/545 [00:23<02:39,  2.99it/s]
Epoch 6/10:  13%|█▎        | 70/545 [00:23<02:38,  2.99it/s]
Epoch 6/10:  13%|█▎        | 71/545 [00:23<02:38,  2.99it/s]
Epoch 6/10:  13%|█▎        | 72/545 [00:24<02:38,  2.99it/s]
Epoch 6/10:  13%|█▎        | 73/545 [00:24<02:38,  2.99it/s]
Epoch 6/10:  14%|█▎        | 74/545 [00:24<02:37,  2.99it/s]
Epoch 6/10:  14%|█▍        | 75/545 [00:25<02:37,  2.99it/s]
Epoch 6/10:  14%|█▍        | 76/545 [00:25<02:36,  2.99it/s]
Epoch 6/10:  14%|█▍        | 77/545 [00:25<02:36,  2.99it/s]
Epoch 6/10:  14%|█▍        | 78/545 [00:26<02:36,  2.99it/s]
Epoch 6/10:  14%|█▍        | 79/545 [00:26<02:35,  2.99it/s]
Epoch 6/10:  15%|█▍        | 80/545 [00:26<02:35,  2.99it/s]
Epoch 6/10:  15%|█▍        | 81/545 [00:27<02:35,  2.99it/s]
Epoch 6/10:  15%|█▌        | 82/545 [00:27<02:35,  2.99it/s]
Epoch 6/10:  15%|█▌        | 83/545 [00:27<02:34,  2.99it/s]
Epoch 6/10:  15%|█▌        | 84/545 [00:28<02:34,  2.99it/s]
Epoch 6/10:  16%|█▌        | 85/545 [00:28<02:34,  2.99it/s]
Epoch 6/10:  16%|█▌        | 86/545 [00:28<02:33,  2.99it/s]
Epoch 6/10:  16%|█▌        | 87/545 [00:29<02:33,  2.99it/s]
Epoch 6/10:  16%|█▌        | 88/545 [00:29<02:33,  2.99it/s]
Epoch 6/10:  16%|█▋        | 89/545 [00:29<02:32,  2.99it/s]
Epoch 6/10:  17%|█▋        | 90/545 [00:30<02:32,  2.99it/s]
Epoch 6/10:  17%|█▋        | 91/545 [00:30<02:32,  2.99it/s]
Epoch 6/10:  17%|█▋        | 92/545 [00:30<02:31,  2.99it/s]
Epoch 6/10:  17%|█▋        | 93/545 [00:31<02:31,  2.99it/s]
Epoch 6/10:  17%|█▋        | 94/545 [00:31<02:30,  2.99it/s]
Epoch 6/10:  17%|█▋        | 95/545 [00:31<02:30,  2.99it/s]
Epoch 6/10:  18%|█▊        | 96/545 [00:32<02:30,  2.99it/s]
Epoch 6/10:  18%|█▊        | 97/545 [00:32<02:29,  2.99it/s]
Epoch 6/10:  18%|█▊        | 98/545 [00:32<02:29,  2.99it/s]
Epoch 6/10:  18%|█▊        | 99/545 [00:33<02:29,  2.99it/s]
Epoch 6/10:  18%|█▊        | 100/545 [00:33<02:28,  2.99it/s]
Epoch 6/10:  19%|█▊        | 101/545 [00:33<02:28,  2.99it/s]
Epoch 6/10:  19%|█▊        | 102/545 [00:34<02:28,  2.99it/s]
Epoch 6/10:  19%|█▉        | 103/545 [00:34<02:27,  2.99it/s]
Epoch 6/10:  19%|█▉        | 104/545 [00:34<02:27,  2.99it/s]
Epoch 6/10:  19%|█▉        | 105/545 [00:35<02:27,  2.99it/s]
Epoch 6/10:  19%|█▉        | 106/545 [00:35<02:26,  2.99it/s]
Epoch 6/10:  20%|█▉        | 107/545 [00:35<02:26,  2.99it/s]
Epoch 6/10:  20%|█▉        | 108/545 [00:36<02:26,  2.99it/s]
Epoch 6/10:  20%|██        | 109/545 [00:36<02:25,  2.99it/s]
Epoch 6/10:  20%|██        | 110/545 [00:36<02:25,  2.99it/s]
Epoch 6/10:  20%|██        | 111/545 [00:37<02:25,  2.99it/s]
Epoch 6/10:  21%|██        | 112/545 [00:37<02:24,  2.99it/s]
Epoch 6/10:  21%|██        | 113/545 [00:37<02:24,  2.99it/s]
Epoch 6/10:  21%|██        | 114/545 [00:38<02:24,  2.99it/s]
Epoch 6/10:  21%|██        | 115/545 [00:38<02:23,  2.99it/s]
Epoch 6/10:  21%|██▏       | 116/545 [00:38<02:23,  2.99it/s]
Epoch 6/10:  21%|██▏       | 117/545 [00:39<02:23,  2.99it/s]
Epoch 6/10:  22%|██▏       | 118/545 [00:39<02:22,  2.99it/s]
Epoch 6/10:  22%|██▏       | 119/545 [00:39<02:22,  2.99it/s]
Epoch 6/10:  22%|██▏       | 120/545 [00:40<02:22,  2.99it/s]
Epoch 6/10:  22%|██▏       | 121/545 [00:40<02:21,  2.99it/s]
Epoch 6/10:  22%|██▏       | 122/545 [00:40<02:21,  2.99it/s]
Epoch 6/10:  23%|██▎       | 123/545 [00:41<02:21,  2.99it/s]
Epoch 6/10:  23%|██▎       | 124/545 [00:41<02:20,  2.99it/s]
Epoch 6/10:  23%|██▎       | 125/545 [00:41<02:20,  2.99it/s]
Epoch 6/10:  23%|██▎       | 126/545 [00:42<02:20,  2.99it/s]
Epoch 6/10:  23%|██▎       | 127/545 [00:42<02:19,  2.99it/s]
Epoch 6/10:  23%|██▎       | 128/545 [00:42<02:19,  2.99it/s]
Epoch 6/10:  24%|██▎       | 129/545 [00:43<02:19,  2.99it/s]
Epoch 6/10:  24%|██▍       | 130/545 [00:43<02:19,  2.99it/s]
Epoch 6/10:  24%|██▍       | 131/545 [00:43<02:18,  2.99it/s]
Epoch 6/10:  24%|██▍       | 132/545 [00:44<02:18,  2.99it/s]
Epoch 6/10:  24%|██▍       | 133/545 [00:44<02:17,  2.99it/s]
Epoch 6/10:  25%|██▍       | 134/545 [00:44<02:17,  2.99it/s]
Epoch 6/10:  25%|██▍       | 135/545 [00:45<02:17,  2.99it/s]
Epoch 6/10:  25%|██▍       | 136/545 [00:45<02:16,  2.99it/s]
Epoch 6/10:  25%|██▌       | 137/545 [00:45<02:16,  2.99it/s]
Epoch 6/10:  25%|██▌       | 138/545 [00:46<02:16,  2.99it/s]
Epoch 6/10:  26%|██▌       | 139/545 [00:46<02:15,  2.99it/s]
Epoch 6/10:  26%|██▌       | 140/545 [00:46<02:15,  2.99it/s]
Epoch 6/10:  26%|██▌       | 141/545 [00:47<02:15,  2.99it/s]
Epoch 6/10:  26%|██▌       | 142/545 [00:47<02:14,  2.99it/s]
Epoch 6/10:  26%|██▌       | 143/545 [00:47<02:14,  2.99it/s]
Epoch 6/10:  26%|██▋       | 144/545 [00:48<02:14,  2.99it/s]
Epoch 6/10:  27%|██▋       | 145/545 [00:48<02:13,  2.99it/s]
Epoch 6/10:  27%|██▋       | 146/545 [00:48<02:13,  2.99it/s]
Epoch 6/10:  27%|██▋       | 147/545 [00:49<02:13,  2.99it/s]
Epoch 6/10:  27%|██▋       | 148/545 [00:49<02:12,  2.99it/s]
Epoch 6/10:  27%|██▋       | 149/545 [00:49<02:12,  2.99it/s]
Epoch 6/10:  28%|██▊       | 150/545 [00:50<02:12,  2.99it/s]
Epoch 6/10:  28%|██▊       | 151/545 [00:50<02:11,  2.99it/s]
Epoch 6/10:  28%|██▊       | 152/545 [00:50<02:11,  2.99it/s]
Epoch 6/10:  28%|██▊       | 153/545 [00:51<02:11,  2.99it/s]
Epoch 6/10:  28%|██▊       | 154/545 [00:51<02:10,  2.99it/s]
Epoch 6/10:  28%|██▊       | 155/545 [00:51<02:10,  2.99it/s]
Epoch 6/10:  29%|██▊       | 156/545 [00:52<02:10,  2.99it/s]
Epoch 6/10:  29%|██▉       | 157/545 [00:52<02:09,  2.99it/s]
Epoch 6/10:  29%|██▉       | 158/545 [00:52<02:09,  2.99it/s]
Epoch 6/10:  29%|██▉       | 159/545 [00:53<02:09,  2.99it/s]
Epoch 6/10:  29%|██▉       | 160/545 [00:53<02:08,  2.99it/s]
Epoch 6/10:  30%|██▉       | 161/545 [00:53<02:08,  2.99it/s]
Epoch 6/10:  30%|██▉       | 162/545 [00:54<02:08,  2.99it/s]
Epoch 6/10:  30%|██▉       | 163/545 [00:54<02:07,  2.99it/s]
Epoch 6/10:  30%|███       | 164/545 [00:54<02:07,  2.99it/s]
Epoch 6/10:  30%|███       | 165/545 [00:55<02:07,  2.99it/s]
Epoch 6/10:  30%|███       | 166/545 [00:55<02:06,  2.99it/s]
Epoch 6/10:  31%|███       | 167/545 [00:55<02:06,  2.99it/s]
Epoch 6/10:  31%|███       | 168/545 [00:56<02:06,  2.99it/s]
Epoch 6/10:  31%|███       | 169/545 [00:56<02:05,  2.99it/s]
Epoch 6/10:  31%|███       | 170/545 [00:56<02:05,  2.99it/s]
Epoch 6/10:  31%|███▏      | 171/545 [00:57<02:05,  2.99it/s]
Epoch 6/10:  32%|███▏      | 172/545 [00:57<02:04,  2.99it/s]
Epoch 6/10:  32%|███▏      | 173/545 [00:57<02:04,  2.99it/s]
Epoch 6/10:  32%|███▏      | 174/545 [00:58<02:04,  2.99it/s]
Epoch 6/10:  32%|███▏      | 175/545 [00:58<02:03,  2.99it/s]
Epoch 6/10:  32%|███▏      | 176/545 [00:58<02:03,  2.99it/s]
Epoch 6/10:  32%|███▏      | 177/545 [00:59<02:03,  2.99it/s]
Epoch 6/10:  33%|███▎      | 178/545 [00:59<02:02,  2.99it/s]
Epoch 6/10:  33%|███▎      | 179/545 [00:59<02:02,  2.99it/s]
Epoch 6/10:  33%|███▎      | 180/545 [01:00<02:02,  2.99it/s]
Epoch 6/10:  33%|███▎      | 181/545 [01:00<02:02,  2.97it/s]
Epoch 6/10:  33%|███▎      | 182/545 [01:00<02:01,  2.98it/s]
Epoch 6/10:  34%|███▎      | 183/545 [01:01<02:01,  2.98it/s]
Epoch 6/10:  34%|███▍      | 184/545 [01:01<02:01,  2.98it/s]
Epoch 6/10:  34%|███▍      | 185/545 [01:01<02:00,  2.98it/s]
Epoch 6/10:  34%|███▍      | 186/545 [01:02<02:00,  2.99it/s]
Epoch 6/10:  34%|███▍      | 187/545 [01:02<01:59,  2.99it/s]
Epoch 6/10:  34%|███▍      | 188/545 [01:03<01:59,  2.99it/s]
Epoch 6/10:  35%|███▍      | 189/545 [01:03<01:59,  2.99it/s]
Epoch 6/10:  35%|███▍      | 190/545 [01:03<01:58,  2.99it/s]
Epoch 6/10:  35%|███▌      | 191/545 [01:04<01:58,  2.99it/s]
Epoch 6/10:  35%|███▌      | 192/545 [01:04<01:58,  2.99it/s]
Epoch 6/10:  35%|███▌      | 193/545 [01:04<01:57,  2.99it/s]
Epoch 6/10:  36%|███▌      | 194/545 [01:05<01:57,  2.99it/s]
Epoch 6/10:  36%|███▌      | 195/545 [01:05<01:57,  2.99it/s]
Epoch 6/10:  36%|███▌      | 196/545 [01:05<01:56,  2.99it/s]
Epoch 6/10:  36%|███▌      | 197/545 [01:06<01:56,  2.99it/s]
Epoch 6/10:  36%|███▋      | 198/545 [01:06<01:56,  2.99it/s]
Epoch 6/10:  37%|███▋      | 199/545 [01:06<01:55,  2.99it/s]
Epoch 6/10:  37%|███▋      | 200/545 [01:07<01:55,  2.99it/s]
Epoch 6/10:  37%|███▋      | 201/545 [01:07<01:55,  2.99it/s]
Epoch 6/10:  37%|███▋      | 202/545 [01:07<01:54,  2.99it/s]
Epoch 6/10:  37%|███▋      | 203/545 [01:08<01:54,  2.99it/s]
Epoch 6/10:  37%|███▋      | 204/545 [01:08<01:54,  2.99it/s]
Epoch 6/10:  38%|███▊      | 205/545 [01:08<01:53,  2.99it/s]
Epoch 6/10:  38%|███▊      | 206/545 [01:09<01:53,  2.99it/s]
Epoch 6/10:  38%|███▊      | 207/545 [01:09<01:53,  2.99it/s]
Epoch 6/10:  38%|███▊      | 208/545 [01:09<01:52,  2.99it/s]
Epoch 6/10:  38%|███▊      | 209/545 [01:10<01:52,  2.99it/s]
Epoch 6/10:  39%|███▊      | 210/545 [01:10<01:52,  2.99it/s]
Epoch 6/10:  39%|███▊      | 211/545 [01:10<01:51,  2.99it/s]
Epoch 6/10:  39%|███▉      | 212/545 [01:11<01:51,  2.99it/s]
Epoch 6/10:  39%|███▉      | 213/545 [01:11<01:51,  2.99it/s]
Epoch 6/10:  39%|███▉      | 214/545 [01:11<01:50,  2.99it/s]
Epoch 6/10:  39%|███▉      | 215/545 [01:12<01:50,  2.99it/s]
Epoch 6/10:  40%|███▉      | 216/545 [01:12<01:50,  2.99it/s]
Epoch 6/10:  40%|███▉      | 217/545 [01:12<01:49,  2.99it/s]
Epoch 6/10:  40%|████      | 218/545 [01:13<01:49,  2.99it/s]
Epoch 6/10:  40%|████      | 219/545 [01:13<01:49,  2.99it/s]
Epoch 6/10:  40%|████      | 220/545 [01:13<01:48,  2.99it/s]
Epoch 6/10:  41%|████      | 221/545 [01:14<01:48,  2.99it/s]
Epoch 6/10:  41%|████      | 222/545 [01:14<01:48,  2.99it/s]
Epoch 6/10:  41%|████      | 223/545 [01:14<01:47,  2.99it/s]
Epoch 6/10:  41%|████      | 224/545 [01:15<01:47,  2.99it/s]
Epoch 6/10:  41%|████▏     | 225/545 [01:15<01:47,  2.99it/s]
Epoch 6/10:  41%|████▏     | 226/545 [01:15<01:46,  2.99it/s]
Epoch 6/10:  42%|████▏     | 227/545 [01:16<01:46,  2.99it/s]
Epoch 6/10:  42%|████▏     | 228/545 [01:16<01:46,  2.99it/s]
Epoch 6/10:  42%|████▏     | 229/545 [01:16<01:45,  2.99it/s]
Epoch 6/10:  42%|████▏     | 230/545 [01:17<01:45,  2.99it/s]
Epoch 6/10:  42%|████▏     | 231/545 [01:17<01:45,  2.99it/s]
Epoch 6/10:  43%|████▎     | 232/545 [01:17<01:44,  2.99it/s]
Epoch 6/10:  43%|████▎     | 233/545 [01:18<01:44,  2.99it/s]
Epoch 6/10:  43%|████▎     | 234/545 [01:18<01:44,  2.99it/s]
Epoch 6/10:  43%|████▎     | 235/545 [01:18<01:43,  2.99it/s]
Epoch 6/10:  43%|████▎     | 236/545 [01:19<01:43,  2.99it/s]
Epoch 6/10:  43%|████▎     | 237/545 [01:19<01:43,  2.99it/s]
Epoch 6/10:  44%|████▎     | 238/545 [01:19<01:42,  2.99it/s]
Epoch 6/10:  44%|████▍     | 239/545 [01:20<01:42,  2.99it/s]
Epoch 6/10:  44%|████▍     | 240/545 [01:20<01:42,  2.99it/s]
Epoch 6/10:  44%|████▍     | 241/545 [01:20<01:41,  2.99it/s]
Epoch 6/10:  44%|████▍     | 242/545 [01:21<01:41,  2.99it/s]
Epoch 6/10:  45%|████▍     | 243/545 [01:21<01:41,  2.99it/s]
Epoch 6/10:  45%|████▍     | 244/545 [01:21<01:40,  2.99it/s]
Epoch 6/10:  45%|████▍     | 245/545 [01:22<01:40,  2.99it/s]
Epoch 6/10:  45%|████▌     | 246/545 [01:22<01:40,  2.99it/s]
Epoch 6/10:  45%|████▌     | 247/545 [01:22<01:39,  2.99it/s]
Epoch 6/10:  46%|████▌     | 248/545 [01:23<01:39,  2.99it/s]
Epoch 6/10:  46%|████▌     | 249/545 [01:23<01:39,  2.99it/s]
Epoch 6/10:  46%|████▌     | 250/545 [01:23<01:38,  2.99it/s]
Epoch 6/10:  46%|████▌     | 251/545 [01:24<01:38,  2.99it/s]
Epoch 6/10:  46%|████▌     | 252/545 [01:24<01:38,  2.99it/s]
Epoch 6/10:  46%|████▋     | 253/545 [01:24<01:37,  2.99it/s]
Epoch 6/10:  47%|████▋     | 254/545 [01:25<01:37,  2.99it/s]
Epoch 6/10:  47%|████▋     | 255/545 [01:25<01:37,  2.99it/s]
Epoch 6/10:  47%|████▋     | 256/545 [01:25<01:36,  2.99it/s]
Epoch 6/10:  47%|████▋     | 257/545 [01:26<01:36,  2.99it/s]
Epoch 6/10:  47%|████▋     | 258/545 [01:26<01:36,  2.99it/s]
Epoch 6/10:  48%|████▊     | 259/545 [01:26<01:35,  2.99it/s]
Epoch 6/10:  48%|████▊     | 260/545 [01:27<01:35,  2.99it/s]
Epoch 6/10:  48%|████▊     | 261/545 [01:27<01:35,  2.99it/s]
Epoch 6/10:  48%|████▊     | 262/545 [01:27<01:34,  2.99it/s]
Epoch 6/10:  48%|████▊     | 263/545 [01:28<01:34,  2.99it/s]
Epoch 6/10:  48%|████▊     | 264/545 [01:28<01:34,  2.99it/s]
Epoch 6/10:  49%|████▊     | 265/545 [01:28<01:33,  2.99it/s]
Epoch 6/10:  49%|████▉     | 266/545 [01:29<01:33,  2.99it/s]
Epoch 6/10:  49%|████▉     | 267/545 [01:29<01:33,  2.99it/s]
Epoch 6/10:  49%|████▉     | 268/545 [01:29<01:32,  2.99it/s]
Epoch 6/10:  49%|████▉     | 269/545 [01:30<01:32,  2.99it/s]
Epoch 6/10:  50%|████▉     | 270/545 [01:30<01:32,  2.99it/s]
Epoch 6/10:  50%|████▉     | 271/545 [01:30<01:31,  2.99it/s]
Epoch 6/10:  50%|████▉     | 272/545 [01:31<01:31,  2.99it/s]
Epoch 6/10:  50%|█████     | 273/545 [01:31<01:31,  2.99it/s]
Epoch 6/10:  50%|█████     | 274/545 [01:31<01:30,  2.99it/s]
Epoch 6/10:  50%|█████     | 275/545 [01:32<01:30,  2.99it/s]
Epoch 6/10:  51%|█████     | 276/545 [01:32<01:29,  2.99it/s]
Epoch 6/10:  51%|█████     | 277/545 [01:32<01:29,  2.99it/s]
Epoch 6/10:  51%|█████     | 278/545 [01:33<01:29,  2.99it/s]
Epoch 6/10:  51%|█████     | 279/545 [01:33<01:29,  2.99it/s]
Epoch 6/10:  51%|█████▏    | 280/545 [01:33<01:28,  2.99it/s]
Epoch 6/10:  52%|█████▏    | 281/545 [01:34<01:28,  2.99it/s]
Epoch 6/10:  52%|█████▏    | 282/545 [01:34<01:28,  2.99it/s]
Epoch 6/10:  52%|█████▏    | 283/545 [01:34<01:27,  2.99it/s]
Epoch 6/10:  52%|█████▏    | 284/545 [01:35<01:27,  2.99it/s]
Epoch 6/10:  52%|█████▏    | 285/545 [01:35<01:26,  2.99it/s]
Epoch 6/10:  52%|█████▏    | 286/545 [01:35<01:26,  2.99it/s]
Epoch 6/10:  53%|█████▎    | 287/545 [01:36<01:26,  2.99it/s]
Epoch 6/10:  53%|█████▎    | 288/545 [01:36<01:25,  2.99it/s]
Epoch 6/10:  53%|█████▎    | 289/545 [01:36<01:25,  2.99it/s]
Epoch 6/10:  53%|█████▎    | 290/545 [01:37<01:25,  2.99it/s]
Epoch 6/10:  53%|█████▎    | 291/545 [01:37<01:24,  2.99it/s]
Epoch 6/10:  54%|█████▎    | 292/545 [01:37<01:24,  2.99it/s]
Epoch 6/10:  54%|█████▍    | 293/545 [01:38<01:24,  2.99it/s]
Epoch 6/10:  54%|█████▍    | 294/545 [01:38<01:23,  2.99it/s]
Epoch 6/10:  54%|█████▍    | 295/545 [01:38<01:23,  2.99it/s]
Epoch 6/10:  54%|█████▍    | 296/545 [01:39<01:23,  2.99it/s]
Epoch 6/10:  54%|█████▍    | 297/545 [01:39<01:22,  2.99it/s]
Epoch 6/10:  55%|█████▍    | 298/545 [01:39<01:22,  2.99it/s]
Epoch 6/10:  55%|█████▍    | 299/545 [01:40<01:22,  2.99it/s]
Epoch 6/10:  55%|█████▌    | 300/545 [01:40<01:21,  2.99it/s]
Epoch 6/10:  55%|█████▌    | 301/545 [01:40<01:21,  2.99it/s]
Epoch 6/10:  55%|█████▌    | 302/545 [01:41<01:21,  2.99it/s]
Epoch 6/10:  56%|█████▌    | 303/545 [01:41<01:20,  2.99it/s]
Epoch 6/10:  56%|█████▌    | 304/545 [01:41<01:20,  2.99it/s]
Epoch 6/10:  56%|█████▌    | 305/545 [01:42<01:20,  2.99it/s]
Epoch 6/10:  56%|█████▌    | 306/545 [01:42<01:19,  2.99it/s]
Epoch 6/10:  56%|█████▋    | 307/545 [01:42<01:19,  2.99it/s]
Epoch 6/10:  57%|█████▋    | 308/545 [01:43<01:19,  2.99it/s]
Epoch 6/10:  57%|█████▋    | 309/545 [01:43<01:18,  2.99it/s]
Epoch 6/10:  57%|█████▋    | 310/545 [01:43<01:18,  2.99it/s]
Epoch 6/10:  57%|█████▋    | 311/545 [01:44<01:18,  2.99it/s]
Epoch 6/10:  57%|█████▋    | 312/545 [01:44<01:17,  2.99it/s]
Epoch 6/10:  57%|█████▋    | 313/545 [01:44<01:17,  2.99it/s]
Epoch 6/10:  58%|█████▊    | 314/545 [01:45<01:17,  2.99it/s]
Epoch 6/10:  58%|█████▊    | 315/545 [01:45<01:16,  2.99it/s]
Epoch 6/10:  58%|█████▊    | 316/545 [01:45<01:16,  2.99it/s]
Epoch 6/10:  58%|█████▊    | 317/545 [01:46<01:16,  2.99it/s]
Epoch 6/10:  58%|█████▊    | 318/545 [01:46<01:15,  2.99it/s]
Epoch 6/10:  59%|█████▊    | 319/545 [01:46<01:15,  2.99it/s]
Epoch 6/10:  59%|█████▊    | 320/545 [01:47<01:15,  2.99it/s]
Epoch 6/10:  59%|█████▉    | 321/545 [01:47<01:14,  2.99it/s]
Epoch 6/10:  59%|█████▉    | 322/545 [01:47<01:14,  2.99it/s]
Epoch 6/10:  59%|█████▉    | 323/545 [01:48<01:14,  2.99it/s]
Epoch 6/10:  59%|█████▉    | 324/545 [01:48<01:13,  2.99it/s]
Epoch 6/10:  60%|█████▉    | 325/545 [01:48<01:13,  2.99it/s]
Epoch 6/10:  60%|█████▉    | 326/545 [01:49<01:13,  2.99it/s]
Epoch 6/10:  60%|██████    | 327/545 [01:49<01:12,  2.99it/s]
Epoch 6/10:  60%|██████    | 328/545 [01:49<01:12,  2.99it/s]
Epoch 6/10:  60%|██████    | 329/545 [01:50<01:12,  2.99it/s]
Epoch 6/10:  61%|██████    | 330/545 [01:50<01:11,  2.99it/s]
Epoch 6/10:  61%|██████    | 331/545 [01:50<01:11,  2.99it/s]
Epoch 6/10:  61%|██████    | 332/545 [01:51<01:11,  2.99it/s]
Epoch 6/10:  61%|██████    | 333/545 [01:51<01:10,  2.99it/s]
Epoch 6/10:  61%|██████▏   | 334/545 [01:51<01:10,  2.99it/s]
Epoch 6/10:  61%|██████▏   | 335/545 [01:52<01:10,  2.99it/s]
Epoch 6/10:  62%|██████▏   | 336/545 [01:52<01:09,  2.99it/s]
Epoch 6/10:  62%|██████▏   | 337/545 [01:52<01:09,  2.99it/s]
Epoch 6/10:  62%|██████▏   | 338/545 [01:53<01:09,  2.99it/s]
Epoch 6/10:  62%|██████▏   | 339/545 [01:53<01:08,  2.99it/s]
Epoch 6/10:  62%|██████▏   | 340/545 [01:53<01:08,  2.99it/s]
Epoch 6/10:  63%|██████▎   | 341/545 [01:54<01:08,  2.99it/s]
Epoch 6/10:  63%|██████▎   | 342/545 [01:54<01:07,  2.99it/s]
Epoch 6/10:  63%|██████▎   | 343/545 [01:54<01:07,  2.99it/s]
Epoch 6/10:  63%|██████▎   | 344/545 [01:55<01:07,  2.99it/s]
Epoch 6/10:  63%|██████▎   | 345/545 [01:55<01:06,  2.99it/s]
Epoch 6/10:  63%|██████▎   | 346/545 [01:55<01:06,  2.99it/s]
Epoch 6/10:  64%|██████▎   | 347/545 [01:56<01:06,  2.99it/s]
Epoch 6/10:  64%|██████▍   | 348/545 [01:56<01:05,  2.99it/s]
Epoch 6/10:  64%|██████▍   | 349/545 [01:56<01:05,  2.99it/s]
Epoch 6/10:  64%|██████▍   | 350/545 [01:57<01:05,  2.99it/s]
Epoch 6/10:  64%|██████▍   | 351/545 [01:57<01:04,  2.99it/s]
Epoch 6/10:  65%|██████▍   | 352/545 [01:57<01:04,  2.99it/s]
Epoch 6/10:  65%|██████▍   | 353/545 [01:58<01:04,  2.99it/s]
Epoch 6/10:  65%|██████▍   | 354/545 [01:58<01:03,  2.99it/s]
Epoch 6/10:  65%|██████▌   | 355/545 [01:58<01:03,  2.99it/s]
Epoch 6/10:  65%|██████▌   | 356/545 [01:59<01:03,  2.99it/s]
Epoch 6/10:  66%|██████▌   | 357/545 [01:59<01:02,  2.99it/s]
Epoch 6/10:  66%|██████▌   | 358/545 [01:59<01:02,  2.99it/s]
Epoch 6/10:  66%|██████▌   | 359/545 [02:00<01:02,  2.99it/s]
Epoch 6/10:  66%|██████▌   | 360/545 [02:00<01:01,  2.99it/s]
Epoch 6/10:  66%|██████▌   | 361/545 [02:00<01:01,  2.97it/s]
Epoch 6/10:  66%|██████▋   | 362/545 [02:01<01:01,  2.97it/s]
Epoch 6/10:  67%|██████▋   | 363/545 [02:01<01:01,  2.98it/s]
Epoch 6/10:  67%|██████▋   | 364/545 [02:01<01:00,  2.98it/s]
Epoch 6/10:  67%|██████▋   | 365/545 [02:02<01:00,  2.98it/s]
Epoch 6/10:  67%|██████▋   | 366/545 [02:02<00:59,  2.99it/s]
Epoch 6/10:  67%|██████▋   | 367/545 [02:02<00:59,  2.99it/s]
Epoch 6/10:  68%|██████▊   | 368/545 [02:03<00:59,  2.99it/s]
Epoch 6/10:  68%|██████▊   | 369/545 [02:03<00:58,  2.99it/s]
Epoch 6/10:  68%|██████▊   | 370/545 [02:03<00:58,  2.99it/s]
Epoch 6/10:  68%|██████▊   | 371/545 [02:04<00:58,  2.99it/s]
Epoch 6/10:  68%|██████▊   | 372/545 [02:04<00:57,  2.99it/s]
Epoch 6/10:  68%|██████▊   | 373/545 [02:04<00:57,  2.99it/s]
Epoch 6/10:  69%|██████▊   | 374/545 [02:05<00:57,  2.99it/s]
Epoch 6/10:  69%|██████▉   | 375/545 [02:05<00:56,  2.99it/s]
Epoch 6/10:  69%|██████▉   | 376/545 [02:05<00:56,  2.99it/s]
Epoch 6/10:  69%|██████▉   | 377/545 [02:06<00:56,  2.99it/s]
Epoch 6/10:  69%|██████▉   | 378/545 [02:06<00:55,  2.99it/s]
Epoch 6/10:  70%|██████▉   | 379/545 [02:06<00:55,  2.99it/s]
Epoch 6/10:  70%|██████▉   | 380/545 [02:07<00:55,  2.99it/s]
Epoch 6/10:  70%|██████▉   | 381/545 [02:07<00:54,  2.99it/s]
Epoch 6/10:  70%|███████   | 382/545 [02:07<00:54,  2.99it/s]
Epoch 6/10:  70%|███████   | 383/545 [02:08<00:54,  2.99it/s]
Epoch 6/10:  70%|███████   | 384/545 [02:08<00:53,  2.99it/s]
Epoch 6/10:  71%|███████   | 385/545 [02:08<00:53,  2.99it/s]
Epoch 6/10:  71%|███████   | 386/545 [02:09<00:53,  2.99it/s]
Epoch 6/10:  71%|███████   | 387/545 [02:09<00:52,  2.99it/s]
Epoch 6/10:  71%|███████   | 388/545 [02:09<00:52,  2.99it/s]
Epoch 6/10:  71%|███████▏  | 389/545 [02:10<00:52,  2.99it/s]
Epoch 6/10:  72%|███████▏  | 390/545 [02:10<00:51,  2.99it/s]
Epoch 6/10:  72%|███████▏  | 391/545 [02:10<00:51,  2.99it/s]
Epoch 6/10:  72%|███████▏  | 392/545 [02:11<00:51,  2.99it/s]
Epoch 6/10:  72%|███████▏  | 393/545 [02:11<00:50,  2.99it/s]
Epoch 6/10:  72%|███████▏  | 394/545 [02:11<00:50,  2.99it/s]
Epoch 6/10:  72%|███████▏  | 395/545 [02:12<00:50,  2.99it/s]
Epoch 6/10:  73%|███████▎  | 396/545 [02:12<00:49,  2.99it/s]
Epoch 6/10:  73%|███████▎  | 397/545 [02:12<00:49,  2.99it/s]
Epoch 6/10:  73%|███████▎  | 398/545 [02:13<00:49,  2.99it/s]
Epoch 6/10:  73%|███████▎  | 399/545 [02:13<00:48,  2.99it/s]
Epoch 6/10:  73%|███████▎  | 400/545 [02:13<00:48,  2.99it/s]
Epoch 6/10:  74%|███████▎  | 401/545 [02:14<00:48,  2.99it/s]
Epoch 6/10:  74%|███████▍  | 402/545 [02:14<00:47,  2.99it/s]
Epoch 6/10:  74%|███████▍  | 403/545 [02:14<00:47,  2.99it/s]
Epoch 6/10:  74%|███████▍  | 404/545 [02:15<00:47,  2.99it/s]
Epoch 6/10:  74%|███████▍  | 405/545 [02:15<00:46,  2.99it/s]
Epoch 6/10:  74%|███████▍  | 406/545 [02:15<00:46,  2.99it/s]
Epoch 6/10:  75%|███████▍  | 407/545 [02:16<00:46,  2.99it/s]
Epoch 6/10:  75%|███████▍  | 408/545 [02:16<00:45,  2.99it/s]
Epoch 6/10:  75%|███████▌  | 409/545 [02:16<00:45,  2.99it/s]
Epoch 6/10:  75%|███████▌  | 410/545 [02:17<00:45,  2.99it/s]
Epoch 6/10:  75%|███████▌  | 411/545 [02:17<00:44,  2.99it/s]
Epoch 6/10:  76%|███████▌  | 412/545 [02:17<00:44,  2.99it/s]
Epoch 6/10:  76%|███████▌  | 413/545 [02:18<00:44,  2.99it/s]
Epoch 6/10:  76%|███████▌  | 414/545 [02:18<00:43,  2.99it/s]
Epoch 6/10:  76%|███████▌  | 415/545 [02:18<00:43,  2.99it/s]
Epoch 6/10:  76%|███████▋  | 416/545 [02:19<00:43,  2.99it/s]
Epoch 6/10:  77%|███████▋  | 417/545 [02:19<00:42,  2.99it/s]
Epoch 6/10:  77%|███████▋  | 418/545 [02:19<00:42,  2.99it/s]
Epoch 6/10:  77%|███████▋  | 419/545 [02:20<00:42,  2.99it/s]
Epoch 6/10:  77%|███████▋  | 420/545 [02:20<00:41,  2.99it/s]
Epoch 6/10:  77%|███████▋  | 421/545 [02:20<00:41,  2.99it/s]
Epoch 6/10:  77%|███████▋  | 422/545 [02:21<00:41,  2.99it/s]
Epoch 6/10:  78%|███████▊  | 423/545 [02:21<00:40,  2.99it/s]
Epoch 6/10:  78%|███████▊  | 424/545 [02:21<00:40,  2.99it/s]
Epoch 6/10:  78%|███████▊  | 425/545 [02:22<00:40,  2.99it/s]
Epoch 6/10:  78%|███████▊  | 426/545 [02:22<00:39,  2.99it/s]
Epoch 6/10:  78%|███████▊  | 427/545 [02:22<00:39,  2.99it/s]
Epoch 6/10:  79%|███████▊  | 428/545 [02:23<00:39,  2.99it/s]
Epoch 6/10:  79%|███████▊  | 429/545 [02:23<00:38,  2.99it/s]
Epoch 6/10:  79%|███████▉  | 430/545 [02:23<00:38,  2.99it/s]
Epoch 6/10:  79%|███████▉  | 431/545 [02:24<00:38,  2.99it/s]
Epoch 6/10:  79%|███████▉  | 432/545 [02:24<00:37,  2.99it/s]
Epoch 6/10:  79%|███████▉  | 433/545 [02:24<00:37,  2.99it/s]
Epoch 6/10:  80%|███████▉  | 434/545 [02:25<00:37,  2.99it/s]
Epoch 6/10:  80%|███████▉  | 435/545 [02:25<00:36,  2.99it/s]
Epoch 6/10:  80%|████████  | 436/545 [02:25<00:36,  2.99it/s]
Epoch 6/10:  80%|████████  | 437/545 [02:26<00:36,  2.99it/s]
Epoch 6/10:  80%|████████  | 438/545 [02:26<00:35,  2.99it/s]
Epoch 6/10:  81%|████████  | 439/545 [02:27<00:35,  2.99it/s]
Epoch 6/10:  81%|████████  | 440/545 [02:27<00:35,  2.99it/s]
Epoch 6/10:  81%|████████  | 441/545 [02:27<00:34,  2.99it/s]
Epoch 6/10:  81%|████████  | 442/545 [02:28<00:34,  2.99it/s]
Epoch 6/10:  81%|████████▏ | 443/545 [02:28<00:34,  2.99it/s]
Epoch 6/10:  81%|████████▏ | 444/545 [02:28<00:33,  2.99it/s]
Epoch 6/10:  82%|████████▏ | 445/545 [02:29<00:33,  2.99it/s]
Epoch 6/10:  82%|████████▏ | 446/545 [02:29<00:33,  2.99it/s]
Epoch 6/10:  82%|████████▏ | 447/545 [02:29<00:32,  2.99it/s]
Epoch 6/10:  82%|████████▏ | 448/545 [02:30<00:32,  2.99it/s]
Epoch 6/10:  82%|████████▏ | 449/545 [02:30<00:32,  2.99it/s]
Epoch 6/10:  83%|████████▎ | 450/545 [02:30<00:31,  2.99it/s]
Epoch 6/10:  83%|████████▎ | 451/545 [02:31<00:31,  2.99it/s]
Epoch 6/10:  83%|████████▎ | 452/545 [02:31<00:31,  2.99it/s]
Epoch 6/10:  83%|████████▎ | 453/545 [02:31<00:30,  2.99it/s]
Epoch 6/10:  83%|████████▎ | 454/545 [02:32<00:30,  2.99it/s]
Epoch 6/10:  83%|████████▎ | 455/545 [02:32<00:30,  2.99it/s]
Epoch 6/10:  84%|████████▎ | 456/545 [02:32<00:29,  2.99it/s]
Epoch 6/10:  84%|████████▍ | 457/545 [02:33<00:29,  2.99it/s]
Epoch 6/10:  84%|████████▍ | 458/545 [02:33<00:29,  2.99it/s]
Epoch 6/10:  84%|████████▍ | 459/545 [02:33<00:28,  2.99it/s]
Epoch 6/10:  84%|████████▍ | 460/545 [02:34<00:28,  2.99it/s]
Epoch 6/10:  85%|████████▍ | 461/545 [02:34<00:28,  2.99it/s]
Epoch 6/10:  85%|████████▍ | 462/545 [02:34<00:27,  2.99it/s]
Epoch 6/10:  85%|████████▍ | 463/545 [02:35<00:27,  2.99it/s]
Epoch 6/10:  85%|████████▌ | 464/545 [02:35<00:27,  2.99it/s]
Epoch 6/10:  85%|████████▌ | 465/545 [02:35<00:26,  2.99it/s]
Epoch 6/10:  86%|████████▌ | 466/545 [02:36<00:26,  2.99it/s]
Epoch 6/10:  86%|████████▌ | 467/545 [02:36<00:26,  2.99it/s]
Epoch 6/10:  86%|████████▌ | 468/545 [02:36<00:25,  2.99it/s]
Epoch 6/10:  86%|████████▌ | 469/545 [02:37<00:25,  2.99it/s]
Epoch 6/10:  86%|████████▌ | 470/545 [02:37<00:25,  2.99it/s]
Epoch 6/10:  86%|████████▋ | 471/545 [02:37<00:24,  2.99it/s]
Epoch 6/10:  87%|████████▋ | 472/545 [02:38<00:24,  2.99it/s]
Epoch 6/10:  87%|████████▋ | 473/545 [02:38<00:24,  2.99it/s]
Epoch 6/10:  87%|████████▋ | 474/545 [02:38<00:23,  2.99it/s]
Epoch 6/10:  87%|████████▋ | 475/545 [02:39<00:23,  2.99it/s]
Epoch 6/10:  87%|████████▋ | 476/545 [02:39<00:23,  2.99it/s]
Epoch 6/10:  88%|████████▊ | 477/545 [02:39<00:22,  2.99it/s]
Epoch 6/10:  88%|████████▊ | 478/545 [02:40<00:22,  2.99it/s]
Epoch 6/10:  88%|████████▊ | 479/545 [02:40<00:22,  2.99it/s]
Epoch 6/10:  88%|████████▊ | 480/545 [02:40<00:21,  2.99it/s]
Epoch 6/10:  88%|████████▊ | 481/545 [02:41<00:21,  2.99it/s]
Epoch 6/10:  88%|████████▊ | 482/545 [02:41<00:21,  2.99it/s]
Epoch 6/10:  89%|████████▊ | 483/545 [02:41<00:20,  2.99it/s]
Epoch 6/10:  89%|████████▉ | 484/545 [02:42<00:20,  2.99it/s]
Epoch 6/10:  89%|████████▉ | 485/545 [02:42<00:20,  2.99it/s]
Epoch 6/10:  89%|████████▉ | 486/545 [02:42<00:19,  2.99it/s]
Epoch 6/10:  89%|████████▉ | 487/545 [02:43<00:19,  2.99it/s]
Epoch 6/10:  90%|████████▉ | 488/545 [02:43<00:19,  2.99it/s]
Epoch 6/10:  90%|████████▉ | 489/545 [02:43<00:18,  2.99it/s]
Epoch 6/10:  90%|████████▉ | 490/545 [02:44<00:18,  2.99it/s]
Epoch 6/10:  90%|█████████ | 491/545 [02:44<00:18,  2.99it/s]
Epoch 6/10:  90%|█████████ | 492/545 [02:44<00:17,  2.99it/s]
Epoch 6/10:  90%|█████████ | 493/545 [02:45<00:17,  2.99it/s]
Epoch 6/10:  91%|█████████ | 494/545 [02:45<00:17,  2.99it/s]
Epoch 6/10:  91%|█████████ | 495/545 [02:45<00:16,  2.99it/s]
Epoch 6/10:  91%|█████████ | 496/545 [02:46<00:16,  2.99it/s]
Epoch 6/10:  91%|█████████ | 497/545 [02:46<00:16,  2.99it/s]
Epoch 6/10:  91%|█████████▏| 498/545 [02:46<00:15,  2.98it/s]
Epoch 6/10:  92%|█████████▏| 499/545 [02:47<00:15,  2.99it/s]
Epoch 6/10:  92%|█████████▏| 500/545 [02:47<00:15,  2.99it/s]
Epoch 6/10:  92%|█████████▏| 501/545 [02:47<00:14,  2.99it/s]
Epoch 6/10:  92%|█████████▏| 502/545 [02:48<00:14,  2.99it/s]
Epoch 6/10:  92%|█████████▏| 503/545 [02:48<00:14,  2.99it/s]
Epoch 6/10:  92%|█████████▏| 504/545 [02:48<00:13,  2.99it/s]
Epoch 6/10:  93%|█████████▎| 505/545 [02:49<00:13,  2.99it/s]
Epoch 6/10:  93%|█████████▎| 506/545 [02:49<00:13,  2.99it/s]
Epoch 6/10:  93%|█████████▎| 507/545 [02:49<00:12,  2.99it/s]
Epoch 6/10:  93%|█████████▎| 508/545 [02:50<00:12,  2.99it/s]
Epoch 6/10:  93%|█████████▎| 509/545 [02:50<00:12,  2.99it/s]
Epoch 6/10:  94%|█████████▎| 510/545 [02:50<00:11,  2.99it/s]
Epoch 6/10:  94%|█████████▍| 511/545 [02:51<00:11,  2.99it/s]
Epoch 6/10:  94%|█████████▍| 512/545 [02:51<00:11,  2.99it/s]
Epoch 6/10:  94%|█████████▍| 513/545 [02:51<00:10,  2.99it/s]
Epoch 6/10:  94%|█████████▍| 514/545 [02:52<00:10,  2.99it/s]
Epoch 6/10:  94%|█████████▍| 515/545 [02:52<00:10,  2.99it/s]
Epoch 6/10:  95%|█████████▍| 516/545 [02:52<00:09,  2.99it/s]
Epoch 6/10:  95%|█████████▍| 517/545 [02:53<00:09,  2.99it/s]
Epoch 6/10:  95%|█████████▌| 518/545 [02:53<00:09,  2.99it/s]
Epoch 6/10:  95%|█████████▌| 519/545 [02:53<00:08,  2.99it/s]
Epoch 6/10:  95%|█████████▌| 520/545 [02:54<00:08,  2.99it/s]
Epoch 6/10:  96%|█████████▌| 521/545 [02:54<00:08,  2.99it/s]
Epoch 6/10:  96%|█████████▌| 522/545 [02:54<00:07,  2.99it/s]
Epoch 6/10:  96%|█████████▌| 523/545 [02:55<00:07,  2.99it/s]
Epoch 6/10:  96%|█████████▌| 524/545 [02:55<00:07,  2.99it/s]
Epoch 6/10:  96%|█████████▋| 525/545 [02:55<00:06,  2.99it/s]
Epoch 6/10:  97%|█████████▋| 526/545 [02:56<00:06,  2.99it/s]
Epoch 6/10:  97%|█████████▋| 527/545 [02:56<00:06,  2.99it/s]
Epoch 6/10:  97%|█████████▋| 528/545 [02:56<00:05,  2.99it/s]
Epoch 6/10:  97%|█████████▋| 529/545 [02:57<00:05,  2.99it/s]
Epoch 6/10:  97%|█████████▋| 530/545 [02:57<00:05,  2.99it/s]
Epoch 6/10:  97%|█████████▋| 531/545 [02:57<00:04,  2.99it/s]
Epoch 6/10:  98%|█████████▊| 532/545 [02:58<00:04,  2.99it/s]
Epoch 6/10:  98%|█████████▊| 533/545 [02:58<00:04,  2.99it/s]
Epoch 6/10:  98%|█████████▊| 534/545 [02:58<00:03,  2.99it/s]
Epoch 6/10:  98%|█████████▊| 535/545 [02:59<00:03,  2.99it/s]
Epoch 6/10:  98%|█████████▊| 536/545 [02:59<00:03,  2.99it/s]
Epoch 6/10:  99%|█████████▊| 537/545 [02:59<00:02,  2.99it/s]
Epoch 6/10:  99%|█████████▊| 538/545 [03:00<00:02,  2.99it/s]
Epoch 6/10:  99%|█████████▉| 539/545 [03:00<00:02,  2.99it/s]
Epoch 6/10:  99%|█████████▉| 540/545 [03:00<00:01,  2.99it/s]
Epoch 6/10:  99%|█████████▉| 541/545 [03:01<00:01,  2.98it/s]
Epoch 6/10:  99%|█████████▉| 542/545 [03:01<00:01,  2.98it/s]
Epoch 6/10: 100%|█████████▉| 543/545 [03:01<00:00,  2.98it/s]
Epoch 6/10: 100%|█████████▉| 544/545 [03:02<00:00,  2.98it/s]
Epoch 6/10: 100%|██████████| 545/545 [03:02<00:00,  3.18it/s]
Epoch 6/10: 100%|██████████| 545/545 [03:02<00:00,  2.99it/s]

Epoch 7/10:   0%|          | 0/545 [00:00<?, ?it/s]
Epoch 7/10:   0%|          | 1/545 [00:00<03:19,  2.72it/s]
Epoch 7/10:   0%|          | 2/545 [00:00<03:09,  2.87it/s]
Epoch 7/10:   1%|          | 3/545 [00:01<03:05,  2.92it/s]
Epoch 7/10:   1%|          | 4/545 [00:01<03:03,  2.95it/s]
Epoch 7/10:   1%|          | 5/545 [00:01<03:02,  2.96it/s]
Epoch 7/10:   1%|          | 6/545 [00:02<03:01,  2.97it/s]
Epoch 7/10:   1%|▏         | 7/545 [00:02<03:00,  2.98it/s]
Epoch 7/10:   1%|▏         | 8/545 [00:02<03:00,  2.98it/s]
Epoch 7/10:   2%|▏         | 9/545 [00:03<02:59,  2.98it/s]
Epoch 7/10:   2%|▏         | 10/545 [00:03<02:59,  2.99it/s]
Epoch 7/10:   2%|▏         | 11/545 [00:03<02:58,  2.99it/s]
Epoch 7/10:   2%|▏         | 12/545 [00:04<02:58,  2.99it/s]
Epoch 7/10:   2%|▏         | 13/545 [00:04<02:58,  2.99it/s]
Epoch 7/10:   3%|▎         | 14/545 [00:04<02:57,  2.99it/s]
Epoch 7/10:   3%|▎         | 15/545 [00:05<02:57,  2.99it/s]
Epoch 7/10:   3%|▎         | 16/545 [00:05<02:57,  2.99it/s]
Epoch 7/10:   3%|▎         | 17/545 [00:05<02:56,  2.99it/s]
Epoch 7/10:   3%|▎         | 18/545 [00:06<02:56,  2.99it/s]
Epoch 7/10:   3%|▎         | 19/545 [00:06<02:56,  2.99it/s]
Epoch 7/10:   4%|▎         | 20/545 [00:06<02:55,  2.99it/s]
Epoch 7/10:   4%|▍         | 21/545 [00:07<02:55,  2.99it/s]
Epoch 7/10:   4%|▍         | 22/545 [00:07<02:54,  2.99it/s]
Epoch 7/10:   4%|▍         | 23/545 [00:07<02:54,  2.99it/s]
Epoch 7/10:   4%|▍         | 24/545 [00:08<02:54,  2.99it/s]
Epoch 7/10:   5%|▍         | 25/545 [00:08<02:53,  2.99it/s]
Epoch 7/10:   5%|▍         | 26/545 [00:08<02:53,  2.99it/s]
Epoch 7/10:   5%|▍         | 27/545 [00:09<02:53,  2.99it/s]
Epoch 7/10:   5%|▌         | 28/545 [00:09<02:52,  2.99it/s]
Epoch 7/10:   5%|▌         | 29/545 [00:09<02:52,  2.99it/s]
Epoch 7/10:   6%|▌         | 30/545 [00:10<02:52,  2.99it/s]
Epoch 7/10:   6%|▌         | 31/545 [00:10<02:51,  2.99it/s]
Epoch 7/10:   6%|▌         | 32/545 [00:10<02:51,  2.99it/s]
Epoch 7/10:   6%|▌         | 33/545 [00:11<02:51,  2.99it/s]
Epoch 7/10:   6%|▌         | 34/545 [00:11<02:50,  2.99it/s]
Epoch 7/10:   6%|▋         | 35/545 [00:11<02:50,  2.99it/s]
Epoch 7/10:   7%|▋         | 36/545 [00:12<02:50,  2.99it/s]
Epoch 7/10:   7%|▋         | 37/545 [00:12<02:49,  2.99it/s]
Epoch 7/10:   7%|▋         | 38/545 [00:12<02:49,  2.99it/s]
Epoch 7/10:   7%|▋         | 39/545 [00:13<02:49,  2.99it/s]
Epoch 7/10:   7%|▋         | 40/545 [00:13<02:48,  2.99it/s]
Epoch 7/10:   8%|▊         | 41/545 [00:13<02:48,  2.99it/s]
Epoch 7/10:   8%|▊         | 42/545 [00:14<02:48,  2.99it/s]
Epoch 7/10:   8%|▊         | 43/545 [00:14<02:47,  2.99it/s]
Epoch 7/10:   8%|▊         | 44/545 [00:14<02:47,  2.99it/s]
Epoch 7/10:   8%|▊         | 45/545 [00:15<02:47,  2.99it/s]
Epoch 7/10:   8%|▊         | 46/545 [00:15<02:46,  2.99it/s]
Epoch 7/10:   9%|▊         | 47/545 [00:15<02:46,  2.99it/s]
Epoch 7/10:   9%|▉         | 48/545 [00:16<02:46,  2.99it/s]
Epoch 7/10:   9%|▉         | 49/545 [00:16<02:45,  2.99it/s]
Epoch 7/10:   9%|▉         | 50/545 [00:16<02:45,  2.99it/s]
Epoch 7/10:   9%|▉         | 51/545 [00:17<02:45,  2.99it/s]
Epoch 7/10:  10%|▉         | 52/545 [00:17<02:44,  2.99it/s]
Epoch 7/10:  10%|▉         | 53/545 [00:17<02:44,  2.99it/s]
Epoch 7/10:  10%|▉         | 54/545 [00:18<02:44,  2.99it/s]
Epoch 7/10:  10%|█         | 55/545 [00:18<02:43,  2.99it/s]
Epoch 7/10:  10%|█         | 56/545 [00:18<02:43,  2.99it/s]
Epoch 7/10:  10%|█         | 57/545 [00:19<02:43,  2.99it/s]
Epoch 7/10:  11%|█         | 58/545 [00:19<02:42,  2.99it/s]
Epoch 7/10:  11%|█         | 59/545 [00:19<02:42,  2.99it/s]
Epoch 7/10:  11%|█         | 60/545 [00:20<02:42,  2.99it/s]
Epoch 7/10:  11%|█         | 61/545 [00:20<02:41,  2.99it/s]
Epoch 7/10:  11%|█▏        | 62/545 [00:20<02:41,  2.99it/s]
Epoch 7/10:  12%|█▏        | 63/545 [00:21<02:41,  2.99it/s]
Epoch 7/10:  12%|█▏        | 64/545 [00:21<02:40,  2.99it/s]
Epoch 7/10:  12%|█▏        | 65/545 [00:21<02:40,  2.99it/s]
Epoch 7/10:  12%|█▏        | 66/545 [00:22<02:40,  2.99it/s]
Epoch 7/10:  12%|█▏        | 67/545 [00:22<02:39,  2.99it/s]
Epoch 7/10:  12%|█▏        | 68/545 [00:22<02:39,  2.99it/s]
Epoch 7/10:  13%|█▎        | 69/545 [00:23<02:39,  2.99it/s]
Epoch 7/10:  13%|█▎        | 70/545 [00:23<02:38,  2.99it/s]
Epoch 7/10:  13%|█▎        | 71/545 [00:23<02:38,  2.99it/s]
Epoch 7/10:  13%|█▎        | 72/545 [00:24<02:38,  2.99it/s]
Epoch 7/10:  13%|█▎        | 73/545 [00:24<02:37,  2.99it/s]
Epoch 7/10:  14%|█▎        | 74/545 [00:24<02:37,  2.99it/s]
Epoch 7/10:  14%|█▍        | 75/545 [00:25<02:37,  2.99it/s]
Epoch 7/10:  14%|█▍        | 76/545 [00:25<02:36,  2.99it/s]
Epoch 7/10:  14%|█▍        | 77/545 [00:25<02:36,  2.99it/s]
Epoch 7/10:  14%|█▍        | 78/545 [00:26<02:36,  2.99it/s]
Epoch 7/10:  14%|█▍        | 79/545 [00:26<02:35,  2.99it/s]
Epoch 7/10:  15%|█▍        | 80/545 [00:26<02:35,  2.99it/s]
Epoch 7/10:  15%|█▍        | 81/545 [00:27<02:35,  2.99it/s]
Epoch 7/10:  15%|█▌        | 82/545 [00:27<02:34,  2.99it/s]
Epoch 7/10:  15%|█▌        | 83/545 [00:27<02:34,  2.99it/s]
Epoch 7/10:  15%|█▌        | 84/545 [00:28<02:34,  2.99it/s]
Epoch 7/10:  16%|█▌        | 85/545 [00:28<02:33,  2.99it/s]
Epoch 7/10:  16%|█▌        | 86/545 [00:28<02:33,  2.99it/s]
Epoch 7/10:  16%|█▌        | 87/545 [00:29<02:33,  2.99it/s]
Epoch 7/10:  16%|█▌        | 88/545 [00:29<02:32,  2.99it/s]
Epoch 7/10:  16%|█▋        | 89/545 [00:29<02:32,  2.99it/s]
Epoch 7/10:  17%|█▋        | 90/545 [00:30<02:32,  2.99it/s]
Epoch 7/10:  17%|█▋        | 91/545 [00:30<02:31,  2.99it/s]
Epoch 7/10:  17%|█▋        | 92/545 [00:30<02:31,  2.99it/s]
Epoch 7/10:  17%|█▋        | 93/545 [00:31<02:31,  2.99it/s]
Epoch 7/10:  17%|█▋        | 94/545 [00:31<02:30,  2.99it/s]
Epoch 7/10:  17%|█▋        | 95/545 [00:31<02:30,  2.99it/s]
Epoch 7/10:  18%|█▊        | 96/545 [00:32<02:30,  2.99it/s]
Epoch 7/10:  18%|█▊        | 97/545 [00:32<02:30,  2.99it/s]
Epoch 7/10:  18%|█▊        | 98/545 [00:32<02:29,  2.99it/s]
Epoch 7/10:  18%|█▊        | 99/545 [00:33<02:29,  2.99it/s]
Epoch 7/10:  18%|█▊        | 100/545 [00:33<02:28,  2.99it/s]
Epoch 7/10:  19%|█▊        | 101/545 [00:33<02:28,  2.99it/s]
Epoch 7/10:  19%|█▊        | 102/545 [00:34<02:28,  2.99it/s]
Epoch 7/10:  19%|█▉        | 103/545 [00:34<02:27,  2.99it/s]
Epoch 7/10:  19%|█▉        | 104/545 [00:34<02:27,  2.99it/s]
Epoch 7/10:  19%|█▉        | 105/545 [00:35<02:27,  2.99it/s]
Epoch 7/10:  19%|█▉        | 106/545 [00:35<02:26,  2.99it/s]
Epoch 7/10:  20%|█▉        | 107/545 [00:35<02:26,  2.99it/s]
Epoch 7/10:  20%|█▉        | 108/545 [00:36<02:26,  2.99it/s]
Epoch 7/10:  20%|██        | 109/545 [00:36<02:25,  2.99it/s]
Epoch 7/10:  20%|██        | 110/545 [00:36<02:25,  2.99it/s]
Epoch 7/10:  20%|██        | 111/545 [00:37<02:25,  2.99it/s]
Epoch 7/10:  21%|██        | 112/545 [00:37<02:24,  2.99it/s]
Epoch 7/10:  21%|██        | 113/545 [00:37<02:24,  2.99it/s]
Epoch 7/10:  21%|██        | 114/545 [00:38<02:24,  2.99it/s]
Epoch 7/10:  21%|██        | 115/545 [00:38<02:23,  2.99it/s]
Epoch 7/10:  21%|██▏       | 116/545 [00:38<02:23,  2.99it/s]
Epoch 7/10:  21%|██▏       | 117/545 [00:39<02:23,  2.99it/s]
Epoch 7/10:  22%|██▏       | 118/545 [00:39<02:22,  2.99it/s]
Epoch 7/10:  22%|██▏       | 119/545 [00:39<02:22,  2.99it/s]
Epoch 7/10:  22%|██▏       | 120/545 [00:40<02:22,  2.99it/s]
Epoch 7/10:  22%|██▏       | 121/545 [00:40<02:21,  2.99it/s]
Epoch 7/10:  22%|██▏       | 122/545 [00:40<02:21,  2.99it/s]
Epoch 7/10:  23%|██▎       | 123/545 [00:41<02:21,  2.99it/s]
Epoch 7/10:  23%|██▎       | 124/545 [00:41<02:20,  2.99it/s]
Epoch 7/10:  23%|██▎       | 125/545 [00:41<02:20,  2.99it/s]
Epoch 7/10:  23%|██▎       | 126/545 [00:42<02:20,  2.99it/s]
Epoch 7/10:  23%|██▎       | 127/545 [00:42<02:19,  2.99it/s]
Epoch 7/10:  23%|██▎       | 128/545 [00:42<02:19,  2.99it/s]
Epoch 7/10:  24%|██▎       | 129/545 [00:43<02:19,  2.99it/s]
Epoch 7/10:  24%|██▍       | 130/545 [00:43<02:18,  2.99it/s]
Epoch 7/10:  24%|██▍       | 131/545 [00:43<02:18,  2.99it/s]
Epoch 7/10:  24%|██▍       | 132/545 [00:44<02:18,  2.99it/s]
Epoch 7/10:  24%|██▍       | 133/545 [00:44<02:17,  2.99it/s]
Epoch 7/10:  25%|██▍       | 134/545 [00:44<02:17,  2.99it/s]
Epoch 7/10:  25%|██▍       | 135/545 [00:45<02:17,  2.99it/s]
Epoch 7/10:  25%|██▍       | 136/545 [00:45<02:16,  2.99it/s]
Epoch 7/10:  25%|██▌       | 137/545 [00:45<02:16,  2.99it/s]
Epoch 7/10:  25%|██▌       | 138/545 [00:46<02:16,  2.99it/s]
Epoch 7/10:  26%|██▌       | 139/545 [00:46<02:15,  2.99it/s]
Epoch 7/10:  26%|██▌       | 140/545 [00:46<02:15,  2.99it/s]
Epoch 7/10:  26%|██▌       | 141/545 [00:47<02:15,  2.99it/s]
Epoch 7/10:  26%|██▌       | 142/545 [00:47<02:14,  2.99it/s]
Epoch 7/10:  26%|██▌       | 143/545 [00:47<02:14,  2.99it/s]
Epoch 7/10:  26%|██▋       | 144/545 [00:48<02:14,  2.99it/s]
Epoch 7/10:  27%|██▋       | 145/545 [00:48<02:13,  2.99it/s]
Epoch 7/10:  27%|██▋       | 146/545 [00:48<02:13,  2.99it/s]
Epoch 7/10:  27%|██▋       | 147/545 [00:49<02:13,  2.99it/s]
Epoch 7/10:  27%|██▋       | 148/545 [00:49<02:12,  2.99it/s]
Epoch 7/10:  27%|██▋       | 149/545 [00:49<02:12,  2.99it/s]
Epoch 7/10:  28%|██▊       | 150/545 [00:50<02:12,  2.99it/s]
Epoch 7/10:  28%|██▊       | 151/545 [00:50<02:11,  2.99it/s]
Epoch 7/10:  28%|██▊       | 152/545 [00:50<02:11,  2.99it/s]
Epoch 7/10:  28%|██▊       | 153/545 [00:51<02:11,  2.99it/s]
Epoch 7/10:  28%|██▊       | 154/545 [00:51<02:10,  2.99it/s]
Epoch 7/10:  28%|██▊       | 155/545 [00:51<02:10,  2.99it/s]
Epoch 7/10:  29%|██▊       | 156/545 [00:52<02:10,  2.99it/s]
Epoch 7/10:  29%|██▉       | 157/545 [00:52<02:09,  2.99it/s]
Epoch 7/10:  29%|██▉       | 158/545 [00:52<02:09,  2.99it/s]
Epoch 7/10:  29%|██▉       | 159/545 [00:53<02:09,  2.99it/s]
Epoch 7/10:  29%|██▉       | 160/545 [00:53<02:08,  2.99it/s]
Epoch 7/10:  30%|██▉       | 161/545 [00:53<02:08,  2.99it/s]
Epoch 7/10:  30%|██▉       | 162/545 [00:54<02:08,  2.99it/s]
Epoch 7/10:  30%|██▉       | 163/545 [00:54<02:07,  2.99it/s]
Epoch 7/10:  30%|███       | 164/545 [00:54<02:07,  2.99it/s]
Epoch 7/10:  30%|███       | 165/545 [00:55<02:07,  2.99it/s]
Epoch 7/10:  30%|███       | 166/545 [00:55<02:06,  2.99it/s]
Epoch 7/10:  31%|███       | 167/545 [00:55<02:06,  2.99it/s]
Epoch 7/10:  31%|███       | 168/545 [00:56<02:06,  2.99it/s]
Epoch 7/10:  31%|███       | 169/545 [00:56<02:05,  2.99it/s]
Epoch 7/10:  31%|███       | 170/545 [00:56<02:05,  2.99it/s]
Epoch 7/10:  31%|███▏      | 171/545 [00:57<02:05,  2.99it/s]
Epoch 7/10:  32%|███▏      | 172/545 [00:57<02:04,  2.99it/s]
Epoch 7/10:  32%|███▏      | 173/545 [00:57<02:04,  2.99it/s]
Epoch 7/10:  32%|███▏      | 174/545 [00:58<02:04,  2.99it/s]
Epoch 7/10:  32%|███▏      | 175/545 [00:58<02:03,  2.99it/s]
Epoch 7/10:  32%|███▏      | 176/545 [00:58<02:03,  2.99it/s]
Epoch 7/10:  32%|███▏      | 177/545 [00:59<02:03,  2.99it/s]
Epoch 7/10:  33%|███▎      | 178/545 [00:59<02:02,  2.99it/s]
Epoch 7/10:  33%|███▎      | 179/545 [00:59<02:02,  2.99it/s]
Epoch 7/10:  33%|███▎      | 180/545 [01:00<02:02,  2.99it/s]
Epoch 7/10:  33%|███▎      | 181/545 [01:00<02:02,  2.98it/s]
Epoch 7/10:  33%|███▎      | 182/545 [01:00<02:01,  2.98it/s]
Epoch 7/10:  34%|███▎      | 183/545 [01:01<02:01,  2.98it/s]
Epoch 7/10:  34%|███▍      | 184/545 [01:01<02:00,  2.98it/s]
Epoch 7/10:  34%|███▍      | 185/545 [01:01<02:00,  2.99it/s]
Epoch 7/10:  34%|███▍      | 186/545 [01:02<02:00,  2.99it/s]
Epoch 7/10:  34%|███▍      | 187/545 [01:02<01:59,  2.99it/s]
Epoch 7/10:  34%|███▍      | 188/545 [01:02<01:59,  2.99it/s]
Epoch 7/10:  35%|███▍      | 189/545 [01:03<01:59,  2.99it/s]
Epoch 7/10:  35%|███▍      | 190/545 [01:03<01:58,  2.99it/s]
Epoch 7/10:  35%|███▌      | 191/545 [01:03<01:58,  2.99it/s]
Epoch 7/10:  35%|███▌      | 192/545 [01:04<01:58,  2.99it/s]
Epoch 7/10:  35%|███▌      | 193/545 [01:04<01:57,  2.99it/s]
Epoch 7/10:  36%|███▌      | 194/545 [01:04<01:57,  2.99it/s]
Epoch 7/10:  36%|███▌      | 195/545 [01:05<01:57,  2.99it/s]
Epoch 7/10:  36%|███▌      | 196/545 [01:05<01:56,  2.99it/s]
Epoch 7/10:  36%|███▌      | 197/545 [01:05<01:56,  2.99it/s]
Epoch 7/10:  36%|███▋      | 198/545 [01:06<01:56,  2.99it/s]
Epoch 7/10:  37%|███▋      | 199/545 [01:06<01:55,  2.99it/s]
Epoch 7/10:  37%|███▋      | 200/545 [01:06<01:55,  2.99it/s]
Epoch 7/10:  37%|███▋      | 201/545 [01:07<01:55,  2.99it/s]
Epoch 7/10:  37%|███▋      | 202/545 [01:07<01:54,  2.99it/s]
Epoch 7/10:  37%|███▋      | 203/545 [01:07<01:54,  2.99it/s]
Epoch 7/10:  37%|███▋      | 204/545 [01:08<01:54,  2.99it/s]
Epoch 7/10:  38%|███▊      | 205/545 [01:08<01:53,  2.99it/s]
Epoch 7/10:  38%|███▊      | 206/545 [01:08<01:53,  2.99it/s]
Epoch 7/10:  38%|███▊      | 207/545 [01:09<01:53,  2.99it/s]
Epoch 7/10:  38%|███▊      | 208/545 [01:09<01:52,  2.99it/s]
Epoch 7/10:  38%|███▊      | 209/545 [01:09<01:52,  2.99it/s]
Epoch 7/10:  39%|███▊      | 210/545 [01:10<01:52,  2.99it/s]
Epoch 7/10:  39%|███▊      | 211/545 [01:10<01:51,  2.99it/s]
Epoch 7/10:  39%|███▉      | 212/545 [01:10<01:51,  2.99it/s]
Epoch 7/10:  39%|███▉      | 213/545 [01:11<01:51,  2.99it/s]
Epoch 7/10:  39%|███▉      | 214/545 [01:11<01:50,  2.99it/s]
Epoch 7/10:  39%|███▉      | 215/545 [01:11<01:50,  2.99it/s]
Epoch 7/10:  40%|███▉      | 216/545 [01:12<01:50,  2.99it/s]
Epoch 7/10:  40%|███▉      | 217/545 [01:12<01:49,  2.99it/s]
Epoch 7/10:  40%|████      | 218/545 [01:12<01:49,  2.99it/s]
Epoch 7/10:  40%|████      | 219/545 [01:13<01:49,  2.99it/s]
Epoch 7/10:  40%|████      | 220/545 [01:13<01:48,  2.99it/s]
Epoch 7/10:  41%|████      | 221/545 [01:13<01:48,  2.99it/s]
Epoch 7/10:  41%|████      | 222/545 [01:14<01:48,  2.99it/s]
Epoch 7/10:  41%|████      | 223/545 [01:14<01:47,  2.99it/s]
Epoch 7/10:  41%|████      | 224/545 [01:14<01:47,  2.99it/s]
Epoch 7/10:  41%|████▏     | 225/545 [01:15<01:47,  2.99it/s]
Epoch 7/10:  41%|████▏     | 226/545 [01:15<01:46,  2.99it/s]
Epoch 7/10:  42%|████▏     | 227/545 [01:15<01:46,  2.99it/s]
Epoch 7/10:  42%|████▏     | 228/545 [01:16<01:46,  2.99it/s]
Epoch 7/10:  42%|████▏     | 229/545 [01:16<01:45,  2.99it/s]
Epoch 7/10:  42%|████▏     | 230/545 [01:17<01:45,  2.99it/s]
Epoch 7/10:  42%|████▏     | 231/545 [01:17<01:45,  2.99it/s]
Epoch 7/10:  43%|████▎     | 232/545 [01:17<01:44,  2.99it/s]
Epoch 7/10:  43%|████▎     | 233/545 [01:18<01:44,  2.99it/s]
Epoch 7/10:  43%|████▎     | 234/545 [01:18<01:44,  2.99it/s]
Epoch 7/10:  43%|████▎     | 235/545 [01:18<01:43,  2.99it/s]
Epoch 7/10:  43%|████▎     | 236/545 [01:19<01:43,  2.99it/s]
Epoch 7/10:  43%|████▎     | 237/545 [01:19<01:43,  2.99it/s]
Epoch 7/10:  44%|████▎     | 238/545 [01:19<01:42,  2.99it/s]
Epoch 7/10:  44%|████▍     | 239/545 [01:20<01:42,  2.99it/s]
Epoch 7/10:  44%|████▍     | 240/545 [01:20<01:42,  2.99it/s]
Epoch 7/10:  44%|████▍     | 241/545 [01:20<01:41,  2.99it/s]
Epoch 7/10:  44%|████▍     | 242/545 [01:21<01:41,  2.99it/s]
Epoch 7/10:  45%|████▍     | 243/545 [01:21<01:41,  2.99it/s]
Epoch 7/10:  45%|████▍     | 244/545 [01:21<01:40,  2.99it/s]
Epoch 7/10:  45%|████▍     | 245/545 [01:22<01:40,  2.99it/s]
Epoch 7/10:  45%|████▌     | 246/545 [01:22<01:40,  2.99it/s]
Epoch 7/10:  45%|████▌     | 247/545 [01:22<01:39,  2.99it/s]
Epoch 7/10:  46%|████▌     | 248/545 [01:23<01:39,  2.99it/s]
Epoch 7/10:  46%|████▌     | 249/545 [01:23<01:39,  2.99it/s]
Epoch 7/10:  46%|████▌     | 250/545 [01:23<01:38,  2.99it/s]
Epoch 7/10:  46%|████▌     | 251/545 [01:24<01:38,  2.99it/s]
Epoch 7/10:  46%|████▌     | 252/545 [01:24<01:38,  2.99it/s]
Epoch 7/10:  46%|████▋     | 253/545 [01:24<01:37,  2.99it/s]
Epoch 7/10:  47%|████▋     | 254/545 [01:25<01:37,  2.99it/s]
Epoch 7/10:  47%|████▋     | 255/545 [01:25<01:37,  2.99it/s]
Epoch 7/10:  47%|████▋     | 256/545 [01:25<01:36,  2.99it/s]
Epoch 7/10:  47%|████▋     | 257/545 [01:26<01:36,  2.99it/s]
Epoch 7/10:  47%|████▋     | 258/545 [01:26<01:36,  2.99it/s]
Epoch 7/10:  48%|████▊     | 259/545 [01:26<01:35,  2.99it/s]
Epoch 7/10:  48%|████▊     | 260/545 [01:27<01:35,  2.99it/s]
Epoch 7/10:  48%|████▊     | 261/545 [01:27<01:35,  2.99it/s]
Epoch 7/10:  48%|████▊     | 262/545 [01:27<01:34,  2.99it/s]
Epoch 7/10:  48%|████▊     | 263/545 [01:28<01:34,  2.99it/s]
Epoch 7/10:  48%|████▊     | 264/545 [01:28<01:34,  2.99it/s]
Epoch 7/10:  49%|████▊     | 265/545 [01:28<01:33,  2.99it/s]
Epoch 7/10:  49%|████▉     | 266/545 [01:29<01:33,  2.99it/s]
Epoch 7/10:  49%|████▉     | 267/545 [01:29<01:33,  2.99it/s]
Epoch 7/10:  49%|████▉     | 268/545 [01:29<01:32,  2.99it/s]
Epoch 7/10:  49%|████▉     | 269/545 [01:30<01:32,  2.99it/s]
Epoch 7/10:  50%|████▉     | 270/545 [01:30<01:32,  2.99it/s]
Epoch 7/10:  50%|████▉     | 271/545 [01:30<01:31,  2.99it/s]
Epoch 7/10:  50%|████▉     | 272/545 [01:31<01:31,  2.99it/s]
Epoch 7/10:  50%|█████     | 273/545 [01:31<01:31,  2.99it/s]
Epoch 7/10:  50%|█████     | 274/545 [01:31<01:30,  2.99it/s]
Epoch 7/10:  50%|█████     | 275/545 [01:32<01:30,  2.99it/s]
Epoch 7/10:  51%|█████     | 276/545 [01:32<01:30,  2.99it/s]
Epoch 7/10:  51%|█████     | 277/545 [01:32<01:29,  2.99it/s]
Epoch 7/10:  51%|█████     | 278/545 [01:33<01:29,  2.99it/s]
Epoch 7/10:  51%|█████     | 279/545 [01:33<01:29,  2.99it/s]
Epoch 7/10:  51%|█████▏    | 280/545 [01:33<01:28,  2.99it/s]
Epoch 7/10:  52%|█████▏    | 281/545 [01:34<01:28,  2.99it/s]
Epoch 7/10:  52%|█████▏    | 282/545 [01:34<01:28,  2.99it/s]
Epoch 7/10:  52%|█████▏    | 283/545 [01:34<01:27,  2.99it/s]
Epoch 7/10:  52%|█████▏    | 284/545 [01:35<01:27,  2.99it/s]
Epoch 7/10:  52%|█████▏    | 285/545 [01:35<01:26,  2.99it/s]
Epoch 7/10:  52%|█████▏    | 286/545 [01:35<01:26,  2.99it/s]
Epoch 7/10:  53%|█████▎    | 287/545 [01:36<01:26,  2.99it/s]
Epoch 7/10:  53%|█████▎    | 288/545 [01:36<01:26,  2.99it/s]
Epoch 7/10:  53%|█████▎    | 289/545 [01:36<01:25,  2.99it/s]
Epoch 7/10:  53%|█████▎    | 290/545 [01:37<01:25,  2.99it/s]
Epoch 7/10:  53%|█████▎    | 291/545 [01:37<01:24,  2.99it/s]
Epoch 7/10:  54%|█████▎    | 292/545 [01:37<01:24,  2.99it/s]
Epoch 7/10:  54%|█████▍    | 293/545 [01:38<01:24,  2.99it/s]
Epoch 7/10:  54%|█████▍    | 294/545 [01:38<01:23,  2.99it/s]
Epoch 7/10:  54%|█████▍    | 295/545 [01:38<01:23,  2.99it/s]
Epoch 7/10:  54%|█████▍    | 296/545 [01:39<01:23,  2.99it/s]
Epoch 7/10:  54%|█████▍    | 297/545 [01:39<01:22,  2.99it/s]
Epoch 7/10:  55%|█████▍    | 298/545 [01:39<01:22,  2.99it/s]
Epoch 7/10:  55%|█████▍    | 299/545 [01:40<01:22,  2.99it/s]
Epoch 7/10:  55%|█████▌    | 300/545 [01:40<01:21,  2.99it/s]
Epoch 7/10:  55%|█████▌    | 301/545 [01:40<01:21,  2.99it/s]
Epoch 7/10:  55%|█████▌    | 302/545 [01:41<01:21,  2.99it/s]
Epoch 7/10:  56%|█████▌    | 303/545 [01:41<01:21,  2.99it/s]
Epoch 7/10:  56%|█████▌    | 304/545 [01:41<01:20,  2.99it/s]
Epoch 7/10:  56%|█████▌    | 305/545 [01:42<01:20,  2.99it/s]
Epoch 7/10:  56%|█████▌    | 306/545 [01:42<01:19,  2.99it/s]
Epoch 7/10:  56%|█████▋    | 307/545 [01:42<01:19,  2.99it/s]
Epoch 7/10:  57%|█████▋    | 308/545 [01:43<01:19,  2.99it/s]
Epoch 7/10:  57%|█████▋    | 309/545 [01:43<01:18,  2.99it/s]
Epoch 7/10:  57%|█████▋    | 310/545 [01:43<01:18,  2.99it/s]
Epoch 7/10:  57%|█████▋    | 311/545 [01:44<01:18,  2.99it/s]
Epoch 7/10:  57%|█████▋    | 312/545 [01:44<01:17,  2.99it/s]
Epoch 7/10:  57%|█████▋    | 313/545 [01:44<01:17,  2.99it/s]
Epoch 7/10:  58%|█████▊    | 314/545 [01:45<01:17,  2.99it/s]
Epoch 7/10:  58%|█████▊    | 315/545 [01:45<01:16,  2.99it/s]
Epoch 7/10:  58%|█████▊    | 316/545 [01:45<01:16,  2.99it/s]
Epoch 7/10:  58%|█████▊    | 317/545 [01:46<01:16,  2.99it/s]
Epoch 7/10:  58%|█████▊    | 318/545 [01:46<01:15,  2.99it/s]
Epoch 7/10:  59%|█████▊    | 319/545 [01:46<01:15,  2.99it/s]
Epoch 7/10:  59%|█████▊    | 320/545 [01:47<01:15,  2.99it/s]
Epoch 7/10:  59%|█████▉    | 321/545 [01:47<01:14,  2.99it/s]
Epoch 7/10:  59%|█████▉    | 322/545 [01:47<01:14,  2.99it/s]
Epoch 7/10:  59%|█████▉    | 323/545 [01:48<01:14,  2.99it/s]
Epoch 7/10:  59%|█████▉    | 324/545 [01:48<01:13,  2.99it/s]
Epoch 7/10:  60%|█████▉    | 325/545 [01:48<01:13,  2.99it/s]
Epoch 7/10:  60%|█████▉    | 326/545 [01:49<01:13,  2.99it/s]
Epoch 7/10:  60%|██████    | 327/545 [01:49<01:12,  2.99it/s]
Epoch 7/10:  60%|██████    | 328/545 [01:49<01:12,  2.99it/s]
Epoch 7/10:  60%|██████    | 329/545 [01:50<01:12,  2.99it/s]
Epoch 7/10:  61%|██████    | 330/545 [01:50<01:11,  2.99it/s]
Epoch 7/10:  61%|██████    | 331/545 [01:50<01:11,  2.99it/s]
Epoch 7/10:  61%|██████    | 332/545 [01:51<01:11,  2.99it/s]
Epoch 7/10:  61%|██████    | 333/545 [01:51<01:10,  2.99it/s]
Epoch 7/10:  61%|██████▏   | 334/545 [01:51<01:10,  2.99it/s]
Epoch 7/10:  61%|██████▏   | 335/545 [01:52<01:10,  2.99it/s]
Epoch 7/10:  62%|██████▏   | 336/545 [01:52<01:09,  2.99it/s]
Epoch 7/10:  62%|██████▏   | 337/545 [01:52<01:09,  2.99it/s]
Epoch 7/10:  62%|██████▏   | 338/545 [01:53<01:09,  2.99it/s]
Epoch 7/10:  62%|██████▏   | 339/545 [01:53<01:08,  2.99it/s]
Epoch 7/10:  62%|██████▏   | 340/545 [01:53<01:08,  2.99it/s]
Epoch 7/10:  63%|██████▎   | 341/545 [01:54<01:08,  2.99it/s]
Epoch 7/10:  63%|██████▎   | 342/545 [01:54<01:07,  2.99it/s]
Epoch 7/10:  63%|██████▎   | 343/545 [01:54<01:07,  2.99it/s]
Epoch 7/10:  63%|██████▎   | 344/545 [01:55<01:07,  2.99it/s]
Epoch 7/10:  63%|██████▎   | 345/545 [01:55<01:06,  2.99it/s]
Epoch 7/10:  63%|██████▎   | 346/545 [01:55<01:06,  2.99it/s]
Epoch 7/10:  64%|██████▎   | 347/545 [01:56<01:06,  2.99it/s]
Epoch 7/10:  64%|██████▍   | 348/545 [01:56<01:05,  2.99it/s]
Epoch 7/10:  64%|██████▍   | 349/545 [01:56<01:05,  2.99it/s]
Epoch 7/10:  64%|██████▍   | 350/545 [01:57<01:05,  2.99it/s]
Epoch 7/10:  64%|██████▍   | 351/545 [01:57<01:04,  2.99it/s]
Epoch 7/10:  65%|██████▍   | 352/545 [01:57<01:04,  2.99it/s]
Epoch 7/10:  65%|██████▍   | 353/545 [01:58<01:04,  2.99it/s]
Epoch 7/10:  65%|██████▍   | 354/545 [01:58<01:03,  2.99it/s]
Epoch 7/10:  65%|██████▌   | 355/545 [01:58<01:03,  2.99it/s]
Epoch 7/10:  65%|██████▌   | 356/545 [01:59<01:03,  2.99it/s]
Epoch 7/10:  66%|██████▌   | 357/545 [01:59<01:02,  2.99it/s]
Epoch 7/10:  66%|██████▌   | 358/545 [01:59<01:02,  2.99it/s]
Epoch 7/10:  66%|██████▌   | 359/545 [02:00<01:02,  2.99it/s]
Epoch 7/10:  66%|██████▌   | 360/545 [02:00<01:01,  2.99it/s]
Epoch 7/10:  66%|██████▌   | 361/545 [02:00<01:01,  2.97it/s]
Epoch 7/10:  66%|██████▋   | 362/545 [02:01<01:01,  2.98it/s]
Epoch 7/10:  67%|██████▋   | 363/545 [02:01<01:01,  2.98it/s]
Epoch 7/10:  67%|██████▋   | 364/545 [02:01<01:00,  2.98it/s]
Epoch 7/10:  67%|██████▋   | 365/545 [02:02<01:00,  2.98it/s]
Epoch 7/10:  67%|██████▋   | 366/545 [02:02<00:59,  2.99it/s]
Epoch 7/10:  67%|██████▋   | 367/545 [02:02<00:59,  2.99it/s]
Epoch 7/10:  68%|██████▊   | 368/545 [02:03<00:59,  2.99it/s]
Epoch 7/10:  68%|██████▊   | 369/545 [02:03<00:58,  2.99it/s]
Epoch 7/10:  68%|██████▊   | 370/545 [02:03<00:58,  2.99it/s]
Epoch 7/10:  68%|██████▊   | 371/545 [02:04<00:58,  2.99it/s]
Epoch 7/10:  68%|██████▊   | 372/545 [02:04<00:57,  2.99it/s]
Epoch 7/10:  68%|██████▊   | 373/545 [02:04<00:57,  2.99it/s]
Epoch 7/10:  69%|██████▊   | 374/545 [02:05<00:57,  2.99it/s]
Epoch 7/10:  69%|██████▉   | 375/545 [02:05<00:56,  2.99it/s]
Epoch 7/10:  69%|██████▉   | 376/545 [02:05<00:56,  2.99it/s]
Epoch 7/10:  69%|██████▉   | 377/545 [02:06<00:56,  2.99it/s]
Epoch 7/10:  69%|██████▉   | 378/545 [02:06<00:55,  2.99it/s]
Epoch 7/10:  70%|██████▉   | 379/545 [02:06<00:55,  2.99it/s]
Epoch 7/10:  70%|██████▉   | 380/545 [02:07<00:55,  2.99it/s]
Epoch 7/10:  70%|██████▉   | 381/545 [02:07<00:54,  2.99it/s]
Epoch 7/10:  70%|███████   | 382/545 [02:07<00:54,  2.99it/s]
Epoch 7/10:  70%|███████   | 383/545 [02:08<00:54,  2.99it/s]
Epoch 7/10:  70%|███████   | 384/545 [02:08<00:53,  2.99it/s]
Epoch 7/10:  71%|███████   | 385/545 [02:08<00:53,  2.99it/s]
Epoch 7/10:  71%|███████   | 386/545 [02:09<00:53,  2.99it/s]
Epoch 7/10:  71%|███████   | 387/545 [02:09<00:52,  2.99it/s]
Epoch 7/10:  71%|███████   | 388/545 [02:09<00:52,  2.99it/s]
Epoch 7/10:  71%|███████▏  | 389/545 [02:10<00:52,  2.99it/s]
Epoch 7/10:  72%|███████▏  | 390/545 [02:10<00:51,  2.99it/s]
Epoch 7/10:  72%|███████▏  | 391/545 [02:10<00:51,  2.99it/s]
Epoch 7/10:  72%|███████▏  | 392/545 [02:11<00:51,  2.99it/s]
Epoch 7/10:  72%|███████▏  | 393/545 [02:11<00:50,  2.99it/s]
Epoch 7/10:  72%|███████▏  | 394/545 [02:11<00:50,  2.99it/s]
Epoch 7/10:  72%|███████▏  | 395/545 [02:12<00:50,  2.99it/s]
Epoch 7/10:  73%|███████▎  | 396/545 [02:12<00:49,  2.99it/s]
Epoch 7/10:  73%|███████▎  | 397/545 [02:12<00:49,  2.99it/s]
Epoch 7/10:  73%|███████▎  | 398/545 [02:13<00:49,  2.99it/s]
Epoch 7/10:  73%|███████▎  | 399/545 [02:13<00:48,  2.99it/s]
Epoch 7/10:  73%|███████▎  | 400/545 [02:13<00:48,  2.99it/s]
Epoch 7/10:  74%|███████▎  | 401/545 [02:14<00:48,  2.99it/s]
Epoch 7/10:  74%|███████▍  | 402/545 [02:14<00:47,  2.99it/s]
Epoch 7/10:  74%|███████▍  | 403/545 [02:14<00:47,  2.99it/s]
Epoch 7/10:  74%|███████▍  | 404/545 [02:15<00:47,  2.99it/s]
Epoch 7/10:  74%|███████▍  | 405/545 [02:15<00:46,  2.99it/s]
Epoch 7/10:  74%|███████▍  | 406/545 [02:15<00:46,  2.99it/s]
Epoch 7/10:  75%|███████▍  | 407/545 [02:16<00:46,  2.99it/s]
Epoch 7/10:  75%|███████▍  | 408/545 [02:16<00:45,  2.99it/s]
Epoch 7/10:  75%|███████▌  | 409/545 [02:16<00:45,  2.99it/s]
Epoch 7/10:  75%|███████▌  | 410/545 [02:17<00:45,  2.99it/s]
Epoch 7/10:  75%|███████▌  | 411/545 [02:17<00:44,  2.99it/s]
Epoch 7/10:  76%|███████▌  | 412/545 [02:17<00:44,  2.99it/s]
Epoch 7/10:  76%|███████▌  | 413/545 [02:18<00:44,  2.99it/s]
Epoch 7/10:  76%|███████▌  | 414/545 [02:18<00:43,  2.99it/s]
Epoch 7/10:  76%|███████▌  | 415/545 [02:18<00:43,  2.99it/s]
Epoch 7/10:  76%|███████▋  | 416/545 [02:19<00:43,  2.99it/s]
Epoch 7/10:  77%|███████▋  | 417/545 [02:19<00:42,  2.99it/s]
Epoch 7/10:  77%|███████▋  | 418/545 [02:19<00:42,  2.99it/s]
Epoch 7/10:  77%|███████▋  | 419/545 [02:20<00:42,  2.99it/s]
Epoch 7/10:  77%|███████▋  | 420/545 [02:20<00:41,  2.99it/s]
Epoch 7/10:  77%|███████▋  | 421/545 [02:20<00:41,  2.99it/s]
Epoch 7/10:  77%|███████▋  | 422/545 [02:21<00:41,  2.99it/s]
Epoch 7/10:  78%|███████▊  | 423/545 [02:21<00:40,  2.99it/s]
Epoch 7/10:  78%|███████▊  | 424/545 [02:21<00:40,  2.99it/s]
Epoch 7/10:  78%|███████▊  | 425/545 [02:22<00:40,  2.99it/s]
Epoch 7/10:  78%|███████▊  | 426/545 [02:22<00:39,  2.99it/s]
Epoch 7/10:  78%|███████▊  | 427/545 [02:22<00:39,  2.99it/s]
Epoch 7/10:  79%|███████▊  | 428/545 [02:23<00:39,  2.99it/s]
Epoch 7/10:  79%|███████▊  | 429/545 [02:23<00:38,  2.99it/s]
Epoch 7/10:  79%|███████▉  | 430/545 [02:23<00:38,  2.99it/s]
Epoch 7/10:  79%|███████▉  | 431/545 [02:24<00:38,  2.99it/s]
Epoch 7/10:  79%|███████▉  | 432/545 [02:24<00:37,  2.99it/s]
Epoch 7/10:  79%|███████▉  | 433/545 [02:24<00:37,  2.99it/s]
Epoch 7/10:  80%|███████▉  | 434/545 [02:25<00:37,  2.99it/s]
Epoch 7/10:  80%|███████▉  | 435/545 [02:25<00:36,  2.99it/s]
Epoch 7/10:  80%|████████  | 436/545 [02:25<00:36,  2.99it/s]
Epoch 7/10:  80%|████████  | 437/545 [02:26<00:36,  2.99it/s]
Epoch 7/10:  80%|████████  | 438/545 [02:26<00:35,  2.99it/s]
Epoch 7/10:  81%|████████  | 439/545 [02:26<00:35,  2.99it/s]
Epoch 7/10:  81%|████████  | 440/545 [02:27<00:35,  2.99it/s]
Epoch 7/10:  81%|████████  | 441/545 [02:27<00:34,  2.99it/s]
Epoch 7/10:  81%|████████  | 442/545 [02:27<00:34,  2.99it/s]
Epoch 7/10:  81%|████████▏ | 443/545 [02:28<00:34,  2.99it/s]
Epoch 7/10:  81%|████████▏ | 444/545 [02:28<00:33,  2.99it/s]
Epoch 7/10:  82%|████████▏ | 445/545 [02:28<00:33,  2.99it/s]
Epoch 7/10:  82%|████████▏ | 446/545 [02:29<00:33,  2.99it/s]
Epoch 7/10:  82%|████████▏ | 447/545 [02:29<00:32,  2.99it/s]
Epoch 7/10:  82%|████████▏ | 448/545 [02:29<00:32,  2.99it/s]
Epoch 7/10:  82%|████████▏ | 449/545 [02:30<00:32,  2.99it/s]
Epoch 7/10:  83%|████████▎ | 450/545 [02:30<00:31,  2.99it/s]
Epoch 7/10:  83%|████████▎ | 451/545 [02:30<00:31,  2.99it/s]
Epoch 7/10:  83%|████████▎ | 452/545 [02:31<00:31,  2.99it/s]
Epoch 7/10:  83%|████████▎ | 453/545 [02:31<00:30,  2.99it/s]
Epoch 7/10:  83%|████████▎ | 454/545 [02:31<00:30,  2.99it/s]
Epoch 7/10:  83%|████████▎ | 455/545 [02:32<00:30,  2.99it/s]
Epoch 7/10:  84%|████████▎ | 456/545 [02:32<00:29,  2.99it/s]
Epoch 7/10:  84%|████████▍ | 457/545 [02:32<00:29,  2.99it/s]
Epoch 7/10:  84%|████████▍ | 458/545 [02:33<00:29,  2.99it/s]
Epoch 7/10:  84%|████████▍ | 459/545 [02:33<00:28,  2.99it/s]
Epoch 7/10:  84%|████████▍ | 460/545 [02:33<00:28,  2.99it/s]
Epoch 7/10:  85%|████████▍ | 461/545 [02:34<00:28,  2.99it/s]
Epoch 7/10:  85%|████████▍ | 462/545 [02:34<00:27,  2.99it/s]
Epoch 7/10:  85%|████████▍ | 463/545 [02:34<00:27,  2.99it/s]
Epoch 7/10:  85%|████████▌ | 464/545 [02:35<00:27,  2.99it/s]
Epoch 7/10:  85%|████████▌ | 465/545 [02:35<00:26,  2.99it/s]
Epoch 7/10:  86%|████████▌ | 466/545 [02:35<00:26,  2.99it/s]
Epoch 7/10:  86%|████████▌ | 467/545 [02:36<00:26,  2.99it/s]
Epoch 7/10:  86%|████████▌ | 468/545 [02:36<00:25,  2.99it/s]
Epoch 7/10:  86%|████████▌ | 469/545 [02:36<00:25,  2.99it/s]
Epoch 7/10:  86%|████████▌ | 470/545 [02:37<00:25,  2.99it/s]
Epoch 7/10:  86%|████████▋ | 471/545 [02:37<00:24,  2.99it/s]
Epoch 7/10:  87%|████████▋ | 472/545 [02:37<00:24,  2.99it/s]
Epoch 7/10:  87%|████████▋ | 473/545 [02:38<00:24,  2.99it/s]
Epoch 7/10:  87%|████████▋ | 474/545 [02:38<00:23,  2.99it/s]
Epoch 7/10:  87%|████████▋ | 475/545 [02:38<00:23,  2.99it/s]
Epoch 7/10:  87%|████████▋ | 476/545 [02:39<00:23,  2.99it/s]
Epoch 7/10:  88%|████████▊ | 477/545 [02:39<00:22,  2.99it/s]
Epoch 7/10:  88%|████████▊ | 478/545 [02:39<00:22,  2.99it/s]
Epoch 7/10:  88%|████████▊ | 479/545 [02:40<00:22,  2.99it/s]
Epoch 7/10:  88%|████████▊ | 480/545 [02:40<00:21,  2.99it/s]
Epoch 7/10:  88%|████████▊ | 481/545 [02:40<00:21,  2.99it/s]
Epoch 7/10:  88%|████████▊ | 482/545 [02:41<00:21,  2.99it/s]
Epoch 7/10:  89%|████████▊ | 483/545 [02:41<00:20,  2.99it/s]
Epoch 7/10:  89%|████████▉ | 484/545 [02:41<00:20,  2.99it/s]
Epoch 7/10:  89%|████████▉ | 485/545 [02:42<00:20,  2.99it/s]
Epoch 7/10:  89%|████████▉ | 486/545 [02:42<00:19,  2.99it/s]
Epoch 7/10:  89%|████████▉ | 487/545 [02:42<00:19,  2.99it/s]
Epoch 7/10:  90%|████████▉ | 488/545 [02:43<00:19,  2.99it/s]
Epoch 7/10:  90%|████████▉ | 489/545 [02:43<00:18,  2.99it/s]
Epoch 7/10:  90%|████████▉ | 490/545 [02:43<00:18,  2.99it/s]
Epoch 7/10:  90%|█████████ | 491/545 [02:44<00:18,  2.99it/s]
Epoch 7/10:  90%|█████████ | 492/545 [02:44<00:17,  2.99it/s]
Epoch 7/10:  90%|█████████ | 493/545 [02:45<00:17,  2.99it/s]
Epoch 7/10:  91%|█████████ | 494/545 [02:45<00:17,  2.99it/s]
Epoch 7/10:  91%|█████████ | 495/545 [02:45<00:16,  2.99it/s]
Epoch 7/10:  91%|█████████ | 496/545 [02:46<00:16,  2.99it/s]
Epoch 7/10:  91%|█████████ | 497/545 [02:46<00:16,  2.99it/s]
Epoch 7/10:  91%|█████████▏| 498/545 [02:46<00:15,  2.99it/s]
Epoch 7/10:  92%|█████████▏| 499/545 [02:47<00:15,  2.99it/s]
Epoch 7/10:  92%|█████████▏| 500/545 [02:47<00:15,  2.99it/s]
Epoch 7/10:  92%|█████████▏| 501/545 [02:47<00:14,  2.99it/s]
Epoch 7/10:  92%|█████████▏| 502/545 [02:48<00:14,  2.99it/s]
Epoch 7/10:  92%|█████████▏| 503/545 [02:48<00:14,  2.99it/s]
Epoch 7/10:  92%|█████████▏| 504/545 [02:48<00:13,  2.99it/s]
Epoch 7/10:  93%|█████████▎| 505/545 [02:49<00:13,  2.99it/s]
Epoch 7/10:  93%|█████████▎| 506/545 [02:49<00:13,  2.99it/s]
Epoch 7/10:  93%|█████████▎| 507/545 [02:49<00:12,  2.99it/s]
Epoch 7/10:  93%|█████████▎| 508/545 [02:50<00:12,  2.99it/s]
Epoch 7/10:  93%|█████████▎| 509/545 [02:50<00:12,  2.99it/s]
Epoch 7/10:  94%|█████████▎| 510/545 [02:50<00:11,  2.99it/s]
Epoch 7/10:  94%|█████████▍| 511/545 [02:51<00:11,  2.99it/s]
Epoch 7/10:  94%|█████████▍| 512/545 [02:51<00:11,  2.99it/s]
Epoch 7/10:  94%|█████████▍| 513/545 [02:51<00:10,  2.99it/s]
Epoch 7/10:  94%|█████████▍| 514/545 [02:52<00:10,  2.99it/s]
Epoch 7/10:  94%|█████████▍| 515/545 [02:52<00:10,  2.99it/s]
Epoch 7/10:  95%|█████████▍| 516/545 [02:52<00:09,  2.99it/s]
Epoch 7/10:  95%|█████████▍| 517/545 [02:53<00:09,  2.99it/s]
Epoch 7/10:  95%|█████████▌| 518/545 [02:53<00:09,  2.99it/s]
Epoch 7/10:  95%|█████████▌| 519/545 [02:53<00:08,  2.99it/s]
Epoch 7/10:  95%|█████████▌| 520/545 [02:54<00:08,  2.99it/s]
Epoch 7/10:  96%|█████████▌| 521/545 [02:54<00:08,  2.99it/s]
Epoch 7/10:  96%|█████████▌| 522/545 [02:54<00:07,  2.99it/s]
Epoch 7/10:  96%|█████████▌| 523/545 [02:55<00:07,  2.99it/s]
Epoch 7/10:  96%|█████████▌| 524/545 [02:55<00:07,  2.99it/s]
Epoch 7/10:  96%|█████████▋| 525/545 [02:55<00:06,  2.99it/s]
Epoch 7/10:  97%|█████████▋| 526/545 [02:56<00:06,  2.99it/s]
Epoch 7/10:  97%|█████████▋| 527/545 [02:56<00:06,  2.99it/s]
Epoch 7/10:  97%|█████████▋| 528/545 [02:56<00:05,  2.99it/s]
Epoch 7/10:  97%|█████████▋| 529/545 [02:57<00:05,  2.99it/s]
Epoch 7/10:  97%|█████████▋| 530/545 [02:57<00:05,  2.99it/s]
Epoch 7/10:  97%|█████████▋| 531/545 [02:57<00:04,  2.99it/s]
Epoch 7/10:  98%|█████████▊| 532/545 [02:58<00:04,  2.99it/s]
Epoch 7/10:  98%|█████████▊| 533/545 [02:58<00:04,  2.99it/s]
Epoch 7/10:  98%|█████████▊| 534/545 [02:58<00:03,  2.99it/s]
Epoch 7/10:  98%|█████████▊| 535/545 [02:59<00:03,  2.99it/s]
Epoch 7/10:  98%|█████████▊| 536/545 [02:59<00:03,  2.99it/s]
Epoch 7/10:  99%|█████████▊| 537/545 [02:59<00:02,  2.99it/s]
Epoch 7/10:  99%|█████████▊| 538/545 [03:00<00:02,  2.99it/s]
Epoch 7/10:  99%|█████████▉| 539/545 [03:00<00:02,  2.99it/s]
Epoch 7/10:  99%|█████████▉| 540/545 [03:00<00:01,  2.99it/s]
Epoch 7/10:  99%|█████████▉| 541/545 [03:01<00:01,  2.98it/s]
Epoch 7/10:  99%|█████████▉| 542/545 [03:01<00:01,  2.98it/s]
Epoch 7/10: 100%|█████████▉| 543/545 [03:01<00:00,  2.98it/s]
Epoch 7/10: 100%|█████████▉| 544/545 [03:02<00:00,  2.99it/s]
Epoch 7/10: 100%|██████████| 545/545 [03:02<00:00,  3.18it/s]
Epoch 7/10: 100%|██████████| 545/545 [03:02<00:00,  2.99it/s]

Epoch 8/10:   0%|          | 0/545 [00:00<?, ?it/s]
Epoch 8/10:   0%|          | 1/545 [00:00<03:33,  2.55it/s]
Epoch 8/10:   0%|          | 2/545 [00:00<03:14,  2.79it/s]
Epoch 8/10:   1%|          | 3/545 [00:01<03:08,  2.88it/s]
Epoch 8/10:   1%|          | 4/545 [00:01<03:05,  2.92it/s]
Epoch 8/10:   1%|          | 5/545 [00:01<03:03,  2.95it/s]
Epoch 8/10:   1%|          | 6/545 [00:02<03:02,  2.96it/s]
Epoch 8/10:   1%|▏         | 7/545 [00:02<03:01,  2.97it/s]
Epoch 8/10:   1%|▏         | 8/545 [00:02<03:00,  2.98it/s]
Epoch 8/10:   2%|▏         | 9/545 [00:03<02:59,  2.98it/s]
Epoch 8/10:   2%|▏         | 10/545 [00:03<02:59,  2.98it/s]
Epoch 8/10:   2%|▏         | 11/545 [00:03<02:58,  2.98it/s]
Epoch 8/10:   2%|▏         | 12/545 [00:04<02:58,  2.99it/s]
Epoch 8/10:   2%|▏         | 13/545 [00:04<02:58,  2.99it/s]
Epoch 8/10:   3%|▎         | 14/545 [00:04<02:57,  2.99it/s]
Epoch 8/10:   3%|▎         | 15/545 [00:05<02:57,  2.99it/s]
Epoch 8/10:   3%|▎         | 16/545 [00:05<02:56,  2.99it/s]
Epoch 8/10:   3%|▎         | 17/545 [00:05<02:56,  2.99it/s]
Epoch 8/10:   3%|▎         | 18/545 [00:06<02:56,  2.99it/s]
Epoch 8/10:   3%|▎         | 19/545 [00:06<02:55,  2.99it/s]
Epoch 8/10:   4%|▎         | 20/545 [00:06<02:55,  2.99it/s]
Epoch 8/10:   4%|▍         | 21/545 [00:07<02:55,  2.99it/s]
Epoch 8/10:   4%|▍         | 22/545 [00:07<02:54,  2.99it/s]
Epoch 8/10:   4%|▍         | 23/545 [00:07<02:54,  2.99it/s]
Epoch 8/10:   4%|▍         | 24/545 [00:08<02:54,  2.99it/s]
Epoch 8/10:   5%|▍         | 25/545 [00:08<02:53,  2.99it/s]
Epoch 8/10:   5%|▍         | 26/545 [00:08<02:53,  2.99it/s]
Epoch 8/10:   5%|▍         | 27/545 [00:09<02:53,  2.99it/s]
Epoch 8/10:   5%|▌         | 28/545 [00:09<02:52,  2.99it/s]
Epoch 8/10:   5%|▌         | 29/545 [00:09<02:52,  2.99it/s]
Epoch 8/10:   6%|▌         | 30/545 [00:10<02:52,  2.99it/s]
Epoch 8/10:   6%|▌         | 31/545 [00:10<02:52,  2.99it/s]
Epoch 8/10:   6%|▌         | 32/545 [00:10<02:51,  2.99it/s]
Epoch 8/10:   6%|▌         | 33/545 [00:11<02:51,  2.99it/s]
Epoch 8/10:   6%|▌         | 34/545 [00:11<02:50,  2.99it/s]
Epoch 8/10:   6%|▋         | 35/545 [00:11<02:50,  2.99it/s]
Epoch 8/10:   7%|▋         | 36/545 [00:12<02:50,  2.99it/s]
Epoch 8/10:   7%|▋         | 37/545 [00:12<02:49,  2.99it/s]
Epoch 8/10:   7%|▋         | 38/545 [00:12<02:49,  2.99it/s]
Epoch 8/10:   7%|▋         | 39/545 [00:13<02:49,  2.99it/s]
Epoch 8/10:   7%|▋         | 40/545 [00:13<02:48,  2.99it/s]
Epoch 8/10:   8%|▊         | 41/545 [00:13<02:49,  2.98it/s]
Epoch 8/10:   8%|▊         | 42/545 [00:14<02:48,  2.98it/s]
Epoch 8/10:   8%|▊         | 43/545 [00:14<02:48,  2.98it/s]
Epoch 8/10:   8%|▊         | 44/545 [00:14<02:47,  2.99it/s]
Epoch 8/10:   8%|▊         | 45/545 [00:15<02:47,  2.99it/s]
Epoch 8/10:   8%|▊         | 46/545 [00:15<02:47,  2.99it/s]
Epoch 8/10:   9%|▊         | 47/545 [00:15<02:46,  2.99it/s]
Epoch 8/10:   9%|▉         | 48/545 [00:16<02:46,  2.99it/s]
Epoch 8/10:   9%|▉         | 49/545 [00:16<02:45,  2.99it/s]
Epoch 8/10:   9%|▉         | 50/545 [00:16<02:45,  2.99it/s]
Epoch 8/10:   9%|▉         | 51/545 [00:17<02:45,  2.99it/s]
Epoch 8/10:  10%|▉         | 52/545 [00:17<02:44,  2.99it/s]
Epoch 8/10:  10%|▉         | 53/545 [00:17<02:44,  2.99it/s]
Epoch 8/10:  10%|▉         | 54/545 [00:18<02:44,  2.99it/s]
Epoch 8/10:  10%|█         | 55/545 [00:18<02:43,  2.99it/s]
Epoch 8/10:  10%|█         | 56/545 [00:18<02:43,  2.99it/s]
Epoch 8/10:  10%|█         | 57/545 [00:19<02:43,  2.99it/s]
Epoch 8/10:  11%|█         | 58/545 [00:19<02:42,  2.99it/s]
Epoch 8/10:  11%|█         | 59/545 [00:19<02:42,  2.99it/s]
Epoch 8/10:  11%|█         | 60/545 [00:20<02:42,  2.99it/s]
Epoch 8/10:  11%|█         | 61/545 [00:20<02:41,  2.99it/s]
Epoch 8/10:  11%|█▏        | 62/545 [00:20<02:41,  2.99it/s]
Epoch 8/10:  12%|█▏        | 63/545 [00:21<02:41,  2.99it/s]
Epoch 8/10:  12%|█▏        | 64/545 [00:21<02:40,  2.99it/s]
Epoch 8/10:  12%|█▏        | 65/545 [00:21<02:40,  2.99it/s]
Epoch 8/10:  12%|█▏        | 66/545 [00:22<02:40,  2.99it/s]
Epoch 8/10:  12%|█▏        | 67/545 [00:22<02:39,  2.99it/s]
Epoch 8/10:  12%|█▏        | 68/545 [00:22<02:39,  2.99it/s]
Epoch 8/10:  13%|█▎        | 69/545 [00:23<02:39,  2.99it/s]
Epoch 8/10:  13%|█▎        | 70/545 [00:23<02:38,  2.99it/s]
Epoch 8/10:  13%|█▎        | 71/545 [00:23<02:38,  2.99it/s]
Epoch 8/10:  13%|█▎        | 72/545 [00:24<02:38,  2.99it/s]
Epoch 8/10:  13%|█▎        | 73/545 [00:24<02:37,  2.99it/s]
Epoch 8/10:  14%|█▎        | 74/545 [00:24<02:37,  2.99it/s]
Epoch 8/10:  14%|█▍        | 75/545 [00:25<02:37,  2.99it/s]
Epoch 8/10:  14%|█▍        | 76/545 [00:25<02:36,  2.99it/s]
Epoch 8/10:  14%|█▍        | 77/545 [00:25<02:36,  2.99it/s]
Epoch 8/10:  14%|█▍        | 78/545 [00:26<02:36,  2.99it/s]
Epoch 8/10:  14%|█▍        | 79/545 [00:26<02:35,  2.99it/s]
Epoch 8/10:  15%|█▍        | 80/545 [00:26<02:35,  2.99it/s]
Epoch 8/10:  15%|█▍        | 81/545 [00:27<02:35,  2.99it/s]
Epoch 8/10:  15%|█▌        | 82/545 [00:27<02:34,  2.99it/s]
Epoch 8/10:  15%|█▌        | 83/545 [00:27<02:34,  2.99it/s]
Epoch 8/10:  15%|█▌        | 84/545 [00:28<02:34,  2.99it/s]
Epoch 8/10:  16%|█▌        | 85/545 [00:28<02:33,  2.99it/s]
Epoch 8/10:  16%|█▌        | 86/545 [00:28<02:33,  2.99it/s]
Epoch 8/10:  16%|█▌        | 87/545 [00:29<02:33,  2.99it/s]
Epoch 8/10:  16%|█▌        | 88/545 [00:29<02:32,  2.99it/s]
Epoch 8/10:  16%|█▋        | 89/545 [00:29<02:32,  2.99it/s]
Epoch 8/10:  17%|█▋        | 90/545 [00:30<02:32,  2.99it/s]
Epoch 8/10:  17%|█▋        | 91/545 [00:30<02:31,  2.99it/s]
Epoch 8/10:  17%|█▋        | 92/545 [00:30<02:31,  2.99it/s]
Epoch 8/10:  17%|█▋        | 93/545 [00:31<02:31,  2.99it/s]
Epoch 8/10:  17%|█▋        | 94/545 [00:31<02:30,  2.99it/s]
Epoch 8/10:  17%|█▋        | 95/545 [00:31<02:30,  2.99it/s]
Epoch 8/10:  18%|█▊        | 96/545 [00:32<02:30,  2.99it/s]
Epoch 8/10:  18%|█▊        | 97/545 [00:32<02:29,  2.99it/s]
Epoch 8/10:  18%|█▊        | 98/545 [00:32<02:29,  2.99it/s]
Epoch 8/10:  18%|█▊        | 99/545 [00:33<02:29,  2.99it/s]
Epoch 8/10:  18%|█▊        | 100/545 [00:33<02:28,  2.99it/s]
Epoch 8/10:  19%|█▊        | 101/545 [00:33<02:28,  2.99it/s]
Epoch 8/10:  19%|█▊        | 102/545 [00:34<02:28,  2.99it/s]
Epoch 8/10:  19%|█▉        | 103/545 [00:34<02:27,  2.99it/s]
Epoch 8/10:  19%|█▉        | 104/545 [00:34<02:27,  2.99it/s]
Epoch 8/10:  19%|█▉        | 105/545 [00:35<02:27,  2.99it/s]
Epoch 8/10:  19%|█▉        | 106/545 [00:35<02:26,  2.99it/s]
Epoch 8/10:  20%|█▉        | 107/545 [00:35<02:26,  2.99it/s]
Epoch 8/10:  20%|█▉        | 108/545 [00:36<02:26,  2.99it/s]
Epoch 8/10:  20%|██        | 109/545 [00:36<02:25,  2.99it/s]
Epoch 8/10:  20%|██        | 110/545 [00:36<02:25,  2.99it/s]
Epoch 8/10:  20%|██        | 111/545 [00:37<02:25,  2.99it/s]
Epoch 8/10:  21%|██        | 112/545 [00:37<02:24,  2.99it/s]
Epoch 8/10:  21%|██        | 113/545 [00:37<02:24,  2.99it/s]
Epoch 8/10:  21%|██        | 114/545 [00:38<02:24,  2.99it/s]
Epoch 8/10:  21%|██        | 115/545 [00:38<02:23,  2.99it/s]
Epoch 8/10:  21%|██▏       | 116/545 [00:38<02:23,  2.99it/s]
Epoch 8/10:  21%|██▏       | 117/545 [00:39<02:23,  2.99it/s]
Epoch 8/10:  22%|██▏       | 118/545 [00:39<02:22,  2.99it/s]
Epoch 8/10:  22%|██▏       | 119/545 [00:39<02:22,  2.99it/s]
Epoch 8/10:  22%|██▏       | 120/545 [00:40<02:22,  2.99it/s]
Epoch 8/10:  22%|██▏       | 121/545 [00:40<02:21,  2.99it/s]
Epoch 8/10:  22%|██▏       | 122/545 [00:40<02:21,  2.99it/s]
Epoch 8/10:  23%|██▎       | 123/545 [00:41<02:21,  2.99it/s]
Epoch 8/10:  23%|██▎       | 124/545 [00:41<02:20,  2.99it/s]
Epoch 8/10:  23%|██▎       | 125/545 [00:41<02:20,  2.99it/s]
Epoch 8/10:  23%|██▎       | 126/545 [00:42<02:20,  2.99it/s]
Epoch 8/10:  23%|██▎       | 127/545 [00:42<02:19,  2.99it/s]
Epoch 8/10:  23%|██▎       | 128/545 [00:42<02:19,  2.99it/s]
Epoch 8/10:  24%|██▎       | 129/545 [00:43<02:19,  2.99it/s]
Epoch 8/10:  24%|██▍       | 130/545 [00:43<02:18,  2.99it/s]
Epoch 8/10:  24%|██▍       | 131/545 [00:43<02:18,  2.99it/s]
Epoch 8/10:  24%|██▍       | 132/545 [00:44<02:18,  2.99it/s]
Epoch 8/10:  24%|██▍       | 133/545 [00:44<02:17,  2.99it/s]
Epoch 8/10:  25%|██▍       | 134/545 [00:44<02:17,  2.99it/s]
Epoch 8/10:  25%|██▍       | 135/545 [00:45<02:17,  2.99it/s]
Epoch 8/10:  25%|██▍       | 136/545 [00:45<02:16,  2.99it/s]
Epoch 8/10:  25%|██▌       | 137/545 [00:45<02:16,  2.99it/s]
Epoch 8/10:  25%|██▌       | 138/545 [00:46<02:16,  2.99it/s]
Epoch 8/10:  26%|██▌       | 139/545 [00:46<02:15,  2.99it/s]
Epoch 8/10:  26%|██▌       | 140/545 [00:46<02:15,  2.99it/s]
Epoch 8/10:  26%|██▌       | 141/545 [00:47<02:15,  2.99it/s]
Epoch 8/10:  26%|██▌       | 142/545 [00:47<02:14,  2.99it/s]
Epoch 8/10:  26%|██▌       | 143/545 [00:47<02:14,  2.99it/s]
Epoch 8/10:  26%|██▋       | 144/545 [00:48<02:14,  2.99it/s]
Epoch 8/10:  27%|██▋       | 145/545 [00:48<02:13,  2.99it/s]
Epoch 8/10:  27%|██▋       | 146/545 [00:48<02:13,  2.99it/s]
Epoch 8/10:  27%|██▋       | 147/545 [00:49<02:13,  2.99it/s]
Epoch 8/10:  27%|██▋       | 148/545 [00:49<02:12,  2.99it/s]
Epoch 8/10:  27%|██▋       | 149/545 [00:49<02:12,  2.99it/s]
Epoch 8/10:  28%|██▊       | 150/545 [00:50<02:12,  2.99it/s]
Epoch 8/10:  28%|██▊       | 151/545 [00:50<02:11,  2.99it/s]
Epoch 8/10:  28%|██▊       | 152/545 [00:50<02:11,  2.99it/s]
Epoch 8/10:  28%|██▊       | 153/545 [00:51<02:11,  2.99it/s]
Epoch 8/10:  28%|██▊       | 154/545 [00:51<02:10,  2.99it/s]
Epoch 8/10:  28%|██▊       | 155/545 [00:51<02:10,  2.99it/s]
Epoch 8/10:  29%|██▊       | 156/545 [00:52<02:10,  2.99it/s]
Epoch 8/10:  29%|██▉       | 157/545 [00:52<02:09,  2.99it/s]
Epoch 8/10:  29%|██▉       | 158/545 [00:52<02:09,  2.99it/s]
Epoch 8/10:  29%|██▉       | 159/545 [00:53<02:09,  2.99it/s]
Epoch 8/10:  29%|██▉       | 160/545 [00:53<02:08,  2.99it/s]
Epoch 8/10:  30%|██▉       | 161/545 [00:53<02:08,  2.99it/s]
Epoch 8/10:  30%|██▉       | 162/545 [00:54<02:08,  2.99it/s]
Epoch 8/10:  30%|██▉       | 163/545 [00:54<02:07,  2.99it/s]
Epoch 8/10:  30%|███       | 164/545 [00:54<02:07,  2.99it/s]
Epoch 8/10:  30%|███       | 165/545 [00:55<02:07,  2.99it/s]
Epoch 8/10:  30%|███       | 166/545 [00:55<02:06,  2.99it/s]
Epoch 8/10:  31%|███       | 167/545 [00:55<02:06,  2.99it/s]
Epoch 8/10:  31%|███       | 168/545 [00:56<02:06,  2.99it/s]
Epoch 8/10:  31%|███       | 169/545 [00:56<02:05,  2.99it/s]
Epoch 8/10:  31%|███       | 170/545 [00:56<02:05,  2.99it/s]
Epoch 8/10:  31%|███▏      | 171/545 [00:57<02:05,  2.99it/s]
Epoch 8/10:  32%|███▏      | 172/545 [00:57<02:04,  2.99it/s]
Epoch 8/10:  32%|███▏      | 173/545 [00:57<02:04,  2.99it/s]
Epoch 8/10:  32%|███▏      | 174/545 [00:58<02:04,  2.99it/s]
Epoch 8/10:  32%|███▏      | 175/545 [00:58<02:03,  2.99it/s]
Epoch 8/10:  32%|███▏      | 176/545 [00:58<02:03,  2.99it/s]
Epoch 8/10:  32%|███▏      | 177/545 [00:59<02:03,  2.99it/s]
Epoch 8/10:  33%|███▎      | 178/545 [00:59<02:02,  2.99it/s]
Epoch 8/10:  33%|███▎      | 179/545 [00:59<02:02,  2.99it/s]
Epoch 8/10:  33%|███▎      | 180/545 [01:00<02:02,  2.99it/s]
Epoch 8/10:  33%|███▎      | 181/545 [01:00<02:02,  2.97it/s]
Epoch 8/10:  33%|███▎      | 182/545 [01:00<02:02,  2.97it/s]
Epoch 8/10:  34%|███▎      | 183/545 [01:01<02:01,  2.98it/s]
Epoch 8/10:  34%|███▍      | 184/545 [01:01<02:01,  2.98it/s]
Epoch 8/10:  34%|███▍      | 185/545 [01:01<02:00,  2.98it/s]
Epoch 8/10:  34%|███▍      | 186/545 [01:02<02:00,  2.99it/s]
Epoch 8/10:  34%|███▍      | 187/545 [01:02<01:59,  2.99it/s]
Epoch 8/10:  34%|███▍      | 188/545 [01:02<01:59,  2.99it/s]
Epoch 8/10:  35%|███▍      | 189/545 [01:03<01:59,  2.99it/s]
Epoch 8/10:  35%|███▍      | 190/545 [01:03<01:58,  2.99it/s]
Epoch 8/10:  35%|███▌      | 191/545 [01:03<01:58,  2.99it/s]
Epoch 8/10:  35%|███▌      | 192/545 [01:04<01:58,  2.99it/s]
Epoch 8/10:  35%|███▌      | 193/545 [01:04<01:57,  2.99it/s]
Epoch 8/10:  36%|███▌      | 194/545 [01:04<01:57,  2.99it/s]
Epoch 8/10:  36%|███▌      | 195/545 [01:05<01:57,  2.99it/s]
Epoch 8/10:  36%|███▌      | 196/545 [01:05<01:56,  2.99it/s]
Epoch 8/10:  36%|███▌      | 197/545 [01:05<01:56,  2.99it/s]
Epoch 8/10:  36%|███▋      | 198/545 [01:06<01:56,  2.99it/s]
Epoch 8/10:  37%|███▋      | 199/545 [01:06<01:55,  2.99it/s]
Epoch 8/10:  37%|███▋      | 200/545 [01:06<01:55,  2.99it/s]
Epoch 8/10:  37%|███▋      | 201/545 [01:07<01:55,  2.99it/s]
Epoch 8/10:  37%|███▋      | 202/545 [01:07<01:54,  2.99it/s]
Epoch 8/10:  37%|███▋      | 203/545 [01:07<01:54,  2.99it/s]
Epoch 8/10:  37%|███▋      | 204/545 [01:08<01:54,  2.99it/s]
Epoch 8/10:  38%|███▊      | 205/545 [01:08<01:53,  2.99it/s]
Epoch 8/10:  38%|███▊      | 206/545 [01:08<01:53,  2.99it/s]
Epoch 8/10:  38%|███▊      | 207/545 [01:09<01:53,  2.99it/s]
Epoch 8/10:  38%|███▊      | 208/545 [01:09<01:52,  2.99it/s]
Epoch 8/10:  38%|███▊      | 209/545 [01:09<01:52,  2.99it/s]
Epoch 8/10:  39%|███▊      | 210/545 [01:10<01:52,  2.99it/s]
Epoch 8/10:  39%|███▊      | 211/545 [01:10<01:51,  2.99it/s]
Epoch 8/10:  39%|███▉      | 212/545 [01:10<01:51,  2.99it/s]
Epoch 8/10:  39%|███▉      | 213/545 [01:11<01:51,  2.99it/s]
Epoch 8/10:  39%|███▉      | 214/545 [01:11<01:50,  2.99it/s]
Epoch 8/10:  39%|███▉      | 215/545 [01:11<01:50,  2.99it/s]
Epoch 8/10:  40%|███▉      | 216/545 [01:12<01:50,  2.99it/s]
Epoch 8/10:  40%|███▉      | 217/545 [01:12<01:49,  2.99it/s]
Epoch 8/10:  40%|████      | 218/545 [01:13<01:49,  2.99it/s]
Epoch 8/10:  40%|████      | 219/545 [01:13<01:49,  2.99it/s]
Epoch 8/10:  40%|████      | 220/545 [01:13<01:48,  2.99it/s]
Epoch 8/10:  41%|████      | 221/545 [01:14<01:48,  2.99it/s]
Epoch 8/10:  41%|████      | 222/545 [01:14<01:48,  2.99it/s]
Epoch 8/10:  41%|████      | 223/545 [01:14<01:47,  2.99it/s]
Epoch 8/10:  41%|████      | 224/545 [01:15<01:47,  2.99it/s]
Epoch 8/10:  41%|████▏     | 225/545 [01:15<01:47,  2.99it/s]
Epoch 8/10:  41%|████▏     | 226/545 [01:15<01:46,  2.99it/s]
Epoch 8/10:  42%|████▏     | 227/545 [01:16<01:46,  2.99it/s]
Epoch 8/10:  42%|████▏     | 228/545 [01:16<01:46,  2.99it/s]
Epoch 8/10:  42%|████▏     | 229/545 [01:16<01:45,  2.99it/s]
Epoch 8/10:  42%|████▏     | 230/545 [01:17<01:45,  2.99it/s]
Epoch 8/10:  42%|████▏     | 231/545 [01:17<01:45,  2.99it/s]
Epoch 8/10:  43%|████▎     | 232/545 [01:17<01:44,  2.99it/s]
Epoch 8/10:  43%|████▎     | 233/545 [01:18<01:44,  2.99it/s]
Epoch 8/10:  43%|████▎     | 234/545 [01:18<01:44,  2.99it/s]
Epoch 8/10:  43%|████▎     | 235/545 [01:18<01:43,  2.99it/s]
Epoch 8/10:  43%|████▎     | 236/545 [01:19<01:43,  2.99it/s]
Epoch 8/10:  43%|████▎     | 237/545 [01:19<01:43,  2.99it/s]
Epoch 8/10:  44%|████▎     | 238/545 [01:19<01:42,  2.99it/s]
Epoch 8/10:  44%|████▍     | 239/545 [01:20<01:42,  2.99it/s]
Epoch 8/10:  44%|████▍     | 240/545 [01:20<01:42,  2.99it/s]
Epoch 8/10:  44%|████▍     | 241/545 [01:20<01:41,  2.99it/s]
Epoch 8/10:  44%|████▍     | 242/545 [01:21<01:41,  2.99it/s]
Epoch 8/10:  45%|████▍     | 243/545 [01:21<01:41,  2.99it/s]
Epoch 8/10:  45%|████▍     | 244/545 [01:21<01:40,  2.99it/s]
Epoch 8/10:  45%|████▍     | 245/545 [01:22<01:40,  2.99it/s]
Epoch 8/10:  45%|████▌     | 246/545 [01:22<01:40,  2.99it/s]
Epoch 8/10:  45%|████▌     | 247/545 [01:22<01:39,  2.99it/s]
Epoch 8/10:  46%|████▌     | 248/545 [01:23<01:39,  2.99it/s]
Epoch 8/10:  46%|████▌     | 249/545 [01:23<01:39,  2.99it/s]
Epoch 8/10:  46%|████▌     | 250/545 [01:23<01:38,  2.99it/s]
Epoch 8/10:  46%|████▌     | 251/545 [01:24<01:38,  2.99it/s]
Epoch 8/10:  46%|████▌     | 252/545 [01:24<01:38,  2.99it/s]
Epoch 8/10:  46%|████▋     | 253/545 [01:24<01:37,  2.99it/s]
Epoch 8/10:  47%|████▋     | 254/545 [01:25<01:37,  2.99it/s]
Epoch 8/10:  47%|████▋     | 255/545 [01:25<01:37,  2.99it/s]
Epoch 8/10:  47%|████▋     | 256/545 [01:25<01:36,  2.99it/s]
Epoch 8/10:  47%|████▋     | 257/545 [01:26<01:36,  2.99it/s]
Epoch 8/10:  47%|████▋     | 258/545 [01:26<01:36,  2.99it/s]
Epoch 8/10:  48%|████▊     | 259/545 [01:26<01:35,  2.99it/s]
Epoch 8/10:  48%|████▊     | 260/545 [01:27<01:35,  2.99it/s]
Epoch 8/10:  48%|████▊     | 261/545 [01:27<01:35,  2.99it/s]
Epoch 8/10:  48%|████▊     | 262/545 [01:27<01:34,  2.99it/s]
Epoch 8/10:  48%|████▊     | 263/545 [01:28<01:34,  2.99it/s]
Epoch 8/10:  48%|████▊     | 264/545 [01:28<01:34,  2.99it/s]
Epoch 8/10:  49%|████▊     | 265/545 [01:28<01:33,  2.99it/s]
Epoch 8/10:  49%|████▉     | 266/545 [01:29<01:33,  2.99it/s]
Epoch 8/10:  49%|████▉     | 267/545 [01:29<01:33,  2.99it/s]
Epoch 8/10:  49%|████▉     | 268/545 [01:29<01:32,  2.99it/s]
Epoch 8/10:  49%|████▉     | 269/545 [01:30<01:32,  2.99it/s]
Epoch 8/10:  50%|████▉     | 270/545 [01:30<01:32,  2.99it/s]
Epoch 8/10:  50%|████▉     | 271/545 [01:30<01:31,  2.99it/s]
Epoch 8/10:  50%|████▉     | 272/545 [01:31<01:31,  2.99it/s]
Epoch 8/10:  50%|█████     | 273/545 [01:31<01:30,  2.99it/s]
Epoch 8/10:  50%|█████     | 274/545 [01:31<01:30,  2.99it/s]
Epoch 8/10:  50%|█████     | 275/545 [01:32<01:30,  2.99it/s]
Epoch 8/10:  51%|█████     | 276/545 [01:32<01:30,  2.99it/s]
Epoch 8/10:  51%|█████     | 277/545 [01:32<01:29,  2.99it/s]
Epoch 8/10:  51%|█████     | 278/545 [01:33<01:29,  2.99it/s]
Epoch 8/10:  51%|█████     | 279/545 [01:33<01:29,  2.99it/s]
Epoch 8/10:  51%|█████▏    | 280/545 [01:33<01:28,  2.99it/s]
Epoch 8/10:  52%|█████▏    | 281/545 [01:34<01:28,  2.99it/s]
Epoch 8/10:  52%|█████▏    | 282/545 [01:34<01:28,  2.99it/s]
Epoch 8/10:  52%|█████▏    | 283/545 [01:34<01:27,  2.99it/s]
Epoch 8/10:  52%|█████▏    | 284/545 [01:35<01:27,  2.99it/s]
Epoch 8/10:  52%|█████▏    | 285/545 [01:35<01:27,  2.99it/s]
Epoch 8/10:  52%|█████▏    | 286/545 [01:35<01:26,  2.99it/s]
Epoch 8/10:  53%|█████▎    | 287/545 [01:36<01:26,  2.99it/s]
Epoch 8/10:  53%|█████▎    | 288/545 [01:36<01:26,  2.99it/s]
Epoch 8/10:  53%|█████▎    | 289/545 [01:36<01:25,  2.99it/s]
Epoch 8/10:  53%|█████▎    | 290/545 [01:37<01:25,  2.99it/s]
Epoch 8/10:  53%|█████▎    | 291/545 [01:37<01:24,  2.99it/s]
Epoch 8/10:  54%|█████▎    | 292/545 [01:37<01:24,  2.99it/s]
Epoch 8/10:  54%|█████▍    | 293/545 [01:38<01:24,  2.99it/s]
Epoch 8/10:  54%|█████▍    | 294/545 [01:38<01:24,  2.99it/s]
Epoch 8/10:  54%|█████▍    | 295/545 [01:38<01:23,  2.99it/s]
Epoch 8/10:  54%|█████▍    | 296/545 [01:39<01:23,  2.99it/s]
Epoch 8/10:  54%|█████▍    | 297/545 [01:39<01:22,  2.99it/s]
Epoch 8/10:  55%|█████▍    | 298/545 [01:39<01:22,  2.99it/s]
Epoch 8/10:  55%|█████▍    | 299/545 [01:40<01:22,  2.99it/s]
Epoch 8/10:  55%|█████▌    | 300/545 [01:40<01:21,  2.99it/s]
Epoch 8/10:  55%|█████▌    | 301/545 [01:40<01:21,  2.99it/s]
Epoch 8/10:  55%|█████▌    | 302/545 [01:41<01:21,  2.99it/s]
Epoch 8/10:  56%|█████▌    | 303/545 [01:41<01:20,  2.99it/s]
Epoch 8/10:  56%|█████▌    | 304/545 [01:41<01:20,  2.99it/s]
Epoch 8/10:  56%|█████▌    | 305/545 [01:42<01:20,  2.99it/s]
Epoch 8/10:  56%|█████▌    | 306/545 [01:42<01:19,  2.99it/s]
Epoch 8/10:  56%|█████▋    | 307/545 [01:42<01:19,  2.99it/s]
Epoch 8/10:  57%|█████▋    | 308/545 [01:43<01:19,  2.99it/s]
Epoch 8/10:  57%|█████▋    | 309/545 [01:43<01:18,  2.99it/s]
Epoch 8/10:  57%|█████▋    | 310/545 [01:43<01:18,  2.99it/s]
Epoch 8/10:  57%|█████▋    | 311/545 [01:44<01:18,  2.99it/s]
Epoch 8/10:  57%|█████▋    | 312/545 [01:44<01:17,  2.99it/s]
Epoch 8/10:  57%|█████▋    | 313/545 [01:44<01:17,  2.99it/s]
Epoch 8/10:  58%|█████▊    | 314/545 [01:45<01:17,  2.99it/s]
Epoch 8/10:  58%|█████▊    | 315/545 [01:45<01:16,  2.99it/s]
Epoch 8/10:  58%|█████▊    | 316/545 [01:45<01:16,  2.99it/s]
Epoch 8/10:  58%|█████▊    | 317/545 [01:46<01:16,  2.99it/s]
Epoch 8/10:  58%|█████▊    | 318/545 [01:46<01:15,  2.99it/s]
Epoch 8/10:  59%|█████▊    | 319/545 [01:46<01:15,  2.99it/s]
Epoch 8/10:  59%|█████▊    | 320/545 [01:47<01:15,  2.99it/s]
Epoch 8/10:  59%|█████▉    | 321/545 [01:47<01:14,  2.99it/s]
Epoch 8/10:  59%|█████▉    | 322/545 [01:47<01:14,  2.99it/s]
Epoch 8/10:  59%|█████▉    | 323/545 [01:48<01:14,  2.99it/s]
Epoch 8/10:  59%|█████▉    | 324/545 [01:48<01:13,  2.99it/s]
Epoch 8/10:  60%|█████▉    | 325/545 [01:48<01:13,  2.99it/s]
Epoch 8/10:  60%|█████▉    | 326/545 [01:49<01:13,  2.99it/s]
Epoch 8/10:  60%|██████    | 327/545 [01:49<01:12,  2.99it/s]
Epoch 8/10:  60%|██████    | 328/545 [01:49<01:12,  2.99it/s]
Epoch 8/10:  60%|██████    | 329/545 [01:50<01:12,  2.99it/s]
Epoch 8/10:  61%|██████    | 330/545 [01:50<01:11,  2.99it/s]
Epoch 8/10:  61%|██████    | 331/545 [01:50<01:11,  2.99it/s]
Epoch 8/10:  61%|██████    | 332/545 [01:51<01:11,  2.99it/s]
Epoch 8/10:  61%|██████    | 333/545 [01:51<01:10,  2.99it/s]
Epoch 8/10:  61%|██████▏   | 334/545 [01:51<01:10,  2.99it/s]
Epoch 8/10:  61%|██████▏   | 335/545 [01:52<01:10,  2.99it/s]
Epoch 8/10:  62%|██████▏   | 336/545 [01:52<01:09,  2.99it/s]
Epoch 8/10:  62%|██████▏   | 337/545 [01:52<01:09,  2.99it/s]
Epoch 8/10:  62%|██████▏   | 338/545 [01:53<01:09,  2.99it/s]
Epoch 8/10:  62%|██████▏   | 339/545 [01:53<01:08,  2.99it/s]
Epoch 8/10:  62%|██████▏   | 340/545 [01:53<01:08,  2.99it/s]
Epoch 8/10:  63%|██████▎   | 341/545 [01:54<01:08,  2.99it/s]
Epoch 8/10:  63%|██████▎   | 342/545 [01:54<01:07,  2.99it/s]
Epoch 8/10:  63%|██████▎   | 343/545 [01:54<01:07,  2.99it/s]
Epoch 8/10:  63%|██████▎   | 344/545 [01:55<01:07,  2.99it/s]
Epoch 8/10:  63%|██████▎   | 345/545 [01:55<01:06,  2.99it/s]
Epoch 8/10:  63%|██████▎   | 346/545 [01:55<01:06,  2.99it/s]
Epoch 8/10:  64%|██████▎   | 347/545 [01:56<01:06,  2.99it/s]
Epoch 8/10:  64%|██████▍   | 348/545 [01:56<01:05,  2.99it/s]
Epoch 8/10:  64%|██████▍   | 349/545 [01:56<01:05,  2.99it/s]
Epoch 8/10:  64%|██████▍   | 350/545 [01:57<01:05,  2.99it/s]
Epoch 8/10:  64%|██████▍   | 351/545 [01:57<01:04,  2.99it/s]
Epoch 8/10:  65%|██████▍   | 352/545 [01:57<01:04,  2.99it/s]
Epoch 8/10:  65%|██████▍   | 353/545 [01:58<01:04,  2.99it/s]
Epoch 8/10:  65%|██████▍   | 354/545 [01:58<01:03,  2.99it/s]
Epoch 8/10:  65%|██████▌   | 355/545 [01:58<01:03,  2.99it/s]
Epoch 8/10:  65%|██████▌   | 356/545 [01:59<01:03,  2.99it/s]
Epoch 8/10:  66%|██████▌   | 357/545 [01:59<01:02,  2.99it/s]
Epoch 8/10:  66%|██████▌   | 358/545 [01:59<01:02,  2.99it/s]
Epoch 8/10:  66%|██████▌   | 359/545 [02:00<01:02,  2.99it/s]
Epoch 8/10:  66%|██████▌   | 360/545 [02:00<01:01,  2.99it/s]
Epoch 8/10:  66%|██████▌   | 361/545 [02:00<01:01,  2.97it/s]
Epoch 8/10:  66%|██████▋   | 362/545 [02:01<01:01,  2.98it/s]
Epoch 8/10:  67%|██████▋   | 363/545 [02:01<01:01,  2.98it/s]
Epoch 8/10:  67%|██████▋   | 364/545 [02:01<01:00,  2.98it/s]
Epoch 8/10:  67%|██████▋   | 365/545 [02:02<01:00,  2.98it/s]
Epoch 8/10:  67%|██████▋   | 366/545 [02:02<00:59,  2.99it/s]
Epoch 8/10:  67%|██████▋   | 367/545 [02:02<00:59,  2.99it/s]
Epoch 8/10:  68%|██████▊   | 368/545 [02:03<00:59,  2.99it/s]
Epoch 8/10:  68%|██████▊   | 369/545 [02:03<00:58,  2.99it/s]
Epoch 8/10:  68%|██████▊   | 370/545 [02:03<00:58,  2.99it/s]
Epoch 8/10:  68%|██████▊   | 371/545 [02:04<00:58,  2.99it/s]
Epoch 8/10:  68%|██████▊   | 372/545 [02:04<00:57,  2.99it/s]
Epoch 8/10:  68%|██████▊   | 373/545 [02:04<00:57,  2.99it/s]
Epoch 8/10:  69%|██████▊   | 374/545 [02:05<00:57,  2.99it/s]
Epoch 8/10:  69%|██████▉   | 375/545 [02:05<00:56,  2.99it/s]
Epoch 8/10:  69%|██████▉   | 376/545 [02:05<00:56,  2.99it/s]
Epoch 8/10:  69%|██████▉   | 377/545 [02:06<00:56,  2.99it/s]
Epoch 8/10:  69%|██████▉   | 378/545 [02:06<00:55,  2.99it/s]
Epoch 8/10:  70%|██████▉   | 379/545 [02:06<00:55,  2.99it/s]
Epoch 8/10:  70%|██████▉   | 380/545 [02:07<00:55,  2.99it/s]
Epoch 8/10:  70%|██████▉   | 381/545 [02:07<00:54,  2.99it/s]
Epoch 8/10:  70%|███████   | 382/545 [02:07<00:54,  2.99it/s]
Epoch 8/10:  70%|███████   | 383/545 [02:08<00:54,  2.99it/s]
Epoch 8/10:  70%|███████   | 384/545 [02:08<00:53,  2.99it/s]
Epoch 8/10:  71%|███████   | 385/545 [02:08<00:53,  2.99it/s]
Epoch 8/10:  71%|███████   | 386/545 [02:09<00:53,  2.99it/s]
Epoch 8/10:  71%|███████   | 387/545 [02:09<00:52,  2.99it/s]
Epoch 8/10:  71%|███████   | 388/545 [02:09<00:52,  2.99it/s]
Epoch 8/10:  71%|███████▏  | 389/545 [02:10<00:52,  2.99it/s]
Epoch 8/10:  72%|███████▏  | 390/545 [02:10<00:51,  2.99it/s]
Epoch 8/10:  72%|███████▏  | 391/545 [02:10<00:51,  2.99it/s]
Epoch 8/10:  72%|███████▏  | 392/545 [02:11<00:51,  2.99it/s]
Epoch 8/10:  72%|███████▏  | 393/545 [02:11<00:50,  2.99it/s]
Epoch 8/10:  72%|███████▏  | 394/545 [02:11<00:50,  2.99it/s]
Epoch 8/10:  72%|███████▏  | 395/545 [02:12<00:50,  2.99it/s]
Epoch 8/10:  73%|███████▎  | 396/545 [02:12<00:49,  2.99it/s]
Epoch 8/10:  73%|███████▎  | 397/545 [02:12<00:49,  2.99it/s]
Epoch 8/10:  73%|███████▎  | 398/545 [02:13<00:49,  2.99it/s]
Epoch 8/10:  73%|███████▎  | 399/545 [02:13<00:48,  2.99it/s]
Epoch 8/10:  73%|███████▎  | 400/545 [02:13<00:48,  2.99it/s]
Epoch 8/10:  74%|███████▎  | 401/545 [02:14<00:48,  2.99it/s]
Epoch 8/10:  74%|███████▍  | 402/545 [02:14<00:47,  2.99it/s]
Epoch 8/10:  74%|███████▍  | 403/545 [02:14<00:47,  2.99it/s]
Epoch 8/10:  74%|███████▍  | 404/545 [02:15<00:47,  2.99it/s]
Epoch 8/10:  74%|███████▍  | 405/545 [02:15<00:46,  2.99it/s]
Epoch 8/10:  74%|███████▍  | 406/545 [02:15<00:46,  2.99it/s]
Epoch 8/10:  75%|███████▍  | 407/545 [02:16<00:46,  2.99it/s]
Epoch 8/10:  75%|███████▍  | 408/545 [02:16<00:45,  2.99it/s]
Epoch 8/10:  75%|███████▌  | 409/545 [02:16<00:45,  2.99it/s]
Epoch 8/10:  75%|███████▌  | 410/545 [02:17<00:45,  2.99it/s]
Epoch 8/10:  75%|███████▌  | 411/545 [02:17<00:44,  2.99it/s]
Epoch 8/10:  76%|███████▌  | 412/545 [02:17<00:44,  2.99it/s]
Epoch 8/10:  76%|███████▌  | 413/545 [02:18<00:44,  2.99it/s]
Epoch 8/10:  76%|███████▌  | 414/545 [02:18<00:43,  2.99it/s]
Epoch 8/10:  76%|███████▌  | 415/545 [02:18<00:43,  2.99it/s]
Epoch 8/10:  76%|███████▋  | 416/545 [02:19<00:43,  2.99it/s]
Epoch 8/10:  77%|███████▋  | 417/545 [02:19<00:42,  2.99it/s]
Epoch 8/10:  77%|███████▋  | 418/545 [02:19<00:42,  2.99it/s]
Epoch 8/10:  77%|███████▋  | 419/545 [02:20<00:42,  2.99it/s]
Epoch 8/10:  77%|███████▋  | 420/545 [02:20<00:41,  2.99it/s]
Epoch 8/10:  77%|███████▋  | 421/545 [02:20<00:41,  2.99it/s]
Epoch 8/10:  77%|███████▋  | 422/545 [02:21<00:41,  2.99it/s]
Epoch 8/10:  78%|███████▊  | 423/545 [02:21<00:40,  2.99it/s]
Epoch 8/10:  78%|███████▊  | 424/545 [02:21<00:40,  2.99it/s]
Epoch 8/10:  78%|███████▊  | 425/545 [02:22<00:40,  2.99it/s]
Epoch 8/10:  78%|███████▊  | 426/545 [02:22<00:39,  2.99it/s]
Epoch 8/10:  78%|███████▊  | 427/545 [02:22<00:39,  2.99it/s]
Epoch 8/10:  79%|███████▊  | 428/545 [02:23<00:39,  2.99it/s]
Epoch 8/10:  79%|███████▊  | 429/545 [02:23<00:38,  2.99it/s]
Epoch 8/10:  79%|███████▉  | 430/545 [02:23<00:38,  2.99it/s]
Epoch 8/10:  79%|███████▉  | 431/545 [02:24<00:38,  2.99it/s]
Epoch 8/10:  79%|███████▉  | 432/545 [02:24<00:37,  2.99it/s]
Epoch 8/10:  79%|███████▉  | 433/545 [02:24<00:37,  2.99it/s]
Epoch 8/10:  80%|███████▉  | 434/545 [02:25<00:37,  2.99it/s]
Epoch 8/10:  80%|███████▉  | 435/545 [02:25<00:36,  2.99it/s]
Epoch 8/10:  80%|████████  | 436/545 [02:25<00:36,  2.99it/s]
Epoch 8/10:  80%|████████  | 437/545 [02:26<00:36,  2.99it/s]
Epoch 8/10:  80%|████████  | 438/545 [02:26<00:35,  2.99it/s]
Epoch 8/10:  81%|████████  | 439/545 [02:26<00:35,  2.99it/s]
Epoch 8/10:  81%|████████  | 440/545 [02:27<00:35,  2.99it/s]
Epoch 8/10:  81%|████████  | 441/545 [02:27<00:34,  2.99it/s]
Epoch 8/10:  81%|████████  | 442/545 [02:27<00:34,  2.99it/s]
Epoch 8/10:  81%|████████▏ | 443/545 [02:28<00:34,  2.99it/s]
Epoch 8/10:  81%|████████▏ | 444/545 [02:28<00:33,  2.99it/s]
Epoch 8/10:  82%|████████▏ | 445/545 [02:28<00:33,  2.99it/s]
Epoch 8/10:  82%|████████▏ | 446/545 [02:29<00:33,  2.99it/s]
Epoch 8/10:  82%|████████▏ | 447/545 [02:29<00:32,  2.99it/s]
Epoch 8/10:  82%|████████▏ | 448/545 [02:29<00:32,  2.99it/s]
Epoch 8/10:  82%|████████▏ | 449/545 [02:30<00:32,  2.99it/s]
Epoch 8/10:  83%|████████▎ | 450/545 [02:30<00:31,  2.99it/s]
Epoch 8/10:  83%|████████▎ | 451/545 [02:30<00:31,  2.99it/s]
Epoch 8/10:  83%|████████▎ | 452/545 [02:31<00:31,  2.99it/s]
Epoch 8/10:  83%|████████▎ | 453/545 [02:31<00:30,  2.99it/s]
Epoch 8/10:  83%|████████▎ | 454/545 [02:31<00:30,  2.99it/s]
Epoch 8/10:  83%|████████▎ | 455/545 [02:32<00:30,  2.99it/s]
Epoch 8/10:  84%|████████▎ | 456/545 [02:32<00:29,  2.99it/s]
Epoch 8/10:  84%|████████▍ | 457/545 [02:32<00:29,  2.99it/s]
Epoch 8/10:  84%|████████▍ | 458/545 [02:33<00:29,  2.99it/s]
Epoch 8/10:  84%|████████▍ | 459/545 [02:33<00:28,  2.99it/s]
Epoch 8/10:  84%|████████▍ | 460/545 [02:33<00:28,  2.99it/s]
Epoch 8/10:  85%|████████▍ | 461/545 [02:34<00:28,  2.99it/s]
Epoch 8/10:  85%|████████▍ | 462/545 [02:34<00:27,  2.99it/s]
Epoch 8/10:  85%|████████▍ | 463/545 [02:34<00:27,  2.99it/s]
Epoch 8/10:  85%|████████▌ | 464/545 [02:35<00:27,  2.99it/s]
Epoch 8/10:  85%|████████▌ | 465/545 [02:35<00:26,  2.99it/s]
Epoch 8/10:  86%|████████▌ | 466/545 [02:35<00:26,  2.99it/s]
Epoch 8/10:  86%|████████▌ | 467/545 [02:36<00:26,  2.99it/s]
Epoch 8/10:  86%|████████▌ | 468/545 [02:36<00:25,  2.99it/s]
Epoch 8/10:  86%|████████▌ | 469/545 [02:36<00:25,  2.99it/s]
Epoch 8/10:  86%|████████▌ | 470/545 [02:37<00:25,  2.99it/s]
Epoch 8/10:  86%|████████▋ | 471/545 [02:37<00:24,  2.99it/s]
Epoch 8/10:  87%|████████▋ | 472/545 [02:37<00:24,  2.99it/s]
Epoch 8/10:  87%|████████▋ | 473/545 [02:38<00:24,  2.99it/s]
Epoch 8/10:  87%|████████▋ | 474/545 [02:38<00:23,  2.99it/s]
Epoch 8/10:  87%|████████▋ | 475/545 [02:39<00:23,  2.99it/s]
Epoch 8/10:  87%|████████▋ | 476/545 [02:39<00:23,  2.99it/s]
Epoch 8/10:  88%|████████▊ | 477/545 [02:39<00:22,  2.99it/s]
Epoch 8/10:  88%|████████▊ | 478/545 [02:40<00:22,  2.99it/s]
Epoch 8/10:  88%|████████▊ | 479/545 [02:40<00:22,  2.99it/s]
Epoch 8/10:  88%|████████▊ | 480/545 [02:40<00:21,  2.99it/s]
Epoch 8/10:  88%|████████▊ | 481/545 [02:41<00:21,  2.99it/s]
Epoch 8/10:  88%|████████▊ | 482/545 [02:41<00:21,  2.99it/s]
Epoch 8/10:  89%|████████▊ | 483/545 [02:41<00:20,  2.99it/s]
Epoch 8/10:  89%|████████▉ | 484/545 [02:42<00:20,  2.99it/s]
Epoch 8/10:  89%|████████▉ | 485/545 [02:42<00:20,  2.99it/s]
Epoch 8/10:  89%|████████▉ | 486/545 [02:42<00:19,  2.99it/s]
Epoch 8/10:  89%|████████▉ | 487/545 [02:43<00:19,  2.99it/s]
Epoch 8/10:  90%|████████▉ | 488/545 [02:43<00:19,  2.99it/s]
Epoch 8/10:  90%|████████▉ | 489/545 [02:43<00:18,  2.99it/s]
Epoch 8/10:  90%|████████▉ | 490/545 [02:44<00:18,  2.99it/s]
Epoch 8/10:  90%|█████████ | 491/545 [02:44<00:18,  2.99it/s]
Epoch 8/10:  90%|█████████ | 492/545 [02:44<00:17,  2.99it/s]
Epoch 8/10:  90%|█████████ | 493/545 [02:45<00:17,  2.99it/s]
Epoch 8/10:  91%|█████████ | 494/545 [02:45<00:17,  2.99it/s]
Epoch 8/10:  91%|█████████ | 495/545 [02:45<00:16,  2.99it/s]
Epoch 8/10:  91%|█████████ | 496/545 [02:46<00:16,  2.99it/s]
Epoch 8/10:  91%|█████████ | 497/545 [02:46<00:16,  2.99it/s]
Epoch 8/10:  91%|█████████▏| 498/545 [02:46<00:15,  2.99it/s]
Epoch 8/10:  92%|█████████▏| 499/545 [02:47<00:15,  2.99it/s]
Epoch 8/10:  92%|█████████▏| 500/545 [02:47<00:15,  2.99it/s]
Epoch 8/10:  92%|█████████▏| 501/545 [02:47<00:14,  2.99it/s]
Epoch 8/10:  92%|█████████▏| 502/545 [02:48<00:14,  2.99it/s]
Epoch 8/10:  92%|█████████▏| 503/545 [02:48<00:14,  2.99it/s]
Epoch 8/10:  92%|█████████▏| 504/545 [02:48<00:13,  2.99it/s]
Epoch 8/10:  93%|█████████▎| 505/545 [02:49<00:13,  2.99it/s]
Epoch 8/10:  93%|█████████▎| 506/545 [02:49<00:13,  2.99it/s]
Epoch 8/10:  93%|█████████▎| 507/545 [02:49<00:12,  2.99it/s]
Epoch 8/10:  93%|█████████▎| 508/545 [02:50<00:12,  2.99it/s]
Epoch 8/10:  93%|█████████▎| 509/545 [02:50<00:12,  2.99it/s]
Epoch 8/10:  94%|█████████▎| 510/545 [02:50<00:11,  2.99it/s]
Epoch 8/10:  94%|█████████▍| 511/545 [02:51<00:11,  2.99it/s]
Epoch 8/10:  94%|█████████▍| 512/545 [02:51<00:11,  2.99it/s]
Epoch 8/10:  94%|█████████▍| 513/545 [02:51<00:10,  2.99it/s]
Epoch 8/10:  94%|█████████▍| 514/545 [02:52<00:10,  2.99it/s]
Epoch 8/10:  94%|█████████▍| 515/545 [02:52<00:10,  2.99it/s]
Epoch 8/10:  95%|█████████▍| 516/545 [02:52<00:09,  2.99it/s]
Epoch 8/10:  95%|█████████▍| 517/545 [02:53<00:09,  2.99it/s]
Epoch 8/10:  95%|█████████▌| 518/545 [02:53<00:09,  2.99it/s]
Epoch 8/10:  95%|█████████▌| 519/545 [02:53<00:08,  2.99it/s]
Epoch 8/10:  95%|█████████▌| 520/545 [02:54<00:08,  2.99it/s]
Epoch 8/10:  96%|█████████▌| 521/545 [02:54<00:08,  2.99it/s]
Epoch 8/10:  96%|█████████▌| 522/545 [02:54<00:07,  2.99it/s]
Epoch 8/10:  96%|█████████▌| 523/545 [02:55<00:07,  2.99it/s]
Epoch 8/10:  96%|█████████▌| 524/545 [02:55<00:07,  2.99it/s]
Epoch 8/10:  96%|█████████▋| 525/545 [02:55<00:06,  2.99it/s]
Epoch 8/10:  97%|█████████▋| 526/545 [02:56<00:06,  2.99it/s]
Epoch 8/10:  97%|█████████▋| 527/545 [02:56<00:06,  2.99it/s]
Epoch 8/10:  97%|█████████▋| 528/545 [02:56<00:05,  2.99it/s]
Epoch 8/10:  97%|█████████▋| 529/545 [02:57<00:05,  2.99it/s]
Epoch 8/10:  97%|█████████▋| 530/545 [02:57<00:05,  2.99it/s]
Epoch 8/10:  97%|█████████▋| 531/545 [02:57<00:04,  2.99it/s]
Epoch 8/10:  98%|█████████▊| 532/545 [02:58<00:04,  2.99it/s]
Epoch 8/10:  98%|█████████▊| 533/545 [02:58<00:04,  2.99it/s]
Epoch 8/10:  98%|█████████▊| 534/545 [02:58<00:03,  2.99it/s]
Epoch 8/10:  98%|█████████▊| 535/545 [02:59<00:03,  2.99it/s]
Epoch 8/10:  98%|█████████▊| 536/545 [02:59<00:03,  2.99it/s]
Epoch 8/10:  99%|█████████▊| 537/545 [02:59<00:02,  2.99it/s]
Epoch 8/10:  99%|█████████▊| 538/545 [03:00<00:02,  2.99it/s]
Epoch 8/10:  99%|█████████▉| 539/545 [03:00<00:02,  2.99it/s]
Epoch 8/10:  99%|█████████▉| 540/545 [03:00<00:01,  2.99it/s]
Epoch 8/10:  99%|█████████▉| 541/545 [03:01<00:01,  2.96it/s]
Epoch 8/10:  99%|█████████▉| 542/545 [03:01<00:01,  2.97it/s]
Epoch 8/10: 100%|█████████▉| 543/545 [03:01<00:00,  2.98it/s]
Epoch 8/10: 100%|█████████▉| 544/545 [03:02<00:00,  2.98it/s]
Epoch 8/10: 100%|██████████| 545/545 [03:02<00:00,  3.18it/s]
Epoch 8/10: 100%|██████████| 545/545 [03:02<00:00,  2.99it/s]

Epoch 9/10:   0%|          | 0/545 [00:00<?, ?it/s]
Epoch 9/10:   0%|          | 1/545 [00:00<03:37,  2.50it/s]
Epoch 9/10:   0%|          | 2/545 [00:00<03:16,  2.77it/s]
Epoch 9/10:   1%|          | 3/545 [00:01<03:09,  2.86it/s]
Epoch 9/10:   1%|          | 4/545 [00:01<03:05,  2.91it/s]
Epoch 9/10:   1%|          | 5/545 [00:01<03:03,  2.94it/s]
Epoch 9/10:   1%|          | 6/545 [00:02<03:02,  2.96it/s]
Epoch 9/10:   1%|▏         | 7/545 [00:02<03:01,  2.96it/s]
Epoch 9/10:   1%|▏         | 8/545 [00:02<03:00,  2.97it/s]
Epoch 9/10:   2%|▏         | 9/545 [00:03<03:00,  2.98it/s]
Epoch 9/10:   2%|▏         | 10/545 [00:03<02:59,  2.98it/s]
Epoch 9/10:   2%|▏         | 11/545 [00:03<02:59,  2.98it/s]
Epoch 9/10:   2%|▏         | 12/545 [00:04<02:58,  2.98it/s]
Epoch 9/10:   2%|▏         | 13/545 [00:04<02:58,  2.98it/s]
Epoch 9/10:   3%|▎         | 14/545 [00:04<02:57,  2.99it/s]
Epoch 9/10:   3%|▎         | 15/545 [00:05<02:57,  2.99it/s]
Epoch 9/10:   3%|▎         | 16/545 [00:05<02:57,  2.99it/s]
Epoch 9/10:   3%|▎         | 17/545 [00:05<02:56,  2.99it/s]
Epoch 9/10:   3%|▎         | 18/545 [00:06<02:56,  2.99it/s]
Epoch 9/10:   3%|▎         | 19/545 [00:06<02:56,  2.99it/s]
Epoch 9/10:   4%|▎         | 20/545 [00:06<02:55,  2.99it/s]
Epoch 9/10:   4%|▍         | 21/545 [00:07<02:55,  2.99it/s]
Epoch 9/10:   4%|▍         | 22/545 [00:07<02:55,  2.99it/s]
Epoch 9/10:   4%|▍         | 23/545 [00:07<02:54,  2.99it/s]
Epoch 9/10:   4%|▍         | 24/545 [00:08<02:54,  2.99it/s]
Epoch 9/10:   5%|▍         | 25/545 [00:08<02:53,  2.99it/s]
Epoch 9/10:   5%|▍         | 26/545 [00:08<02:53,  2.99it/s]
Epoch 9/10:   5%|▍         | 27/545 [00:09<02:53,  2.99it/s]
Epoch 9/10:   5%|▌         | 28/545 [00:09<02:52,  2.99it/s]
Epoch 9/10:   5%|▌         | 29/545 [00:09<02:52,  2.99it/s]
Epoch 9/10:   6%|▌         | 30/545 [00:10<02:52,  2.99it/s]
Epoch 9/10:   6%|▌         | 31/545 [00:10<02:51,  2.99it/s]
Epoch 9/10:   6%|▌         | 32/545 [00:10<02:51,  2.99it/s]
Epoch 9/10:   6%|▌         | 33/545 [00:11<02:51,  2.99it/s]
Epoch 9/10:   6%|▌         | 34/545 [00:11<02:51,  2.99it/s]
Epoch 9/10:   6%|▋         | 35/545 [00:11<02:50,  2.99it/s]
Epoch 9/10:   7%|▋         | 36/545 [00:12<02:50,  2.99it/s]
Epoch 9/10:   7%|▋         | 37/545 [00:12<02:50,  2.99it/s]
Epoch 9/10:   7%|▋         | 38/545 [00:12<02:49,  2.99it/s]
Epoch 9/10:   7%|▋         | 39/545 [00:13<02:49,  2.99it/s]
Epoch 9/10:   7%|▋         | 40/545 [00:13<02:49,  2.99it/s]
Epoch 9/10:   8%|▊         | 41/545 [00:13<02:48,  2.99it/s]
Epoch 9/10:   8%|▊         | 42/545 [00:14<02:48,  2.99it/s]
Epoch 9/10:   8%|▊         | 43/545 [00:14<02:47,  2.99it/s]
Epoch 9/10:   8%|▊         | 44/545 [00:14<02:47,  2.99it/s]
Epoch 9/10:   8%|▊         | 45/545 [00:15<02:47,  2.99it/s]
Epoch 9/10:   8%|▊         | 46/545 [00:15<02:46,  2.99it/s]
Epoch 9/10:   9%|▊         | 47/545 [00:15<02:46,  2.99it/s]
Epoch 9/10:   9%|▉         | 48/545 [00:16<02:46,  2.99it/s]
Epoch 9/10:   9%|▉         | 49/545 [00:16<02:46,  2.99it/s]
Epoch 9/10:   9%|▉         | 50/545 [00:16<02:45,  2.99it/s]
Epoch 9/10:   9%|▉         | 51/545 [00:17<02:45,  2.99it/s]
Epoch 9/10:  10%|▉         | 52/545 [00:17<02:45,  2.99it/s]
Epoch 9/10:  10%|▉         | 53/545 [00:17<02:44,  2.99it/s]
Epoch 9/10:  10%|▉         | 54/545 [00:18<02:44,  2.99it/s]
Epoch 9/10:  10%|█         | 55/545 [00:18<02:43,  2.99it/s]
Epoch 9/10:  10%|█         | 56/545 [00:18<02:43,  2.99it/s]
Epoch 9/10:  10%|█         | 57/545 [00:19<02:43,  2.99it/s]
Epoch 9/10:  11%|█         | 58/545 [00:19<02:43,  2.99it/s]
Epoch 9/10:  11%|█         | 59/545 [00:19<02:42,  2.99it/s]
Epoch 9/10:  11%|█         | 60/545 [00:20<02:42,  2.99it/s]
Epoch 9/10:  11%|█         | 61/545 [00:20<02:42,  2.99it/s]
Epoch 9/10:  11%|█▏        | 62/545 [00:20<02:41,  2.99it/s]
Epoch 9/10:  12%|█▏        | 63/545 [00:21<02:41,  2.99it/s]
Epoch 9/10:  12%|█▏        | 64/545 [00:21<02:40,  2.99it/s]
Epoch 9/10:  12%|█▏        | 65/545 [00:21<02:40,  2.99it/s]
Epoch 9/10:  12%|█▏        | 66/545 [00:22<02:40,  2.99it/s]
Epoch 9/10:  12%|█▏        | 67/545 [00:22<02:39,  2.99it/s]
Epoch 9/10:  12%|█▏        | 68/545 [00:22<02:39,  2.99it/s]
Epoch 9/10:  13%|█▎        | 69/545 [00:23<02:39,  2.99it/s]
Epoch 9/10:  13%|█▎        | 70/545 [00:23<02:39,  2.98it/s]
Epoch 9/10:  13%|█▎        | 71/545 [00:23<02:38,  2.98it/s]
Epoch 9/10:  13%|█▎        | 72/545 [00:24<02:38,  2.99it/s]
Epoch 9/10:  13%|█▎        | 73/545 [00:24<02:38,  2.99it/s]
Epoch 9/10:  14%|█▎        | 74/545 [00:24<02:37,  2.98it/s]
Epoch 9/10:  14%|█▍        | 75/545 [00:25<02:37,  2.98it/s]
Epoch 9/10:  14%|█▍        | 76/545 [00:25<02:37,  2.98it/s]
Epoch 9/10:  14%|█▍        | 77/545 [00:25<02:36,  2.98it/s]
Epoch 9/10:  14%|█▍        | 78/545 [00:26<02:36,  2.98it/s]
Epoch 9/10:  14%|█▍        | 79/545 [00:26<02:36,  2.99it/s]
Epoch 9/10:  15%|█▍        | 80/545 [00:26<02:35,  2.99it/s]
Epoch 9/10:  15%|█▍        | 81/545 [00:27<02:35,  2.99it/s]
Epoch 9/10:  15%|█▌        | 82/545 [00:27<02:34,  2.99it/s]
Epoch 9/10:  15%|█▌        | 83/545 [00:27<02:34,  2.99it/s]
Epoch 9/10:  15%|█▌        | 84/545 [00:28<02:34,  2.99it/s]
Epoch 9/10:  16%|█▌        | 85/545 [00:28<02:33,  2.99it/s]
Epoch 9/10:  16%|█▌        | 86/545 [00:28<02:33,  2.99it/s]
Epoch 9/10:  16%|█▌        | 87/545 [00:29<02:33,  2.99it/s]
Epoch 9/10:  16%|█▌        | 88/545 [00:29<02:32,  2.99it/s]
Epoch 9/10:  16%|█▋        | 89/545 [00:29<02:32,  2.99it/s]
Epoch 9/10:  17%|█▋        | 90/545 [00:30<02:32,  2.99it/s]
Epoch 9/10:  17%|█▋        | 91/545 [00:30<02:31,  2.99it/s]
Epoch 9/10:  17%|█▋        | 92/545 [00:30<02:31,  2.99it/s]
Epoch 9/10:  17%|█▋        | 93/545 [00:31<02:31,  2.99it/s]
Epoch 9/10:  17%|█▋        | 94/545 [00:31<02:30,  2.99it/s]
Epoch 9/10:  17%|█▋        | 95/545 [00:31<02:30,  2.99it/s]
Epoch 9/10:  18%|█▊        | 96/545 [00:32<02:30,  2.99it/s]
Epoch 9/10:  18%|█▊        | 97/545 [00:32<02:29,  2.99it/s]
Epoch 9/10:  18%|█▊        | 98/545 [00:32<02:29,  2.99it/s]
Epoch 9/10:  18%|█▊        | 99/545 [00:33<02:29,  2.99it/s]
Epoch 9/10:  18%|█▊        | 100/545 [00:33<02:28,  2.99it/s]
Epoch 9/10:  19%|█▊        | 101/545 [00:33<02:28,  2.99it/s]
Epoch 9/10:  19%|█▊        | 102/545 [00:34<02:28,  2.99it/s]
Epoch 9/10:  19%|█▉        | 103/545 [00:34<02:27,  2.99it/s]
Epoch 9/10:  19%|█▉        | 104/545 [00:34<02:27,  2.99it/s]
Epoch 9/10:  19%|█▉        | 105/545 [00:35<02:27,  2.99it/s]
Epoch 9/10:  19%|█▉        | 106/545 [00:35<02:26,  2.99it/s]
Epoch 9/10:  20%|█▉        | 107/545 [00:35<02:26,  2.99it/s]
Epoch 9/10:  20%|█▉        | 108/545 [00:36<02:26,  2.99it/s]
Epoch 9/10:  20%|██        | 109/545 [00:36<02:25,  2.99it/s]
Epoch 9/10:  20%|██        | 110/545 [00:36<02:25,  2.99it/s]
Epoch 9/10:  20%|██        | 111/545 [00:37<02:25,  2.99it/s]
Epoch 9/10:  21%|██        | 112/545 [00:37<02:24,  2.99it/s]
Epoch 9/10:  21%|██        | 113/545 [00:37<02:24,  2.99it/s]
Epoch 9/10:  21%|██        | 114/545 [00:38<02:24,  2.99it/s]
Epoch 9/10:  21%|██        | 115/545 [00:38<02:23,  2.99it/s]
Epoch 9/10:  21%|██▏       | 116/545 [00:38<02:23,  2.99it/s]
Epoch 9/10:  21%|██▏       | 117/545 [00:39<02:23,  2.99it/s]
Epoch 9/10:  22%|██▏       | 118/545 [00:39<02:22,  2.99it/s]
Epoch 9/10:  22%|██▏       | 119/545 [00:39<02:22,  2.99it/s]
Epoch 9/10:  22%|██▏       | 120/545 [00:40<02:22,  2.99it/s]
Epoch 9/10:  22%|██▏       | 121/545 [00:40<02:21,  2.99it/s]
Epoch 9/10:  22%|██▏       | 122/545 [00:40<02:21,  2.99it/s]
Epoch 9/10:  23%|██▎       | 123/545 [00:41<02:21,  2.99it/s]
Epoch 9/10:  23%|██▎       | 124/545 [00:41<02:20,  2.99it/s]
Epoch 9/10:  23%|██▎       | 125/545 [00:41<02:20,  2.99it/s]
Epoch 9/10:  23%|██▎       | 126/545 [00:42<02:20,  2.99it/s]
Epoch 9/10:  23%|██▎       | 127/545 [00:42<02:19,  2.99it/s]
Epoch 9/10:  23%|██▎       | 128/545 [00:42<02:19,  2.99it/s]
Epoch 9/10:  24%|██▎       | 129/545 [00:43<02:19,  2.99it/s]
Epoch 9/10:  24%|██▍       | 130/545 [00:43<02:19,  2.99it/s]
Epoch 9/10:  24%|██▍       | 131/545 [00:43<02:18,  2.98it/s]
Epoch 9/10:  24%|██▍       | 132/545 [00:44<02:18,  2.98it/s]
Epoch 9/10:  24%|██▍       | 133/545 [00:44<02:17,  2.99it/s]
Epoch 9/10:  25%|██▍       | 134/545 [00:44<02:17,  2.99it/s]
Epoch 9/10:  25%|██▍       | 135/545 [00:45<02:17,  2.99it/s]
Epoch 9/10:  25%|██▍       | 136/545 [00:45<02:16,  2.99it/s]
Epoch 9/10:  25%|██▌       | 137/545 [00:45<02:16,  2.99it/s]
Epoch 9/10:  25%|██▌       | 138/545 [00:46<02:16,  2.99it/s]
Epoch 9/10:  26%|██▌       | 139/545 [00:46<02:15,  2.99it/s]
Epoch 9/10:  26%|██▌       | 140/545 [00:46<02:15,  2.98it/s]
Epoch 9/10:  26%|██▌       | 141/545 [00:47<02:15,  2.98it/s]
Epoch 9/10:  26%|██▌       | 142/545 [00:47<02:15,  2.98it/s]
Epoch 9/10:  26%|██▌       | 143/545 [00:47<02:14,  2.98it/s]
Epoch 9/10:  26%|██▋       | 144/545 [00:48<02:14,  2.99it/s]
Epoch 9/10:  27%|██▋       | 145/545 [00:48<02:13,  2.99it/s]
Epoch 9/10:  27%|██▋       | 146/545 [00:48<02:13,  2.99it/s]
Epoch 9/10:  27%|██▋       | 147/545 [00:49<02:13,  2.99it/s]
Epoch 9/10:  27%|██▋       | 148/545 [00:49<02:12,  2.99it/s]
Epoch 9/10:  27%|██▋       | 149/545 [00:49<02:12,  2.99it/s]
Epoch 9/10:  28%|██▊       | 150/545 [00:50<02:12,  2.99it/s]
Epoch 9/10:  28%|██▊       | 151/545 [00:50<02:11,  2.99it/s]
Epoch 9/10:  28%|██▊       | 152/545 [00:50<02:11,  2.99it/s]
Epoch 9/10:  28%|██▊       | 153/545 [00:51<02:11,  2.99it/s]
Epoch 9/10:  28%|██▊       | 154/545 [00:51<02:10,  2.99it/s]
Epoch 9/10:  28%|██▊       | 155/545 [00:51<02:10,  2.99it/s]
Epoch 9/10:  29%|██▊       | 156/545 [00:52<02:10,  2.99it/s]
Epoch 9/10:  29%|██▉       | 157/545 [00:52<02:09,  2.99it/s]
Epoch 9/10:  29%|██▉       | 158/545 [00:52<02:09,  2.99it/s]
Epoch 9/10:  29%|██▉       | 159/545 [00:53<02:09,  2.99it/s]
Epoch 9/10:  29%|██▉       | 160/545 [00:53<02:08,  2.99it/s]
Epoch 9/10:  30%|██▉       | 161/545 [00:53<02:08,  2.98it/s]
Epoch 9/10:  30%|██▉       | 162/545 [00:54<02:08,  2.99it/s]
Epoch 9/10:  30%|██▉       | 163/545 [00:54<02:07,  2.99it/s]
Epoch 9/10:  30%|███       | 164/545 [00:54<02:07,  2.99it/s]
Epoch 9/10:  30%|███       | 165/545 [00:55<02:07,  2.99it/s]
Epoch 9/10:  30%|███       | 166/545 [00:55<02:06,  2.99it/s]
Epoch 9/10:  31%|███       | 167/545 [00:55<02:06,  2.99it/s]
Epoch 9/10:  31%|███       | 168/545 [00:56<02:06,  2.99it/s]
Epoch 9/10:  31%|███       | 169/545 [00:56<02:05,  2.99it/s]
Epoch 9/10:  31%|███       | 170/545 [00:56<02:05,  2.99it/s]
Epoch 9/10:  31%|███▏      | 171/545 [00:57<02:05,  2.99it/s]
Epoch 9/10:  32%|███▏      | 172/545 [00:57<02:04,  2.99it/s]
Epoch 9/10:  32%|███▏      | 173/545 [00:57<02:04,  2.99it/s]
Epoch 9/10:  32%|███▏      | 174/545 [00:58<02:04,  2.99it/s]
Epoch 9/10:  32%|███▏      | 175/545 [00:58<02:03,  2.99it/s]
Epoch 9/10:  32%|███▏      | 176/545 [00:58<02:03,  2.99it/s]
Epoch 9/10:  32%|███▏      | 177/545 [00:59<02:03,  2.99it/s]
Epoch 9/10:  33%|███▎      | 178/545 [00:59<02:02,  2.99it/s]
Epoch 9/10:  33%|███▎      | 179/545 [00:59<02:02,  2.99it/s]
Epoch 9/10:  33%|███▎      | 180/545 [01:00<02:02,  2.99it/s]
Epoch 9/10:  33%|███▎      | 181/545 [01:00<02:02,  2.97it/s]
Epoch 9/10:  33%|███▎      | 182/545 [01:00<02:01,  2.98it/s]
Epoch 9/10:  34%|███▎      | 183/545 [01:01<02:01,  2.98it/s]
Epoch 9/10:  34%|███▍      | 184/545 [01:01<02:01,  2.98it/s]
Epoch 9/10:  34%|███▍      | 185/545 [01:02<02:00,  2.98it/s]
Epoch 9/10:  34%|███▍      | 186/545 [01:02<02:00,  2.98it/s]
Epoch 9/10:  34%|███▍      | 187/545 [01:02<02:00,  2.98it/s]
Epoch 9/10:  34%|███▍      | 188/545 [01:03<01:59,  2.98it/s]
Epoch 9/10:  35%|███▍      | 189/545 [01:03<01:59,  2.98it/s]
Epoch 9/10:  35%|███▍      | 190/545 [01:03<01:58,  2.99it/s]
Epoch 9/10:  35%|███▌      | 191/545 [01:04<01:58,  2.98it/s]
Epoch 9/10:  35%|███▌      | 192/545 [01:04<01:58,  2.99it/s]
Epoch 9/10:  35%|███▌      | 193/545 [01:04<01:57,  2.99it/s]
Epoch 9/10:  36%|███▌      | 194/545 [01:05<01:57,  2.99it/s]
Epoch 9/10:  36%|███▌      | 195/545 [01:05<01:57,  2.99it/s]
Epoch 9/10:  36%|███▌      | 196/545 [01:05<01:56,  2.99it/s]
Epoch 9/10:  36%|███▌      | 197/545 [01:06<01:56,  2.99it/s]
Epoch 9/10:  36%|███▋      | 198/545 [01:06<01:56,  2.99it/s]
Epoch 9/10:  37%|███▋      | 199/545 [01:06<01:55,  2.99it/s]
Epoch 9/10:  37%|███▋      | 200/545 [01:07<01:55,  2.99it/s]
Epoch 9/10:  37%|███▋      | 201/545 [01:07<01:55,  2.99it/s]
Epoch 9/10:  37%|███▋      | 202/545 [01:07<01:54,  2.99it/s]
Epoch 9/10:  37%|███▋      | 203/545 [01:08<01:54,  2.99it/s]
Epoch 9/10:  37%|███▋      | 204/545 [01:08<01:54,  2.99it/s]
Epoch 9/10:  38%|███▊      | 205/545 [01:08<01:53,  2.99it/s]
Epoch 9/10:  38%|███▊      | 206/545 [01:09<01:53,  2.99it/s]
Epoch 9/10:  38%|███▊      | 207/545 [01:09<01:53,  2.99it/s]
Epoch 9/10:  38%|███▊      | 208/545 [01:09<01:52,  2.99it/s]
Epoch 9/10:  38%|███▊      | 209/545 [01:10<01:52,  2.99it/s]
Epoch 9/10:  39%|███▊      | 210/545 [01:10<01:52,  2.99it/s]
Epoch 9/10:  39%|███▊      | 211/545 [01:10<01:51,  2.99it/s]
Epoch 9/10:  39%|███▉      | 212/545 [01:11<01:51,  2.99it/s]
Epoch 9/10:  39%|███▉      | 213/545 [01:11<01:51,  2.99it/s]
Epoch 9/10:  39%|███▉      | 214/545 [01:11<01:50,  2.99it/s]
Epoch 9/10:  39%|███▉      | 215/545 [01:12<01:50,  2.99it/s]
Epoch 9/10:  40%|███▉      | 216/545 [01:12<01:50,  2.99it/s]
Epoch 9/10:  40%|███▉      | 217/545 [01:12<01:49,  2.99it/s]
Epoch 9/10:  40%|████      | 218/545 [01:13<01:49,  2.99it/s]
Epoch 9/10:  40%|████      | 219/545 [01:13<01:49,  2.99it/s]
Epoch 9/10:  40%|████      | 220/545 [01:13<01:48,  2.99it/s]
Epoch 9/10:  41%|████      | 221/545 [01:14<01:48,  2.99it/s]
Epoch 9/10:  41%|████      | 222/545 [01:14<01:48,  2.99it/s]
Epoch 9/10:  41%|████      | 223/545 [01:14<01:47,  2.99it/s]
Epoch 9/10:  41%|████      | 224/545 [01:15<01:47,  2.99it/s]
Epoch 9/10:  41%|████▏     | 225/545 [01:15<01:47,  2.99it/s]
Epoch 9/10:  41%|████▏     | 226/545 [01:15<01:46,  2.99it/s]
Epoch 9/10:  42%|████▏     | 227/545 [01:16<01:46,  2.99it/s]
Epoch 9/10:  42%|████▏     | 228/545 [01:16<01:46,  2.99it/s]
Epoch 9/10:  42%|████▏     | 229/545 [01:16<01:45,  2.99it/s]
Epoch 9/10:  42%|████▏     | 230/545 [01:17<01:45,  2.99it/s]
Epoch 9/10:  42%|████▏     | 231/545 [01:17<01:45,  2.99it/s]
Epoch 9/10:  43%|████▎     | 232/545 [01:17<01:44,  2.99it/s]
Epoch 9/10:  43%|████▎     | 233/545 [01:18<01:44,  2.99it/s]
Epoch 9/10:  43%|████▎     | 234/545 [01:18<01:44,  2.99it/s]
Epoch 9/10:  43%|████▎     | 235/545 [01:18<01:43,  2.99it/s]
Epoch 9/10:  43%|████▎     | 236/545 [01:19<01:43,  2.99it/s]
Epoch 9/10:  43%|████▎     | 237/545 [01:19<01:43,  2.99it/s]
Epoch 9/10:  44%|████▎     | 238/545 [01:19<01:42,  2.99it/s]
Epoch 9/10:  44%|████▍     | 239/545 [01:20<01:42,  2.99it/s]
Epoch 9/10:  44%|████▍     | 240/545 [01:20<01:42,  2.99it/s]
Epoch 9/10:  44%|████▍     | 241/545 [01:20<01:41,  2.99it/s]
Epoch 9/10:  44%|████▍     | 242/545 [01:21<01:41,  2.99it/s]
Epoch 9/10:  45%|████▍     | 243/545 [01:21<01:41,  2.99it/s]
Epoch 9/10:  45%|████▍     | 244/545 [01:21<01:40,  2.99it/s]
Epoch 9/10:  45%|████▍     | 245/545 [01:22<01:40,  2.99it/s]
Epoch 9/10:  45%|████▌     | 246/545 [01:22<01:40,  2.99it/s]
Epoch 9/10:  45%|████▌     | 247/545 [01:22<01:39,  2.99it/s]
Epoch 9/10:  46%|████▌     | 248/545 [01:23<01:39,  2.98it/s]
Epoch 9/10:  46%|████▌     | 249/545 [01:23<01:39,  2.99it/s]
Epoch 9/10:  46%|████▌     | 250/545 [01:23<01:38,  2.99it/s]
Epoch 9/10:  46%|████▌     | 251/545 [01:24<01:38,  2.99it/s]
Epoch 9/10:  46%|████▌     | 252/545 [01:24<01:38,  2.99it/s]
Epoch 9/10:  46%|████▋     | 253/545 [01:24<01:37,  2.99it/s]
Epoch 9/10:  47%|████▋     | 254/545 [01:25<01:37,  2.99it/s]
Epoch 9/10:  47%|████▋     | 255/545 [01:25<01:37,  2.99it/s]
Epoch 9/10:  47%|████▋     | 256/545 [01:25<01:36,  2.99it/s]
Epoch 9/10:  47%|████▋     | 257/545 [01:26<01:36,  2.99it/s]
Epoch 9/10:  47%|████▋     | 258/545 [01:26<01:36,  2.99it/s]
Epoch 9/10:  48%|████▊     | 259/545 [01:26<01:35,  2.99it/s]
Epoch 9/10:  48%|████▊     | 260/545 [01:27<01:35,  2.98it/s]
Epoch 9/10:  48%|████▊     | 261/545 [01:27<01:35,  2.99it/s]
Epoch 9/10:  48%|████▊     | 262/545 [01:27<01:34,  2.99it/s]
Epoch 9/10:  48%|████▊     | 263/545 [01:28<01:34,  2.99it/s]
Epoch 9/10:  48%|████▊     | 264/545 [01:28<01:34,  2.99it/s]
Epoch 9/10:  49%|████▊     | 265/545 [01:28<01:33,  2.99it/s]
Epoch 9/10:  49%|████▉     | 266/545 [01:29<01:33,  2.99it/s]
Epoch 9/10:  49%|████▉     | 267/545 [01:29<01:33,  2.99it/s]
Epoch 9/10:  49%|████▉     | 268/545 [01:29<01:32,  2.99it/s]
Epoch 9/10:  49%|████▉     | 269/545 [01:30<01:32,  2.99it/s]
Epoch 9/10:  50%|████▉     | 270/545 [01:30<01:32,  2.99it/s]
Epoch 9/10:  50%|████▉     | 271/545 [01:30<01:31,  2.99it/s]
Epoch 9/10:  50%|████▉     | 272/545 [01:31<01:31,  2.99it/s]
Epoch 9/10:  50%|█████     | 273/545 [01:31<01:31,  2.99it/s]
Epoch 9/10:  50%|█████     | 274/545 [01:31<01:30,  2.99it/s]
Epoch 9/10:  50%|█████     | 275/545 [01:32<01:30,  2.99it/s]
Epoch 9/10:  51%|█████     | 276/545 [01:32<01:30,  2.99it/s]
Epoch 9/10:  51%|█████     | 277/545 [01:32<01:29,  2.99it/s]
Epoch 9/10:  51%|█████     | 278/545 [01:33<01:29,  2.99it/s]
Epoch 9/10:  51%|█████     | 279/545 [01:33<01:29,  2.99it/s]
Epoch 9/10:  51%|█████▏    | 280/545 [01:33<01:28,  2.99it/s]
Epoch 9/10:  52%|█████▏    | 281/545 [01:34<01:28,  2.99it/s]
Epoch 9/10:  52%|█████▏    | 282/545 [01:34<01:28,  2.99it/s]
Epoch 9/10:  52%|█████▏    | 283/545 [01:34<01:27,  2.99it/s]
Epoch 9/10:  52%|█████▏    | 284/545 [01:35<01:27,  2.99it/s]
Epoch 9/10:  52%|█████▏    | 285/545 [01:35<01:27,  2.99it/s]
Epoch 9/10:  52%|█████▏    | 286/545 [01:35<01:26,  2.99it/s]
Epoch 9/10:  53%|█████▎    | 287/545 [01:36<01:26,  2.99it/s]
Epoch 9/10:  53%|█████▎    | 288/545 [01:36<01:26,  2.99it/s]
Epoch 9/10:  53%|█████▎    | 289/545 [01:36<01:25,  2.99it/s]
Epoch 9/10:  53%|█████▎    | 290/545 [01:37<01:25,  2.99it/s]
Epoch 9/10:  53%|█████▎    | 291/545 [01:37<01:25,  2.99it/s]
Epoch 9/10:  54%|█████▎    | 292/545 [01:37<01:24,  2.99it/s]
Epoch 9/10:  54%|█████▍    | 293/545 [01:38<01:24,  2.99it/s]
Epoch 9/10:  54%|█████▍    | 294/545 [01:38<01:24,  2.99it/s]
Epoch 9/10:  54%|█████▍    | 295/545 [01:38<01:23,  2.99it/s]
Epoch 9/10:  54%|█████▍    | 296/545 [01:39<01:23,  2.99it/s]
Epoch 9/10:  54%|█████▍    | 297/545 [01:39<01:22,  2.99it/s]
Epoch 9/10:  55%|█████▍    | 298/545 [01:39<01:22,  2.99it/s]
Epoch 9/10:  55%|█████▍    | 299/545 [01:40<01:22,  2.99it/s]
Epoch 9/10:  55%|█████▌    | 300/545 [01:40<01:22,  2.99it/s]
Epoch 9/10:  55%|█████▌    | 301/545 [01:40<01:21,  2.99it/s]
Epoch 9/10:  55%|█████▌    | 302/545 [01:41<01:21,  2.99it/s]
Epoch 9/10:  56%|█████▌    | 303/545 [01:41<01:21,  2.99it/s]
Epoch 9/10:  56%|█████▌    | 304/545 [01:41<01:20,  2.99it/s]
Epoch 9/10:  56%|█████▌    | 305/545 [01:42<01:20,  2.99it/s]
Epoch 9/10:  56%|█████▌    | 306/545 [01:42<01:20,  2.99it/s]
Epoch 9/10:  56%|█████▋    | 307/545 [01:42<01:19,  2.99it/s]
Epoch 9/10:  57%|█████▋    | 308/545 [01:43<01:19,  2.99it/s]
Epoch 9/10:  57%|█████▋    | 309/545 [01:43<01:19,  2.99it/s]
Epoch 9/10:  57%|█████▋    | 310/545 [01:43<01:18,  2.99it/s]
Epoch 9/10:  57%|█████▋    | 311/545 [01:44<01:18,  2.99it/s]
Epoch 9/10:  57%|█████▋    | 312/545 [01:44<01:18,  2.99it/s]
Epoch 9/10:  57%|█████▋    | 313/545 [01:44<01:17,  2.99it/s]
Epoch 9/10:  58%|█████▊    | 314/545 [01:45<01:17,  2.99it/s]
Epoch 9/10:  58%|█████▊    | 315/545 [01:45<01:16,  2.99it/s]
Epoch 9/10:  58%|█████▊    | 316/545 [01:45<01:16,  2.99it/s]
Epoch 9/10:  58%|█████▊    | 317/545 [01:46<01:16,  2.99it/s]
Epoch 9/10:  58%|█████▊    | 318/545 [01:46<01:15,  2.99it/s]
Epoch 9/10:  59%|█████▊    | 319/545 [01:46<01:15,  2.99it/s]
Epoch 9/10:  59%|█████▊    | 320/545 [01:47<01:15,  2.99it/s]
Epoch 9/10:  59%|█████▉    | 321/545 [01:47<01:15,  2.99it/s]
Epoch 9/10:  59%|█████▉    | 322/545 [01:47<01:14,  2.99it/s]
Epoch 9/10:  59%|█████▉    | 323/545 [01:48<01:14,  2.99it/s]
Epoch 9/10:  59%|█████▉    | 324/545 [01:48<01:14,  2.99it/s]
Epoch 9/10:  60%|█████▉    | 325/545 [01:48<01:13,  2.99it/s]
Epoch 9/10:  60%|█████▉    | 326/545 [01:49<01:13,  2.99it/s]
Epoch 9/10:  60%|██████    | 327/545 [01:49<01:13,  2.99it/s]
Epoch 9/10:  60%|██████    | 328/545 [01:49<01:12,  2.99it/s]
Epoch 9/10:  60%|██████    | 329/545 [01:50<01:12,  2.99it/s]
Epoch 9/10:  61%|██████    | 330/545 [01:50<01:11,  2.99it/s]
Epoch 9/10:  61%|██████    | 331/545 [01:50<01:11,  2.99it/s]
Epoch 9/10:  61%|██████    | 332/545 [01:51<01:11,  2.99it/s]
Epoch 9/10:  61%|██████    | 333/545 [01:51<01:10,  2.99it/s]
Epoch 9/10:  61%|██████▏   | 334/545 [01:51<01:10,  2.99it/s]
Epoch 9/10:  61%|██████▏   | 335/545 [01:52<01:10,  2.99it/s]
Epoch 9/10:  62%|██████▏   | 336/545 [01:52<01:09,  2.99it/s]
Epoch 9/10:  62%|██████▏   | 337/545 [01:52<01:09,  2.99it/s]
Epoch 9/10:  62%|██████▏   | 338/545 [01:53<01:09,  2.99it/s]
Epoch 9/10:  62%|██████▏   | 339/545 [01:53<01:08,  2.99it/s]
Epoch 9/10:  62%|██████▏   | 340/545 [01:53<01:08,  2.99it/s]
Epoch 9/10:  63%|██████▎   | 341/545 [01:54<01:08,  2.99it/s]
Epoch 9/10:  63%|██████▎   | 342/545 [01:54<01:07,  2.99it/s]
Epoch 9/10:  63%|██████▎   | 343/545 [01:54<01:07,  2.99it/s]
Epoch 9/10:  63%|██████▎   | 344/545 [01:55<01:07,  2.99it/s]
Epoch 9/10:  63%|██████▎   | 345/545 [01:55<01:06,  2.99it/s]
Epoch 9/10:  63%|██████▎   | 346/545 [01:55<01:06,  2.99it/s]
Epoch 9/10:  64%|██████▎   | 347/545 [01:56<01:06,  2.99it/s]
Epoch 9/10:  64%|██████▍   | 348/545 [01:56<01:05,  2.99it/s]
Epoch 9/10:  64%|██████▍   | 349/545 [01:56<01:05,  2.99it/s]
Epoch 9/10:  64%|██████▍   | 350/545 [01:57<01:05,  2.99it/s]
Epoch 9/10:  64%|██████▍   | 351/545 [01:57<01:04,  2.99it/s]
Epoch 9/10:  65%|██████▍   | 352/545 [01:57<01:04,  2.99it/s]
Epoch 9/10:  65%|██████▍   | 353/545 [01:58<01:04,  2.99it/s]
Epoch 9/10:  65%|██████▍   | 354/545 [01:58<01:03,  2.99it/s]
Epoch 9/10:  65%|██████▌   | 355/545 [01:58<01:03,  2.99it/s]
Epoch 9/10:  65%|██████▌   | 356/545 [01:59<01:03,  2.99it/s]
Epoch 9/10:  66%|██████▌   | 357/545 [01:59<01:02,  2.99it/s]
Epoch 9/10:  66%|██████▌   | 358/545 [01:59<01:02,  2.99it/s]
Epoch 9/10:  66%|██████▌   | 359/545 [02:00<01:02,  2.99it/s]
Epoch 9/10:  66%|██████▌   | 360/545 [02:00<01:01,  2.99it/s]
Epoch 9/10:  66%|██████▌   | 361/545 [02:00<01:02,  2.96it/s]
Epoch 9/10:  66%|██████▋   | 362/545 [02:01<01:01,  2.97it/s]
Epoch 9/10:  67%|██████▋   | 363/545 [02:01<01:01,  2.97it/s]
Epoch 9/10:  67%|██████▋   | 364/545 [02:01<01:00,  2.98it/s]
Epoch 9/10:  67%|██████▋   | 365/545 [02:02<01:00,  2.98it/s]
Epoch 9/10:  67%|██████▋   | 366/545 [02:02<01:00,  2.98it/s]
Epoch 9/10:  67%|██████▋   | 367/545 [02:02<00:59,  2.98it/s]
Epoch 9/10:  68%|██████▊   | 368/545 [02:03<00:59,  2.98it/s]
Epoch 9/10:  68%|██████▊   | 369/545 [02:03<00:58,  2.99it/s]
Epoch 9/10:  68%|██████▊   | 370/545 [02:03<00:58,  2.99it/s]
Epoch 9/10:  68%|██████▊   | 371/545 [02:04<00:58,  2.99it/s]
Epoch 9/10:  68%|██████▊   | 372/545 [02:04<00:57,  2.99it/s]
Epoch 9/10:  68%|██████▊   | 373/545 [02:04<00:57,  2.99it/s]
Epoch 9/10:  69%|██████▊   | 374/545 [02:05<00:57,  2.99it/s]
Epoch 9/10:  69%|██████▉   | 375/545 [02:05<00:56,  2.99it/s]
Epoch 9/10:  69%|██████▉   | 376/545 [02:05<00:56,  2.99it/s]
Epoch 9/10:  69%|██████▉   | 377/545 [02:06<00:56,  2.99it/s]
Epoch 9/10:  69%|██████▉   | 378/545 [02:06<00:55,  2.99it/s]
Epoch 9/10:  70%|██████▉   | 379/545 [02:06<00:55,  2.99it/s]
Epoch 9/10:  70%|██████▉   | 380/545 [02:07<00:55,  2.99it/s]
Epoch 9/10:  70%|██████▉   | 381/545 [02:07<00:54,  2.99it/s]
Epoch 9/10:  70%|███████   | 382/545 [02:07<00:54,  2.99it/s]
Epoch 9/10:  70%|███████   | 383/545 [02:08<00:54,  2.99it/s]
Epoch 9/10:  70%|███████   | 384/545 [02:08<00:53,  2.99it/s]
Epoch 9/10:  71%|███████   | 385/545 [02:08<00:53,  2.99it/s]
Epoch 9/10:  71%|███████   | 386/545 [02:09<00:53,  2.99it/s]
Epoch 9/10:  71%|███████   | 387/545 [02:09<00:52,  2.99it/s]
Epoch 9/10:  71%|███████   | 388/545 [02:09<00:52,  2.99it/s]
Epoch 9/10:  71%|███████▏  | 389/545 [02:10<00:52,  2.99it/s]
Epoch 9/10:  72%|███████▏  | 390/545 [02:10<00:51,  2.99it/s]
Epoch 9/10:  72%|███████▏  | 391/545 [02:10<00:51,  2.99it/s]
Epoch 9/10:  72%|███████▏  | 392/545 [02:11<00:51,  2.99it/s]
Epoch 9/10:  72%|███████▏  | 393/545 [02:11<00:50,  2.99it/s]
Epoch 9/10:  72%|███████▏  | 394/545 [02:11<00:50,  2.99it/s]
Epoch 9/10:  72%|███████▏  | 395/545 [02:12<00:50,  2.99it/s]
Epoch 9/10:  73%|███████▎  | 396/545 [02:12<00:49,  2.99it/s]
Epoch 9/10:  73%|███████▎  | 397/545 [02:12<00:49,  2.99it/s]
Epoch 9/10:  73%|███████▎  | 398/545 [02:13<00:49,  2.99it/s]
Epoch 9/10:  73%|███████▎  | 399/545 [02:13<00:48,  2.98it/s]
Epoch 9/10:  73%|███████▎  | 400/545 [02:13<00:48,  2.99it/s]
Epoch 9/10:  74%|███████▎  | 401/545 [02:14<00:48,  2.99it/s]
Epoch 9/10:  74%|███████▍  | 402/545 [02:14<00:47,  2.99it/s]
Epoch 9/10:  74%|███████▍  | 403/545 [02:14<00:47,  2.99it/s]
Epoch 9/10:  74%|███████▍  | 404/545 [02:15<00:47,  2.99it/s]
Epoch 9/10:  74%|███████▍  | 405/545 [02:15<00:46,  2.99it/s]
Epoch 9/10:  74%|███████▍  | 406/545 [02:16<00:46,  2.99it/s]
Epoch 9/10:  75%|███████▍  | 407/545 [02:16<00:46,  2.99it/s]
Epoch 9/10:  75%|███████▍  | 408/545 [02:16<00:45,  2.99it/s]
Epoch 9/10:  75%|███████▌  | 409/545 [02:17<00:45,  2.99it/s]
Epoch 9/10:  75%|███████▌  | 410/545 [02:17<00:45,  2.99it/s]
Epoch 9/10:  75%|███████▌  | 411/545 [02:17<00:44,  2.99it/s]
Epoch 9/10:  76%|███████▌  | 412/545 [02:18<00:44,  2.99it/s]
Epoch 9/10:  76%|███████▌  | 413/545 [02:18<00:44,  2.99it/s]
Epoch 9/10:  76%|███████▌  | 414/545 [02:18<00:43,  2.99it/s]
Epoch 9/10:  76%|███████▌  | 415/545 [02:19<00:43,  2.99it/s]
Epoch 9/10:  76%|███████▋  | 416/545 [02:19<00:43,  2.99it/s]
Epoch 9/10:  77%|███████▋  | 417/545 [02:19<00:42,  2.99it/s]
Epoch 9/10:  77%|███████▋  | 418/545 [02:20<00:42,  2.99it/s]
Epoch 9/10:  77%|███████▋  | 419/545 [02:20<00:42,  2.99it/s]
Epoch 9/10:  77%|███████▋  | 420/545 [02:20<00:41,  2.99it/s]
Epoch 9/10:  77%|███████▋  | 421/545 [02:21<00:41,  2.99it/s]
Epoch 9/10:  77%|███████▋  | 422/545 [02:21<00:41,  2.99it/s]
Epoch 9/10:  78%|███████▊  | 423/545 [02:21<00:40,  2.99it/s]
Epoch 9/10:  78%|███████▊  | 424/545 [02:22<00:40,  2.99it/s]
Epoch 9/10:  78%|███████▊  | 425/545 [02:22<00:40,  2.99it/s]
Epoch 9/10:  78%|███████▊  | 426/545 [02:22<00:39,  2.99it/s]
Epoch 9/10:  78%|███████▊  | 427/545 [02:23<00:39,  2.99it/s]
Epoch 9/10:  79%|███████▊  | 428/545 [02:23<00:39,  2.99it/s]
Epoch 9/10:  79%|███████▊  | 429/545 [02:23<00:38,  2.98it/s]
Epoch 9/10:  79%|███████▉  | 430/545 [02:24<00:38,  2.99it/s]
Epoch 9/10:  79%|███████▉  | 431/545 [02:24<00:38,  2.99it/s]
Epoch 9/10:  79%|███████▉  | 432/545 [02:24<00:37,  2.99it/s]
Epoch 9/10:  79%|███████▉  | 433/545 [02:25<00:37,  2.99it/s]
Epoch 9/10:  80%|███████▉  | 434/545 [02:25<00:37,  2.99it/s]
Epoch 9/10:  80%|███████▉  | 435/545 [02:25<00:36,  2.99it/s]
Epoch 9/10:  80%|████████  | 436/545 [02:26<00:36,  2.99it/s]
Epoch 9/10:  80%|████████  | 437/545 [02:26<00:36,  2.99it/s]
Epoch 9/10:  80%|████████  | 438/545 [02:26<00:35,  2.99it/s]
Epoch 9/10:  81%|████████  | 439/545 [02:27<00:35,  2.99it/s]
Epoch 9/10:  81%|████████  | 440/545 [02:27<00:35,  2.99it/s]
Epoch 9/10:  81%|████████  | 441/545 [02:27<00:34,  2.99it/s]
Epoch 9/10:  81%|████████  | 442/545 [02:28<00:34,  2.99it/s]
Epoch 9/10:  81%|████████▏ | 443/545 [02:28<00:34,  2.99it/s]
Epoch 9/10:  81%|████████▏ | 444/545 [02:28<00:33,  2.99it/s]
Epoch 9/10:  82%|████████▏ | 445/545 [02:29<00:33,  2.99it/s]
Epoch 9/10:  82%|████████▏ | 446/545 [02:29<00:33,  2.99it/s]
Epoch 9/10:  82%|████████▏ | 447/545 [02:29<00:32,  2.99it/s]
Epoch 9/10:  82%|████████▏ | 448/545 [02:30<00:32,  2.99it/s]
Epoch 9/10:  82%|████████▏ | 449/545 [02:30<00:32,  2.99it/s]
Epoch 9/10:  83%|████████▎ | 450/545 [02:30<00:31,  2.99it/s]
Epoch 9/10:  83%|████████▎ | 451/545 [02:31<00:31,  2.99it/s]
Epoch 9/10:  83%|████████▎ | 452/545 [02:31<00:31,  2.99it/s]
Epoch 9/10:  83%|████████▎ | 453/545 [02:31<00:30,  2.99it/s]
Epoch 9/10:  83%|████████▎ | 454/545 [02:32<00:30,  2.99it/s]
Epoch 9/10:  83%|████████▎ | 455/545 [02:32<00:30,  2.99it/s]
Epoch 9/10:  84%|████████▎ | 456/545 [02:32<00:29,  2.99it/s]
Epoch 9/10:  84%|████████▍ | 457/545 [02:33<00:29,  2.99it/s]
Epoch 9/10:  84%|████████▍ | 458/545 [02:33<00:29,  2.99it/s]
Epoch 9/10:  84%|████████▍ | 459/545 [02:33<00:28,  2.99it/s]
Epoch 9/10:  84%|████████▍ | 460/545 [02:34<00:28,  2.99it/s]
Epoch 9/10:  85%|████████▍ | 461/545 [02:34<00:28,  2.99it/s]
Epoch 9/10:  85%|████████▍ | 462/545 [02:34<00:27,  2.99it/s]
Epoch 9/10:  85%|████████▍ | 463/545 [02:35<00:27,  2.99it/s]
Epoch 9/10:  85%|████████▌ | 464/545 [02:35<00:27,  2.99it/s]
Epoch 9/10:  85%|████████▌ | 465/545 [02:35<00:26,  2.99it/s]
Epoch 9/10:  86%|████████▌ | 466/545 [02:36<00:26,  2.99it/s]
Epoch 9/10:  86%|████████▌ | 467/545 [02:36<00:26,  2.99it/s]
Epoch 9/10:  86%|████████▌ | 468/545 [02:36<00:25,  2.99it/s]
Epoch 9/10:  86%|████████▌ | 469/545 [02:37<00:25,  2.99it/s]
Epoch 9/10:  86%|████████▌ | 470/545 [02:37<00:25,  2.99it/s]
Epoch 9/10:  86%|████████▋ | 471/545 [02:37<00:24,  2.99it/s]
Epoch 9/10:  87%|████████▋ | 472/545 [02:38<00:24,  2.99it/s]
Epoch 9/10:  87%|████████▋ | 473/545 [02:38<00:24,  2.99it/s]
Epoch 9/10:  87%|████████▋ | 474/545 [02:38<00:23,  2.99it/s]
Epoch 9/10:  87%|████████▋ | 475/545 [02:39<00:23,  2.99it/s]
Epoch 9/10:  87%|████████▋ | 476/545 [02:39<00:23,  2.99it/s]
Epoch 9/10:  88%|████████▊ | 477/545 [02:39<00:22,  2.99it/s]
Epoch 9/10:  88%|████████▊ | 478/545 [02:40<00:22,  2.99it/s]
Epoch 9/10:  88%|████████▊ | 479/545 [02:40<00:22,  2.99it/s]
Epoch 9/10:  88%|████████▊ | 480/545 [02:40<00:21,  2.99it/s]
Epoch 9/10:  88%|████████▊ | 481/545 [02:41<00:21,  2.99it/s]
Epoch 9/10:  88%|████████▊ | 482/545 [02:41<00:21,  2.99it/s]
Epoch 9/10:  89%|████████▊ | 483/545 [02:41<00:20,  2.99it/s]
Epoch 9/10:  89%|████████▉ | 484/545 [02:42<00:20,  2.99it/s]
Epoch 9/10:  89%|████████▉ | 485/545 [02:42<00:20,  2.99it/s]
Epoch 9/10:  89%|████████▉ | 486/545 [02:42<00:19,  2.99it/s]
Epoch 9/10:  89%|████████▉ | 487/545 [02:43<00:19,  2.99it/s]
Epoch 9/10:  90%|████████▉ | 488/545 [02:43<00:19,  2.99it/s]
Epoch 9/10:  90%|████████▉ | 489/545 [02:43<00:18,  2.99it/s]
Epoch 9/10:  90%|████████▉ | 490/545 [02:44<00:18,  2.99it/s]
Epoch 9/10:  90%|█████████ | 491/545 [02:44<00:18,  2.99it/s]
Epoch 9/10:  90%|█████████ | 492/545 [02:44<00:17,  2.99it/s]
Epoch 9/10:  90%|█████████ | 493/545 [02:45<00:17,  2.99it/s]
Epoch 9/10:  91%|█████████ | 494/545 [02:45<00:17,  2.99it/s]
Epoch 9/10:  91%|█████████ | 495/545 [02:45<00:16,  2.99it/s]
Epoch 9/10:  91%|█████████ | 496/545 [02:46<00:16,  2.99it/s]
Epoch 9/10:  91%|█████████ | 497/545 [02:46<00:16,  2.99it/s]
Epoch 9/10:  91%|█████████▏| 498/545 [02:46<00:15,  2.99it/s]
Epoch 9/10:  92%|█████████▏| 499/545 [02:47<00:15,  2.99it/s]
Epoch 9/10:  92%|█████████▏| 500/545 [02:47<00:15,  2.99it/s]
Epoch 9/10:  92%|█████████▏| 501/545 [02:47<00:14,  2.99it/s]
Epoch 9/10:  92%|█████████▏| 502/545 [02:48<00:14,  2.99it/s]
Epoch 9/10:  92%|█████████▏| 503/545 [02:48<00:14,  2.99it/s]
Epoch 9/10:  92%|█████████▏| 504/545 [02:48<00:13,  2.99it/s]
Epoch 9/10:  93%|█████████▎| 505/545 [02:49<00:13,  2.99it/s]
Epoch 9/10:  93%|█████████▎| 506/545 [02:49<00:13,  2.99it/s]
Epoch 9/10:  93%|█████████▎| 507/545 [02:49<00:12,  2.99it/s]
Epoch 9/10:  93%|█████████▎| 508/545 [02:50<00:12,  2.99it/s]
Epoch 9/10:  93%|█████████▎| 509/545 [02:50<00:12,  2.99it/s]
Epoch 9/10:  94%|█████████▎| 510/545 [02:50<00:11,  2.99it/s]
Epoch 9/10:  94%|█████████▍| 511/545 [02:51<00:11,  2.99it/s]
Epoch 9/10:  94%|█████████▍| 512/545 [02:51<00:11,  2.99it/s]
Epoch 9/10:  94%|█████████▍| 513/545 [02:51<00:10,  2.99it/s]
Epoch 9/10:  94%|█████████▍| 514/545 [02:52<00:10,  2.99it/s]
Epoch 9/10:  94%|█████████▍| 515/545 [02:52<00:10,  2.99it/s]
Epoch 9/10:  95%|█████████▍| 516/545 [02:52<00:09,  2.99it/s]
Epoch 9/10:  95%|█████████▍| 517/545 [02:53<00:09,  2.99it/s]
Epoch 9/10:  95%|█████████▌| 518/545 [02:53<00:09,  2.99it/s]
Epoch 9/10:  95%|█████████▌| 519/545 [02:53<00:08,  2.99it/s]
Epoch 9/10:  95%|█████████▌| 520/545 [02:54<00:08,  2.99it/s]
Epoch 9/10:  96%|█████████▌| 521/545 [02:54<00:08,  2.99it/s]
Epoch 9/10:  96%|█████████▌| 522/545 [02:54<00:07,  2.99it/s]
Epoch 9/10:  96%|█████████▌| 523/545 [02:55<00:07,  2.99it/s]
Epoch 9/10:  96%|█████████▌| 524/545 [02:55<00:07,  2.99it/s]
Epoch 9/10:  96%|█████████▋| 525/545 [02:55<00:06,  2.99it/s]
Epoch 9/10:  97%|█████████▋| 526/545 [02:56<00:06,  2.99it/s]
Epoch 9/10:  97%|█████████▋| 527/545 [02:56<00:06,  2.99it/s]
Epoch 9/10:  97%|█████████▋| 528/545 [02:56<00:05,  2.99it/s]
Epoch 9/10:  97%|█████████▋| 529/545 [02:57<00:05,  2.99it/s]
Epoch 9/10:  97%|█████████▋| 530/545 [02:57<00:05,  2.99it/s]
Epoch 9/10:  97%|█████████▋| 531/545 [02:57<00:04,  2.99it/s]
Epoch 9/10:  98%|█████████▊| 532/545 [02:58<00:04,  2.99it/s]
Epoch 9/10:  98%|█████████▊| 533/545 [02:58<00:04,  2.99it/s]
Epoch 9/10:  98%|█████████▊| 534/545 [02:58<00:03,  2.99it/s]
Epoch 9/10:  98%|█████████▊| 535/545 [02:59<00:03,  2.99it/s]
Epoch 9/10:  98%|█████████▊| 536/545 [02:59<00:03,  2.99it/s]
Epoch 9/10:  99%|█████████▊| 537/545 [02:59<00:02,  2.99it/s]
Epoch 9/10:  99%|█████████▊| 538/545 [03:00<00:02,  2.99it/s]
Epoch 9/10:  99%|█████████▉| 539/545 [03:00<00:02,  2.99it/s]
Epoch 9/10:  99%|█████████▉| 540/545 [03:00<00:01,  2.99it/s]
Epoch 9/10:  99%|█████████▉| 541/545 [03:01<00:01,  2.96it/s]
Epoch 9/10:  99%|█████████▉| 542/545 [03:01<00:01,  2.97it/s]
Epoch 9/10: 100%|█████████▉| 543/545 [03:01<00:00,  2.98it/s]
Epoch 9/10: 100%|█████████▉| 544/545 [03:02<00:00,  2.98it/s]
Epoch 9/10: 100%|██████████| 545/545 [03:02<00:00,  3.17it/s]
Epoch 9/10: 100%|██████████| 545/545 [03:02<00:00,  2.99it/s]

Epoch 10/10:   0%|          | 0/545 [00:00<?, ?it/s]
Epoch 10/10:   0%|          | 1/545 [00:00<03:07,  2.90it/s]
Epoch 10/10:   0%|          | 2/545 [00:00<03:04,  2.95it/s]
Epoch 10/10:   1%|          | 3/545 [00:01<03:02,  2.97it/s]
Epoch 10/10:   1%|          | 4/545 [00:01<03:01,  2.98it/s]
Epoch 10/10:   1%|          | 5/545 [00:01<03:01,  2.98it/s]
Epoch 10/10:   1%|          | 6/545 [00:02<03:00,  2.98it/s]
Epoch 10/10:   1%|▏         | 7/545 [00:02<03:00,  2.98it/s]
Epoch 10/10:   1%|▏         | 8/545 [00:02<02:59,  2.99it/s]
Epoch 10/10:   2%|▏         | 9/545 [00:03<02:59,  2.99it/s]
Epoch 10/10:   2%|▏         | 10/545 [00:03<02:59,  2.99it/s]
Epoch 10/10:   2%|▏         | 11/545 [00:03<02:58,  2.99it/s]
Epoch 10/10:   2%|▏         | 12/545 [00:04<02:58,  2.99it/s]
Epoch 10/10:   2%|▏         | 13/545 [00:04<02:58,  2.99it/s]
Epoch 10/10:   3%|▎         | 14/545 [00:04<02:57,  2.99it/s]
Epoch 10/10:   3%|▎         | 15/545 [00:05<02:57,  2.99it/s]
Epoch 10/10:   3%|▎         | 16/545 [00:05<02:57,  2.99it/s]
Epoch 10/10:   3%|▎         | 17/545 [00:05<02:56,  2.99it/s]
Epoch 10/10:   3%|▎         | 18/545 [00:06<02:56,  2.99it/s]
Epoch 10/10:   3%|▎         | 19/545 [00:06<02:56,  2.99it/s]
Epoch 10/10:   4%|▎         | 20/545 [00:06<02:55,  2.99it/s]
Epoch 10/10:   4%|▍         | 21/545 [00:07<02:55,  2.99it/s]
Epoch 10/10:   4%|▍         | 22/545 [00:07<02:55,  2.99it/s]
Epoch 10/10:   4%|▍         | 23/545 [00:07<02:54,  2.99it/s]
Epoch 10/10:   4%|▍         | 24/545 [00:08<02:54,  2.99it/s]
Epoch 10/10:   5%|▍         | 25/545 [00:08<02:54,  2.99it/s]
Epoch 10/10:   5%|▍         | 26/545 [00:08<02:53,  2.99it/s]
Epoch 10/10:   5%|▍         | 27/545 [00:09<02:53,  2.99it/s]
Epoch 10/10:   5%|▌         | 28/545 [00:09<02:53,  2.99it/s]
Epoch 10/10:   5%|▌         | 29/545 [00:09<02:52,  2.99it/s]
Epoch 10/10:   6%|▌         | 30/545 [00:10<02:52,  2.99it/s]
Epoch 10/10:   6%|▌         | 31/545 [00:10<02:52,  2.99it/s]
Epoch 10/10:   6%|▌         | 32/545 [00:10<02:51,  2.99it/s]
Epoch 10/10:   6%|▌         | 33/545 [00:11<02:51,  2.99it/s]
Epoch 10/10:   6%|▌         | 34/545 [00:11<02:51,  2.99it/s]
Epoch 10/10:   6%|▋         | 35/545 [00:11<02:50,  2.99it/s]
Epoch 10/10:   7%|▋         | 36/545 [00:12<02:50,  2.99it/s]
Epoch 10/10:   7%|▋         | 37/545 [00:12<02:50,  2.99it/s]
Epoch 10/10:   7%|▋         | 38/545 [00:12<02:49,  2.99it/s]
Epoch 10/10:   7%|▋         | 39/545 [00:13<02:49,  2.99it/s]
Epoch 10/10:   7%|▋         | 40/545 [00:13<02:49,  2.99it/s]
Epoch 10/10:   8%|▊         | 41/545 [00:13<02:48,  2.99it/s]
Epoch 10/10:   8%|▊         | 42/545 [00:14<02:48,  2.99it/s]
Epoch 10/10:   8%|▊         | 43/545 [00:14<02:47,  2.99it/s]
Epoch 10/10:   8%|▊         | 44/545 [00:14<02:47,  2.99it/s]
Epoch 10/10:   8%|▊         | 45/545 [00:15<02:47,  2.99it/s]
Epoch 10/10:   8%|▊         | 46/545 [00:15<02:46,  2.99it/s]
Epoch 10/10:   9%|▊         | 47/545 [00:15<02:46,  2.99it/s]
Epoch 10/10:   9%|▉         | 48/545 [00:16<02:46,  2.99it/s]
Epoch 10/10:   9%|▉         | 49/545 [00:16<02:46,  2.99it/s]
Epoch 10/10:   9%|▉         | 50/545 [00:16<02:45,  2.99it/s]
Epoch 10/10:   9%|▉         | 51/545 [00:17<02:45,  2.99it/s]
Epoch 10/10:  10%|▉         | 52/545 [00:17<02:45,  2.99it/s]
Epoch 10/10:  10%|▉         | 53/545 [00:17<02:44,  2.99it/s]
Epoch 10/10:  10%|▉         | 54/545 [00:18<02:44,  2.99it/s]
Epoch 10/10:  10%|█         | 55/545 [00:18<02:44,  2.99it/s]
Epoch 10/10:  10%|█         | 56/545 [00:18<02:43,  2.99it/s]
Epoch 10/10:  10%|█         | 57/545 [00:19<02:43,  2.99it/s]
Epoch 10/10:  11%|█         | 58/545 [00:19<02:43,  2.99it/s]
Epoch 10/10:  11%|█         | 59/545 [00:19<02:42,  2.99it/s]
Epoch 10/10:  11%|█         | 60/545 [00:20<02:42,  2.98it/s]
Epoch 10/10:  11%|█         | 61/545 [00:20<02:42,  2.98it/s]
Epoch 10/10:  11%|█▏        | 62/545 [00:20<02:41,  2.98it/s]
Epoch 10/10:  12%|█▏        | 63/545 [00:21<02:41,  2.99it/s]
Epoch 10/10:  12%|█▏        | 64/545 [00:21<02:41,  2.99it/s]
Epoch 10/10:  12%|█▏        | 65/545 [00:21<02:40,  2.99it/s]
Epoch 10/10:  12%|█▏        | 66/545 [00:22<02:40,  2.99it/s]
Epoch 10/10:  12%|█▏        | 67/545 [00:22<02:40,  2.98it/s]
Epoch 10/10:  12%|█▏        | 68/545 [00:22<02:39,  2.99it/s]
Epoch 10/10:  13%|█▎        | 69/545 [00:23<02:39,  2.99it/s]
Epoch 10/10:  13%|█▎        | 70/545 [00:23<02:39,  2.99it/s]
Epoch 10/10:  13%|█▎        | 71/545 [00:23<02:38,  2.99it/s]
Epoch 10/10:  13%|█▎        | 72/545 [00:24<02:38,  2.99it/s]
Epoch 10/10:  13%|█▎        | 73/545 [00:24<02:38,  2.99it/s]
Epoch 10/10:  14%|█▎        | 74/545 [00:24<02:37,  2.99it/s]
Epoch 10/10:  14%|█▍        | 75/545 [00:25<02:37,  2.99it/s]
Epoch 10/10:  14%|█▍        | 76/545 [00:25<02:37,  2.99it/s]
Epoch 10/10:  14%|█▍        | 77/545 [00:25<02:36,  2.99it/s]
Epoch 10/10:  14%|█▍        | 78/545 [00:26<02:36,  2.99it/s]
Epoch 10/10:  14%|█▍        | 79/545 [00:26<02:35,  2.99it/s]
Epoch 10/10:  15%|█▍        | 80/545 [00:26<02:35,  2.99it/s]
Epoch 10/10:  15%|█▍        | 81/545 [00:27<02:35,  2.99it/s]
Epoch 10/10:  15%|█▌        | 82/545 [00:27<02:35,  2.99it/s]
Epoch 10/10:  15%|█▌        | 83/545 [00:27<02:34,  2.99it/s]
Epoch 10/10:  15%|█▌        | 84/545 [00:28<02:34,  2.99it/s]
Epoch 10/10:  16%|█▌        | 85/545 [00:28<02:34,  2.99it/s]
Epoch 10/10:  16%|█▌        | 86/545 [00:28<02:33,  2.99it/s]
Epoch 10/10:  16%|█▌        | 87/545 [00:29<02:33,  2.99it/s]
Epoch 10/10:  16%|█▌        | 88/545 [00:29<02:32,  2.99it/s]
Epoch 10/10:  16%|█▋        | 89/545 [00:29<02:32,  2.99it/s]
Epoch 10/10:  17%|█▋        | 90/545 [00:30<02:32,  2.99it/s]
Epoch 10/10:  17%|█▋        | 91/545 [00:30<02:31,  2.99it/s]
Epoch 10/10:  17%|█▋        | 92/545 [00:30<02:31,  2.99it/s]
Epoch 10/10:  17%|█▋        | 93/545 [00:31<02:31,  2.99it/s]
Epoch 10/10:  17%|█▋        | 94/545 [00:31<02:30,  2.99it/s]
Epoch 10/10:  17%|█▋        | 95/545 [00:31<02:30,  2.99it/s]
Epoch 10/10:  18%|█▊        | 96/545 [00:32<02:30,  2.99it/s]
Epoch 10/10:  18%|█▊        | 97/545 [00:32<02:30,  2.98it/s]
Epoch 10/10:  18%|█▊        | 98/545 [00:32<02:29,  2.99it/s]
Epoch 10/10:  18%|█▊        | 99/545 [00:33<02:29,  2.99it/s]
Epoch 10/10:  18%|█▊        | 100/545 [00:33<02:28,  2.99it/s]
Epoch 10/10:  19%|█▊        | 101/545 [00:33<02:28,  2.99it/s]
Epoch 10/10:  19%|█▊        | 102/545 [00:34<02:28,  2.99it/s]
Epoch 10/10:  19%|█▉        | 103/545 [00:34<02:27,  2.99it/s]
Epoch 10/10:  19%|█▉        | 104/545 [00:34<02:27,  2.99it/s]
Epoch 10/10:  19%|█▉        | 105/545 [00:35<02:27,  2.99it/s]
Epoch 10/10:  19%|█▉        | 106/545 [00:35<02:26,  2.99it/s]
Epoch 10/10:  20%|█▉        | 107/545 [00:35<02:26,  2.99it/s]
Epoch 10/10:  20%|█▉        | 108/545 [00:36<02:26,  2.98it/s]
Epoch 10/10:  20%|██        | 109/545 [00:36<02:26,  2.99it/s]
Epoch 10/10:  20%|██        | 110/545 [00:36<02:25,  2.99it/s]
Epoch 10/10:  20%|██        | 111/545 [00:37<02:25,  2.99it/s]
Epoch 10/10:  21%|██        | 112/545 [00:37<02:24,  2.99it/s]
Epoch 10/10:  21%|██        | 113/545 [00:37<02:24,  2.99it/s]
Epoch 10/10:  21%|██        | 114/545 [00:38<02:24,  2.99it/s]
Epoch 10/10:  21%|██        | 115/545 [00:38<02:23,  2.99it/s]
Epoch 10/10:  21%|██▏       | 116/545 [00:38<02:23,  2.99it/s]
Epoch 10/10:  21%|██▏       | 117/545 [00:39<02:23,  2.99it/s]
Epoch 10/10:  22%|██▏       | 118/545 [00:39<02:22,  2.99it/s]
Epoch 10/10:  22%|██▏       | 119/545 [00:39<02:22,  2.99it/s]
Epoch 10/10:  22%|██▏       | 120/545 [00:40<02:22,  2.99it/s]
Epoch 10/10:  22%|██▏       | 121/545 [00:40<02:21,  2.99it/s]
Epoch 10/10:  22%|██▏       | 122/545 [00:40<02:21,  2.99it/s]
Epoch 10/10:  23%|██▎       | 123/545 [00:41<02:21,  2.99it/s]
Epoch 10/10:  23%|██▎       | 124/545 [00:41<02:20,  2.99it/s]
Epoch 10/10:  23%|██▎       | 125/545 [00:41<02:20,  2.99it/s]
Epoch 10/10:  23%|██▎       | 126/545 [00:42<02:20,  2.99it/s]
Epoch 10/10:  23%|██▎       | 127/545 [00:42<02:19,  2.99it/s]
Epoch 10/10:  23%|██▎       | 128/545 [00:42<02:19,  2.99it/s]
Epoch 10/10:  24%|██▎       | 129/545 [00:43<02:19,  2.99it/s]
Epoch 10/10:  24%|██▍       | 130/545 [00:43<02:18,  2.99it/s]
Epoch 10/10:  24%|██▍       | 131/545 [00:43<02:18,  2.99it/s]
Epoch 10/10:  24%|██▍       | 132/545 [00:44<02:18,  2.99it/s]
Epoch 10/10:  24%|██▍       | 133/545 [00:44<02:17,  2.99it/s]
Epoch 10/10:  25%|██▍       | 134/545 [00:44<02:17,  2.99it/s]
Epoch 10/10:  25%|██▍       | 135/545 [00:45<02:17,  2.99it/s]
Epoch 10/10:  25%|██▍       | 136/545 [00:45<02:16,  2.99it/s]
Epoch 10/10:  25%|██▌       | 137/545 [00:45<02:16,  2.99it/s]
Epoch 10/10:  25%|██▌       | 138/545 [00:46<02:16,  2.99it/s]
Epoch 10/10:  26%|██▌       | 139/545 [00:46<02:15,  2.99it/s]
Epoch 10/10:  26%|██▌       | 140/545 [00:46<02:15,  2.99it/s]
Epoch 10/10:  26%|██▌       | 141/545 [00:47<02:15,  2.99it/s]
Epoch 10/10:  26%|██▌       | 142/545 [00:47<02:14,  2.99it/s]
Epoch 10/10:  26%|██▌       | 143/545 [00:47<02:14,  2.99it/s]
Epoch 10/10:  26%|██▋       | 144/545 [00:48<02:14,  2.99it/s]
Epoch 10/10:  27%|██▋       | 145/545 [00:48<02:13,  2.99it/s]
Epoch 10/10:  27%|██▋       | 146/545 [00:48<02:13,  2.99it/s]
Epoch 10/10:  27%|██▋       | 147/545 [00:49<02:13,  2.99it/s]
Epoch 10/10:  27%|██▋       | 148/545 [00:49<02:12,  2.99it/s]
Epoch 10/10:  27%|██▋       | 149/545 [00:49<02:12,  2.99it/s]
Epoch 10/10:  28%|██▊       | 150/545 [00:50<02:12,  2.99it/s]
Epoch 10/10:  28%|██▊       | 151/545 [00:50<02:11,  2.99it/s]
Epoch 10/10:  28%|██▊       | 152/545 [00:50<02:11,  2.99it/s]
Epoch 10/10:  28%|██▊       | 153/545 [00:51<02:11,  2.99it/s]
Epoch 10/10:  28%|██▊       | 154/545 [00:51<02:10,  2.99it/s]
Epoch 10/10:  28%|██▊       | 155/545 [00:51<02:10,  2.99it/s]
Epoch 10/10:  29%|██▊       | 156/545 [00:52<02:10,  2.99it/s]
Epoch 10/10:  29%|██▉       | 157/545 [00:52<02:09,  2.99it/s]
Epoch 10/10:  29%|██▉       | 158/545 [00:52<02:09,  2.99it/s]
Epoch 10/10:  29%|██▉       | 159/545 [00:53<02:09,  2.99it/s]
Epoch 10/10:  29%|██▉       | 160/545 [00:53<02:08,  2.99it/s]
Epoch 10/10:  30%|██▉       | 161/545 [00:53<02:08,  2.99it/s]
Epoch 10/10:  30%|██▉       | 162/545 [00:54<02:08,  2.99it/s]
Epoch 10/10:  30%|██▉       | 163/545 [00:54<02:07,  2.99it/s]
Epoch 10/10:  30%|███       | 164/545 [00:54<02:07,  2.99it/s]
Epoch 10/10:  30%|███       | 165/545 [00:55<02:07,  2.99it/s]
Epoch 10/10:  30%|███       | 166/545 [00:55<02:06,  2.99it/s]
Epoch 10/10:  31%|███       | 167/545 [00:55<02:06,  2.99it/s]
Epoch 10/10:  31%|███       | 168/545 [00:56<02:06,  2.99it/s]
Epoch 10/10:  31%|███       | 169/545 [00:56<02:05,  2.99it/s]
Epoch 10/10:  31%|███       | 170/545 [00:56<02:05,  2.99it/s]
Epoch 10/10:  31%|███▏      | 171/545 [00:57<02:05,  2.99it/s]
Epoch 10/10:  32%|███▏      | 172/545 [00:57<02:04,  2.99it/s]
Epoch 10/10:  32%|███▏      | 173/545 [00:57<02:04,  2.99it/s]
Epoch 10/10:  32%|███▏      | 174/545 [00:58<02:04,  2.99it/s]
Epoch 10/10:  32%|███▏      | 175/545 [00:58<02:03,  2.99it/s]
Epoch 10/10:  32%|███▏      | 176/545 [00:58<02:03,  2.99it/s]
Epoch 10/10:  32%|███▏      | 177/545 [00:59<02:03,  2.99it/s]
Epoch 10/10:  33%|███▎      | 178/545 [00:59<02:02,  2.99it/s]
Epoch 10/10:  33%|███▎      | 179/545 [00:59<02:02,  2.99it/s]
Epoch 10/10:  33%|███▎      | 180/545 [01:00<02:02,  2.99it/s]
Epoch 10/10:  33%|███▎      | 181/545 [01:00<02:02,  2.96it/s]
Epoch 10/10:  33%|███▎      | 182/545 [01:00<02:02,  2.97it/s]
Epoch 10/10:  34%|███▎      | 183/545 [01:01<02:01,  2.98it/s]
Epoch 10/10:  34%|███▍      | 184/545 [01:01<02:01,  2.98it/s]
Epoch 10/10:  34%|███▍      | 185/545 [01:01<02:00,  2.98it/s]
Epoch 10/10:  34%|███▍      | 186/545 [01:02<02:00,  2.98it/s]
Epoch 10/10:  34%|███▍      | 187/545 [01:02<01:59,  2.98it/s]
Epoch 10/10:  34%|███▍      | 188/545 [01:02<01:59,  2.98it/s]
Epoch 10/10:  35%|███▍      | 189/545 [01:03<01:59,  2.99it/s]
Epoch 10/10:  35%|███▍      | 190/545 [01:03<01:58,  2.99it/s]
Epoch 10/10:  35%|███▌      | 191/545 [01:03<01:58,  2.99it/s]
Epoch 10/10:  35%|███▌      | 192/545 [01:04<01:58,  2.99it/s]
Epoch 10/10:  35%|███▌      | 193/545 [01:04<01:57,  2.99it/s]
Epoch 10/10:  36%|███▌      | 194/545 [01:04<01:57,  2.99it/s]
Epoch 10/10:  36%|███▌      | 195/545 [01:05<01:57,  2.99it/s]
Epoch 10/10:  36%|███▌      | 196/545 [01:05<01:56,  2.99it/s]
Epoch 10/10:  36%|███▌      | 197/545 [01:05<01:56,  2.99it/s]
Epoch 10/10:  36%|███▋      | 198/545 [01:06<01:56,  2.99it/s]
Epoch 10/10:  37%|███▋      | 199/545 [01:06<01:55,  2.99it/s]
Epoch 10/10:  37%|███▋      | 200/545 [01:06<01:55,  2.99it/s]
Epoch 10/10:  37%|███▋      | 201/545 [01:07<01:55,  2.99it/s]
Epoch 10/10:  37%|███▋      | 202/545 [01:07<01:54,  2.99it/s]
Epoch 10/10:  37%|███▋      | 203/545 [01:07<01:54,  2.99it/s]
Epoch 10/10:  37%|███▋      | 204/545 [01:08<01:54,  2.99it/s]
Epoch 10/10:  38%|███▊      | 205/545 [01:08<01:53,  2.99it/s]
Epoch 10/10:  38%|███▊      | 206/545 [01:08<01:53,  2.99it/s]
Epoch 10/10:  38%|███▊      | 207/545 [01:09<01:53,  2.99it/s]
Epoch 10/10:  38%|███▊      | 208/545 [01:09<01:52,  2.99it/s]
Epoch 10/10:  38%|███▊      | 209/545 [01:09<01:52,  2.99it/s]
Epoch 10/10:  39%|███▊      | 210/545 [01:10<01:52,  2.99it/s]
Epoch 10/10:  39%|███▊      | 211/545 [01:10<01:51,  2.99it/s]
Epoch 10/10:  39%|███▉      | 212/545 [01:10<01:51,  2.99it/s]
Epoch 10/10:  39%|███▉      | 213/545 [01:11<01:51,  2.99it/s]
Epoch 10/10:  39%|███▉      | 214/545 [01:11<01:50,  2.99it/s]
Epoch 10/10:  39%|███▉      | 215/545 [01:11<01:50,  2.99it/s]
Epoch 10/10:  40%|███▉      | 216/545 [01:12<01:50,  2.99it/s]
Epoch 10/10:  40%|███▉      | 217/545 [01:12<01:49,  2.99it/s]
Epoch 10/10:  40%|████      | 218/545 [01:12<01:49,  2.99it/s]
Epoch 10/10:  40%|████      | 219/545 [01:13<01:49,  2.99it/s]
Epoch 10/10:  40%|████      | 220/545 [01:13<01:48,  2.99it/s]
Epoch 10/10:  41%|████      | 221/545 [01:14<01:48,  2.99it/s]
Epoch 10/10:  41%|████      | 222/545 [01:14<01:48,  2.99it/s]
Epoch 10/10:  41%|████      | 223/545 [01:14<01:47,  2.99it/s]
Epoch 10/10:  41%|████      | 224/545 [01:15<01:47,  2.99it/s]
Epoch 10/10:  41%|████▏     | 225/545 [01:15<01:47,  2.99it/s]
Epoch 10/10:  41%|████▏     | 226/545 [01:15<01:46,  2.99it/s]
Epoch 10/10:  42%|████▏     | 227/545 [01:16<01:46,  2.99it/s]
Epoch 10/10:  42%|████▏     | 228/545 [01:16<01:46,  2.99it/s]
Epoch 10/10:  42%|████▏     | 229/545 [01:16<01:45,  2.99it/s]
Epoch 10/10:  42%|████▏     | 230/545 [01:17<01:45,  2.99it/s]
Epoch 10/10:  42%|████▏     | 231/545 [01:17<01:45,  2.99it/s]
Epoch 10/10:  43%|████▎     | 232/545 [01:17<01:44,  2.99it/s]
Epoch 10/10:  43%|████▎     | 233/545 [01:18<01:44,  2.99it/s]
Epoch 10/10:  43%|████▎     | 234/545 [01:18<01:44,  2.99it/s]
Epoch 10/10:  43%|████▎     | 235/545 [01:18<01:43,  2.99it/s]
Epoch 10/10:  43%|████▎     | 236/545 [01:19<01:43,  2.99it/s]
Epoch 10/10:  43%|████▎     | 237/545 [01:19<01:43,  2.99it/s]
Epoch 10/10:  44%|████▎     | 238/545 [01:19<01:42,  2.99it/s]
Epoch 10/10:  44%|████▍     | 239/545 [01:20<01:42,  2.99it/s]
Epoch 10/10:  44%|████▍     | 240/545 [01:20<01:42,  2.99it/s]
Epoch 10/10:  44%|████▍     | 241/545 [01:20<01:41,  2.99it/s]
Epoch 10/10:  44%|████▍     | 242/545 [01:21<01:41,  2.99it/s]
Epoch 10/10:  45%|████▍     | 243/545 [01:21<01:41,  2.99it/s]
Epoch 10/10:  45%|████▍     | 244/545 [01:21<01:40,  2.99it/s]
Epoch 10/10:  45%|████▍     | 245/545 [01:22<01:40,  2.99it/s]
Epoch 10/10:  45%|████▌     | 246/545 [01:22<01:40,  2.99it/s]
Epoch 10/10:  45%|████▌     | 247/545 [01:22<01:39,  2.99it/s]
Epoch 10/10:  46%|████▌     | 248/545 [01:23<01:39,  2.99it/s]
Epoch 10/10:  46%|████▌     | 249/545 [01:23<01:39,  2.98it/s]
Epoch 10/10:  46%|████▌     | 250/545 [01:23<01:38,  2.98it/s]
Epoch 10/10:  46%|████▌     | 251/545 [01:24<01:38,  2.99it/s]
Epoch 10/10:  46%|████▌     | 252/545 [01:24<01:38,  2.99it/s]
Epoch 10/10:  46%|████▋     | 253/545 [01:24<01:37,  2.99it/s]
Epoch 10/10:  47%|████▋     | 254/545 [01:25<01:37,  2.99it/s]
Epoch 10/10:  47%|████▋     | 255/545 [01:25<01:37,  2.99it/s]
Epoch 10/10:  47%|████▋     | 256/545 [01:25<01:36,  2.99it/s]
Epoch 10/10:  47%|████▋     | 257/545 [01:26<01:36,  2.99it/s]
Epoch 10/10:  47%|████▋     | 258/545 [01:26<01:36,  2.99it/s]
Epoch 10/10:  48%|████▊     | 259/545 [01:26<01:35,  2.99it/s]
Epoch 10/10:  48%|████▊     | 260/545 [01:27<01:35,  2.99it/s]
Epoch 10/10:  48%|████▊     | 261/545 [01:27<01:35,  2.99it/s]
Epoch 10/10:  48%|████▊     | 262/545 [01:27<01:34,  2.99it/s]
Epoch 10/10:  48%|████▊     | 263/545 [01:28<01:34,  2.99it/s]
Epoch 10/10:  48%|████▊     | 264/545 [01:28<01:34,  2.99it/s]
Epoch 10/10:  49%|████▊     | 265/545 [01:28<01:33,  2.99it/s]
Epoch 10/10:  49%|████▉     | 266/545 [01:29<01:33,  2.99it/s]
Epoch 10/10:  49%|████▉     | 267/545 [01:29<01:33,  2.99it/s]
Epoch 10/10:  49%|████▉     | 268/545 [01:29<01:32,  2.99it/s]
Epoch 10/10:  49%|████▉     | 269/545 [01:30<01:32,  2.99it/s]
Epoch 10/10:  50%|████▉     | 270/545 [01:30<01:32,  2.99it/s]
Epoch 10/10:  50%|████▉     | 271/545 [01:30<01:31,  2.99it/s]
Epoch 10/10:  50%|████▉     | 272/545 [01:31<01:31,  2.99it/s]
Epoch 10/10:  50%|█████     | 273/545 [01:31<01:31,  2.99it/s]
Epoch 10/10:  50%|█████     | 274/545 [01:31<01:30,  2.99it/s]
Epoch 10/10:  50%|█████     | 275/545 [01:32<01:30,  2.99it/s]
Epoch 10/10:  51%|█████     | 276/545 [01:32<01:30,  2.99it/s]
Epoch 10/10:  51%|█████     | 277/545 [01:32<01:29,  2.99it/s]
Epoch 10/10:  51%|█████     | 278/545 [01:33<01:29,  2.99it/s]
Epoch 10/10:  51%|█████     | 279/545 [01:33<01:29,  2.99it/s]
Epoch 10/10:  51%|█████▏    | 280/545 [01:33<01:28,  2.99it/s]
Epoch 10/10:  52%|█████▏    | 281/545 [01:34<01:28,  2.99it/s]
Epoch 10/10:  52%|█████▏    | 282/545 [01:34<01:28,  2.99it/s]
Epoch 10/10:  52%|█████▏    | 283/545 [01:34<01:27,  2.99it/s]
Epoch 10/10:  52%|█████▏    | 284/545 [01:35<01:27,  2.99it/s]
Epoch 10/10:  52%|█████▏    | 285/545 [01:35<01:27,  2.99it/s]
Epoch 10/10:  52%|█████▏    | 286/545 [01:35<01:26,  2.98it/s]
Epoch 10/10:  53%|█████▎    | 287/545 [01:36<01:26,  2.98it/s]
Epoch 10/10:  53%|█████▎    | 288/545 [01:36<01:26,  2.99it/s]
Epoch 10/10:  53%|█████▎    | 289/545 [01:36<01:25,  2.99it/s]
Epoch 10/10:  53%|█████▎    | 290/545 [01:37<01:25,  2.99it/s]
Epoch 10/10:  53%|█████▎    | 291/545 [01:37<01:25,  2.99it/s]
Epoch 10/10:  54%|█████▎    | 292/545 [01:37<01:24,  2.99it/s]
Epoch 10/10:  54%|█████▍    | 293/545 [01:38<01:24,  2.99it/s]
Epoch 10/10:  54%|█████▍    | 294/545 [01:38<01:24,  2.99it/s]
Epoch 10/10:  54%|█████▍    | 295/545 [01:38<01:23,  2.99it/s]
Epoch 10/10:  54%|█████▍    | 296/545 [01:39<01:23,  2.99it/s]
Epoch 10/10:  54%|█████▍    | 297/545 [01:39<01:23,  2.99it/s]
Epoch 10/10:  55%|█████▍    | 298/545 [01:39<01:22,  2.99it/s]
Epoch 10/10:  55%|█████▍    | 299/545 [01:40<01:22,  2.99it/s]
Epoch 10/10:  55%|█████▌    | 300/545 [01:40<01:22,  2.99it/s]
Epoch 10/10:  55%|█████▌    | 301/545 [01:40<01:21,  2.99it/s]
Epoch 10/10:  55%|█████▌    | 302/545 [01:41<01:21,  2.99it/s]
Epoch 10/10:  56%|█████▌    | 303/545 [01:41<01:21,  2.99it/s]
Epoch 10/10:  56%|█████▌    | 304/545 [01:41<01:20,  2.99it/s]
Epoch 10/10:  56%|█████▌    | 305/545 [01:42<01:20,  2.99it/s]
Epoch 10/10:  56%|█████▌    | 306/545 [01:42<01:20,  2.99it/s]
Epoch 10/10:  56%|█████▋    | 307/545 [01:42<01:19,  2.99it/s]
Epoch 10/10:  57%|█████▋    | 308/545 [01:43<01:19,  2.99it/s]
Epoch 10/10:  57%|█████▋    | 309/545 [01:43<01:18,  2.99it/s]
Epoch 10/10:  57%|█████▋    | 310/545 [01:43<01:18,  2.99it/s]
Epoch 10/10:  57%|█████▋    | 311/545 [01:44<01:18,  2.99it/s]
Epoch 10/10:  57%|█████▋    | 312/545 [01:44<01:18,  2.99it/s]
Epoch 10/10:  57%|█████▋    | 313/545 [01:44<01:17,  2.99it/s]
Epoch 10/10:  58%|█████▊    | 314/545 [01:45<01:17,  2.99it/s]
Epoch 10/10:  58%|█████▊    | 315/545 [01:45<01:16,  2.99it/s]
Epoch 10/10:  58%|█████▊    | 316/545 [01:45<01:16,  2.99it/s]
Epoch 10/10:  58%|█████▊    | 317/545 [01:46<01:16,  2.99it/s]
Epoch 10/10:  58%|█████▊    | 318/545 [01:46<01:15,  2.99it/s]
Epoch 10/10:  59%|█████▊    | 319/545 [01:46<01:15,  2.99it/s]
Epoch 10/10:  59%|█████▊    | 320/545 [01:47<01:15,  2.99it/s]
Epoch 10/10:  59%|█████▉    | 321/545 [01:47<01:14,  2.99it/s]
Epoch 10/10:  59%|█████▉    | 322/545 [01:47<01:14,  2.99it/s]
Epoch 10/10:  59%|█████▉    | 323/545 [01:48<01:14,  2.99it/s]
Epoch 10/10:  59%|█████▉    | 324/545 [01:48<01:13,  2.99it/s]
Epoch 10/10:  60%|█████▉    | 325/545 [01:48<01:13,  2.99it/s]
Epoch 10/10:  60%|█████▉    | 326/545 [01:49<01:13,  2.99it/s]
Epoch 10/10:  60%|██████    | 327/545 [01:49<01:12,  2.99it/s]
Epoch 10/10:  60%|██████    | 328/545 [01:49<01:12,  2.99it/s]
Epoch 10/10:  60%|██████    | 329/545 [01:50<01:12,  2.99it/s]
Epoch 10/10:  61%|██████    | 330/545 [01:50<01:11,  2.99it/s]
Epoch 10/10:  61%|██████    | 331/545 [01:50<01:11,  2.99it/s]
Epoch 10/10:  61%|██████    | 332/545 [01:51<01:11,  2.99it/s]
Epoch 10/10:  61%|██████    | 333/545 [01:51<01:10,  2.99it/s]
Epoch 10/10:  61%|██████▏   | 334/545 [01:51<01:10,  2.99it/s]
Epoch 10/10:  61%|██████▏   | 335/545 [01:52<01:10,  2.99it/s]
Epoch 10/10:  62%|██████▏   | 336/545 [01:52<01:09,  2.99it/s]
Epoch 10/10:  62%|██████▏   | 337/545 [01:52<01:09,  2.99it/s]
Epoch 10/10:  62%|██████▏   | 338/545 [01:53<01:09,  2.99it/s]
Epoch 10/10:  62%|██████▏   | 339/545 [01:53<01:08,  2.99it/s]
Epoch 10/10:  62%|██████▏   | 340/545 [01:53<01:08,  2.99it/s]
Epoch 10/10:  63%|██████▎   | 341/545 [01:54<01:08,  2.99it/s]
Epoch 10/10:  63%|██████▎   | 342/545 [01:54<01:07,  2.99it/s]
Epoch 10/10:  63%|██████▎   | 343/545 [01:54<01:07,  2.99it/s]
Epoch 10/10:  63%|██████▎   | 344/545 [01:55<01:07,  2.99it/s]
Epoch 10/10:  63%|██████▎   | 345/545 [01:55<01:06,  2.99it/s]
Epoch 10/10:  63%|██████▎   | 346/545 [01:55<01:06,  2.99it/s]
Epoch 10/10:  64%|██████▎   | 347/545 [01:56<01:06,  2.99it/s]
Epoch 10/10:  64%|██████▍   | 348/545 [01:56<01:05,  2.99it/s]
Epoch 10/10:  64%|██████▍   | 349/545 [01:56<01:05,  2.99it/s]
Epoch 10/10:  64%|██████▍   | 350/545 [01:57<01:05,  2.99it/s]
Epoch 10/10:  64%|██████▍   | 351/545 [01:57<01:04,  2.99it/s]
Epoch 10/10:  65%|██████▍   | 352/545 [01:57<01:04,  2.99it/s]
Epoch 10/10:  65%|██████▍   | 353/545 [01:58<01:04,  2.99it/s]
Epoch 10/10:  65%|██████▍   | 354/545 [01:58<01:03,  2.99it/s]
Epoch 10/10:  65%|██████▌   | 355/545 [01:58<01:03,  2.99it/s]
Epoch 10/10:  65%|██████▌   | 356/545 [01:59<01:03,  2.99it/s]
Epoch 10/10:  66%|██████▌   | 357/545 [01:59<01:02,  2.99it/s]
Epoch 10/10:  66%|██████▌   | 358/545 [01:59<01:02,  2.99it/s]
Epoch 10/10:  66%|██████▌   | 359/545 [02:00<01:02,  2.99it/s]
Epoch 10/10:  66%|██████▌   | 360/545 [02:00<01:01,  2.99it/s]
Epoch 10/10:  66%|██████▌   | 361/545 [02:00<01:01,  2.97it/s]
Epoch 10/10:  66%|██████▋   | 362/545 [02:01<01:01,  2.98it/s]
Epoch 10/10:  67%|██████▋   | 363/545 [02:01<01:01,  2.98it/s]
Epoch 10/10:  67%|██████▋   | 364/545 [02:01<01:00,  2.98it/s]
Epoch 10/10:  67%|██████▋   | 365/545 [02:02<01:00,  2.98it/s]
Epoch 10/10:  67%|██████▋   | 366/545 [02:02<00:59,  2.98it/s]
Epoch 10/10:  67%|██████▋   | 367/545 [02:02<00:59,  2.99it/s]
Epoch 10/10:  68%|██████▊   | 368/545 [02:03<00:59,  2.99it/s]
Epoch 10/10:  68%|██████▊   | 369/545 [02:03<00:58,  2.99it/s]
Epoch 10/10:  68%|██████▊   | 370/545 [02:03<00:58,  2.99it/s]
Epoch 10/10:  68%|██████▊   | 371/545 [02:04<00:58,  2.99it/s]
Epoch 10/10:  68%|██████▊   | 372/545 [02:04<00:57,  2.99it/s]
Epoch 10/10:  68%|██████▊   | 373/545 [02:04<00:57,  2.99it/s]
Epoch 10/10:  69%|██████▊   | 374/545 [02:05<00:57,  2.99it/s]
Epoch 10/10:  69%|██████▉   | 375/545 [02:05<00:56,  2.99it/s]
Epoch 10/10:  69%|██████▉   | 376/545 [02:05<00:56,  2.99it/s]
Epoch 10/10:  69%|██████▉   | 377/545 [02:06<00:56,  2.99it/s]
Epoch 10/10:  69%|██████▉   | 378/545 [02:06<00:55,  2.99it/s]
Epoch 10/10:  70%|██████▉   | 379/545 [02:06<00:55,  2.99it/s]
Epoch 10/10:  70%|██████▉   | 380/545 [02:07<00:55,  2.99it/s]
Epoch 10/10:  70%|██████▉   | 381/545 [02:07<00:54,  2.99it/s]
Epoch 10/10:  70%|███████   | 382/545 [02:07<00:54,  2.99it/s]
Epoch 10/10:  70%|███████   | 383/545 [02:08<00:54,  2.99it/s]
Epoch 10/10:  70%|███████   | 384/545 [02:08<00:53,  2.99it/s]
Epoch 10/10:  71%|███████   | 385/545 [02:08<00:53,  2.99it/s]
Epoch 10/10:  71%|███████   | 386/545 [02:09<00:53,  2.99it/s]
Epoch 10/10:  71%|███████   | 387/545 [02:09<00:52,  2.99it/s]
Epoch 10/10:  71%|███████   | 388/545 [02:09<00:52,  2.99it/s]
Epoch 10/10:  71%|███████▏  | 389/545 [02:10<00:52,  2.99it/s]
Epoch 10/10:  72%|███████▏  | 390/545 [02:10<00:51,  2.99it/s]
Epoch 10/10:  72%|███████▏  | 391/545 [02:10<00:51,  2.99it/s]
Epoch 10/10:  72%|███████▏  | 392/545 [02:11<00:51,  2.99it/s]
Epoch 10/10:  72%|███████▏  | 393/545 [02:11<00:50,  2.99it/s]
Epoch 10/10:  72%|███████▏  | 394/545 [02:11<00:50,  2.99it/s]
Epoch 10/10:  72%|███████▏  | 395/545 [02:12<00:50,  2.99it/s]
Epoch 10/10:  73%|███████▎  | 396/545 [02:12<00:49,  2.99it/s]
Epoch 10/10:  73%|███████▎  | 397/545 [02:12<00:49,  2.99it/s]
Epoch 10/10:  73%|███████▎  | 398/545 [02:13<00:49,  2.99it/s]
Epoch 10/10:  73%|███████▎  | 399/545 [02:13<00:48,  2.99it/s]
Epoch 10/10:  73%|███████▎  | 400/545 [02:13<00:48,  2.99it/s]
Epoch 10/10:  74%|███████▎  | 401/545 [02:14<00:48,  2.99it/s]
Epoch 10/10:  74%|███████▍  | 402/545 [02:14<00:47,  2.99it/s]
Epoch 10/10:  74%|███████▍  | 403/545 [02:14<00:47,  2.99it/s]
Epoch 10/10:  74%|███████▍  | 404/545 [02:15<00:47,  2.99it/s]
Epoch 10/10:  74%|███████▍  | 405/545 [02:15<00:46,  2.99it/s]
Epoch 10/10:  74%|███████▍  | 406/545 [02:15<00:46,  2.99it/s]
Epoch 10/10:  75%|███████▍  | 407/545 [02:16<00:46,  2.99it/s]
Epoch 10/10:  75%|███████▍  | 408/545 [02:16<00:45,  2.99it/s]
Epoch 10/10:  75%|███████▌  | 409/545 [02:16<00:45,  2.99it/s]
Epoch 10/10:  75%|███████▌  | 410/545 [02:17<00:45,  2.99it/s]
Epoch 10/10:  75%|███████▌  | 411/545 [02:17<00:44,  2.99it/s]
Epoch 10/10:  76%|███████▌  | 412/545 [02:17<00:44,  2.99it/s]
Epoch 10/10:  76%|███████▌  | 413/545 [02:18<00:44,  2.99it/s]
Epoch 10/10:  76%|███████▌  | 414/545 [02:18<00:43,  2.99it/s]
Epoch 10/10:  76%|███████▌  | 415/545 [02:18<00:43,  2.99it/s]
Epoch 10/10:  76%|███████▋  | 416/545 [02:19<00:43,  2.99it/s]
Epoch 10/10:  77%|███████▋  | 417/545 [02:19<00:42,  2.99it/s]
Epoch 10/10:  77%|███████▋  | 418/545 [02:19<00:42,  2.99it/s]
Epoch 10/10:  77%|███████▋  | 419/545 [02:20<00:42,  2.99it/s]
Epoch 10/10:  77%|███████▋  | 420/545 [02:20<00:41,  2.99it/s]
Epoch 10/10:  77%|███████▋  | 421/545 [02:20<00:41,  2.99it/s]
Epoch 10/10:  77%|███████▋  | 422/545 [02:21<00:41,  2.99it/s]
Epoch 10/10:  78%|███████▊  | 423/545 [02:21<00:40,  2.99it/s]
Epoch 10/10:  78%|███████▊  | 424/545 [02:21<00:40,  2.99it/s]
Epoch 10/10:  78%|███████▊  | 425/545 [02:22<00:40,  2.99it/s]
Epoch 10/10:  78%|███████▊  | 426/545 [02:22<00:39,  2.99it/s]
Epoch 10/10:  78%|███████▊  | 427/545 [02:22<00:39,  2.99it/s]
Epoch 10/10:  79%|███████▊  | 428/545 [02:23<00:39,  2.99it/s]
Epoch 10/10:  79%|███████▊  | 429/545 [02:23<00:38,  2.99it/s]
Epoch 10/10:  79%|███████▉  | 430/545 [02:23<00:38,  2.99it/s]
Epoch 10/10:  79%|███████▉  | 431/545 [02:24<00:38,  2.99it/s]
Epoch 10/10:  79%|███████▉  | 432/545 [02:24<00:37,  2.99it/s]
Epoch 10/10:  79%|███████▉  | 433/545 [02:24<00:37,  2.99it/s]
Epoch 10/10:  80%|███████▉  | 434/545 [02:25<00:37,  2.99it/s]
Epoch 10/10:  80%|███████▉  | 435/545 [02:25<00:36,  2.99it/s]
Epoch 10/10:  80%|████████  | 436/545 [02:25<00:36,  2.99it/s]
Epoch 10/10:  80%|████████  | 437/545 [02:26<00:36,  2.99it/s]
Epoch 10/10:  80%|████████  | 438/545 [02:26<00:35,  2.99it/s]
Epoch 10/10:  81%|████████  | 439/545 [02:26<00:35,  2.99it/s]
Epoch 10/10:  81%|████████  | 440/545 [02:27<00:35,  2.99it/s]
Epoch 10/10:  81%|████████  | 441/545 [02:27<00:34,  2.99it/s]
Epoch 10/10:  81%|████████  | 442/545 [02:27<00:34,  2.99it/s]
Epoch 10/10:  81%|████████▏ | 443/545 [02:28<00:34,  2.99it/s]
Epoch 10/10:  81%|████████▏ | 444/545 [02:28<00:33,  2.99it/s]
Epoch 10/10:  82%|████████▏ | 445/545 [02:28<00:33,  2.99it/s]
Epoch 10/10:  82%|████████▏ | 446/545 [02:29<00:33,  2.99it/s]
Epoch 10/10:  82%|████████▏ | 447/545 [02:29<00:32,  2.98it/s]
Epoch 10/10:  82%|████████▏ | 448/545 [02:30<00:32,  2.98it/s]
Epoch 10/10:  82%|████████▏ | 449/545 [02:30<00:32,  2.99it/s]
Epoch 10/10:  83%|████████▎ | 450/545 [02:30<00:31,  2.99it/s]
Epoch 10/10:  83%|████████▎ | 451/545 [02:31<00:31,  2.99it/s]
Epoch 10/10:  83%|████████▎ | 452/545 [02:31<00:31,  2.99it/s]
Epoch 10/10:  83%|████████▎ | 453/545 [02:31<00:30,  2.99it/s]
Epoch 10/10:  83%|████████▎ | 454/545 [02:32<00:30,  2.99it/s]
Epoch 10/10:  83%|████████▎ | 455/545 [02:32<00:30,  2.99it/s]
Epoch 10/10:  84%|████████▎ | 456/545 [02:32<00:29,  2.99it/s]
Epoch 10/10:  84%|████████▍ | 457/545 [02:33<00:29,  2.99it/s]
Epoch 10/10:  84%|████████▍ | 458/545 [02:33<00:29,  2.99it/s]
Epoch 10/10:  84%|████████▍ | 459/545 [02:33<00:28,  2.99it/s]
Epoch 10/10:  84%|████████▍ | 460/545 [02:34<00:28,  2.99it/s]
Epoch 10/10:  85%|████████▍ | 461/545 [02:34<00:28,  2.99it/s]
Epoch 10/10:  85%|████████▍ | 462/545 [02:34<00:27,  2.99it/s]
Epoch 10/10:  85%|████████▍ | 463/545 [02:35<00:27,  2.99it/s]
Epoch 10/10:  85%|████████▌ | 464/545 [02:35<00:27,  2.99it/s]
Epoch 10/10:  85%|████████▌ | 465/545 [02:35<00:26,  2.99it/s]
Epoch 10/10:  86%|████████▌ | 466/545 [02:36<00:26,  2.99it/s]
Epoch 10/10:  86%|████████▌ | 467/545 [02:36<00:26,  2.99it/s]
Epoch 10/10:  86%|████████▌ | 468/545 [02:36<00:25,  2.99it/s]
Epoch 10/10:  86%|████████▌ | 469/545 [02:37<00:25,  2.99it/s]
Epoch 10/10:  86%|████████▌ | 470/545 [02:37<00:25,  2.99it/s]
Epoch 10/10:  86%|████████▋ | 471/545 [02:37<00:24,  2.99it/s]
Epoch 10/10:  87%|████████▋ | 472/545 [02:38<00:24,  2.99it/s]
Epoch 10/10:  87%|████████▋ | 473/545 [02:38<00:24,  2.99it/s]
Epoch 10/10:  87%|████████▋ | 474/545 [02:38<00:23,  2.99it/s]
Epoch 10/10:  87%|████████▋ | 475/545 [02:39<00:23,  2.99it/s]
Epoch 10/10:  87%|████████▋ | 476/545 [02:39<00:23,  2.99it/s]
Epoch 10/10:  88%|████████▊ | 477/545 [02:39<00:22,  2.99it/s]
Epoch 10/10:  88%|████████▊ | 478/545 [02:40<00:22,  2.99it/s]
Epoch 10/10:  88%|████████▊ | 479/545 [02:40<00:22,  2.99it/s]
Epoch 10/10:  88%|████████▊ | 480/545 [02:40<00:21,  2.99it/s]
Epoch 10/10:  88%|████████▊ | 481/545 [02:41<00:21,  2.99it/s]
Epoch 10/10:  88%|████████▊ | 482/545 [02:41<00:21,  2.99it/s]
Epoch 10/10:  89%|████████▊ | 483/545 [02:41<00:20,  2.99it/s]
Epoch 10/10:  89%|████████▉ | 484/545 [02:42<00:20,  2.99it/s]
Epoch 10/10:  89%|████████▉ | 485/545 [02:42<00:20,  2.99it/s]
Epoch 10/10:  89%|████████▉ | 486/545 [02:42<00:19,  2.99it/s]
Epoch 10/10:  89%|████████▉ | 487/545 [02:43<00:19,  2.99it/s]
Epoch 10/10:  90%|████████▉ | 488/545 [02:43<00:19,  2.99it/s]
Epoch 10/10:  90%|████████▉ | 489/545 [02:43<00:18,  2.99it/s]
Epoch 10/10:  90%|████████▉ | 490/545 [02:44<00:18,  2.99it/s]
Epoch 10/10:  90%|█████████ | 491/545 [02:44<00:18,  2.99it/s]
Epoch 10/10:  90%|█████████ | 492/545 [02:44<00:17,  2.99it/s]
Epoch 10/10:  90%|█████████ | 493/545 [02:45<00:17,  2.99it/s]
Epoch 10/10:  91%|█████████ | 494/545 [02:45<00:17,  2.99it/s]
Epoch 10/10:  91%|█████████ | 495/545 [02:45<00:16,  2.99it/s]
Epoch 10/10:  91%|█████████ | 496/545 [02:46<00:16,  2.99it/s]
Epoch 10/10:  91%|█████████ | 497/545 [02:46<00:16,  2.99it/s]
Epoch 10/10:  91%|█████████▏| 498/545 [02:46<00:15,  2.99it/s]
Epoch 10/10:  92%|█████████▏| 499/545 [02:47<00:15,  2.99it/s]
Epoch 10/10:  92%|█████████▏| 500/545 [02:47<00:15,  2.99it/s]
Epoch 10/10:  92%|█████████▏| 501/545 [02:47<00:14,  2.99it/s]
Epoch 10/10:  92%|█████████▏| 502/545 [02:48<00:14,  2.99it/s]
Epoch 10/10:  92%|█████████▏| 503/545 [02:48<00:14,  2.99it/s]
Epoch 10/10:  92%|█████████▏| 504/545 [02:48<00:13,  2.99it/s]
Epoch 10/10:  93%|█████████▎| 505/545 [02:49<00:13,  2.99it/s]
Epoch 10/10:  93%|█████████▎| 506/545 [02:49<00:13,  2.99it/s]
Epoch 10/10:  93%|█████████▎| 507/545 [02:49<00:12,  2.99it/s]
Epoch 10/10:  93%|█████████▎| 508/545 [02:50<00:12,  2.99it/s]
Epoch 10/10:  93%|█████████▎| 509/545 [02:50<00:12,  2.99it/s]
Epoch 10/10:  94%|█████████▎| 510/545 [02:50<00:11,  2.99it/s]
Epoch 10/10:  94%|█████████▍| 511/545 [02:51<00:11,  2.99it/s]
Epoch 10/10:  94%|█████████▍| 512/545 [02:51<00:11,  2.99it/s]
Epoch 10/10:  94%|█████████▍| 513/545 [02:51<00:10,  2.99it/s]
Epoch 10/10:  94%|█████████▍| 514/545 [02:52<00:10,  2.99it/s]
Epoch 10/10:  94%|█████████▍| 515/545 [02:52<00:10,  2.99it/s]
Epoch 10/10:  95%|█████████▍| 516/545 [02:52<00:09,  2.99it/s]
Epoch 10/10:  95%|█████████▍| 517/545 [02:53<00:09,  2.99it/s]
Epoch 10/10:  95%|█████████▌| 518/545 [02:53<00:09,  2.99it/s]
Epoch 10/10:  95%|█████████▌| 519/545 [02:53<00:08,  2.99it/s]
Epoch 10/10:  95%|█████████▌| 520/545 [02:54<00:08,  2.99it/s]
Epoch 10/10:  96%|█████████▌| 521/545 [02:54<00:08,  2.99it/s]
Epoch 10/10:  96%|█████████▌| 522/545 [02:54<00:07,  2.99it/s]
Epoch 10/10:  96%|█████████▌| 523/545 [02:55<00:07,  2.99it/s]
Epoch 10/10:  96%|█████████▌| 524/545 [02:55<00:07,  2.99it/s]
Epoch 10/10:  96%|█████████▋| 525/545 [02:55<00:06,  2.99it/s]
Epoch 10/10:  97%|█████████▋| 526/545 [02:56<00:06,  2.99it/s]
Epoch 10/10:  97%|█████████▋| 527/545 [02:56<00:06,  2.99it/s]
Epoch 10/10:  97%|█████████▋| 528/545 [02:56<00:05,  2.99it/s]
Epoch 10/10:  97%|█████████▋| 529/545 [02:57<00:05,  2.99it/s]
Epoch 10/10:  97%|█████████▋| 530/545 [02:57<00:05,  2.99it/s]
Epoch 10/10:  97%|█████████▋| 531/545 [02:57<00:04,  2.99it/s]
Epoch 10/10:  98%|█████████▊| 532/545 [02:58<00:04,  2.99it/s]
Epoch 10/10:  98%|█████████▊| 533/545 [02:58<00:04,  2.99it/s]
Epoch 10/10:  98%|█████████▊| 534/545 [02:58<00:03,  2.99it/s]
Epoch 10/10:  98%|█████████▊| 535/545 [02:59<00:03,  2.99it/s]
Epoch 10/10:  98%|█████████▊| 536/545 [02:59<00:03,  2.99it/s]
Epoch 10/10:  99%|█████████▊| 537/545 [02:59<00:02,  2.99it/s]
Epoch 10/10:  99%|█████████▊| 538/545 [03:00<00:02,  2.99it/s]
Epoch 10/10:  99%|█████████▉| 539/545 [03:00<00:02,  2.99it/s]
Epoch 10/10:  99%|█████████▉| 540/545 [03:00<00:01,  2.99it/s]
Epoch 10/10:  99%|█████████▉| 541/545 [03:01<00:01,  2.97it/s]
Epoch 10/10:  99%|█████████▉| 542/545 [03:01<00:01,  2.97it/s]
Epoch 10/10: 100%|█████████▉| 543/545 [03:01<00:00,  2.98it/s]
Epoch 10/10: 100%|█████████▉| 544/545 [03:02<00:00,  2.98it/s]
Epoch 10/10: 100%|██████████| 545/545 [03:02<00:00,  3.18it/s]
Epoch 10/10: 100%|██████████| 545/545 [03:02<00:00,  2.99it/s]
/user/nirish.samant/u28445/.conda/envs/dnlp/lib/python3.10/site-packages/huggingface_hub/file_download.py:942: FutureWarning: `resume_download` is deprecated and will be removed in version 1.0.0. Downloads always resume when possible. If you want to force a new download, use `force_download=True`.
  warnings.warn(

Testing:   0%|          | 0/147 [00:00<?, ?it/s]
Testing:   1%|          | 1/147 [00:00<00:19,  7.54it/s]
Testing:   1%|▏         | 2/147 [00:00<00:19,  7.57it/s]
Testing:   2%|▏         | 3/147 [00:00<00:17,  8.34it/s]
Testing:   3%|▎         | 4/147 [00:00<00:16,  8.81it/s]
Testing:   3%|▎         | 5/147 [00:00<00:15,  9.10it/s]
Testing:   4%|▍         | 6/147 [00:00<00:15,  9.28it/s]
Testing:   5%|▍         | 7/147 [00:00<00:14,  9.40it/s]
Testing:   5%|▌         | 8/147 [00:00<00:14,  9.48it/s]
Testing:   6%|▌         | 9/147 [00:00<00:14,  9.53it/s]
Testing:   7%|▋         | 10/147 [00:01<00:14,  9.57it/s]
Testing:   7%|▋         | 11/147 [00:01<00:14,  9.59it/s]
Testing:   8%|▊         | 12/147 [00:01<00:14,  9.61it/s]
Testing:   9%|▉         | 13/147 [00:01<00:13,  9.62it/s]
Testing:  10%|▉         | 14/147 [00:01<00:13,  9.63it/s]
Testing:  10%|█         | 15/147 [00:01<00:13,  9.64it/s]
Testing:  11%|█         | 16/147 [00:01<00:13,  9.64it/s]
Testing:  12%|█▏        | 17/147 [00:01<00:13,  9.64it/s]
Testing:  12%|█▏        | 18/147 [00:01<00:13,  9.64it/s]
Testing:  13%|█▎        | 19/147 [00:02<00:13,  9.64it/s]
Testing:  14%|█▎        | 20/147 [00:02<00:13,  9.64it/s]
Testing:  14%|█▍        | 21/147 [00:02<00:13,  9.65it/s]
Testing:  15%|█▍        | 22/147 [00:02<00:12,  9.65it/s]
Testing:  16%|█▌        | 23/147 [00:02<00:12,  9.65it/s]
Testing:  16%|█▋        | 24/147 [00:02<00:12,  9.65it/s]
Testing:  17%|█▋        | 25/147 [00:02<00:12,  9.65it/s]
Testing:  18%|█▊        | 26/147 [00:02<00:12,  9.65it/s]
Testing:  18%|█▊        | 27/147 [00:02<00:12,  9.65it/s]
Testing:  19%|█▉        | 28/147 [00:02<00:12,  9.65it/s]
Testing:  20%|█▉        | 29/147 [00:03<00:12,  9.65it/s]
Testing:  20%|██        | 30/147 [00:03<00:12,  9.65it/s]
Testing:  21%|██        | 31/147 [00:03<00:12,  9.65it/s]
Testing:  22%|██▏       | 32/147 [00:03<00:11,  9.65it/s]
Testing:  22%|██▏       | 33/147 [00:03<00:11,  9.65it/s]
Testing:  23%|██▎       | 34/147 [00:03<00:11,  9.65it/s]
Testing:  24%|██▍       | 35/147 [00:03<00:11,  9.65it/s]
Testing:  24%|██▍       | 36/147 [00:03<00:11,  9.65it/s]
Testing:  25%|██▌       | 37/147 [00:03<00:11,  9.65it/s]
Testing:  26%|██▌       | 38/147 [00:03<00:11,  9.65it/s]
Testing:  27%|██▋       | 39/147 [00:04<00:11,  9.65it/s]
Testing:  27%|██▋       | 40/147 [00:04<00:11,  9.65it/s]
Testing:  28%|██▊       | 41/147 [00:04<00:10,  9.65it/s]
Testing:  29%|██▊       | 42/147 [00:04<00:10,  9.65it/s]
Testing:  29%|██▉       | 43/147 [00:04<00:10,  9.65it/s]
Testing:  30%|██▉       | 44/147 [00:04<00:10,  9.64it/s]
Testing:  31%|███       | 45/147 [00:04<00:10,  9.64it/s]
Testing:  31%|███▏      | 46/147 [00:04<00:10,  9.64it/s]
Testing:  32%|███▏      | 47/147 [00:04<00:10,  9.64it/s]
Testing:  33%|███▎      | 48/147 [00:05<00:10,  9.64it/s]
Testing:  33%|███▎      | 49/147 [00:05<00:10,  9.65it/s]
Testing:  34%|███▍      | 50/147 [00:05<00:10,  9.65it/s]
Testing:  35%|███▍      | 51/147 [00:05<00:09,  9.65it/s]
Testing:  35%|███▌      | 52/147 [00:05<00:09,  9.65it/s]
Testing:  36%|███▌      | 53/147 [00:05<00:09,  9.65it/s]
Testing:  37%|███▋      | 54/147 [00:05<00:09,  9.65it/s]
Testing:  37%|███▋      | 55/147 [00:05<00:09,  9.65it/s]
Testing:  38%|███▊      | 56/147 [00:05<00:09,  9.64it/s]
Testing:  39%|███▉      | 57/147 [00:05<00:09,  9.64it/s]
Testing:  39%|███▉      | 58/147 [00:06<00:09,  9.65it/s]
Testing:  40%|████      | 59/147 [00:06<00:09,  9.65it/s]
Testing:  41%|████      | 60/147 [00:06<00:09,  9.65it/s]
Testing:  41%|████▏     | 61/147 [00:06<00:08,  9.65it/s]
Testing:  42%|████▏     | 62/147 [00:06<00:08,  9.65it/s]
Testing:  43%|████▎     | 63/147 [00:06<00:08,  9.65it/s]
Testing:  44%|████▎     | 64/147 [00:06<00:08,  9.65it/s]
Testing:  44%|████▍     | 65/147 [00:06<00:08,  9.65it/s]
Testing:  45%|████▍     | 66/147 [00:06<00:08,  9.65it/s]
Testing:  46%|████▌     | 67/147 [00:07<00:08,  9.64it/s]
Testing:  46%|████▋     | 68/147 [00:07<00:08,  9.65it/s]
Testing:  47%|████▋     | 69/147 [00:07<00:08,  9.65it/s]
Testing:  48%|████▊     | 70/147 [00:07<00:07,  9.65it/s]
Testing:  48%|████▊     | 71/147 [00:07<00:07,  9.65it/s]
Testing:  49%|████▉     | 72/147 [00:07<00:07,  9.65it/s]
Testing:  50%|████▉     | 73/147 [00:07<00:07,  9.65it/s]
Testing:  50%|█████     | 74/147 [00:07<00:07,  9.65it/s]
Testing:  51%|█████     | 75/147 [00:07<00:07,  9.65it/s]
Testing:  52%|█████▏    | 76/147 [00:07<00:07,  9.66it/s]
Testing:  52%|█████▏    | 77/147 [00:08<00:07,  9.65it/s]
Testing:  53%|█████▎    | 78/147 [00:08<00:07,  9.65it/s]
Testing:  54%|█████▎    | 79/147 [00:08<00:07,  9.65it/s]
Testing:  54%|█████▍    | 80/147 [00:08<00:06,  9.65it/s]
Testing:  55%|█████▌    | 81/147 [00:08<00:06,  9.65it/s]
Testing:  56%|█████▌    | 82/147 [00:08<00:06,  9.65it/s]
Testing:  56%|█████▋    | 83/147 [00:08<00:06,  9.65it/s]
Testing:  57%|█████▋    | 84/147 [00:08<00:06,  9.65it/s]
Testing:  58%|█████▊    | 85/147 [00:08<00:06,  9.65it/s]
Testing:  59%|█████▊    | 86/147 [00:08<00:06,  9.65it/s]
Testing:  59%|█████▉    | 87/147 [00:09<00:06,  9.65it/s]
Testing:  60%|█████▉    | 88/147 [00:09<00:06,  9.65it/s]
Testing:  61%|██████    | 89/147 [00:09<00:06,  9.65it/s]
Testing:  61%|██████    | 90/147 [00:09<00:05,  9.65it/s]
Testing:  62%|██████▏   | 91/147 [00:09<00:05,  9.65it/s]
Testing:  63%|██████▎   | 92/147 [00:09<00:05,  9.65it/s]
Testing:  63%|██████▎   | 93/147 [00:09<00:05,  9.65it/s]
Testing:  64%|██████▍   | 94/147 [00:09<00:05,  9.64it/s]
Testing:  65%|██████▍   | 95/147 [00:09<00:05,  9.65it/s]
Testing:  65%|██████▌   | 96/147 [00:10<00:05,  9.65it/s]
Testing:  66%|██████▌   | 97/147 [00:10<00:05,  9.65it/s]
Testing:  67%|██████▋   | 98/147 [00:10<00:05,  9.65it/s]
Testing:  67%|██████▋   | 99/147 [00:10<00:04,  9.65it/s]
Testing:  68%|██████▊   | 100/147 [00:10<00:04,  9.65it/s]
Testing:  69%|██████▊   | 101/147 [00:10<00:04,  9.65it/s]
Testing:  69%|██████▉   | 102/147 [00:10<00:04,  9.65it/s]
Testing:  70%|███████   | 103/147 [00:10<00:04,  9.64it/s]
Testing:  71%|███████   | 104/147 [00:10<00:04,  9.64it/s]
Testing:  71%|███████▏  | 105/147 [00:10<00:04,  9.65it/s]
Testing:  72%|███████▏  | 106/147 [00:11<00:04,  9.65it/s]
Testing:  73%|███████▎  | 107/147 [00:11<00:04,  9.65it/s]
Testing:  73%|███████▎  | 108/147 [00:11<00:04,  9.65it/s]
Testing:  74%|███████▍  | 109/147 [00:11<00:03,  9.64it/s]
Testing:  75%|███████▍  | 110/147 [00:11<00:03,  9.65it/s]
Testing:  76%|███████▌  | 111/147 [00:11<00:03,  9.65it/s]
Testing:  76%|███████▌  | 112/147 [00:11<00:03,  9.65it/s]
Testing:  77%|███████▋  | 113/147 [00:11<00:03,  9.65it/s]
Testing:  78%|███████▊  | 114/147 [00:11<00:03,  9.65it/s]
Testing:  78%|███████▊  | 115/147 [00:11<00:03,  9.64it/s]
Testing:  79%|███████▉  | 116/147 [00:12<00:03,  9.65it/s]
Testing:  80%|███████▉  | 117/147 [00:12<00:03,  9.65it/s]
Testing:  80%|████████  | 118/147 [00:12<00:03,  9.65it/s]
Testing:  81%|████████  | 119/147 [00:12<00:02,  9.65it/s]
Testing:  82%|████████▏ | 120/147 [00:12<00:02,  9.65it/s]
Testing:  82%|████████▏ | 121/147 [00:12<00:02,  9.65it/s]
Testing:  83%|████████▎ | 122/147 [00:12<00:02,  9.65it/s]
Testing:  84%|████████▎ | 123/147 [00:12<00:02,  9.65it/s]
Testing:  84%|████████▍ | 124/147 [00:12<00:02,  9.65it/s]
Testing:  85%|████████▌ | 125/147 [00:13<00:02,  9.65it/s]
Testing:  86%|████████▌ | 126/147 [00:13<00:02,  9.65it/s]
Testing:  86%|████████▋ | 127/147 [00:13<00:02,  9.65it/s]
Testing:  87%|████████▋ | 128/147 [00:13<00:01,  9.65it/s]
Testing:  88%|████████▊ | 129/147 [00:13<00:01,  9.65it/s]
Testing:  88%|████████▊ | 130/147 [00:13<00:01,  9.65it/s]
Testing:  89%|████████▉ | 131/147 [00:13<00:01,  9.65it/s]
Testing:  90%|████████▉ | 132/147 [00:13<00:01,  9.65it/s]
Testing:  90%|█████████ | 133/147 [00:13<00:01,  9.65it/s]
Testing:  91%|█████████ | 134/147 [00:13<00:01,  9.65it/s]
Testing:  92%|█████████▏| 135/147 [00:14<00:01,  9.65it/s]
Testing:  93%|█████████▎| 136/147 [00:14<00:01,  9.65it/s]
Testing:  93%|█████████▎| 137/147 [00:14<00:01,  9.65it/s]
Testing:  94%|█████████▍| 138/147 [00:14<00:00,  9.65it/s]
Testing:  95%|█████████▍| 139/147 [00:14<00:00,  9.65it/s]
Testing:  95%|█████████▌| 140/147 [00:14<00:00,  9.65it/s]
Testing:  96%|█████████▌| 141/147 [00:14<00:00,  9.65it/s]
Testing:  97%|█████████▋| 142/147 [00:14<00:00,  9.65it/s]
Testing:  97%|█████████▋| 143/147 [00:14<00:00,  9.65it/s]
Testing:  98%|█████████▊| 144/147 [00:14<00:00,  9.65it/s]
Testing:  99%|█████████▊| 145/147 [00:15<00:00,  9.65it/s]
Testing:  99%|█████████▉| 146/147 [00:15<00:00,  9.65it/s]
Testing: 100%|██████████| 147/147 [00:15<00:00,  9.65it/s]
