/user/nirish.samant/u28445/.conda/envs/dnlp/lib/python3.10/site-packages/huggingface_hub/file_download.py:942: FutureWarning: `resume_download` is deprecated and will be removed in version 1.0.0. Downloads always resume when possible. If you want to force a new download, use `force_download=True`.
  warnings.warn(
/user/nirish.samant/u28445/.conda/envs/dnlp/lib/python3.10/site-packages/huggingface_hub/file_download.py:942: FutureWarning: `resume_download` is deprecated and will be removed in version 1.0.0. Downloads always resume when possible. If you want to force a new download, use `force_download=True`.
  warnings.warn(

Epoch 1/10:   0%|          | 0/546 [00:00<?, ?it/s]
Epoch 1/10:   0%|          | 1/546 [00:00<04:21,  2.08it/s]
Epoch 1/10:   0%|          | 2/546 [00:00<03:32,  2.56it/s]
Epoch 1/10:   1%|          | 3/546 [00:01<03:16,  2.76it/s]
Epoch 1/10:   1%|          | 4/546 [00:01<03:08,  2.87it/s]
Epoch 1/10:   1%|          | 5/546 [00:01<03:04,  2.93it/s]
Epoch 1/10:   1%|          | 6/546 [00:02<03:01,  2.97it/s]
Epoch 1/10:   1%|▏         | 7/546 [00:02<02:59,  3.00it/s]
Epoch 1/10:   1%|▏         | 8/546 [00:02<02:58,  3.01it/s]
Epoch 1/10:   2%|▏         | 9/546 [00:03<02:57,  3.02it/s]
Epoch 1/10:   2%|▏         | 10/546 [00:03<02:56,  3.03it/s]
Epoch 1/10:   2%|▏         | 11/546 [00:03<02:56,  3.04it/s]
Epoch 1/10:   2%|▏         | 12/546 [00:04<02:55,  3.04it/s]
Epoch 1/10:   2%|▏         | 13/546 [00:04<02:55,  3.04it/s]
Epoch 1/10:   3%|▎         | 14/546 [00:04<02:54,  3.05it/s]
Epoch 1/10:   3%|▎         | 15/546 [00:05<02:54,  3.05it/s]
Epoch 1/10:   3%|▎         | 16/546 [00:05<02:53,  3.05it/s]
Epoch 1/10:   3%|▎         | 17/546 [00:05<02:53,  3.05it/s]
Epoch 1/10:   3%|▎         | 18/546 [00:06<02:53,  3.05it/s]
Epoch 1/10:   3%|▎         | 19/546 [00:06<02:52,  3.05it/s]
Epoch 1/10:   4%|▎         | 20/546 [00:06<02:52,  3.06it/s]
Epoch 1/10:   4%|▍         | 21/546 [00:07<02:51,  3.06it/s]
Epoch 1/10:   4%|▍         | 22/546 [00:07<02:51,  3.05it/s]
Epoch 1/10:   4%|▍         | 23/546 [00:07<02:51,  3.06it/s]
Epoch 1/10:   4%|▍         | 24/546 [00:08<02:50,  3.06it/s]
Epoch 1/10:   5%|▍         | 25/546 [00:08<02:50,  3.06it/s]
Epoch 1/10:   5%|▍         | 26/546 [00:08<02:50,  3.06it/s]
Epoch 1/10:   5%|▍         | 27/546 [00:08<02:49,  3.06it/s]
Epoch 1/10:   5%|▌         | 28/546 [00:09<02:49,  3.06it/s]
Epoch 1/10:   5%|▌         | 29/546 [00:09<02:49,  3.06it/s]
Epoch 1/10:   5%|▌         | 30/546 [00:09<02:48,  3.06it/s]
Epoch 1/10:   6%|▌         | 31/546 [00:10<02:48,  3.06it/s]
Epoch 1/10:   6%|▌         | 32/546 [00:10<02:48,  3.06it/s]
Epoch 1/10:   6%|▌         | 33/546 [00:10<02:47,  3.06it/s]
Epoch 1/10:   6%|▌         | 34/546 [00:11<02:47,  3.06it/s]
Epoch 1/10:   6%|▋         | 35/546 [00:11<02:47,  3.06it/s]
Epoch 1/10:   7%|▋         | 36/546 [00:11<02:46,  3.06it/s]
Epoch 1/10:   7%|▋         | 37/546 [00:12<02:46,  3.06it/s]
Epoch 1/10:   7%|▋         | 38/546 [00:12<02:46,  3.06it/s]
Epoch 1/10:   7%|▋         | 39/546 [00:12<02:45,  3.06it/s]
Epoch 1/10:   7%|▋         | 40/546 [00:13<02:45,  3.06it/s]
Epoch 1/10:   8%|▊         | 41/546 [00:13<02:45,  3.05it/s]
Epoch 1/10:   8%|▊         | 42/546 [00:13<02:44,  3.06it/s]
Epoch 1/10:   8%|▊         | 43/546 [00:14<02:44,  3.05it/s]
Epoch 1/10:   8%|▊         | 44/546 [00:14<02:44,  3.05it/s]
Epoch 1/10:   8%|▊         | 45/546 [00:14<02:43,  3.06it/s]
Epoch 1/10:   8%|▊         | 46/546 [00:15<02:43,  3.06it/s]
Epoch 1/10:   9%|▊         | 47/546 [00:15<02:43,  3.05it/s]
Epoch 1/10:   9%|▉         | 48/546 [00:15<02:43,  3.05it/s]
Epoch 1/10:   9%|▉         | 49/546 [00:16<02:42,  3.05it/s]
Epoch 1/10:   9%|▉         | 50/546 [00:16<02:42,  3.06it/s]
Epoch 1/10:   9%|▉         | 51/546 [00:16<02:41,  3.06it/s]
Epoch 1/10:  10%|▉         | 52/546 [00:17<02:41,  3.06it/s]
Epoch 1/10:  10%|▉         | 53/546 [00:17<02:41,  3.06it/s]
Epoch 1/10:  10%|▉         | 54/546 [00:17<02:40,  3.06it/s]
Epoch 1/10:  10%|█         | 55/546 [00:18<02:40,  3.05it/s]
Epoch 1/10:  10%|█         | 56/546 [00:18<02:40,  3.06it/s]
Epoch 1/10:  10%|█         | 57/546 [00:18<02:39,  3.06it/s]
Epoch 1/10:  11%|█         | 58/546 [00:19<02:39,  3.06it/s]
Epoch 1/10:  11%|█         | 59/546 [00:19<02:39,  3.06it/s]
Epoch 1/10:  11%|█         | 60/546 [00:19<02:39,  3.05it/s]
Epoch 1/10:  11%|█         | 61/546 [00:20<02:38,  3.06it/s]
Epoch 1/10:  11%|█▏        | 62/546 [00:20<02:38,  3.06it/s]
Epoch 1/10:  12%|█▏        | 63/546 [00:20<02:38,  3.06it/s]
Epoch 1/10:  12%|█▏        | 64/546 [00:21<02:37,  3.05it/s]
Epoch 1/10:  12%|█▏        | 65/546 [00:21<02:37,  3.05it/s]
Epoch 1/10:  12%|█▏        | 66/546 [00:21<02:37,  3.05it/s]
Epoch 1/10:  12%|█▏        | 67/546 [00:22<02:36,  3.05it/s]
Epoch 1/10:  12%|█▏        | 68/546 [00:22<02:36,  3.05it/s]
Epoch 1/10:  13%|█▎        | 69/546 [00:22<02:36,  3.05it/s]
Epoch 1/10:  13%|█▎        | 70/546 [00:23<02:35,  3.05it/s]
Epoch 1/10:  13%|█▎        | 71/546 [00:23<02:35,  3.05it/s]
Epoch 1/10:  13%|█▎        | 72/546 [00:23<02:35,  3.05it/s]
Epoch 1/10:  13%|█▎        | 73/546 [00:24<02:34,  3.05it/s]
Epoch 1/10:  14%|█▎        | 74/546 [00:24<02:34,  3.05it/s]
Epoch 1/10:  14%|█▎        | 75/546 [00:24<02:34,  3.05it/s]
Epoch 1/10:  14%|█▍        | 76/546 [00:25<02:33,  3.05it/s]
Epoch 1/10:  14%|█▍        | 77/546 [00:25<02:33,  3.06it/s]
Epoch 1/10:  14%|█▍        | 78/546 [00:25<02:33,  3.05it/s]
Epoch 1/10:  14%|█▍        | 79/546 [00:26<02:32,  3.05it/s]
Epoch 1/10:  15%|█▍        | 80/546 [00:26<02:32,  3.05it/s]
Epoch 1/10:  15%|█▍        | 81/546 [00:26<02:32,  3.06it/s]
Epoch 1/10:  15%|█▌        | 82/546 [00:27<02:31,  3.05it/s]
Epoch 1/10:  15%|█▌        | 83/546 [00:27<02:31,  3.05it/s]
Epoch 1/10:  15%|█▌        | 84/546 [00:27<02:31,  3.05it/s]
Epoch 1/10:  16%|█▌        | 85/546 [00:27<02:30,  3.05it/s]
Epoch 1/10:  16%|█▌        | 86/546 [00:28<02:30,  3.05it/s]
Epoch 1/10:  16%|█▌        | 87/546 [00:28<02:30,  3.05it/s]
Epoch 1/10:  16%|█▌        | 88/546 [00:28<02:29,  3.05it/s]
Epoch 1/10:  16%|█▋        | 89/546 [00:29<02:29,  3.05it/s]
Epoch 1/10:  16%|█▋        | 90/546 [00:29<02:29,  3.05it/s]
Epoch 1/10:  17%|█▋        | 91/546 [00:29<02:29,  3.05it/s]
Epoch 1/10:  17%|█▋        | 92/546 [00:30<02:28,  3.05it/s]
Epoch 1/10:  17%|█▋        | 93/546 [00:30<02:28,  3.05it/s]
Epoch 1/10:  17%|█▋        | 94/546 [00:30<02:28,  3.04it/s]
Epoch 1/10:  17%|█▋        | 95/546 [00:31<02:27,  3.05it/s]
Epoch 1/10:  18%|█▊        | 96/546 [00:31<02:27,  3.05it/s]
Epoch 1/10:  18%|█▊        | 97/546 [00:31<02:27,  3.05it/s]
Epoch 1/10:  18%|█▊        | 98/546 [00:32<02:26,  3.05it/s]
Epoch 1/10:  18%|█▊        | 99/546 [00:32<02:26,  3.05it/s]
Epoch 1/10:  18%|█▊        | 100/546 [00:32<02:26,  3.05it/s]
Epoch 1/10:  18%|█▊        | 101/546 [00:33<02:25,  3.05it/s]
Epoch 1/10:  19%|█▊        | 102/546 [00:33<02:25,  3.05it/s]
Epoch 1/10:  19%|█▉        | 103/546 [00:33<02:25,  3.05it/s]
Epoch 1/10:  19%|█▉        | 104/546 [00:34<02:24,  3.05it/s]
Epoch 1/10:  19%|█▉        | 105/546 [00:34<02:24,  3.05it/s]
Epoch 1/10:  19%|█▉        | 106/546 [00:34<02:24,  3.05it/s]
Epoch 1/10:  20%|█▉        | 107/546 [00:35<02:23,  3.05it/s]
Epoch 1/10:  20%|█▉        | 108/546 [00:35<02:23,  3.05it/s]
Epoch 1/10:  20%|█▉        | 109/546 [00:35<02:23,  3.05it/s]
Epoch 1/10:  20%|██        | 110/546 [00:36<02:22,  3.05it/s]
Epoch 1/10:  20%|██        | 111/546 [00:36<02:22,  3.06it/s]
Epoch 1/10:  21%|██        | 112/546 [00:36<02:22,  3.05it/s]
Epoch 1/10:  21%|██        | 113/546 [00:37<02:21,  3.05it/s]
Epoch 1/10:  21%|██        | 114/546 [00:37<02:21,  3.05it/s]
Epoch 1/10:  21%|██        | 115/546 [00:37<02:21,  3.05it/s]
Epoch 1/10:  21%|██        | 116/546 [00:38<02:20,  3.05it/s]
Epoch 1/10:  21%|██▏       | 117/546 [00:38<02:20,  3.05it/s]
Epoch 1/10:  22%|██▏       | 118/546 [00:38<02:20,  3.05it/s]
Epoch 1/10:  22%|██▏       | 119/546 [00:39<02:19,  3.06it/s]
Epoch 1/10:  22%|██▏       | 120/546 [00:39<02:19,  3.06it/s]
Epoch 1/10:  22%|██▏       | 121/546 [00:39<02:19,  3.04it/s]
Epoch 1/10:  22%|██▏       | 122/546 [00:40<02:19,  3.04it/s]
Epoch 1/10:  23%|██▎       | 123/546 [00:40<02:18,  3.05it/s]
Epoch 1/10:  23%|██▎       | 124/546 [00:40<02:18,  3.05it/s]
Epoch 1/10:  23%|██▎       | 125/546 [00:41<02:18,  3.05it/s]
Epoch 1/10:  23%|██▎       | 126/546 [00:41<02:17,  3.05it/s]
Epoch 1/10:  23%|██▎       | 127/546 [00:41<02:17,  3.05it/s]
Epoch 1/10:  23%|██▎       | 128/546 [00:42<02:16,  3.05it/s]
Epoch 1/10:  24%|██▎       | 129/546 [00:42<02:16,  3.05it/s]
Epoch 1/10:  24%|██▍       | 130/546 [00:42<02:16,  3.05it/s]
Epoch 1/10:  24%|██▍       | 131/546 [00:43<02:15,  3.05it/s]
Epoch 1/10:  24%|██▍       | 132/546 [00:43<02:15,  3.05it/s]
Epoch 1/10:  24%|██▍       | 133/546 [00:43<02:15,  3.05it/s]
Epoch 1/10:  25%|██▍       | 134/546 [00:44<02:14,  3.05it/s]
Epoch 1/10:  25%|██▍       | 135/546 [00:44<02:14,  3.05it/s]
Epoch 1/10:  25%|██▍       | 136/546 [00:44<02:14,  3.05it/s]
Epoch 1/10:  25%|██▌       | 137/546 [00:45<02:13,  3.05it/s]
Epoch 1/10:  25%|██▌       | 138/546 [00:45<02:13,  3.05it/s]
Epoch 1/10:  25%|██▌       | 139/546 [00:45<02:13,  3.06it/s]
Epoch 1/10:  26%|██▌       | 140/546 [00:46<02:12,  3.05it/s]
Epoch 1/10:  26%|██▌       | 141/546 [00:46<02:12,  3.05it/s]
Epoch 1/10:  26%|██▌       | 142/546 [00:46<02:12,  3.06it/s]
Epoch 1/10:  26%|██▌       | 143/546 [00:46<02:11,  3.05it/s]
Epoch 1/10:  26%|██▋       | 144/546 [00:47<02:11,  3.05it/s]
Epoch 1/10:  27%|██▋       | 145/546 [00:47<02:11,  3.05it/s]
Epoch 1/10:  27%|██▋       | 146/546 [00:47<02:11,  3.05it/s]
Epoch 1/10:  27%|██▋       | 147/546 [00:48<02:10,  3.05it/s]
Epoch 1/10:  27%|██▋       | 148/546 [00:48<02:10,  3.05it/s]
Epoch 1/10:  27%|██▋       | 149/546 [00:48<02:10,  3.05it/s]
Epoch 1/10:  27%|██▋       | 150/546 [00:49<02:09,  3.05it/s]
Epoch 1/10:  28%|██▊       | 151/546 [00:49<02:09,  3.05it/s]
Epoch 1/10:  28%|██▊       | 152/546 [00:49<02:09,  3.05it/s]
Epoch 1/10:  28%|██▊       | 153/546 [00:50<02:08,  3.05it/s]
Epoch 1/10:  28%|██▊       | 154/546 [00:50<02:08,  3.05it/s]
Epoch 1/10:  28%|██▊       | 155/546 [00:50<02:08,  3.05it/s]
Epoch 1/10:  29%|██▊       | 156/546 [00:51<02:07,  3.05it/s]
Epoch 1/10:  29%|██▉       | 157/546 [00:51<02:07,  3.05it/s]
Epoch 1/10:  29%|██▉       | 158/546 [00:51<02:07,  3.05it/s]
Epoch 1/10:  29%|██▉       | 159/546 [00:52<02:06,  3.05it/s]
Epoch 1/10:  29%|██▉       | 160/546 [00:52<02:06,  3.05it/s]
Epoch 1/10:  29%|██▉       | 161/546 [00:52<02:06,  3.05it/s]
Epoch 1/10:  30%|██▉       | 162/546 [00:53<02:05,  3.05it/s]
Epoch 1/10:  30%|██▉       | 163/546 [00:53<02:05,  3.05it/s]
Epoch 1/10:  30%|███       | 164/546 [00:53<02:05,  3.05it/s]
Epoch 1/10:  30%|███       | 165/546 [00:54<02:04,  3.05it/s]
Epoch 1/10:  30%|███       | 166/546 [00:54<02:04,  3.05it/s]
Epoch 1/10:  31%|███       | 167/546 [00:54<02:04,  3.05it/s]
Epoch 1/10:  31%|███       | 168/546 [00:55<02:03,  3.05it/s]
Epoch 1/10:  31%|███       | 169/546 [00:55<02:03,  3.05it/s]
Epoch 1/10:  31%|███       | 170/546 [00:55<02:03,  3.05it/s]
Epoch 1/10:  31%|███▏      | 171/546 [00:56<02:02,  3.05it/s]
Epoch 1/10:  32%|███▏      | 172/546 [00:56<02:02,  3.05it/s]
Epoch 1/10:  32%|███▏      | 173/546 [00:56<02:02,  3.05it/s]
Epoch 1/10:  32%|███▏      | 174/546 [00:57<02:02,  3.03it/s]
Epoch 1/10:  32%|███▏      | 175/546 [00:57<02:02,  3.04it/s]
Epoch 1/10:  32%|███▏      | 176/546 [00:57<02:01,  3.04it/s]
Epoch 1/10:  32%|███▏      | 177/546 [00:58<02:01,  3.05it/s]
Epoch 1/10:  33%|███▎      | 178/546 [00:58<02:00,  3.05it/s]
Epoch 1/10:  33%|███▎      | 179/546 [00:58<02:00,  3.05it/s]
Epoch 1/10:  33%|███▎      | 180/546 [00:59<02:00,  3.05it/s]
Epoch 1/10:  33%|███▎      | 181/546 [00:59<01:59,  3.05it/s]
Epoch 1/10:  33%|███▎      | 182/546 [00:59<01:59,  3.05it/s]
Epoch 1/10:  34%|███▎      | 183/546 [01:00<01:58,  3.05it/s]
Epoch 1/10:  34%|███▎      | 184/546 [01:00<01:58,  3.05it/s]
Epoch 1/10:  34%|███▍      | 185/546 [01:00<01:58,  3.05it/s]
Epoch 1/10:  34%|███▍      | 186/546 [01:01<01:57,  3.05it/s]
Epoch 1/10:  34%|███▍      | 187/546 [01:01<01:57,  3.05it/s]
Epoch 1/10:  34%|███▍      | 188/546 [01:01<01:57,  3.05it/s]
Epoch 1/10:  35%|███▍      | 189/546 [01:02<01:56,  3.05it/s]
Epoch 1/10:  35%|███▍      | 190/546 [01:02<01:56,  3.05it/s]
Epoch 1/10:  35%|███▍      | 191/546 [01:02<01:56,  3.05it/s]
Epoch 1/10:  35%|███▌      | 192/546 [01:03<01:55,  3.05it/s]
Epoch 1/10:  35%|███▌      | 193/546 [01:03<01:55,  3.05it/s]
Epoch 1/10:  36%|███▌      | 194/546 [01:03<01:55,  3.05it/s]
Epoch 1/10:  36%|███▌      | 195/546 [01:04<01:55,  3.05it/s]
Epoch 1/10:  36%|███▌      | 196/546 [01:04<01:54,  3.05it/s]
Epoch 1/10:  36%|███▌      | 197/546 [01:04<01:54,  3.05it/s]
Epoch 1/10:  36%|███▋      | 198/546 [01:05<01:54,  3.05it/s]
Epoch 1/10:  36%|███▋      | 199/546 [01:05<01:53,  3.05it/s]
Epoch 1/10:  37%|███▋      | 200/546 [01:05<01:53,  3.05it/s]
Epoch 1/10:  37%|███▋      | 201/546 [01:05<01:53,  3.05it/s]
Epoch 1/10:  37%|███▋      | 202/546 [01:06<01:52,  3.05it/s]
Epoch 1/10:  37%|███▋      | 203/546 [01:06<01:52,  3.05it/s]
Epoch 1/10:  37%|███▋      | 204/546 [01:06<01:52,  3.05it/s]
Epoch 1/10:  38%|███▊      | 205/546 [01:07<01:51,  3.05it/s]
Epoch 1/10:  38%|███▊      | 206/546 [01:07<01:51,  3.05it/s]
Epoch 1/10:  38%|███▊      | 207/546 [01:07<01:51,  3.05it/s]
Epoch 1/10:  38%|███▊      | 208/546 [01:08<01:50,  3.05it/s]
Epoch 1/10:  38%|███▊      | 209/546 [01:08<01:50,  3.05it/s]
Epoch 1/10:  38%|███▊      | 210/546 [01:08<01:50,  3.05it/s]
Epoch 1/10:  39%|███▊      | 211/546 [01:09<01:49,  3.05it/s]
Epoch 1/10:  39%|███▉      | 212/546 [01:09<01:49,  3.05it/s]
Epoch 1/10:  39%|███▉      | 213/546 [01:09<01:49,  3.05it/s]
Epoch 1/10:  39%|███▉      | 214/546 [01:10<01:48,  3.05it/s]
Epoch 1/10:  39%|███▉      | 215/546 [01:10<01:48,  3.05it/s]
Epoch 1/10:  40%|███▉      | 216/546 [01:10<01:48,  3.05it/s]
Epoch 1/10:  40%|███▉      | 217/546 [01:11<01:47,  3.05it/s]
Epoch 1/10:  40%|███▉      | 218/546 [01:11<01:47,  3.05it/s]
Epoch 1/10:  40%|████      | 219/546 [01:11<01:47,  3.05it/s]
Epoch 1/10:  40%|████      | 220/546 [01:12<01:46,  3.05it/s]
Epoch 1/10:  40%|████      | 221/546 [01:12<01:46,  3.05it/s]
Epoch 1/10:  41%|████      | 222/546 [01:12<01:46,  3.05it/s]
Epoch 1/10:  41%|████      | 223/546 [01:13<01:45,  3.05it/s]
Epoch 1/10:  41%|████      | 224/546 [01:13<01:45,  3.05it/s]
Epoch 1/10:  41%|████      | 225/546 [01:13<01:45,  3.05it/s]
Epoch 1/10:  41%|████▏     | 226/546 [01:14<01:44,  3.05it/s]
Epoch 1/10:  42%|████▏     | 227/546 [01:14<01:44,  3.05it/s]
Epoch 1/10:  42%|████▏     | 228/546 [01:14<01:44,  3.05it/s]
Epoch 1/10:  42%|████▏     | 229/546 [01:15<01:43,  3.05it/s]
Epoch 1/10:  42%|████▏     | 230/546 [01:15<01:43,  3.05it/s]
Epoch 1/10:  42%|████▏     | 231/546 [01:15<01:43,  3.05it/s]
Epoch 1/10:  42%|████▏     | 232/546 [01:16<01:42,  3.05it/s]
Epoch 1/10:  43%|████▎     | 233/546 [01:16<01:42,  3.05it/s]
Epoch 1/10:  43%|████▎     | 234/546 [01:16<01:42,  3.05it/s]
Epoch 1/10:  43%|████▎     | 235/546 [01:17<01:41,  3.05it/s]
Epoch 1/10:  43%|████▎     | 236/546 [01:17<01:41,  3.05it/s]
Epoch 1/10:  43%|████▎     | 237/546 [01:17<01:41,  3.05it/s]
Epoch 1/10:  44%|████▎     | 238/546 [01:18<01:40,  3.05it/s]
Epoch 1/10:  44%|████▍     | 239/546 [01:18<01:40,  3.05it/s]
Epoch 1/10:  44%|████▍     | 240/546 [01:18<01:40,  3.05it/s]
Epoch 1/10:  44%|████▍     | 241/546 [01:19<01:39,  3.05it/s]
Epoch 1/10:  44%|████▍     | 242/546 [01:19<01:39,  3.05it/s]
Epoch 1/10:  45%|████▍     | 243/546 [01:19<01:39,  3.05it/s]
Epoch 1/10:  45%|████▍     | 244/546 [01:20<01:38,  3.05it/s]
Epoch 1/10:  45%|████▍     | 245/546 [01:20<01:38,  3.05it/s]
Epoch 1/10:  45%|████▌     | 246/546 [01:20<01:38,  3.05it/s]
Epoch 1/10:  45%|████▌     | 247/546 [01:21<01:37,  3.05it/s]
Epoch 1/10:  45%|████▌     | 248/546 [01:21<01:37,  3.05it/s]
Epoch 1/10:  46%|████▌     | 249/546 [01:21<01:37,  3.05it/s]
Epoch 1/10:  46%|████▌     | 250/546 [01:22<01:37,  3.05it/s]
Epoch 1/10:  46%|████▌     | 251/546 [01:22<01:36,  3.05it/s]
Epoch 1/10:  46%|████▌     | 252/546 [01:22<01:36,  3.05it/s]
Epoch 1/10:  46%|████▋     | 253/546 [01:23<01:36,  3.05it/s]
Epoch 1/10:  47%|████▋     | 254/546 [01:23<01:35,  3.05it/s]
Epoch 1/10:  47%|████▋     | 255/546 [01:23<01:35,  3.05it/s]
Epoch 1/10:  47%|████▋     | 256/546 [01:24<01:35,  3.05it/s]
Epoch 1/10:  47%|████▋     | 257/546 [01:24<01:34,  3.05it/s]
Epoch 1/10:  47%|████▋     | 258/546 [01:24<01:34,  3.05it/s]
Epoch 1/10:  47%|████▋     | 259/546 [01:25<01:33,  3.05it/s]
Epoch 1/10:  48%|████▊     | 260/546 [01:25<01:33,  3.05it/s]
Epoch 1/10:  48%|████▊     | 261/546 [01:25<01:33,  3.05it/s]
Epoch 1/10:  48%|████▊     | 262/546 [01:25<01:32,  3.05it/s]
Epoch 1/10:  48%|████▊     | 263/546 [01:26<01:32,  3.05it/s]
Epoch 1/10:  48%|████▊     | 264/546 [01:26<01:32,  3.05it/s]
Epoch 1/10:  49%|████▊     | 265/546 [01:26<01:32,  3.05it/s]
Epoch 1/10:  49%|████▊     | 266/546 [01:27<01:31,  3.05it/s]
Epoch 1/10:  49%|████▉     | 267/546 [01:27<01:31,  3.05it/s]
Epoch 1/10:  49%|████▉     | 268/546 [01:27<01:31,  3.05it/s]
Epoch 1/10:  49%|████▉     | 269/546 [01:28<01:30,  3.05it/s]
Epoch 1/10:  49%|████▉     | 270/546 [01:28<01:30,  3.05it/s]
Epoch 1/10:  50%|████▉     | 271/546 [01:28<01:30,  3.05it/s]
Epoch 1/10:  50%|████▉     | 272/546 [01:29<01:29,  3.05it/s]
Epoch 1/10:  50%|█████     | 273/546 [01:29<01:29,  3.05it/s]
Epoch 1/10:  50%|█████     | 274/546 [01:29<01:29,  3.05it/s]
Epoch 1/10:  50%|█████     | 275/546 [01:30<01:28,  3.05it/s]
Epoch 1/10:  51%|█████     | 276/546 [01:30<01:28,  3.05it/s]
Epoch 1/10:  51%|█████     | 277/546 [01:30<01:28,  3.05it/s]
Epoch 1/10:  51%|█████     | 278/546 [01:31<01:27,  3.05it/s]
Epoch 1/10:  51%|█████     | 279/546 [01:31<01:27,  3.05it/s]
Epoch 1/10:  51%|█████▏    | 280/546 [01:31<01:27,  3.05it/s]
Epoch 1/10:  51%|█████▏    | 281/546 [01:32<01:26,  3.05it/s]
Epoch 1/10:  52%|█████▏    | 282/546 [01:32<01:26,  3.05it/s]
Epoch 1/10:  52%|█████▏    | 283/546 [01:32<01:26,  3.05it/s]
Epoch 1/10:  52%|█████▏    | 284/546 [01:33<01:25,  3.05it/s]
Epoch 1/10:  52%|█████▏    | 285/546 [01:33<01:25,  3.05it/s]
Epoch 1/10:  52%|█████▏    | 286/546 [01:33<01:25,  3.05it/s]
Epoch 1/10:  53%|█████▎    | 287/546 [01:34<01:24,  3.05it/s]
Epoch 1/10:  53%|█████▎    | 288/546 [01:34<01:24,  3.05it/s]
Epoch 1/10:  53%|█████▎    | 289/546 [01:34<01:24,  3.05it/s]
Epoch 1/10:  53%|█████▎    | 290/546 [01:35<01:24,  3.05it/s]
Epoch 1/10:  53%|█████▎    | 291/546 [01:35<01:23,  3.05it/s]
Epoch 1/10:  53%|█████▎    | 292/546 [01:35<01:23,  3.05it/s]
Epoch 1/10:  54%|█████▎    | 293/546 [01:36<01:22,  3.05it/s]
Epoch 1/10:  54%|█████▍    | 294/546 [01:36<01:22,  3.05it/s]
Epoch 1/10:  54%|█████▍    | 295/546 [01:36<01:22,  3.05it/s]
Epoch 1/10:  54%|█████▍    | 296/546 [01:37<01:22,  3.04it/s]
Epoch 1/10:  54%|█████▍    | 297/546 [01:37<01:21,  3.04it/s]
Epoch 1/10:  55%|█████▍    | 298/546 [01:37<01:21,  3.04it/s]
Epoch 1/10:  55%|█████▍    | 299/546 [01:38<01:21,  3.04it/s]
Epoch 1/10:  55%|█████▍    | 300/546 [01:38<01:20,  3.05it/s]
Epoch 1/10:  55%|█████▌    | 301/546 [01:38<01:20,  3.05it/s]
Epoch 1/10:  55%|█████▌    | 302/546 [01:39<01:20,  3.05it/s]
Epoch 1/10:  55%|█████▌    | 303/546 [01:39<01:19,  3.05it/s]
Epoch 1/10:  56%|█████▌    | 304/546 [01:39<01:19,  3.05it/s]
Epoch 1/10:  56%|█████▌    | 305/546 [01:40<01:19,  3.05it/s]
Epoch 1/10:  56%|█████▌    | 306/546 [01:40<01:18,  3.05it/s]
Epoch 1/10:  56%|█████▌    | 307/546 [01:40<01:18,  3.05it/s]
Epoch 1/10:  56%|█████▋    | 308/546 [01:41<01:18,  3.05it/s]
Epoch 1/10:  57%|█████▋    | 309/546 [01:41<01:17,  3.05it/s]
Epoch 1/10:  57%|█████▋    | 310/546 [01:41<01:17,  3.05it/s]
Epoch 1/10:  57%|█████▋    | 311/546 [01:42<01:17,  3.05it/s]
Epoch 1/10:  57%|█████▋    | 312/546 [01:42<01:16,  3.05it/s]
Epoch 1/10:  57%|█████▋    | 313/546 [01:42<01:16,  3.05it/s]
Epoch 1/10:  58%|█████▊    | 314/546 [01:43<01:16,  3.05it/s]
Epoch 1/10:  58%|█████▊    | 315/546 [01:43<01:15,  3.05it/s]
Epoch 1/10:  58%|█████▊    | 316/546 [01:43<01:15,  3.05it/s]
Epoch 1/10:  58%|█████▊    | 317/546 [01:44<01:15,  3.05it/s]
Epoch 1/10:  58%|█████▊    | 318/546 [01:44<01:14,  3.05it/s]
Epoch 1/10:  58%|█████▊    | 319/546 [01:44<01:14,  3.06it/s]
Epoch 1/10:  59%|█████▊    | 320/546 [01:45<01:13,  3.06it/s]
Epoch 1/10:  59%|█████▉    | 321/546 [01:45<01:13,  3.06it/s]
Epoch 1/10:  59%|█████▉    | 322/546 [01:45<01:13,  3.05it/s]
Epoch 1/10:  59%|█████▉    | 323/546 [01:45<01:12,  3.06it/s]
Epoch 1/10:  59%|█████▉    | 324/546 [01:46<01:12,  3.05it/s]
Epoch 1/10:  60%|█████▉    | 325/546 [01:46<01:12,  3.05it/s]
Epoch 1/10:  60%|█████▉    | 326/546 [01:46<01:12,  3.05it/s]
Epoch 1/10:  60%|█████▉    | 327/546 [01:47<01:11,  3.05it/s]
Epoch 1/10:  60%|██████    | 328/546 [01:47<01:11,  3.05it/s]
Epoch 1/10:  60%|██████    | 329/546 [01:47<01:11,  3.05it/s]
Epoch 1/10:  60%|██████    | 330/546 [01:48<01:10,  3.05it/s]
Epoch 1/10:  61%|██████    | 331/546 [01:48<01:10,  3.05it/s]
Epoch 1/10:  61%|██████    | 332/546 [01:48<01:10,  3.06it/s]
Epoch 1/10:  61%|██████    | 333/546 [01:49<01:09,  3.05it/s]
Epoch 1/10:  61%|██████    | 334/546 [01:49<01:09,  3.06it/s]
Epoch 1/10:  61%|██████▏   | 335/546 [01:49<01:09,  3.06it/s]
Epoch 1/10:  62%|██████▏   | 336/546 [01:50<01:08,  3.06it/s]
Epoch 1/10:  62%|██████▏   | 337/546 [01:50<01:08,  3.06it/s]
Epoch 1/10:  62%|██████▏   | 338/546 [01:50<01:08,  3.05it/s]
Epoch 1/10:  62%|██████▏   | 339/546 [01:51<01:07,  3.05it/s]
Epoch 1/10:  62%|██████▏   | 340/546 [01:51<01:07,  3.05it/s]
Epoch 1/10:  62%|██████▏   | 341/546 [01:51<01:07,  3.05it/s]
Epoch 1/10:  63%|██████▎   | 342/546 [01:52<01:06,  3.05it/s]
Epoch 1/10:  63%|██████▎   | 343/546 [01:52<01:06,  3.05it/s]
Epoch 1/10:  63%|██████▎   | 344/546 [01:52<01:06,  3.05it/s]
Epoch 1/10:  63%|██████▎   | 345/546 [01:53<01:05,  3.05it/s]
Epoch 1/10:  63%|██████▎   | 346/546 [01:53<01:05,  3.05it/s]
Epoch 1/10:  64%|██████▎   | 347/546 [01:53<01:05,  3.05it/s]
Epoch 1/10:  64%|██████▎   | 348/546 [01:54<01:04,  3.05it/s]
Epoch 1/10:  64%|██████▍   | 349/546 [01:54<01:04,  3.05it/s]
Epoch 1/10:  64%|██████▍   | 350/546 [01:54<01:04,  3.06it/s]
Epoch 1/10:  64%|██████▍   | 351/546 [01:55<01:03,  3.06it/s]
Epoch 1/10:  64%|██████▍   | 352/546 [01:55<01:03,  3.06it/s]
Epoch 1/10:  65%|██████▍   | 353/546 [01:55<01:03,  3.05it/s]
Epoch 1/10:  65%|██████▍   | 354/546 [01:56<01:02,  3.06it/s]
Epoch 1/10:  65%|██████▌   | 355/546 [01:56<01:02,  3.06it/s]
Epoch 1/10:  65%|██████▌   | 356/546 [01:56<01:02,  3.06it/s]
Epoch 1/10:  65%|██████▌   | 357/546 [01:57<01:01,  3.06it/s]
Epoch 1/10:  66%|██████▌   | 358/546 [01:57<01:02,  3.03it/s]
Epoch 1/10:  66%|██████▌   | 359/546 [01:57<01:01,  3.04it/s]
Epoch 1/10:  66%|██████▌   | 360/546 [01:58<01:01,  3.04it/s]
Epoch 1/10:  66%|██████▌   | 361/546 [01:58<01:00,  3.04it/s]
Epoch 1/10:  66%|██████▋   | 362/546 [01:58<01:00,  3.05it/s]
Epoch 1/10:  66%|██████▋   | 363/546 [01:59<00:59,  3.05it/s]
Epoch 1/10:  67%|██████▋   | 364/546 [01:59<00:59,  3.05it/s]
Epoch 1/10:  67%|██████▋   | 365/546 [01:59<00:59,  3.05it/s]
Epoch 1/10:  67%|██████▋   | 366/546 [02:00<00:58,  3.06it/s]
Epoch 1/10:  67%|██████▋   | 367/546 [02:00<00:58,  3.06it/s]
Epoch 1/10:  67%|██████▋   | 368/546 [02:00<00:58,  3.06it/s]
Epoch 1/10:  68%|██████▊   | 369/546 [02:01<00:57,  3.05it/s]
Epoch 1/10:  68%|██████▊   | 370/546 [02:01<00:57,  3.05it/s]
Epoch 1/10:  68%|██████▊   | 371/546 [02:01<00:57,  3.06it/s]
Epoch 1/10:  68%|██████▊   | 372/546 [02:02<00:56,  3.05it/s]
Epoch 1/10:  68%|██████▊   | 373/546 [02:02<00:56,  3.05it/s]
Epoch 1/10:  68%|██████▊   | 374/546 [02:02<00:56,  3.05it/s]
Epoch 1/10:  69%|██████▊   | 375/546 [02:03<00:55,  3.06it/s]
Epoch 1/10:  69%|██████▉   | 376/546 [02:03<00:55,  3.06it/s]
Epoch 1/10:  69%|██████▉   | 377/546 [02:03<00:55,  3.06it/s]
Epoch 1/10:  69%|██████▉   | 378/546 [02:03<00:54,  3.06it/s]
Epoch 1/10:  69%|██████▉   | 379/546 [02:04<00:54,  3.06it/s]
Epoch 1/10:  70%|██████▉   | 380/546 [02:04<00:54,  3.05it/s]
Epoch 1/10:  70%|██████▉   | 381/546 [02:04<00:54,  3.05it/s]
Epoch 1/10:  70%|██████▉   | 382/546 [02:05<00:53,  3.06it/s]
Epoch 1/10:  70%|███████   | 383/546 [02:05<00:53,  3.06it/s]
Epoch 1/10:  70%|███████   | 384/546 [02:05<00:53,  3.05it/s]
Epoch 1/10:  71%|███████   | 385/546 [02:06<00:52,  3.05it/s]
Epoch 1/10:  71%|███████   | 386/546 [02:06<00:52,  3.05it/s]
Epoch 1/10:  71%|███████   | 387/546 [02:06<00:52,  3.05it/s]
Epoch 1/10:  71%|███████   | 388/546 [02:07<00:51,  3.05it/s]
Epoch 1/10:  71%|███████   | 389/546 [02:07<00:51,  3.05it/s]
Epoch 1/10:  71%|███████▏  | 390/546 [02:07<00:51,  3.05it/s]
Epoch 1/10:  72%|███████▏  | 391/546 [02:08<00:50,  3.05it/s]
Epoch 1/10:  72%|███████▏  | 392/546 [02:08<00:50,  3.05it/s]
Epoch 1/10:  72%|███████▏  | 393/546 [02:08<00:50,  3.05it/s]
Epoch 1/10:  72%|███████▏  | 394/546 [02:09<00:49,  3.06it/s]
Epoch 1/10:  72%|███████▏  | 395/546 [02:09<00:49,  3.05it/s]
Epoch 1/10:  73%|███████▎  | 396/546 [02:09<00:49,  3.05it/s]
Epoch 1/10:  73%|███████▎  | 397/546 [02:10<00:48,  3.05it/s]
Epoch 1/10:  73%|███████▎  | 398/546 [02:10<00:48,  3.06it/s]
Epoch 1/10:  73%|███████▎  | 399/546 [02:10<00:48,  3.05it/s]
Epoch 1/10:  73%|███████▎  | 400/546 [02:11<00:47,  3.05it/s]
Epoch 1/10:  73%|███████▎  | 401/546 [02:11<00:47,  3.06it/s]
Epoch 1/10:  74%|███████▎  | 402/546 [02:11<00:47,  3.06it/s]
Epoch 1/10:  74%|███████▍  | 403/546 [02:12<00:46,  3.06it/s]
Epoch 1/10:  74%|███████▍  | 404/546 [02:12<00:46,  3.06it/s]
Epoch 1/10:  74%|███████▍  | 405/546 [02:12<00:46,  3.05it/s]
Epoch 1/10:  74%|███████▍  | 406/546 [02:13<00:45,  3.06it/s]
Epoch 1/10:  75%|███████▍  | 407/546 [02:13<00:45,  3.05it/s]
Epoch 1/10:  75%|███████▍  | 408/546 [02:13<00:45,  3.05it/s]
Epoch 1/10:  75%|███████▍  | 409/546 [02:14<00:44,  3.06it/s]
Epoch 1/10:  75%|███████▌  | 410/546 [02:14<00:44,  3.06it/s]
Epoch 1/10:  75%|███████▌  | 411/546 [02:14<00:44,  3.05it/s]
Epoch 1/10:  75%|███████▌  | 412/546 [02:15<00:43,  3.05it/s]
Epoch 1/10:  76%|███████▌  | 413/546 [02:15<00:43,  3.06it/s]
Epoch 1/10:  76%|███████▌  | 414/546 [02:15<00:43,  3.06it/s]
Epoch 1/10:  76%|███████▌  | 415/546 [02:16<00:42,  3.06it/s]
Epoch 1/10:  76%|███████▌  | 416/546 [02:16<00:42,  3.06it/s]
Epoch 1/10:  76%|███████▋  | 417/546 [02:16<00:42,  3.06it/s]
Epoch 1/10:  77%|███████▋  | 418/546 [02:17<00:41,  3.06it/s]
Epoch 1/10:  77%|███████▋  | 419/546 [02:17<00:41,  3.06it/s]
Epoch 1/10:  77%|███████▋  | 420/546 [02:17<00:41,  3.06it/s]
Epoch 1/10:  77%|███████▋  | 421/546 [02:18<00:40,  3.06it/s]
Epoch 1/10:  77%|███████▋  | 422/546 [02:18<00:40,  3.05it/s]
Epoch 1/10:  77%|███████▋  | 423/546 [02:18<00:40,  3.05it/s]
Epoch 1/10:  78%|███████▊  | 424/546 [02:19<00:39,  3.05it/s]
Epoch 1/10:  78%|███████▊  | 425/546 [02:19<00:39,  3.06it/s]
Epoch 1/10:  78%|███████▊  | 426/546 [02:19<00:39,  3.05it/s]
Epoch 1/10:  78%|███████▊  | 427/546 [02:20<00:38,  3.05it/s]
Epoch 1/10:  78%|███████▊  | 428/546 [02:20<00:38,  3.05it/s]
Epoch 1/10:  79%|███████▊  | 429/546 [02:20<00:38,  3.05it/s]
Epoch 1/10:  79%|███████▉  | 430/546 [02:21<00:37,  3.05it/s]
Epoch 1/10:  79%|███████▉  | 431/546 [02:21<00:37,  3.05it/s]
Epoch 1/10:  79%|███████▉  | 432/546 [02:21<00:37,  3.06it/s]
Epoch 1/10:  79%|███████▉  | 433/546 [02:22<00:36,  3.06it/s]
Epoch 1/10:  79%|███████▉  | 434/546 [02:22<00:36,  3.05it/s]
Epoch 1/10:  80%|███████▉  | 435/546 [02:22<00:36,  3.05it/s]
Epoch 1/10:  80%|███████▉  | 436/546 [02:22<00:36,  3.05it/s]
Epoch 1/10:  80%|████████  | 437/546 [02:23<00:35,  3.05it/s]
Epoch 1/10:  80%|████████  | 438/546 [02:23<00:35,  3.05it/s]
Epoch 1/10:  80%|████████  | 439/546 [02:23<00:35,  3.05it/s]
Epoch 1/10:  81%|████████  | 440/546 [02:24<00:34,  3.05it/s]
Epoch 1/10:  81%|████████  | 441/546 [02:24<00:34,  3.05it/s]
Epoch 1/10:  81%|████████  | 442/546 [02:24<00:34,  3.05it/s]
Epoch 1/10:  81%|████████  | 443/546 [02:25<00:33,  3.05it/s]
Epoch 1/10:  81%|████████▏ | 444/546 [02:25<00:33,  3.05it/s]
Epoch 1/10:  82%|████████▏ | 445/546 [02:25<00:33,  3.05it/s]
Epoch 1/10:  82%|████████▏ | 446/546 [02:26<00:32,  3.05it/s]
Epoch 1/10:  82%|████████▏ | 447/546 [02:26<00:32,  3.05it/s]
Epoch 1/10:  82%|████████▏ | 448/546 [02:26<00:32,  3.05it/s]
Epoch 1/10:  82%|████████▏ | 449/546 [02:27<00:31,  3.05it/s]
Epoch 1/10:  82%|████████▏ | 450/546 [02:27<00:31,  3.05it/s]
Epoch 1/10:  83%|████████▎ | 451/546 [02:27<00:31,  3.05it/s]
Epoch 1/10:  83%|████████▎ | 452/546 [02:28<00:30,  3.06it/s]
Epoch 1/10:  83%|████████▎ | 453/546 [02:28<00:30,  3.06it/s]
Epoch 1/10:  83%|████████▎ | 454/546 [02:28<00:30,  3.05it/s]
Epoch 1/10:  83%|████████▎ | 455/546 [02:29<00:29,  3.05it/s]
Epoch 1/10:  84%|████████▎ | 456/546 [02:29<00:29,  3.06it/s]
Epoch 1/10:  84%|████████▎ | 457/546 [02:29<00:29,  3.06it/s]
Epoch 1/10:  84%|████████▍ | 458/546 [02:30<00:28,  3.05it/s]
Epoch 1/10:  84%|████████▍ | 459/546 [02:30<00:28,  3.05it/s]
Epoch 1/10:  84%|████████▍ | 460/546 [02:30<00:28,  3.06it/s]
Epoch 1/10:  84%|████████▍ | 461/546 [02:31<00:27,  3.05it/s]
Epoch 1/10:  85%|████████▍ | 462/546 [02:31<00:27,  3.05it/s]
Epoch 1/10:  85%|████████▍ | 463/546 [02:31<00:27,  3.06it/s]
Epoch 1/10:  85%|████████▍ | 464/546 [02:32<00:26,  3.06it/s]
Epoch 1/10:  85%|████████▌ | 465/546 [02:32<00:26,  3.05it/s]
Epoch 1/10:  85%|████████▌ | 466/546 [02:32<00:26,  3.05it/s]
Epoch 1/10:  86%|████████▌ | 467/546 [02:33<00:25,  3.05it/s]
Epoch 1/10:  86%|████████▌ | 468/546 [02:33<00:25,  3.05it/s]
Epoch 1/10:  86%|████████▌ | 469/546 [02:33<00:25,  3.05it/s]
Epoch 1/10:  86%|████████▌ | 470/546 [02:34<00:24,  3.05it/s]
Epoch 1/10:  86%|████████▋ | 471/546 [02:34<00:24,  3.05it/s]
Epoch 1/10:  86%|████████▋ | 472/546 [02:34<00:24,  3.05it/s]
Epoch 1/10:  87%|████████▋ | 473/546 [02:35<00:23,  3.05it/s]
Epoch 1/10:  87%|████████▋ | 474/546 [02:35<00:23,  3.05it/s]
Epoch 1/10:  87%|████████▋ | 475/546 [02:35<00:23,  3.05it/s]
Epoch 1/10:  87%|████████▋ | 476/546 [02:36<00:22,  3.05it/s]
Epoch 1/10:  87%|████████▋ | 477/546 [02:36<00:22,  3.05it/s]
Epoch 1/10:  88%|████████▊ | 478/546 [02:36<00:22,  3.05it/s]
Epoch 1/10:  88%|████████▊ | 479/546 [02:37<00:21,  3.05it/s]
Epoch 1/10:  88%|████████▊ | 480/546 [02:37<00:21,  3.05it/s]
Epoch 1/10:  88%|████████▊ | 481/546 [02:37<00:21,  3.05it/s]
Epoch 1/10:  88%|████████▊ | 482/546 [02:38<00:20,  3.05it/s]
Epoch 1/10:  88%|████████▊ | 483/546 [02:38<00:20,  3.05it/s]
Epoch 1/10:  89%|████████▊ | 484/546 [02:38<00:20,  3.05it/s]
Epoch 1/10:  89%|████████▉ | 485/546 [02:39<00:19,  3.05it/s]
Epoch 1/10:  89%|████████▉ | 486/546 [02:39<00:19,  3.05it/s]
Epoch 1/10:  89%|████████▉ | 487/546 [02:39<00:19,  3.06it/s]
Epoch 1/10:  89%|████████▉ | 488/546 [02:40<00:18,  3.06it/s]
Epoch 1/10:  90%|████████▉ | 489/546 [02:40<00:18,  3.05it/s]
Epoch 1/10:  90%|████████▉ | 490/546 [02:40<00:18,  3.05it/s]
Epoch 1/10:  90%|████████▉ | 491/546 [02:40<00:18,  3.05it/s]
Epoch 1/10:  90%|█████████ | 492/546 [02:41<00:17,  3.05it/s]
Epoch 1/10:  90%|█████████ | 493/546 [02:41<00:17,  3.05it/s]
Epoch 1/10:  90%|█████████ | 494/546 [02:41<00:17,  3.05it/s]
Epoch 1/10:  91%|█████████ | 495/546 [02:42<00:16,  3.05it/s]
Epoch 1/10:  91%|█████████ | 496/546 [02:42<00:16,  3.05it/s]
Epoch 1/10:  91%|█████████ | 497/546 [02:42<00:16,  3.05it/s]
Epoch 1/10:  91%|█████████ | 498/546 [02:43<00:15,  3.05it/s]
Epoch 1/10:  91%|█████████▏| 499/546 [02:43<00:15,  3.05it/s]
Epoch 1/10:  92%|█████████▏| 500/546 [02:43<00:15,  3.05it/s]
Epoch 1/10:  92%|█████████▏| 501/546 [02:44<00:14,  3.05it/s]
Epoch 1/10:  92%|█████████▏| 502/546 [02:44<00:14,  3.06it/s]
Epoch 1/10:  92%|█████████▏| 503/546 [02:44<00:14,  3.06it/s]
Epoch 1/10:  92%|█████████▏| 504/546 [02:45<00:13,  3.06it/s]
Epoch 1/10:  92%|█████████▏| 505/546 [02:45<00:13,  3.05it/s]
Epoch 1/10:  93%|█████████▎| 506/546 [02:45<00:13,  3.05it/s]
Epoch 1/10:  93%|█████████▎| 507/546 [02:46<00:12,  3.05it/s]
Epoch 1/10:  93%|█████████▎| 508/546 [02:46<00:12,  3.05it/s]
Epoch 1/10:  93%|█████████▎| 509/546 [02:46<00:12,  3.05it/s]
Epoch 1/10:  93%|█████████▎| 510/546 [02:47<00:11,  3.05it/s]
Epoch 1/10:  94%|█████████▎| 511/546 [02:47<00:11,  3.05it/s]
Epoch 1/10:  94%|█████████▍| 512/546 [02:47<00:11,  3.05it/s]
Epoch 1/10:  94%|█████████▍| 513/546 [02:48<00:10,  3.05it/s]
Epoch 1/10:  94%|█████████▍| 514/546 [02:48<00:10,  3.05it/s]
Epoch 1/10:  94%|█████████▍| 515/546 [02:48<00:10,  3.05it/s]
Epoch 1/10:  95%|█████████▍| 516/546 [02:49<00:09,  3.05it/s]
Epoch 1/10:  95%|█████████▍| 517/546 [02:49<00:09,  3.05it/s]
Epoch 1/10:  95%|█████████▍| 518/546 [02:49<00:09,  3.05it/s]
Epoch 1/10:  95%|█████████▌| 519/546 [02:50<00:08,  3.05it/s]
Epoch 1/10:  95%|█████████▌| 520/546 [02:50<00:08,  3.05it/s]
Epoch 1/10:  95%|█████████▌| 521/546 [02:50<00:08,  3.05it/s]
Epoch 1/10:  96%|█████████▌| 522/546 [02:51<00:07,  3.05it/s]
Epoch 1/10:  96%|█████████▌| 523/546 [02:51<00:07,  3.05it/s]
Epoch 1/10:  96%|█████████▌| 524/546 [02:51<00:07,  3.05it/s]
Epoch 1/10:  96%|█████████▌| 525/546 [02:52<00:06,  3.05it/s]
Epoch 1/10:  96%|█████████▋| 526/546 [02:52<00:06,  3.05it/s]
Epoch 1/10:  97%|█████████▋| 527/546 [02:52<00:06,  3.05it/s]
Epoch 1/10:  97%|█████████▋| 528/546 [02:53<00:05,  3.05it/s]
Epoch 1/10:  97%|█████████▋| 529/546 [02:53<00:05,  3.05it/s]
Epoch 1/10:  97%|█████████▋| 530/546 [02:53<00:05,  3.05it/s]
Epoch 1/10:  97%|█████████▋| 531/546 [02:54<00:04,  3.05it/s]
Epoch 1/10:  97%|█████████▋| 532/546 [02:54<00:04,  3.05it/s]
Epoch 1/10:  98%|█████████▊| 533/546 [02:54<00:04,  3.05it/s]
Epoch 1/10:  98%|█████████▊| 534/546 [02:55<00:03,  3.05it/s]
Epoch 1/10:  98%|█████████▊| 535/546 [02:55<00:03,  3.05it/s]
Epoch 1/10:  98%|█████████▊| 536/546 [02:55<00:03,  3.06it/s]
Epoch 1/10:  98%|█████████▊| 537/546 [02:56<00:02,  3.06it/s]
Epoch 1/10:  99%|█████████▊| 538/546 [02:56<00:02,  3.06it/s]
Epoch 1/10:  99%|█████████▊| 539/546 [02:56<00:02,  3.06it/s]
Epoch 1/10:  99%|█████████▉| 540/546 [02:57<00:01,  3.06it/s]
Epoch 1/10:  99%|█████████▉| 541/546 [02:57<00:01,  3.05it/s]
Epoch 1/10:  99%|█████████▉| 542/546 [02:57<00:01,  3.05it/s]
Epoch 1/10:  99%|█████████▉| 543/546 [02:58<00:00,  3.05it/s]
Epoch 1/10: 100%|█████████▉| 544/546 [02:58<00:00,  3.05it/s]
Epoch 1/10: 100%|█████████▉| 545/546 [02:58<00:00,  3.05it/s]
Epoch 1/10: 100%|██████████| 546/546 [02:59<00:00,  3.05it/s]
Epoch 1/10: 100%|██████████| 546/546 [02:59<00:00,  3.05it/s]
/user/nirish.samant/u28445/.conda/envs/dnlp/lib/python3.10/site-packages/sklearn/metrics/_classification.py:407: UserWarning: A single label was found in 'y_true' and 'y_pred'. For the confusion matrix to have the correct shape, use the 'labels' parameter to pass all known labels.
  warnings.warn(

Epoch 2/10:   0%|          | 0/546 [00:00<?, ?it/s]
Epoch 2/10:   0%|          | 1/546 [00:00<03:11,  2.84it/s]
Epoch 2/10:   0%|          | 2/546 [00:00<03:03,  2.96it/s]
Epoch 2/10:   1%|          | 3/546 [00:01<03:00,  3.01it/s]
Epoch 2/10:   1%|          | 4/546 [00:01<02:59,  3.02it/s]
Epoch 2/10:   1%|          | 5/546 [00:01<02:58,  3.04it/s]
Epoch 2/10:   1%|          | 6/546 [00:01<02:57,  3.04it/s]
Epoch 2/10:   1%|▏         | 7/546 [00:02<02:56,  3.05it/s]
Epoch 2/10:   1%|▏         | 8/546 [00:02<02:56,  3.05it/s]
Epoch 2/10:   2%|▏         | 9/546 [00:02<02:56,  3.05it/s]
Epoch 2/10:   2%|▏         | 10/546 [00:03<02:55,  3.05it/s]
Epoch 2/10:   2%|▏         | 11/546 [00:03<02:55,  3.05it/s]
Epoch 2/10:   2%|▏         | 12/546 [00:03<02:54,  3.05it/s]
Epoch 2/10:   2%|▏         | 13/546 [00:04<02:54,  3.05it/s]
Epoch 2/10:   3%|▎         | 14/546 [00:04<02:54,  3.05it/s]
Epoch 2/10:   3%|▎         | 15/546 [00:04<02:53,  3.05it/s]
Epoch 2/10:   3%|▎         | 16/546 [00:05<02:53,  3.06it/s]
Epoch 2/10:   3%|▎         | 17/546 [00:05<02:53,  3.05it/s]
Epoch 2/10:   3%|▎         | 18/546 [00:05<02:52,  3.05it/s]
Epoch 2/10:   3%|▎         | 19/546 [00:06<02:52,  3.05it/s]
Epoch 2/10:   4%|▎         | 20/546 [00:06<02:52,  3.05it/s]
Epoch 2/10:   4%|▍         | 21/546 [00:06<02:51,  3.05it/s]
Epoch 2/10:   4%|▍         | 22/546 [00:07<02:51,  3.05it/s]
Epoch 2/10:   4%|▍         | 23/546 [00:07<02:51,  3.05it/s]
Epoch 2/10:   4%|▍         | 24/546 [00:07<02:50,  3.05it/s]
Epoch 2/10:   5%|▍         | 25/546 [00:08<02:50,  3.05it/s]
Epoch 2/10:   5%|▍         | 26/546 [00:08<02:50,  3.05it/s]
Epoch 2/10:   5%|▍         | 27/546 [00:08<02:49,  3.05it/s]
Epoch 2/10:   5%|▌         | 28/546 [00:09<02:49,  3.05it/s]
Epoch 2/10:   5%|▌         | 29/546 [00:09<02:49,  3.05it/s]
Epoch 2/10:   5%|▌         | 30/546 [00:09<02:49,  3.05it/s]
Epoch 2/10:   6%|▌         | 31/546 [00:10<02:48,  3.05it/s]
Epoch 2/10:   6%|▌         | 32/546 [00:10<02:48,  3.05it/s]
Epoch 2/10:   6%|▌         | 33/546 [00:10<02:47,  3.05it/s]
Epoch 2/10:   6%|▌         | 34/546 [00:11<02:47,  3.05it/s]
Epoch 2/10:   6%|▋         | 35/546 [00:11<02:47,  3.06it/s]
Epoch 2/10:   7%|▋         | 36/546 [00:11<02:46,  3.05it/s]
Epoch 2/10:   7%|▋         | 37/546 [00:12<02:46,  3.05it/s]
Epoch 2/10:   7%|▋         | 38/546 [00:12<02:46,  3.05it/s]
Epoch 2/10:   7%|▋         | 39/546 [00:12<02:46,  3.05it/s]
Epoch 2/10:   7%|▋         | 40/546 [00:13<02:45,  3.05it/s]
Epoch 2/10:   8%|▊         | 41/546 [00:13<02:45,  3.05it/s]
Epoch 2/10:   8%|▊         | 42/546 [00:13<02:45,  3.05it/s]
Epoch 2/10:   8%|▊         | 43/546 [00:14<02:44,  3.06it/s]
Epoch 2/10:   8%|▊         | 44/546 [00:14<02:44,  3.05it/s]
Epoch 2/10:   8%|▊         | 45/546 [00:14<02:43,  3.06it/s]
Epoch 2/10:   8%|▊         | 46/546 [00:15<02:43,  3.06it/s]
Epoch 2/10:   9%|▊         | 47/546 [00:15<02:43,  3.06it/s]
Epoch 2/10:   9%|▉         | 48/546 [00:15<02:42,  3.06it/s]
Epoch 2/10:   9%|▉         | 49/546 [00:16<02:42,  3.05it/s]
Epoch 2/10:   9%|▉         | 50/546 [00:16<02:42,  3.06it/s]
Epoch 2/10:   9%|▉         | 51/546 [00:16<02:41,  3.06it/s]
Epoch 2/10:  10%|▉         | 52/546 [00:17<02:41,  3.06it/s]
Epoch 2/10:  10%|▉         | 53/546 [00:17<02:41,  3.06it/s]
Epoch 2/10:  10%|▉         | 54/546 [00:17<02:40,  3.06it/s]
Epoch 2/10:  10%|█         | 55/546 [00:18<02:40,  3.06it/s]
Epoch 2/10:  10%|█         | 56/546 [00:18<02:40,  3.06it/s]
Epoch 2/10:  10%|█         | 57/546 [00:18<02:40,  3.06it/s]
Epoch 2/10:  11%|█         | 58/546 [00:19<02:39,  3.06it/s]
Epoch 2/10:  11%|█         | 59/546 [00:19<02:39,  3.06it/s]
Epoch 2/10:  11%|█         | 60/546 [00:19<02:39,  3.05it/s]
Epoch 2/10:  11%|█         | 61/546 [00:19<02:38,  3.05it/s]
Epoch 2/10:  11%|█▏        | 62/546 [00:20<02:38,  3.05it/s]
Epoch 2/10:  12%|█▏        | 63/546 [00:20<02:38,  3.05it/s]
Epoch 2/10:  12%|█▏        | 64/546 [00:20<02:37,  3.05it/s]
Epoch 2/10:  12%|█▏        | 65/546 [00:21<02:37,  3.05it/s]
Epoch 2/10:  12%|█▏        | 66/546 [00:21<02:37,  3.05it/s]
Epoch 2/10:  12%|█▏        | 67/546 [00:21<02:37,  3.05it/s]
Epoch 2/10:  12%|█▏        | 68/546 [00:22<02:36,  3.05it/s]
Epoch 2/10:  13%|█▎        | 69/546 [00:22<02:36,  3.05it/s]
Epoch 2/10:  13%|█▎        | 70/546 [00:22<02:35,  3.05it/s]
Epoch 2/10:  13%|█▎        | 71/546 [00:23<02:35,  3.05it/s]
Epoch 2/10:  13%|█▎        | 72/546 [00:23<02:35,  3.05it/s]
Epoch 2/10:  13%|█▎        | 73/546 [00:23<02:34,  3.05it/s]
Epoch 2/10:  14%|█▎        | 74/546 [00:24<02:34,  3.05it/s]
Epoch 2/10:  14%|█▎        | 75/546 [00:24<02:34,  3.05it/s]
Epoch 2/10:  14%|█▍        | 76/546 [00:24<02:33,  3.05it/s]
Epoch 2/10:  14%|█▍        | 77/546 [00:25<02:33,  3.05it/s]
Epoch 2/10:  14%|█▍        | 78/546 [00:25<02:33,  3.06it/s]
Epoch 2/10:  14%|█▍        | 79/546 [00:25<02:32,  3.05it/s]
Epoch 2/10:  15%|█▍        | 80/546 [00:26<02:32,  3.06it/s]
Epoch 2/10:  15%|█▍        | 81/546 [00:26<02:32,  3.06it/s]
Epoch 2/10:  15%|█▌        | 82/546 [00:26<02:31,  3.06it/s]
Epoch 2/10:  15%|█▌        | 83/546 [00:27<02:31,  3.06it/s]
Epoch 2/10:  15%|█▌        | 84/546 [00:27<02:31,  3.05it/s]
Epoch 2/10:  16%|█▌        | 85/546 [00:27<02:31,  3.05it/s]
Epoch 2/10:  16%|█▌        | 86/546 [00:28<02:30,  3.05it/s]
Epoch 2/10:  16%|█▌        | 87/546 [00:28<02:30,  3.05it/s]
Epoch 2/10:  16%|█▌        | 88/546 [00:28<02:29,  3.05it/s]
Epoch 2/10:  16%|█▋        | 89/546 [00:29<02:29,  3.06it/s]
Epoch 2/10:  16%|█▋        | 90/546 [00:29<02:29,  3.06it/s]
Epoch 2/10:  17%|█▋        | 91/546 [00:29<02:29,  3.05it/s]
Epoch 2/10:  17%|█▋        | 92/546 [00:30<02:28,  3.06it/s]
Epoch 2/10:  17%|█▋        | 93/546 [00:30<02:28,  3.06it/s]
Epoch 2/10:  17%|█▋        | 94/546 [00:30<02:27,  3.06it/s]
Epoch 2/10:  17%|█▋        | 95/546 [00:31<02:27,  3.06it/s]
Epoch 2/10:  18%|█▊        | 96/546 [00:31<02:27,  3.06it/s]
Epoch 2/10:  18%|█▊        | 97/546 [00:31<02:26,  3.05it/s]
Epoch 2/10:  18%|█▊        | 98/546 [00:32<02:26,  3.06it/s]
Epoch 2/10:  18%|█▊        | 99/546 [00:32<02:26,  3.05it/s]
Epoch 2/10:  18%|█▊        | 100/546 [00:32<02:26,  3.05it/s]
Epoch 2/10:  18%|█▊        | 101/546 [00:33<02:25,  3.05it/s]
Epoch 2/10:  19%|█▊        | 102/546 [00:33<02:25,  3.05it/s]
Epoch 2/10:  19%|█▉        | 103/546 [00:33<02:25,  3.05it/s]
Epoch 2/10:  19%|█▉        | 104/546 [00:34<02:24,  3.05it/s]
Epoch 2/10:  19%|█▉        | 105/546 [00:34<02:24,  3.05it/s]
Epoch 2/10:  19%|█▉        | 106/546 [00:34<02:24,  3.05it/s]
Epoch 2/10:  20%|█▉        | 107/546 [00:35<02:23,  3.05it/s]
Epoch 2/10:  20%|█▉        | 108/546 [00:35<02:23,  3.05it/s]
Epoch 2/10:  20%|█▉        | 109/546 [00:35<02:23,  3.05it/s]
Epoch 2/10:  20%|██        | 110/546 [00:36<02:22,  3.05it/s]
Epoch 2/10:  20%|██        | 111/546 [00:36<02:22,  3.05it/s]
Epoch 2/10:  21%|██        | 112/546 [00:36<02:22,  3.05it/s]
Epoch 2/10:  21%|██        | 113/546 [00:37<02:21,  3.06it/s]
Epoch 2/10:  21%|██        | 114/546 [00:37<02:21,  3.05it/s]
Epoch 2/10:  21%|██        | 115/546 [00:37<02:21,  3.05it/s]
Epoch 2/10:  21%|██        | 116/546 [00:38<02:20,  3.05it/s]
Epoch 2/10:  21%|██▏       | 117/546 [00:38<02:20,  3.05it/s]
Epoch 2/10:  22%|██▏       | 118/546 [00:38<02:20,  3.05it/s]
Epoch 2/10:  22%|██▏       | 119/546 [00:38<02:19,  3.05it/s]
Epoch 2/10:  22%|██▏       | 120/546 [00:39<02:19,  3.05it/s]
Epoch 2/10:  22%|██▏       | 121/546 [00:39<02:19,  3.05it/s]
Epoch 2/10:  22%|██▏       | 122/546 [00:39<02:18,  3.05it/s]
Epoch 2/10:  23%|██▎       | 123/546 [00:40<02:18,  3.05it/s]
Epoch 2/10:  23%|██▎       | 124/546 [00:40<02:18,  3.05it/s]
Epoch 2/10:  23%|██▎       | 125/546 [00:40<02:17,  3.05it/s]
Epoch 2/10:  23%|██▎       | 126/546 [00:41<02:17,  3.05it/s]
Epoch 2/10:  23%|██▎       | 127/546 [00:41<02:17,  3.05it/s]
Epoch 2/10:  23%|██▎       | 128/546 [00:41<02:16,  3.05it/s]
Epoch 2/10:  24%|██▎       | 129/546 [00:42<02:16,  3.05it/s]
Epoch 2/10:  24%|██▍       | 130/546 [00:42<02:16,  3.05it/s]
Epoch 2/10:  24%|██▍       | 131/546 [00:42<02:15,  3.05it/s]
Epoch 2/10:  24%|██▍       | 132/546 [00:43<02:15,  3.05it/s]
Epoch 2/10:  24%|██▍       | 133/546 [00:43<02:15,  3.05it/s]
Epoch 2/10:  25%|██▍       | 134/546 [00:43<02:14,  3.05it/s]
Epoch 2/10:  25%|██▍       | 135/546 [00:44<02:14,  3.05it/s]
Epoch 2/10:  25%|██▍       | 136/546 [00:44<02:14,  3.05it/s]
Epoch 2/10:  25%|██▌       | 137/546 [00:44<02:13,  3.05it/s]
Epoch 2/10:  25%|██▌       | 138/546 [00:45<02:13,  3.05it/s]
Epoch 2/10:  25%|██▌       | 139/546 [00:45<02:13,  3.05it/s]
Epoch 2/10:  26%|██▌       | 140/546 [00:45<02:12,  3.06it/s]
Epoch 2/10:  26%|██▌       | 141/546 [00:46<02:12,  3.05it/s]
Epoch 2/10:  26%|██▌       | 142/546 [00:46<02:12,  3.05it/s]
Epoch 2/10:  26%|██▌       | 143/546 [00:46<02:12,  3.05it/s]
Epoch 2/10:  26%|██▋       | 144/546 [00:47<02:11,  3.05it/s]
Epoch 2/10:  27%|██▋       | 145/546 [00:47<02:11,  3.05it/s]
Epoch 2/10:  27%|██▋       | 146/546 [00:47<02:11,  3.05it/s]
Epoch 2/10:  27%|██▋       | 147/546 [00:48<02:10,  3.05it/s]
Epoch 2/10:  27%|██▋       | 148/546 [00:48<02:10,  3.05it/s]
Epoch 2/10:  27%|██▋       | 149/546 [00:48<02:10,  3.05it/s]
Epoch 2/10:  27%|██▋       | 150/546 [00:49<02:09,  3.05it/s]
Epoch 2/10:  28%|██▊       | 151/546 [00:49<02:09,  3.05it/s]
Epoch 2/10:  28%|██▊       | 152/546 [00:49<02:09,  3.05it/s]
Epoch 2/10:  28%|██▊       | 153/546 [00:50<02:08,  3.05it/s]
Epoch 2/10:  28%|██▊       | 154/546 [00:50<02:08,  3.05it/s]
Epoch 2/10:  28%|██▊       | 155/546 [00:50<02:08,  3.05it/s]
Epoch 2/10:  29%|██▊       | 156/546 [00:51<02:07,  3.05it/s]
Epoch 2/10:  29%|██▉       | 157/546 [00:51<02:07,  3.05it/s]
Epoch 2/10:  29%|██▉       | 158/546 [00:51<02:07,  3.05it/s]
Epoch 2/10:  29%|██▉       | 159/546 [00:52<02:06,  3.05it/s]
Epoch 2/10:  29%|██▉       | 160/546 [00:52<02:06,  3.05it/s]
Epoch 2/10:  29%|██▉       | 161/546 [00:52<02:06,  3.05it/s]
Epoch 2/10:  30%|██▉       | 162/546 [00:53<02:05,  3.05it/s]
Epoch 2/10:  30%|██▉       | 163/546 [00:53<02:05,  3.05it/s]
Epoch 2/10:  30%|███       | 164/546 [00:53<02:05,  3.05it/s]
Epoch 2/10:  30%|███       | 165/546 [00:54<02:04,  3.05it/s]
Epoch 2/10:  30%|███       | 166/546 [00:54<02:04,  3.05it/s]
Epoch 2/10:  31%|███       | 167/546 [00:54<02:04,  3.06it/s]
Epoch 2/10:  31%|███       | 168/546 [00:55<02:03,  3.05it/s]
Epoch 2/10:  31%|███       | 169/546 [00:55<02:03,  3.05it/s]
Epoch 2/10:  31%|███       | 170/546 [00:55<02:03,  3.05it/s]
Epoch 2/10:  31%|███▏      | 171/546 [00:56<02:02,  3.06it/s]
Epoch 2/10:  32%|███▏      | 172/546 [00:56<02:02,  3.05it/s]
Epoch 2/10:  32%|███▏      | 173/546 [00:56<02:02,  3.05it/s]
Epoch 2/10:  32%|███▏      | 174/546 [00:57<02:01,  3.05it/s]
Epoch 2/10:  32%|███▏      | 175/546 [00:57<02:01,  3.06it/s]
Epoch 2/10:  32%|███▏      | 176/546 [00:57<02:01,  3.06it/s]
Epoch 2/10:  32%|███▏      | 177/546 [00:57<02:01,  3.03it/s]
Epoch 2/10:  33%|███▎      | 178/546 [00:58<02:01,  3.04it/s]
Epoch 2/10:  33%|███▎      | 179/546 [00:58<02:00,  3.04it/s]
Epoch 2/10:  33%|███▎      | 180/546 [00:58<02:00,  3.05it/s]
Epoch 2/10:  33%|███▎      | 181/546 [00:59<01:59,  3.05it/s]
Epoch 2/10:  33%|███▎      | 182/546 [00:59<01:59,  3.05it/s]
Epoch 2/10:  34%|███▎      | 183/546 [00:59<01:58,  3.05it/s]
Epoch 2/10:  34%|███▎      | 184/546 [01:00<01:58,  3.05it/s]
Epoch 2/10:  34%|███▍      | 185/546 [01:00<01:58,  3.05it/s]
Epoch 2/10:  34%|███▍      | 186/546 [01:00<01:58,  3.05it/s]
Epoch 2/10:  34%|███▍      | 187/546 [01:01<01:57,  3.05it/s]
Epoch 2/10:  34%|███▍      | 188/546 [01:01<01:57,  3.05it/s]
Epoch 2/10:  35%|███▍      | 189/546 [01:01<01:56,  3.05it/s]
Epoch 2/10:  35%|███▍      | 190/546 [01:02<01:56,  3.05it/s]
Epoch 2/10:  35%|███▍      | 191/546 [01:02<01:56,  3.05it/s]
Epoch 2/10:  35%|███▌      | 192/546 [01:02<01:55,  3.05it/s]
Epoch 2/10:  35%|███▌      | 193/546 [01:03<01:55,  3.05it/s]
Epoch 2/10:  36%|███▌      | 194/546 [01:03<01:55,  3.05it/s]
Epoch 2/10:  36%|███▌      | 195/546 [01:03<01:54,  3.05it/s]
Epoch 2/10:  36%|███▌      | 196/546 [01:04<01:54,  3.05it/s]
Epoch 2/10:  36%|███▌      | 197/546 [01:04<01:54,  3.05it/s]
Epoch 2/10:  36%|███▋      | 198/546 [01:04<01:53,  3.05it/s]
Epoch 2/10:  36%|███▋      | 199/546 [01:05<01:53,  3.05it/s]
Epoch 2/10:  37%|███▋      | 200/546 [01:05<01:53,  3.05it/s]
Epoch 2/10:  37%|███▋      | 201/546 [01:05<01:52,  3.05it/s]
Epoch 2/10:  37%|███▋      | 202/546 [01:06<01:52,  3.05it/s]
Epoch 2/10:  37%|███▋      | 203/546 [01:06<01:52,  3.05it/s]
Epoch 2/10:  37%|███▋      | 204/546 [01:06<01:51,  3.05it/s]
Epoch 2/10:  38%|███▊      | 205/546 [01:07<01:51,  3.05it/s]
Epoch 2/10:  38%|███▊      | 206/546 [01:07<01:51,  3.05it/s]
Epoch 2/10:  38%|███▊      | 207/546 [01:07<01:51,  3.05it/s]
Epoch 2/10:  38%|███▊      | 208/546 [01:08<01:50,  3.05it/s]
Epoch 2/10:  38%|███▊      | 209/546 [01:08<01:50,  3.05it/s]
Epoch 2/10:  38%|███▊      | 210/546 [01:08<01:49,  3.06it/s]
Epoch 2/10:  39%|███▊      | 211/546 [01:09<01:49,  3.05it/s]
Epoch 2/10:  39%|███▉      | 212/546 [01:09<01:49,  3.05it/s]
Epoch 2/10:  39%|███▉      | 213/546 [01:09<01:49,  3.05it/s]
Epoch 2/10:  39%|███▉      | 214/546 [01:10<01:48,  3.05it/s]
Epoch 2/10:  39%|███▉      | 215/546 [01:10<01:48,  3.05it/s]
Epoch 2/10:  40%|███▉      | 216/546 [01:10<01:48,  3.05it/s]
Epoch 2/10:  40%|███▉      | 217/546 [01:11<01:47,  3.05it/s]
Epoch 2/10:  40%|███▉      | 218/546 [01:11<01:47,  3.05it/s]
Epoch 2/10:  40%|████      | 219/546 [01:11<01:47,  3.05it/s]
Epoch 2/10:  40%|████      | 220/546 [01:12<01:46,  3.05it/s]
Epoch 2/10:  40%|████      | 221/546 [01:12<01:46,  3.05it/s]
Epoch 2/10:  41%|████      | 222/546 [01:12<01:46,  3.05it/s]
Epoch 2/10:  41%|████      | 223/546 [01:13<01:45,  3.05it/s]
Epoch 2/10:  41%|████      | 224/546 [01:13<01:45,  3.05it/s]
Epoch 2/10:  41%|████      | 225/546 [01:13<01:45,  3.05it/s]
Epoch 2/10:  41%|████▏     | 226/546 [01:14<01:44,  3.05it/s]
Epoch 2/10:  42%|████▏     | 227/546 [01:14<01:44,  3.05it/s]
Epoch 2/10:  42%|████▏     | 228/546 [01:14<01:44,  3.05it/s]
Epoch 2/10:  42%|████▏     | 229/546 [01:15<01:43,  3.05it/s]
Epoch 2/10:  42%|████▏     | 230/546 [01:15<01:43,  3.05it/s]
Epoch 2/10:  42%|████▏     | 231/546 [01:15<01:43,  3.05it/s]
Epoch 2/10:  42%|████▏     | 232/546 [01:16<01:42,  3.05it/s]
Epoch 2/10:  43%|████▎     | 233/546 [01:16<01:42,  3.06it/s]
Epoch 2/10:  43%|████▎     | 234/546 [01:16<01:42,  3.05it/s]
Epoch 2/10:  43%|████▎     | 235/546 [01:16<01:41,  3.05it/s]
Epoch 2/10:  43%|████▎     | 236/546 [01:17<01:41,  3.05it/s]
Epoch 2/10:  43%|████▎     | 237/546 [01:17<01:41,  3.06it/s]
Epoch 2/10:  44%|████▎     | 238/546 [01:17<01:40,  3.05it/s]
Epoch 2/10:  44%|████▍     | 239/546 [01:18<01:40,  3.05it/s]
Epoch 2/10:  44%|████▍     | 240/546 [01:18<01:40,  3.05it/s]
Epoch 2/10:  44%|████▍     | 241/546 [01:18<01:39,  3.05it/s]
Epoch 2/10:  44%|████▍     | 242/546 [01:19<01:39,  3.05it/s]
Epoch 2/10:  45%|████▍     | 243/546 [01:19<01:39,  3.05it/s]
Epoch 2/10:  45%|████▍     | 244/546 [01:19<01:38,  3.05it/s]
Epoch 2/10:  45%|████▍     | 245/546 [01:20<01:38,  3.05it/s]
Epoch 2/10:  45%|████▌     | 246/546 [01:20<01:38,  3.05it/s]
Epoch 2/10:  45%|████▌     | 247/546 [01:20<01:37,  3.05it/s]
Epoch 2/10:  45%|████▌     | 248/546 [01:21<01:37,  3.05it/s]
Epoch 2/10:  46%|████▌     | 249/546 [01:21<01:37,  3.06it/s]
Epoch 2/10:  46%|████▌     | 250/546 [01:21<01:36,  3.05it/s]
Epoch 2/10:  46%|████▌     | 251/546 [01:22<01:36,  3.05it/s]
Epoch 2/10:  46%|████▌     | 252/546 [01:22<01:36,  3.05it/s]
Epoch 2/10:  46%|████▋     | 253/546 [01:22<01:36,  3.05it/s]
Epoch 2/10:  47%|████▋     | 254/546 [01:23<01:35,  3.05it/s]
Epoch 2/10:  47%|████▋     | 255/546 [01:23<01:35,  3.05it/s]
Epoch 2/10:  47%|████▋     | 256/546 [01:23<01:35,  3.05it/s]
Epoch 2/10:  47%|████▋     | 257/546 [01:24<01:34,  3.05it/s]
Epoch 2/10:  47%|████▋     | 258/546 [01:24<01:34,  3.05it/s]
Epoch 2/10:  47%|████▋     | 259/546 [01:24<01:34,  3.05it/s]
Epoch 2/10:  48%|████▊     | 260/546 [01:25<01:33,  3.05it/s]
Epoch 2/10:  48%|████▊     | 261/546 [01:25<01:33,  3.05it/s]
Epoch 2/10:  48%|████▊     | 262/546 [01:25<01:33,  3.05it/s]
Epoch 2/10:  48%|████▊     | 263/546 [01:26<01:32,  3.05it/s]
Epoch 2/10:  48%|████▊     | 264/546 [01:26<01:32,  3.05it/s]
Epoch 2/10:  49%|████▊     | 265/546 [01:26<01:32,  3.05it/s]
Epoch 2/10:  49%|████▊     | 266/546 [01:27<01:31,  3.05it/s]
Epoch 2/10:  49%|████▉     | 267/546 [01:27<01:31,  3.05it/s]
Epoch 2/10:  49%|████▉     | 268/546 [01:27<01:31,  3.05it/s]
Epoch 2/10:  49%|████▉     | 269/546 [01:28<01:30,  3.05it/s]
Epoch 2/10:  49%|████▉     | 270/546 [01:28<01:30,  3.05it/s]
Epoch 2/10:  50%|████▉     | 271/546 [01:28<01:30,  3.05it/s]
Epoch 2/10:  50%|████▉     | 272/546 [01:29<01:29,  3.05it/s]
Epoch 2/10:  50%|█████     | 273/546 [01:29<01:29,  3.05it/s]
Epoch 2/10:  50%|█████     | 274/546 [01:29<01:29,  3.05it/s]
Epoch 2/10:  50%|█████     | 275/546 [01:30<01:28,  3.05it/s]
Epoch 2/10:  51%|█████     | 276/546 [01:30<01:28,  3.05it/s]
Epoch 2/10:  51%|█████     | 277/546 [01:30<01:28,  3.05it/s]
Epoch 2/10:  51%|█████     | 278/546 [01:31<01:27,  3.05it/s]
Epoch 2/10:  51%|█████     | 279/546 [01:31<01:27,  3.05it/s]
Epoch 2/10:  51%|█████▏    | 280/546 [01:31<01:27,  3.05it/s]
Epoch 2/10:  51%|█████▏    | 281/546 [01:32<01:26,  3.05it/s]
Epoch 2/10:  52%|█████▏    | 282/546 [01:32<01:26,  3.05it/s]
Epoch 2/10:  52%|█████▏    | 283/546 [01:32<01:26,  3.05it/s]
Epoch 2/10:  52%|█████▏    | 284/546 [01:33<01:25,  3.06it/s]
Epoch 2/10:  52%|█████▏    | 285/546 [01:33<01:25,  3.05it/s]
Epoch 2/10:  52%|█████▏    | 286/546 [01:33<01:25,  3.05it/s]
Epoch 2/10:  53%|█████▎    | 287/546 [01:34<01:24,  3.06it/s]
Epoch 2/10:  53%|█████▎    | 288/546 [01:34<01:24,  3.05it/s]
Epoch 2/10:  53%|█████▎    | 289/546 [01:34<01:24,  3.05it/s]
Epoch 2/10:  53%|█████▎    | 290/546 [01:35<01:23,  3.05it/s]
Epoch 2/10:  53%|█████▎    | 291/546 [01:35<01:23,  3.05it/s]
Epoch 2/10:  53%|█████▎    | 292/546 [01:35<01:23,  3.05it/s]
Epoch 2/10:  54%|█████▎    | 293/546 [01:35<01:22,  3.05it/s]
Epoch 2/10:  54%|█████▍    | 294/546 [01:36<01:22,  3.05it/s]
Epoch 2/10:  54%|█████▍    | 295/546 [01:36<01:22,  3.05it/s]
Epoch 2/10:  54%|█████▍    | 296/546 [01:36<01:21,  3.05it/s]
Epoch 2/10:  54%|█████▍    | 297/546 [01:37<01:21,  3.05it/s]
Epoch 2/10:  55%|█████▍    | 298/546 [01:37<01:21,  3.05it/s]
Epoch 2/10:  55%|█████▍    | 299/546 [01:37<01:20,  3.05it/s]
Epoch 2/10:  55%|█████▍    | 300/546 [01:38<01:20,  3.05it/s]
Epoch 2/10:  55%|█████▌    | 301/546 [01:38<01:20,  3.05it/s]
Epoch 2/10:  55%|█████▌    | 302/546 [01:38<01:19,  3.05it/s]
Epoch 2/10:  55%|█████▌    | 303/546 [01:39<01:19,  3.06it/s]
Epoch 2/10:  56%|█████▌    | 304/546 [01:39<01:19,  3.06it/s]
Epoch 2/10:  56%|█████▌    | 305/546 [01:39<01:18,  3.05it/s]
Epoch 2/10:  56%|█████▌    | 306/546 [01:40<01:18,  3.05it/s]
Epoch 2/10:  56%|█████▌    | 307/546 [01:40<01:18,  3.05it/s]
Epoch 2/10:  56%|█████▋    | 308/546 [01:40<01:17,  3.05it/s]
Epoch 2/10:  57%|█████▋    | 309/546 [01:41<01:17,  3.05it/s]
Epoch 2/10:  57%|█████▋    | 310/546 [01:41<01:17,  3.05it/s]
Epoch 2/10:  57%|█████▋    | 311/546 [01:41<01:16,  3.06it/s]
Epoch 2/10:  57%|█████▋    | 312/546 [01:42<01:16,  3.05it/s]
Epoch 2/10:  57%|█████▋    | 313/546 [01:42<01:16,  3.05it/s]
Epoch 2/10:  58%|█████▊    | 314/546 [01:42<01:15,  3.05it/s]
Epoch 2/10:  58%|█████▊    | 315/546 [01:43<01:15,  3.06it/s]
Epoch 2/10:  58%|█████▊    | 316/546 [01:43<01:15,  3.05it/s]
Epoch 2/10:  58%|█████▊    | 317/546 [01:43<01:14,  3.06it/s]
Epoch 2/10:  58%|█████▊    | 318/546 [01:44<01:14,  3.06it/s]
Epoch 2/10:  58%|█████▊    | 319/546 [01:44<01:14,  3.06it/s]
Epoch 2/10:  59%|█████▊    | 320/546 [01:44<01:13,  3.06it/s]
Epoch 2/10:  59%|█████▉    | 321/546 [01:45<01:13,  3.06it/s]
Epoch 2/10:  59%|█████▉    | 322/546 [01:45<01:13,  3.06it/s]
Epoch 2/10:  59%|█████▉    | 323/546 [01:45<01:12,  3.06it/s]
Epoch 2/10:  59%|█████▉    | 324/546 [01:46<01:12,  3.06it/s]
Epoch 2/10:  60%|█████▉    | 325/546 [01:46<01:12,  3.05it/s]
Epoch 2/10:  60%|█████▉    | 326/546 [01:46<01:12,  3.05it/s]
Epoch 2/10:  60%|█████▉    | 327/546 [01:47<01:11,  3.06it/s]
Epoch 2/10:  60%|██████    | 328/546 [01:47<01:11,  3.05it/s]
Epoch 2/10:  60%|██████    | 329/546 [01:47<01:11,  3.05it/s]
Epoch 2/10:  60%|██████    | 330/546 [01:48<01:10,  3.05it/s]
Epoch 2/10:  61%|██████    | 331/546 [01:48<01:10,  3.05it/s]
Epoch 2/10:  61%|██████    | 332/546 [01:48<01:10,  3.05it/s]
Epoch 2/10:  61%|██████    | 333/546 [01:49<01:09,  3.05it/s]
Epoch 2/10:  61%|██████    | 334/546 [01:49<01:09,  3.05it/s]
Epoch 2/10:  61%|██████▏   | 335/546 [01:49<01:09,  3.05it/s]
Epoch 2/10:  62%|██████▏   | 336/546 [01:50<01:08,  3.05it/s]
Epoch 2/10:  62%|██████▏   | 337/546 [01:50<01:08,  3.06it/s]
Epoch 2/10:  62%|██████▏   | 338/546 [01:50<01:08,  3.06it/s]
Epoch 2/10:  62%|██████▏   | 339/546 [01:51<01:07,  3.06it/s]
Epoch 2/10:  62%|██████▏   | 340/546 [01:51<01:07,  3.05it/s]
Epoch 2/10:  62%|██████▏   | 341/546 [01:51<01:07,  3.05it/s]
Epoch 2/10:  63%|██████▎   | 342/546 [01:52<01:06,  3.05it/s]
Epoch 2/10:  63%|██████▎   | 343/546 [01:52<01:06,  3.05it/s]
Epoch 2/10:  63%|██████▎   | 344/546 [01:52<01:06,  3.05it/s]
Epoch 2/10:  63%|██████▎   | 345/546 [01:53<01:05,  3.05it/s]
Epoch 2/10:  63%|██████▎   | 346/546 [01:53<01:05,  3.05it/s]
Epoch 2/10:  64%|██████▎   | 347/546 [01:53<01:05,  3.05it/s]
Epoch 2/10:  64%|██████▎   | 348/546 [01:53<01:04,  3.05it/s]
Epoch 2/10:  64%|██████▍   | 349/546 [01:54<01:04,  3.05it/s]
Epoch 2/10:  64%|██████▍   | 350/546 [01:54<01:04,  3.05it/s]
Epoch 2/10:  64%|██████▍   | 351/546 [01:54<01:03,  3.05it/s]
Epoch 2/10:  64%|██████▍   | 352/546 [01:55<01:03,  3.05it/s]
Epoch 2/10:  65%|██████▍   | 353/546 [01:55<01:03,  3.05it/s]
Epoch 2/10:  65%|██████▍   | 354/546 [01:55<01:02,  3.05it/s]
Epoch 2/10:  65%|██████▌   | 355/546 [01:56<01:02,  3.05it/s]
Epoch 2/10:  65%|██████▌   | 356/546 [01:56<01:02,  3.05it/s]
Epoch 2/10:  65%|██████▌   | 357/546 [01:56<01:01,  3.05it/s]
Epoch 2/10:  66%|██████▌   | 358/546 [01:57<01:01,  3.05it/s]
Epoch 2/10:  66%|██████▌   | 359/546 [01:57<01:01,  3.05it/s]
Epoch 2/10:  66%|██████▌   | 360/546 [01:57<01:00,  3.05it/s]
Epoch 2/10:  66%|██████▌   | 361/546 [01:58<01:01,  3.02it/s]
Epoch 2/10:  66%|██████▋   | 362/546 [01:58<01:00,  3.03it/s]
Epoch 2/10:  66%|██████▋   | 363/546 [01:58<01:00,  3.03it/s]
Epoch 2/10:  67%|██████▋   | 364/546 [01:59<00:59,  3.04it/s]
Epoch 2/10:  67%|██████▋   | 365/546 [01:59<00:59,  3.05it/s]
Epoch 2/10:  67%|██████▋   | 366/546 [01:59<00:59,  3.05it/s]
Epoch 2/10:  67%|██████▋   | 367/546 [02:00<00:58,  3.05it/s]
Epoch 2/10:  67%|██████▋   | 368/546 [02:00<00:58,  3.05it/s]
Epoch 2/10:  68%|██████▊   | 369/546 [02:00<00:58,  3.05it/s]
Epoch 2/10:  68%|██████▊   | 370/546 [02:01<00:57,  3.05it/s]
Epoch 2/10:  68%|██████▊   | 371/546 [02:01<00:57,  3.05it/s]
Epoch 2/10:  68%|██████▊   | 372/546 [02:01<00:57,  3.05it/s]
Epoch 2/10:  68%|██████▊   | 373/546 [02:02<00:56,  3.05it/s]
Epoch 2/10:  68%|██████▊   | 374/546 [02:02<00:56,  3.05it/s]
Epoch 2/10:  69%|██████▊   | 375/546 [02:02<00:56,  3.05it/s]
Epoch 2/10:  69%|██████▉   | 376/546 [02:03<00:55,  3.05it/s]
Epoch 2/10:  69%|██████▉   | 377/546 [02:03<00:55,  3.05it/s]
Epoch 2/10:  69%|██████▉   | 378/546 [02:03<00:55,  3.05it/s]
Epoch 2/10:  69%|██████▉   | 379/546 [02:04<00:54,  3.05it/s]
Epoch 2/10:  70%|██████▉   | 380/546 [02:04<00:54,  3.05it/s]
Epoch 2/10:  70%|██████▉   | 381/546 [02:04<00:54,  3.05it/s]
Epoch 2/10:  70%|██████▉   | 382/546 [02:05<00:53,  3.05it/s]
Epoch 2/10:  70%|███████   | 383/546 [02:05<00:53,  3.05it/s]
Epoch 2/10:  70%|███████   | 384/546 [02:05<00:53,  3.05it/s]
Epoch 2/10:  71%|███████   | 385/546 [02:06<00:52,  3.05it/s]
Epoch 2/10:  71%|███████   | 386/546 [02:06<00:52,  3.05it/s]
Epoch 2/10:  71%|███████   | 387/546 [02:06<00:52,  3.05it/s]
Epoch 2/10:  71%|███████   | 388/546 [02:07<00:51,  3.05it/s]
Epoch 2/10:  71%|███████   | 389/546 [02:07<00:51,  3.05it/s]
Epoch 2/10:  71%|███████▏  | 390/546 [02:07<00:51,  3.05it/s]
Epoch 2/10:  72%|███████▏  | 391/546 [02:08<00:50,  3.05it/s]
Epoch 2/10:  72%|███████▏  | 392/546 [02:08<00:50,  3.05it/s]
Epoch 2/10:  72%|███████▏  | 393/546 [02:08<00:50,  3.05it/s]
Epoch 2/10:  72%|███████▏  | 394/546 [02:09<00:49,  3.05it/s]
Epoch 2/10:  72%|███████▏  | 395/546 [02:09<00:49,  3.05it/s]
Epoch 2/10:  73%|███████▎  | 396/546 [02:09<00:49,  3.05it/s]
Epoch 2/10:  73%|███████▎  | 397/546 [02:10<00:48,  3.05it/s]
Epoch 2/10:  73%|███████▎  | 398/546 [02:10<00:48,  3.05it/s]
Epoch 2/10:  73%|███████▎  | 399/546 [02:10<00:48,  3.05it/s]
Epoch 2/10:  73%|███████▎  | 400/546 [02:11<00:47,  3.05it/s]
Epoch 2/10:  73%|███████▎  | 401/546 [02:11<00:47,  3.05it/s]
Epoch 2/10:  74%|███████▎  | 402/546 [02:11<00:47,  3.05it/s]
Epoch 2/10:  74%|███████▍  | 403/546 [02:12<00:46,  3.05it/s]
Epoch 2/10:  74%|███████▍  | 404/546 [02:12<00:46,  3.05it/s]
Epoch 2/10:  74%|███████▍  | 405/546 [02:12<00:46,  3.05it/s]
Epoch 2/10:  74%|███████▍  | 406/546 [02:13<00:45,  3.05it/s]
Epoch 2/10:  75%|███████▍  | 407/546 [02:13<00:45,  3.06it/s]
Epoch 2/10:  75%|███████▍  | 408/546 [02:13<00:45,  3.06it/s]
Epoch 2/10:  75%|███████▍  | 409/546 [02:13<00:44,  3.05it/s]
Epoch 2/10:  75%|███████▌  | 410/546 [02:14<00:44,  3.05it/s]
Epoch 2/10:  75%|███████▌  | 411/546 [02:14<00:44,  3.05it/s]
Epoch 2/10:  75%|███████▌  | 412/546 [02:14<00:43,  3.05it/s]
Epoch 2/10:  76%|███████▌  | 413/546 [02:15<00:43,  3.05it/s]
Epoch 2/10:  76%|███████▌  | 414/546 [02:15<00:43,  3.05it/s]
Epoch 2/10:  76%|███████▌  | 415/546 [02:15<00:42,  3.05it/s]
Epoch 2/10:  76%|███████▌  | 416/546 [02:16<00:42,  3.05it/s]
Epoch 2/10:  76%|███████▋  | 417/546 [02:16<00:42,  3.05it/s]
Epoch 2/10:  77%|███████▋  | 418/546 [02:16<00:41,  3.05it/s]
Epoch 2/10:  77%|███████▋  | 419/546 [02:17<00:41,  3.05it/s]
Epoch 2/10:  77%|███████▋  | 420/546 [02:17<00:41,  3.05it/s]
Epoch 2/10:  77%|███████▋  | 421/546 [02:17<00:40,  3.05it/s]
Epoch 2/10:  77%|███████▋  | 422/546 [02:18<00:40,  3.05it/s]
Epoch 2/10:  77%|███████▋  | 423/546 [02:18<00:40,  3.05it/s]
Epoch 2/10:  78%|███████▊  | 424/546 [02:18<00:39,  3.05it/s]
Epoch 2/10:  78%|███████▊  | 425/546 [02:19<00:39,  3.05it/s]
Epoch 2/10:  78%|███████▊  | 426/546 [02:19<00:39,  3.05it/s]
Epoch 2/10:  78%|███████▊  | 427/546 [02:19<00:38,  3.05it/s]
Epoch 2/10:  78%|███████▊  | 428/546 [02:20<00:38,  3.05it/s]
Epoch 2/10:  79%|███████▊  | 429/546 [02:20<00:38,  3.05it/s]
Epoch 2/10:  79%|███████▉  | 430/546 [02:20<00:37,  3.05it/s]
Epoch 2/10:  79%|███████▉  | 431/546 [02:21<00:37,  3.05it/s]
Epoch 2/10:  79%|███████▉  | 432/546 [02:21<00:37,  3.05it/s]
Epoch 2/10:  79%|███████▉  | 433/546 [02:21<00:37,  3.05it/s]
Epoch 2/10:  79%|███████▉  | 434/546 [02:22<00:36,  3.05it/s]
Epoch 2/10:  80%|███████▉  | 435/546 [02:22<00:36,  3.05it/s]
Epoch 2/10:  80%|███████▉  | 436/546 [02:22<00:36,  3.05it/s]
Epoch 2/10:  80%|████████  | 437/546 [02:23<00:35,  3.05it/s]
Epoch 2/10:  80%|████████  | 438/546 [02:23<00:35,  3.05it/s]
Epoch 2/10:  80%|████████  | 439/546 [02:23<00:35,  3.05it/s]
Epoch 2/10:  81%|████████  | 440/546 [02:24<00:34,  3.05it/s]
Epoch 2/10:  81%|████████  | 441/546 [02:24<00:34,  3.01it/s]
Epoch 2/10:  81%|████████  | 442/546 [02:24<00:34,  3.02it/s]
Epoch 2/10:  81%|████████  | 443/546 [02:25<00:33,  3.03it/s]
Epoch 2/10:  81%|████████▏ | 444/546 [02:25<00:33,  3.04it/s]
Epoch 2/10:  82%|████████▏ | 445/546 [02:25<00:33,  3.04it/s]
Epoch 2/10:  82%|████████▏ | 446/546 [02:26<00:32,  3.05it/s]
Epoch 2/10:  82%|████████▏ | 447/546 [02:26<00:32,  3.05it/s]
Epoch 2/10:  82%|████████▏ | 448/546 [02:26<00:32,  3.05it/s]
Epoch 2/10:  82%|████████▏ | 449/546 [02:27<00:31,  3.05it/s]
Epoch 2/10:  82%|████████▏ | 450/546 [02:27<00:31,  3.05it/s]
Epoch 2/10:  83%|████████▎ | 451/546 [02:27<00:31,  3.05it/s]
Epoch 2/10:  83%|████████▎ | 452/546 [02:28<00:30,  3.05it/s]
Epoch 2/10:  83%|████████▎ | 453/546 [02:28<00:30,  3.05it/s]
Epoch 2/10:  83%|████████▎ | 454/546 [02:28<00:30,  3.05it/s]
Epoch 2/10:  83%|████████▎ | 455/546 [02:29<00:29,  3.05it/s]
Epoch 2/10:  84%|████████▎ | 456/546 [02:29<00:29,  3.05it/s]
Epoch 2/10:  84%|████████▎ | 457/546 [02:29<00:29,  3.05it/s]
Epoch 2/10:  84%|████████▍ | 458/546 [02:30<00:28,  3.05it/s]
Epoch 2/10:  84%|████████▍ | 459/546 [02:30<00:28,  3.05it/s]
Epoch 2/10:  84%|████████▍ | 460/546 [02:30<00:28,  3.05it/s]
Epoch 2/10:  84%|████████▍ | 461/546 [02:31<00:27,  3.05it/s]
Epoch 2/10:  85%|████████▍ | 462/546 [02:31<00:27,  3.05it/s]
Epoch 2/10:  85%|████████▍ | 463/546 [02:31<00:27,  3.05it/s]
Epoch 2/10:  85%|████████▍ | 464/546 [02:32<00:26,  3.05it/s]
Epoch 2/10:  85%|████████▌ | 465/546 [02:32<00:26,  3.05it/s]
Epoch 2/10:  85%|████████▌ | 466/546 [02:32<00:26,  3.05it/s]
Epoch 2/10:  86%|████████▌ | 467/546 [02:32<00:25,  3.05it/s]
Epoch 2/10:  86%|████████▌ | 468/546 [02:33<00:25,  3.05it/s]
Epoch 2/10:  86%|████████▌ | 469/546 [02:33<00:25,  3.05it/s]
Epoch 2/10:  86%|████████▌ | 470/546 [02:33<00:24,  3.05it/s]
Epoch 2/10:  86%|████████▋ | 471/546 [02:34<00:24,  3.05it/s]
Epoch 2/10:  86%|████████▋ | 472/546 [02:34<00:24,  3.05it/s]
Epoch 2/10:  87%|████████▋ | 473/546 [02:34<00:23,  3.05it/s]
Epoch 2/10:  87%|████████▋ | 474/546 [02:35<00:23,  3.05it/s]
Epoch 2/10:  87%|████████▋ | 475/546 [02:35<00:23,  3.05it/s]
Epoch 2/10:  87%|████████▋ | 476/546 [02:35<00:22,  3.05it/s]
Epoch 2/10:  87%|████████▋ | 477/546 [02:36<00:22,  3.05it/s]
Epoch 2/10:  88%|████████▊ | 478/546 [02:36<00:22,  3.05it/s]
Epoch 2/10:  88%|████████▊ | 479/546 [02:36<00:21,  3.05it/s]
Epoch 2/10:  88%|████████▊ | 480/546 [02:37<00:21,  3.05it/s]
Epoch 2/10:  88%|████████▊ | 481/546 [02:37<00:21,  3.05it/s]
Epoch 2/10:  88%|████████▊ | 482/546 [02:37<00:20,  3.05it/s]
Epoch 2/10:  88%|████████▊ | 483/546 [02:38<00:20,  3.05it/s]
Epoch 2/10:  89%|████████▊ | 484/546 [02:38<00:20,  3.05it/s]
Epoch 2/10:  89%|████████▉ | 485/546 [02:38<00:19,  3.06it/s]
Epoch 2/10:  89%|████████▉ | 486/546 [02:39<00:19,  3.05it/s]
Epoch 2/10:  89%|████████▉ | 487/546 [02:39<00:19,  3.05it/s]
Epoch 2/10:  89%|████████▉ | 488/546 [02:39<00:18,  3.05it/s]
Epoch 2/10:  90%|████████▉ | 489/546 [02:40<00:18,  3.05it/s]
Epoch 2/10:  90%|████████▉ | 490/546 [02:40<00:18,  3.05it/s]
Epoch 2/10:  90%|████████▉ | 491/546 [02:40<00:18,  3.05it/s]
Epoch 2/10:  90%|█████████ | 492/546 [02:41<00:17,  3.05it/s]
Epoch 2/10:  90%|█████████ | 493/546 [02:41<00:17,  3.05it/s]
Epoch 2/10:  90%|█████████ | 494/546 [02:41<00:17,  3.05it/s]
Epoch 2/10:  91%|█████████ | 495/546 [02:42<00:16,  3.05it/s]
Epoch 2/10:  91%|█████████ | 496/546 [02:42<00:16,  3.05it/s]
Epoch 2/10:  91%|█████████ | 497/546 [02:42<00:16,  3.05it/s]
Epoch 2/10:  91%|█████████ | 498/546 [02:43<00:15,  3.05it/s]
Epoch 2/10:  91%|█████████▏| 499/546 [02:43<00:15,  3.05it/s]
Epoch 2/10:  92%|█████████▏| 500/546 [02:43<00:15,  3.05it/s]
Epoch 2/10:  92%|█████████▏| 501/546 [02:44<00:14,  3.05it/s]
Epoch 2/10:  92%|█████████▏| 502/546 [02:44<00:14,  3.05it/s]
Epoch 2/10:  92%|█████████▏| 503/546 [02:44<00:14,  3.05it/s]
Epoch 2/10:  92%|█████████▏| 504/546 [02:45<00:13,  3.05it/s]
Epoch 2/10:  92%|█████████▏| 505/546 [02:45<00:13,  3.05it/s]
Epoch 2/10:  93%|█████████▎| 506/546 [02:45<00:13,  3.05it/s]
Epoch 2/10:  93%|█████████▎| 507/546 [02:46<00:12,  3.05it/s]
Epoch 2/10:  93%|█████████▎| 508/546 [02:46<00:12,  3.05it/s]
Epoch 2/10:  93%|█████████▎| 509/546 [02:46<00:12,  3.05it/s]
Epoch 2/10:  93%|█████████▎| 510/546 [02:47<00:11,  3.05it/s]
Epoch 2/10:  94%|█████████▎| 511/546 [02:47<00:11,  3.05it/s]
Epoch 2/10:  94%|█████████▍| 512/546 [02:47<00:11,  3.05it/s]
Epoch 2/10:  94%|█████████▍| 513/546 [02:48<00:10,  3.05it/s]
Epoch 2/10:  94%|█████████▍| 514/546 [02:48<00:10,  3.05it/s]
Epoch 2/10:  94%|█████████▍| 515/546 [02:48<00:10,  3.05it/s]
Epoch 2/10:  95%|█████████▍| 516/546 [02:49<00:09,  3.05it/s]
Epoch 2/10:  95%|█████████▍| 517/546 [02:49<00:09,  3.05it/s]
Epoch 2/10:  95%|█████████▍| 518/546 [02:49<00:09,  3.05it/s]
Epoch 2/10:  95%|█████████▌| 519/546 [02:50<00:08,  3.05it/s]
Epoch 2/10:  95%|█████████▌| 520/546 [02:50<00:08,  3.05it/s]
Epoch 2/10:  95%|█████████▌| 521/546 [02:50<00:08,  3.05it/s]
Epoch 2/10:  96%|█████████▌| 522/546 [02:51<00:07,  3.05it/s]
Epoch 2/10:  96%|█████████▌| 523/546 [02:51<00:07,  3.05it/s]
Epoch 2/10:  96%|█████████▌| 524/546 [02:51<00:07,  3.05it/s]
Epoch 2/10:  96%|█████████▌| 525/546 [02:51<00:06,  3.05it/s]
Epoch 2/10:  96%|█████████▋| 526/546 [02:52<00:06,  3.05it/s]
Epoch 2/10:  97%|█████████▋| 527/546 [02:52<00:06,  3.05it/s]
Epoch 2/10:  97%|█████████▋| 528/546 [02:52<00:05,  3.05it/s]
Epoch 2/10:  97%|█████████▋| 529/546 [02:53<00:05,  3.05it/s]
Epoch 2/10:  97%|█████████▋| 530/546 [02:53<00:05,  3.05it/s]
Epoch 2/10:  97%|█████████▋| 531/546 [02:53<00:04,  3.05it/s]
Epoch 2/10:  97%|█████████▋| 532/546 [02:54<00:04,  3.05it/s]
Epoch 2/10:  98%|█████████▊| 533/546 [02:54<00:04,  3.05it/s]
Epoch 2/10:  98%|█████████▊| 534/546 [02:54<00:03,  3.05it/s]
Epoch 2/10:  98%|█████████▊| 535/546 [02:55<00:03,  3.05it/s]
Epoch 2/10:  98%|█████████▊| 536/546 [02:55<00:03,  3.05it/s]
Epoch 2/10:  98%|█████████▊| 537/546 [02:55<00:02,  3.05it/s]
Epoch 2/10:  99%|█████████▊| 538/546 [02:56<00:02,  3.05it/s]
Epoch 2/10:  99%|█████████▊| 539/546 [02:56<00:02,  3.05it/s]
Epoch 2/10:  99%|█████████▉| 540/546 [02:56<00:01,  3.05it/s]
Epoch 2/10:  99%|█████████▉| 541/546 [02:57<00:01,  3.05it/s]
Epoch 2/10:  99%|█████████▉| 542/546 [02:57<00:01,  3.05it/s]
Epoch 2/10:  99%|█████████▉| 543/546 [02:57<00:00,  3.05it/s]
Epoch 2/10: 100%|█████████▉| 544/546 [02:58<00:00,  3.05it/s]
Epoch 2/10: 100%|█████████▉| 545/546 [02:58<00:00,  3.03it/s]
Epoch 2/10: 100%|██████████| 546/546 [02:58<00:00,  3.04it/s]
Epoch 2/10: 100%|██████████| 546/546 [02:58<00:00,  3.05it/s]
/user/nirish.samant/u28445/.conda/envs/dnlp/lib/python3.10/site-packages/sklearn/metrics/_classification.py:407: UserWarning: A single label was found in 'y_true' and 'y_pred'. For the confusion matrix to have the correct shape, use the 'labels' parameter to pass all known labels.
  warnings.warn(

Epoch 3/10:   0%|          | 0/546 [00:00<?, ?it/s]
Epoch 3/10:   0%|          | 1/546 [00:00<03:13,  2.81it/s]
Epoch 3/10:   0%|          | 2/546 [00:00<03:04,  2.95it/s]
Epoch 3/10:   1%|          | 3/546 [00:01<03:01,  3.00it/s]
Epoch 3/10:   1%|          | 4/546 [00:01<02:59,  3.02it/s]
Epoch 3/10:   1%|          | 5/546 [00:01<02:58,  3.03it/s]
Epoch 3/10:   1%|          | 6/546 [00:01<02:57,  3.04it/s]
Epoch 3/10:   1%|▏         | 7/546 [00:02<02:57,  3.04it/s]
Epoch 3/10:   1%|▏         | 8/546 [00:02<02:56,  3.05it/s]
Epoch 3/10:   2%|▏         | 9/546 [00:02<02:56,  3.05it/s]
Epoch 3/10:   2%|▏         | 10/546 [00:03<02:55,  3.05it/s]
Epoch 3/10:   2%|▏         | 11/546 [00:03<02:55,  3.05it/s]
Epoch 3/10:   2%|▏         | 12/546 [00:03<02:54,  3.05it/s]
Epoch 3/10:   2%|▏         | 13/546 [00:04<02:54,  3.05it/s]
Epoch 3/10:   3%|▎         | 14/546 [00:04<02:54,  3.05it/s]
Epoch 3/10:   3%|▎         | 15/546 [00:04<02:53,  3.05it/s]
Epoch 3/10:   3%|▎         | 16/546 [00:05<02:53,  3.05it/s]
Epoch 3/10:   3%|▎         | 17/546 [00:05<02:53,  3.05it/s]
Epoch 3/10:   3%|▎         | 18/546 [00:05<02:52,  3.05it/s]
Epoch 3/10:   3%|▎         | 19/546 [00:06<02:52,  3.05it/s]
Epoch 3/10:   4%|▎         | 20/546 [00:06<02:52,  3.05it/s]
Epoch 3/10:   4%|▍         | 21/546 [00:06<02:51,  3.05it/s]
Epoch 3/10:   4%|▍         | 22/546 [00:07<02:51,  3.05it/s]
Epoch 3/10:   4%|▍         | 23/546 [00:07<02:51,  3.05it/s]
Epoch 3/10:   4%|▍         | 24/546 [00:07<02:50,  3.05it/s]
Epoch 3/10:   5%|▍         | 25/546 [00:08<02:50,  3.05it/s]
Epoch 3/10:   5%|▍         | 26/546 [00:08<02:50,  3.05it/s]
Epoch 3/10:   5%|▍         | 27/546 [00:08<02:50,  3.05it/s]
Epoch 3/10:   5%|▌         | 28/546 [00:09<02:49,  3.05it/s]
Epoch 3/10:   5%|▌         | 29/546 [00:09<02:49,  3.05it/s]
Epoch 3/10:   5%|▌         | 30/546 [00:09<02:49,  3.05it/s]
Epoch 3/10:   6%|▌         | 31/546 [00:10<02:48,  3.05it/s]
Epoch 3/10:   6%|▌         | 32/546 [00:10<02:48,  3.05it/s]
Epoch 3/10:   6%|▌         | 33/546 [00:10<02:48,  3.05it/s]
Epoch 3/10:   6%|▌         | 34/546 [00:11<02:47,  3.05it/s]
Epoch 3/10:   6%|▋         | 35/546 [00:11<02:47,  3.05it/s]
Epoch 3/10:   7%|▋         | 36/546 [00:11<02:47,  3.05it/s]
Epoch 3/10:   7%|▋         | 37/546 [00:12<02:46,  3.05it/s]
Epoch 3/10:   7%|▋         | 38/546 [00:12<02:46,  3.05it/s]
Epoch 3/10:   7%|▋         | 39/546 [00:12<02:45,  3.05it/s]
Epoch 3/10:   7%|▋         | 40/546 [00:13<02:45,  3.05it/s]
Epoch 3/10:   8%|▊         | 41/546 [00:13<02:45,  3.05it/s]
Epoch 3/10:   8%|▊         | 42/546 [00:13<02:45,  3.05it/s]
Epoch 3/10:   8%|▊         | 43/546 [00:14<02:44,  3.05it/s]
Epoch 3/10:   8%|▊         | 44/546 [00:14<02:44,  3.05it/s]
Epoch 3/10:   8%|▊         | 45/546 [00:14<02:44,  3.05it/s]
Epoch 3/10:   8%|▊         | 46/546 [00:15<02:43,  3.05it/s]
Epoch 3/10:   9%|▊         | 47/546 [00:15<02:43,  3.05it/s]
Epoch 3/10:   9%|▉         | 48/546 [00:15<02:43,  3.05it/s]
Epoch 3/10:   9%|▉         | 49/546 [00:16<02:42,  3.05it/s]
Epoch 3/10:   9%|▉         | 50/546 [00:16<02:42,  3.05it/s]
Epoch 3/10:   9%|▉         | 51/546 [00:16<02:42,  3.05it/s]
Epoch 3/10:  10%|▉         | 52/546 [00:17<02:41,  3.05it/s]
Epoch 3/10:  10%|▉         | 53/546 [00:17<02:41,  3.05it/s]
Epoch 3/10:  10%|▉         | 54/546 [00:17<02:41,  3.05it/s]
Epoch 3/10:  10%|█         | 55/546 [00:18<02:40,  3.05it/s]
Epoch 3/10:  10%|█         | 56/546 [00:18<02:40,  3.05it/s]
Epoch 3/10:  10%|█         | 57/546 [00:18<02:40,  3.05it/s]
Epoch 3/10:  11%|█         | 58/546 [00:19<02:39,  3.05it/s]
Epoch 3/10:  11%|█         | 59/546 [00:19<02:39,  3.06it/s]
Epoch 3/10:  11%|█         | 60/546 [00:19<02:39,  3.05it/s]
Epoch 3/10:  11%|█         | 61/546 [00:20<02:38,  3.05it/s]
Epoch 3/10:  11%|█▏        | 62/546 [00:20<02:38,  3.05it/s]
Epoch 3/10:  12%|█▏        | 63/546 [00:20<02:38,  3.05it/s]
Epoch 3/10:  12%|█▏        | 64/546 [00:20<02:37,  3.05it/s]
Epoch 3/10:  12%|█▏        | 65/546 [00:21<02:37,  3.05it/s]
Epoch 3/10:  12%|█▏        | 66/546 [00:21<02:37,  3.05it/s]
Epoch 3/10:  12%|█▏        | 67/546 [00:21<02:36,  3.05it/s]
Epoch 3/10:  12%|█▏        | 68/546 [00:22<02:36,  3.06it/s]
Epoch 3/10:  13%|█▎        | 69/546 [00:22<02:36,  3.05it/s]
Epoch 3/10:  13%|█▎        | 70/546 [00:22<02:35,  3.05it/s]
Epoch 3/10:  13%|█▎        | 71/546 [00:23<02:35,  3.06it/s]
Epoch 3/10:  13%|█▎        | 72/546 [00:23<02:35,  3.05it/s]
Epoch 3/10:  13%|█▎        | 73/546 [00:23<02:34,  3.05it/s]
Epoch 3/10:  14%|█▎        | 74/546 [00:24<02:34,  3.05it/s]
Epoch 3/10:  14%|█▎        | 75/546 [00:24<02:34,  3.05it/s]
Epoch 3/10:  14%|█▍        | 76/546 [00:24<02:33,  3.05it/s]
Epoch 3/10:  14%|█▍        | 77/546 [00:25<02:33,  3.06it/s]
Epoch 3/10:  14%|█▍        | 78/546 [00:25<02:33,  3.05it/s]
Epoch 3/10:  14%|█▍        | 79/546 [00:25<02:32,  3.05it/s]
Epoch 3/10:  15%|█▍        | 80/546 [00:26<02:32,  3.05it/s]
Epoch 3/10:  15%|█▍        | 81/546 [00:26<02:32,  3.06it/s]
Epoch 3/10:  15%|█▌        | 82/546 [00:26<02:31,  3.05it/s]
Epoch 3/10:  15%|█▌        | 83/546 [00:27<02:31,  3.05it/s]
Epoch 3/10:  15%|█▌        | 84/546 [00:27<02:31,  3.05it/s]
Epoch 3/10:  16%|█▌        | 85/546 [00:27<02:30,  3.05it/s]
Epoch 3/10:  16%|█▌        | 86/546 [00:28<02:30,  3.05it/s]
Epoch 3/10:  16%|█▌        | 87/546 [00:28<02:30,  3.05it/s]
Epoch 3/10:  16%|█▌        | 88/546 [00:28<02:29,  3.05it/s]
Epoch 3/10:  16%|█▋        | 89/546 [00:29<02:29,  3.05it/s]
Epoch 3/10:  16%|█▋        | 90/546 [00:29<02:29,  3.05it/s]
Epoch 3/10:  17%|█▋        | 91/546 [00:29<02:28,  3.05it/s]
Epoch 3/10:  17%|█▋        | 92/546 [00:30<02:28,  3.05it/s]
Epoch 3/10:  17%|█▋        | 93/546 [00:30<02:28,  3.05it/s]
Epoch 3/10:  17%|█▋        | 94/546 [00:30<02:27,  3.05it/s]
Epoch 3/10:  17%|█▋        | 95/546 [00:31<02:27,  3.06it/s]
Epoch 3/10:  18%|█▊        | 96/546 [00:31<02:27,  3.06it/s]
Epoch 3/10:  18%|█▊        | 97/546 [00:31<02:26,  3.06it/s]
Epoch 3/10:  18%|█▊        | 98/546 [00:32<02:26,  3.06it/s]
Epoch 3/10:  18%|█▊        | 99/546 [00:32<02:26,  3.06it/s]
Epoch 3/10:  18%|█▊        | 100/546 [00:32<02:26,  3.05it/s]
Epoch 3/10:  18%|█▊        | 101/546 [00:33<02:25,  3.05it/s]
Epoch 3/10:  19%|█▊        | 102/546 [00:33<02:25,  3.05it/s]
Epoch 3/10:  19%|█▉        | 103/546 [00:33<02:25,  3.05it/s]
Epoch 3/10:  19%|█▉        | 104/546 [00:34<02:24,  3.05it/s]
Epoch 3/10:  19%|█▉        | 105/546 [00:34<02:24,  3.05it/s]
Epoch 3/10:  19%|█▉        | 106/546 [00:34<02:24,  3.05it/s]
Epoch 3/10:  20%|█▉        | 107/546 [00:35<02:23,  3.05it/s]
Epoch 3/10:  20%|█▉        | 108/546 [00:35<02:23,  3.05it/s]
Epoch 3/10:  20%|█▉        | 109/546 [00:35<02:23,  3.05it/s]
Epoch 3/10:  20%|██        | 110/546 [00:36<02:22,  3.05it/s]
Epoch 3/10:  20%|██        | 111/546 [00:36<02:22,  3.05it/s]
Epoch 3/10:  21%|██        | 112/546 [00:36<02:22,  3.05it/s]
Epoch 3/10:  21%|██        | 113/546 [00:37<02:21,  3.05it/s]
Epoch 3/10:  21%|██        | 114/546 [00:37<02:21,  3.06it/s]
Epoch 3/10:  21%|██        | 115/546 [00:37<02:21,  3.05it/s]
Epoch 3/10:  21%|██        | 116/546 [00:38<02:20,  3.05it/s]
Epoch 3/10:  21%|██▏       | 117/546 [00:38<02:20,  3.05it/s]
Epoch 3/10:  22%|██▏       | 118/546 [00:38<02:20,  3.06it/s]
Epoch 3/10:  22%|██▏       | 119/546 [00:38<02:19,  3.06it/s]
Epoch 3/10:  22%|██▏       | 120/546 [00:39<02:19,  3.05it/s]
Epoch 3/10:  22%|██▏       | 121/546 [00:39<02:19,  3.05it/s]
Epoch 3/10:  22%|██▏       | 122/546 [00:39<02:18,  3.05it/s]
Epoch 3/10:  23%|██▎       | 123/546 [00:40<02:18,  3.05it/s]
Epoch 3/10:  23%|██▎       | 124/546 [00:40<02:18,  3.05it/s]
Epoch 3/10:  23%|██▎       | 125/546 [00:40<02:17,  3.06it/s]
Epoch 3/10:  23%|██▎       | 126/546 [00:41<02:17,  3.06it/s]
Epoch 3/10:  23%|██▎       | 127/546 [00:41<02:17,  3.05it/s]
Epoch 3/10:  23%|██▎       | 128/546 [00:41<02:16,  3.05it/s]
Epoch 3/10:  24%|██▎       | 129/546 [00:42<02:16,  3.05it/s]
Epoch 3/10:  24%|██▍       | 130/546 [00:42<02:16,  3.05it/s]
Epoch 3/10:  24%|██▍       | 131/546 [00:42<02:15,  3.05it/s]
Epoch 3/10:  24%|██▍       | 132/546 [00:43<02:15,  3.05it/s]
Epoch 3/10:  24%|██▍       | 133/546 [00:43<02:15,  3.05it/s]
Epoch 3/10:  25%|██▍       | 134/546 [00:43<02:14,  3.05it/s]
Epoch 3/10:  25%|██▍       | 135/546 [00:44<02:14,  3.05it/s]
Epoch 3/10:  25%|██▍       | 136/546 [00:44<02:14,  3.05it/s]
Epoch 3/10:  25%|██▌       | 137/546 [00:44<02:13,  3.06it/s]
Epoch 3/10:  25%|██▌       | 138/546 [00:45<02:13,  3.05it/s]
Epoch 3/10:  25%|██▌       | 139/546 [00:45<02:13,  3.05it/s]
Epoch 3/10:  26%|██▌       | 140/546 [00:45<02:12,  3.05it/s]
Epoch 3/10:  26%|██▌       | 141/546 [00:46<02:12,  3.05it/s]
Epoch 3/10:  26%|██▌       | 142/546 [00:46<02:12,  3.05it/s]
Epoch 3/10:  26%|██▌       | 143/546 [00:46<02:11,  3.05it/s]
Epoch 3/10:  26%|██▋       | 144/546 [00:47<02:11,  3.05it/s]
Epoch 3/10:  27%|██▋       | 145/546 [00:47<02:11,  3.05it/s]
Epoch 3/10:  27%|██▋       | 146/546 [00:47<02:10,  3.06it/s]
Epoch 3/10:  27%|██▋       | 147/546 [00:48<02:10,  3.05it/s]
Epoch 3/10:  27%|██▋       | 148/546 [00:48<02:10,  3.05it/s]
Epoch 3/10:  27%|██▋       | 149/546 [00:48<02:09,  3.06it/s]
Epoch 3/10:  27%|██▋       | 150/546 [00:49<02:09,  3.06it/s]
Epoch 3/10:  28%|██▊       | 151/546 [00:49<02:09,  3.05it/s]
Epoch 3/10:  28%|██▊       | 152/546 [00:49<02:08,  3.05it/s]
Epoch 3/10:  28%|██▊       | 153/546 [00:50<02:08,  3.06it/s]
Epoch 3/10:  28%|██▊       | 154/546 [00:50<02:08,  3.06it/s]
Epoch 3/10:  28%|██▊       | 155/546 [00:50<02:07,  3.06it/s]
Epoch 3/10:  29%|██▊       | 156/546 [00:51<02:07,  3.05it/s]
Epoch 3/10:  29%|██▉       | 157/546 [00:51<02:07,  3.06it/s]
Epoch 3/10:  29%|██▉       | 158/546 [00:51<02:06,  3.06it/s]
Epoch 3/10:  29%|██▉       | 159/546 [00:52<02:06,  3.06it/s]
Epoch 3/10:  29%|██▉       | 160/546 [00:52<02:06,  3.06it/s]
Epoch 3/10:  29%|██▉       | 161/546 [00:52<02:05,  3.06it/s]
Epoch 3/10:  30%|██▉       | 162/546 [00:53<02:05,  3.06it/s]
Epoch 3/10:  30%|██▉       | 163/546 [00:53<02:05,  3.05it/s]
Epoch 3/10:  30%|███       | 164/546 [00:53<02:05,  3.05it/s]
Epoch 3/10:  30%|███       | 165/546 [00:54<02:04,  3.05it/s]
Epoch 3/10:  30%|███       | 166/546 [00:54<02:04,  3.05it/s]
Epoch 3/10:  31%|███       | 167/546 [00:54<02:04,  3.05it/s]
Epoch 3/10:  31%|███       | 168/546 [00:55<02:03,  3.05it/s]
Epoch 3/10:  31%|███       | 169/546 [00:55<02:03,  3.05it/s]
Epoch 3/10:  31%|███       | 170/546 [00:55<02:03,  3.05it/s]
Epoch 3/10:  31%|███▏      | 171/546 [00:56<02:02,  3.05it/s]
Epoch 3/10:  32%|███▏      | 172/546 [00:56<02:02,  3.05it/s]
Epoch 3/10:  32%|███▏      | 173/546 [00:56<02:02,  3.05it/s]
Epoch 3/10:  32%|███▏      | 174/546 [00:57<02:01,  3.05it/s]
Epoch 3/10:  32%|███▏      | 175/546 [00:57<02:01,  3.05it/s]
Epoch 3/10:  32%|███▏      | 176/546 [00:57<02:01,  3.05it/s]
Epoch 3/10:  32%|███▏      | 177/546 [00:57<02:00,  3.05it/s]
Epoch 3/10:  33%|███▎      | 178/546 [00:58<02:00,  3.05it/s]
Epoch 3/10:  33%|███▎      | 179/546 [00:58<02:00,  3.05it/s]
Epoch 3/10:  33%|███▎      | 180/546 [00:58<01:59,  3.05it/s]
Epoch 3/10:  33%|███▎      | 181/546 [00:59<01:59,  3.05it/s]
Epoch 3/10:  33%|███▎      | 182/546 [00:59<01:59,  3.05it/s]
Epoch 3/10:  34%|███▎      | 183/546 [00:59<01:58,  3.05it/s]
Epoch 3/10:  34%|███▎      | 184/546 [01:00<01:58,  3.05it/s]
Epoch 3/10:  34%|███▍      | 185/546 [01:00<01:59,  3.03it/s]
Epoch 3/10:  34%|███▍      | 186/546 [01:00<01:58,  3.04it/s]
Epoch 3/10:  34%|███▍      | 187/546 [01:01<01:58,  3.04it/s]
Epoch 3/10:  34%|███▍      | 188/546 [01:01<01:57,  3.04it/s]
Epoch 3/10:  35%|███▍      | 189/546 [01:01<01:57,  3.05it/s]
Epoch 3/10:  35%|███▍      | 190/546 [01:02<01:56,  3.05it/s]
Epoch 3/10:  35%|███▍      | 191/546 [01:02<01:56,  3.05it/s]
Epoch 3/10:  35%|███▌      | 192/546 [01:02<01:55,  3.05it/s]
Epoch 3/10:  35%|███▌      | 193/546 [01:03<01:55,  3.05it/s]
Epoch 3/10:  36%|███▌      | 194/546 [01:03<01:55,  3.05it/s]
Epoch 3/10:  36%|███▌      | 195/546 [01:03<01:54,  3.05it/s]
Epoch 3/10:  36%|███▌      | 196/546 [01:04<01:54,  3.05it/s]
Epoch 3/10:  36%|███▌      | 197/546 [01:04<01:54,  3.05it/s]
Epoch 3/10:  36%|███▋      | 198/546 [01:04<01:53,  3.05it/s]
Epoch 3/10:  36%|███▋      | 199/546 [01:05<01:53,  3.05it/s]
Epoch 3/10:  37%|███▋      | 200/546 [01:05<01:53,  3.05it/s]
Epoch 3/10:  37%|███▋      | 201/546 [01:05<01:52,  3.05it/s]
Epoch 3/10:  37%|███▋      | 202/546 [01:06<01:52,  3.05it/s]
Epoch 3/10:  37%|███▋      | 203/546 [01:06<01:52,  3.05it/s]
Epoch 3/10:  37%|███▋      | 204/546 [01:06<01:51,  3.05it/s]
Epoch 3/10:  38%|███▊      | 205/546 [01:07<01:51,  3.05it/s]
Epoch 3/10:  38%|███▊      | 206/546 [01:07<01:51,  3.05it/s]
Epoch 3/10:  38%|███▊      | 207/546 [01:07<01:51,  3.05it/s]
Epoch 3/10:  38%|███▊      | 208/546 [01:08<01:50,  3.05it/s]
Epoch 3/10:  38%|███▊      | 209/546 [01:08<01:50,  3.05it/s]
Epoch 3/10:  38%|███▊      | 210/546 [01:08<01:50,  3.05it/s]
Epoch 3/10:  39%|███▊      | 211/546 [01:09<01:49,  3.05it/s]
Epoch 3/10:  39%|███▉      | 212/546 [01:09<01:49,  3.05it/s]
Epoch 3/10:  39%|███▉      | 213/546 [01:09<01:49,  3.05it/s]
Epoch 3/10:  39%|███▉      | 214/546 [01:10<01:48,  3.05it/s]
Epoch 3/10:  39%|███▉      | 215/546 [01:10<01:48,  3.05it/s]
Epoch 3/10:  40%|███▉      | 216/546 [01:10<01:48,  3.05it/s]
Epoch 3/10:  40%|███▉      | 217/546 [01:11<01:47,  3.05it/s]
Epoch 3/10:  40%|███▉      | 218/546 [01:11<01:47,  3.05it/s]
Epoch 3/10:  40%|████      | 219/546 [01:11<01:47,  3.05it/s]
Epoch 3/10:  40%|████      | 220/546 [01:12<01:46,  3.05it/s]
Epoch 3/10:  40%|████      | 221/546 [01:12<01:46,  3.05it/s]
Epoch 3/10:  41%|████      | 222/546 [01:12<01:46,  3.05it/s]
Epoch 3/10:  41%|████      | 223/546 [01:13<01:45,  3.05it/s]
Epoch 3/10:  41%|████      | 224/546 [01:13<01:45,  3.05it/s]
Epoch 3/10:  41%|████      | 225/546 [01:13<01:45,  3.05it/s]
Epoch 3/10:  41%|████▏     | 226/546 [01:14<01:44,  3.06it/s]
Epoch 3/10:  42%|████▏     | 227/546 [01:14<01:44,  3.06it/s]
Epoch 3/10:  42%|████▏     | 228/546 [01:14<01:44,  3.05it/s]
Epoch 3/10:  42%|████▏     | 229/546 [01:15<01:43,  3.05it/s]
Epoch 3/10:  42%|████▏     | 230/546 [01:15<01:43,  3.05it/s]
Epoch 3/10:  42%|████▏     | 231/546 [01:15<01:43,  3.05it/s]
Epoch 3/10:  42%|████▏     | 232/546 [01:16<01:42,  3.05it/s]
Epoch 3/10:  43%|████▎     | 233/546 [01:16<01:42,  3.05it/s]
Epoch 3/10:  43%|████▎     | 234/546 [01:16<01:42,  3.05it/s]
Epoch 3/10:  43%|████▎     | 235/546 [01:16<01:41,  3.05it/s]
Epoch 3/10:  43%|████▎     | 236/546 [01:17<01:41,  3.05it/s]
Epoch 3/10:  43%|████▎     | 237/546 [01:17<01:41,  3.05it/s]
Epoch 3/10:  44%|████▎     | 238/546 [01:17<01:40,  3.05it/s]
Epoch 3/10:  44%|████▍     | 239/546 [01:18<01:40,  3.05it/s]
Epoch 3/10:  44%|████▍     | 240/546 [01:18<01:40,  3.05it/s]
Epoch 3/10:  44%|████▍     | 241/546 [01:18<01:39,  3.05it/s]
Epoch 3/10:  44%|████▍     | 242/546 [01:19<01:39,  3.05it/s]
Epoch 3/10:  45%|████▍     | 243/546 [01:19<01:39,  3.05it/s]
Epoch 3/10:  45%|████▍     | 244/546 [01:19<01:38,  3.05it/s]
Epoch 3/10:  45%|████▍     | 245/546 [01:20<01:38,  3.05it/s]
Epoch 3/10:  45%|████▌     | 246/546 [01:20<01:38,  3.05it/s]
Epoch 3/10:  45%|████▌     | 247/546 [01:20<01:37,  3.05it/s]
Epoch 3/10:  45%|████▌     | 248/546 [01:21<01:37,  3.05it/s]
Epoch 3/10:  46%|████▌     | 249/546 [01:21<01:37,  3.05it/s]
Epoch 3/10:  46%|████▌     | 250/546 [01:21<01:36,  3.05it/s]
Epoch 3/10:  46%|████▌     | 251/546 [01:22<01:36,  3.05it/s]
Epoch 3/10:  46%|████▌     | 252/546 [01:22<01:36,  3.05it/s]
Epoch 3/10:  46%|████▋     | 253/546 [01:22<01:36,  3.05it/s]
Epoch 3/10:  47%|████▋     | 254/546 [01:23<01:35,  3.05it/s]
Epoch 3/10:  47%|████▋     | 255/546 [01:23<01:35,  3.05it/s]
Epoch 3/10:  47%|████▋     | 256/546 [01:23<01:35,  3.05it/s]
Epoch 3/10:  47%|████▋     | 257/546 [01:24<01:34,  3.05it/s]
Epoch 3/10:  47%|████▋     | 258/546 [01:24<01:34,  3.05it/s]
Epoch 3/10:  47%|████▋     | 259/546 [01:24<01:34,  3.05it/s]
Epoch 3/10:  48%|████▊     | 260/546 [01:25<01:33,  3.05it/s]
Epoch 3/10:  48%|████▊     | 261/546 [01:25<01:33,  3.05it/s]
Epoch 3/10:  48%|████▊     | 262/546 [01:25<01:33,  3.05it/s]
Epoch 3/10:  48%|████▊     | 263/546 [01:26<01:32,  3.05it/s]
Epoch 3/10:  48%|████▊     | 264/546 [01:26<01:32,  3.05it/s]
Epoch 3/10:  49%|████▊     | 265/546 [01:26<01:32,  3.05it/s]
Epoch 3/10:  49%|████▊     | 266/546 [01:27<01:31,  3.05it/s]
Epoch 3/10:  49%|████▉     | 267/546 [01:27<01:31,  3.05it/s]
Epoch 3/10:  49%|████▉     | 268/546 [01:27<01:31,  3.05it/s]
Epoch 3/10:  49%|████▉     | 269/546 [01:28<01:30,  3.05it/s]
Epoch 3/10:  49%|████▉     | 270/546 [01:28<01:30,  3.05it/s]
Epoch 3/10:  50%|████▉     | 271/546 [01:28<01:30,  3.05it/s]
Epoch 3/10:  50%|████▉     | 272/546 [01:29<01:29,  3.05it/s]
Epoch 3/10:  50%|█████     | 273/546 [01:29<01:29,  3.05it/s]
Epoch 3/10:  50%|█████     | 274/546 [01:29<01:29,  3.05it/s]
Epoch 3/10:  50%|█████     | 275/546 [01:30<01:28,  3.05it/s]
Epoch 3/10:  51%|█████     | 276/546 [01:30<01:28,  3.05it/s]
Epoch 3/10:  51%|█████     | 277/546 [01:30<01:28,  3.05it/s]
Epoch 3/10:  51%|█████     | 278/546 [01:31<01:27,  3.05it/s]
Epoch 3/10:  51%|█████     | 279/546 [01:31<01:27,  3.05it/s]
Epoch 3/10:  51%|█████▏    | 280/546 [01:31<01:27,  3.05it/s]
Epoch 3/10:  51%|█████▏    | 281/546 [01:32<01:26,  3.05it/s]
Epoch 3/10:  52%|█████▏    | 282/546 [01:32<01:26,  3.05it/s]
Epoch 3/10:  52%|█████▏    | 283/546 [01:32<01:26,  3.05it/s]
Epoch 3/10:  52%|█████▏    | 284/546 [01:33<01:25,  3.05it/s]
Epoch 3/10:  52%|█████▏    | 285/546 [01:33<01:25,  3.05it/s]
Epoch 3/10:  52%|█████▏    | 286/546 [01:33<01:25,  3.05it/s]
Epoch 3/10:  53%|█████▎    | 287/546 [01:34<01:24,  3.05it/s]
Epoch 3/10:  53%|█████▎    | 288/546 [01:34<01:24,  3.05it/s]
Epoch 3/10:  53%|█████▎    | 289/546 [01:34<01:24,  3.05it/s]
Epoch 3/10:  53%|█████▎    | 290/546 [01:35<01:23,  3.05it/s]
Epoch 3/10:  53%|█████▎    | 291/546 [01:35<01:23,  3.05it/s]
Epoch 3/10:  53%|█████▎    | 292/546 [01:35<01:23,  3.05it/s]
Epoch 3/10:  54%|█████▎    | 293/546 [01:35<01:22,  3.06it/s]
Epoch 3/10:  54%|█████▍    | 294/546 [01:36<01:22,  3.06it/s]
Epoch 3/10:  54%|█████▍    | 295/546 [01:36<01:22,  3.06it/s]
Epoch 3/10:  54%|█████▍    | 296/546 [01:36<01:21,  3.06it/s]
Epoch 3/10:  54%|█████▍    | 297/546 [01:37<01:21,  3.06it/s]
Epoch 3/10:  55%|█████▍    | 298/546 [01:37<01:21,  3.06it/s]
Epoch 3/10:  55%|█████▍    | 299/546 [01:37<01:20,  3.06it/s]
Epoch 3/10:  55%|█████▍    | 300/546 [01:38<01:20,  3.06it/s]
Epoch 3/10:  55%|█████▌    | 301/546 [01:38<01:20,  3.05it/s]
Epoch 3/10:  55%|█████▌    | 302/546 [01:38<01:19,  3.05it/s]
Epoch 3/10:  55%|█████▌    | 303/546 [01:39<01:19,  3.05it/s]
Epoch 3/10:  56%|█████▌    | 304/546 [01:39<01:19,  3.05it/s]
Epoch 3/10:  56%|█████▌    | 305/546 [01:39<01:18,  3.05it/s]
Epoch 3/10:  56%|█████▌    | 306/546 [01:40<01:18,  3.05it/s]
Epoch 3/10:  56%|█████▌    | 307/546 [01:40<01:18,  3.05it/s]
Epoch 3/10:  56%|█████▋    | 308/546 [01:40<01:17,  3.05it/s]
Epoch 3/10:  57%|█████▋    | 309/546 [01:41<01:17,  3.06it/s]
Epoch 3/10:  57%|█████▋    | 310/546 [01:41<01:17,  3.05it/s]
Epoch 3/10:  57%|█████▋    | 311/546 [01:41<01:16,  3.05it/s]
Epoch 3/10:  57%|█████▋    | 312/546 [01:42<01:16,  3.05it/s]
Epoch 3/10:  57%|█████▋    | 313/546 [01:42<01:16,  3.05it/s]
Epoch 3/10:  58%|█████▊    | 314/546 [01:42<01:15,  3.05it/s]
Epoch 3/10:  58%|█████▊    | 315/546 [01:43<01:15,  3.05it/s]
Epoch 3/10:  58%|█████▊    | 316/546 [01:43<01:15,  3.05it/s]
Epoch 3/10:  58%|█████▊    | 317/546 [01:43<01:14,  3.05it/s]
Epoch 3/10:  58%|█████▊    | 318/546 [01:44<01:14,  3.05it/s]
Epoch 3/10:  58%|█████▊    | 319/546 [01:44<01:14,  3.05it/s]
Epoch 3/10:  59%|█████▊    | 320/546 [01:44<01:14,  3.05it/s]
Epoch 3/10:  59%|█████▉    | 321/546 [01:45<01:13,  3.05it/s]
Epoch 3/10:  59%|█████▉    | 322/546 [01:45<01:13,  3.05it/s]
Epoch 3/10:  59%|█████▉    | 323/546 [01:45<01:13,  3.05it/s]
Epoch 3/10:  59%|█████▉    | 324/546 [01:46<01:12,  3.05it/s]
Epoch 3/10:  60%|█████▉    | 325/546 [01:46<01:12,  3.05it/s]
Epoch 3/10:  60%|█████▉    | 326/546 [01:46<01:12,  3.05it/s]
Epoch 3/10:  60%|█████▉    | 327/546 [01:47<01:11,  3.05it/s]
Epoch 3/10:  60%|██████    | 328/546 [01:47<01:11,  3.06it/s]
Epoch 3/10:  60%|██████    | 329/546 [01:47<01:11,  3.06it/s]
Epoch 3/10:  60%|██████    | 330/546 [01:48<01:10,  3.05it/s]
Epoch 3/10:  61%|██████    | 331/546 [01:48<01:10,  3.05it/s]
Epoch 3/10:  61%|██████    | 332/546 [01:48<01:10,  3.05it/s]
Epoch 3/10:  61%|██████    | 333/546 [01:49<01:09,  3.05it/s]
Epoch 3/10:  61%|██████    | 334/546 [01:49<01:09,  3.05it/s]
Epoch 3/10:  61%|██████▏   | 335/546 [01:49<01:09,  3.05it/s]
Epoch 3/10:  62%|██████▏   | 336/546 [01:50<01:08,  3.05it/s]
Epoch 3/10:  62%|██████▏   | 337/546 [01:50<01:08,  3.05it/s]
Epoch 3/10:  62%|██████▏   | 338/546 [01:50<01:08,  3.05it/s]
Epoch 3/10:  62%|██████▏   | 339/546 [01:51<01:07,  3.05it/s]
Epoch 3/10:  62%|██████▏   | 340/546 [01:51<01:07,  3.05it/s]
Epoch 3/10:  62%|██████▏   | 341/546 [01:51<01:07,  3.05it/s]
Epoch 3/10:  63%|██████▎   | 342/546 [01:52<01:06,  3.05it/s]
Epoch 3/10:  63%|██████▎   | 343/546 [01:52<01:06,  3.05it/s]
Epoch 3/10:  63%|██████▎   | 344/546 [01:52<01:06,  3.05it/s]
Epoch 3/10:  63%|██████▎   | 345/546 [01:53<01:05,  3.05it/s]
Epoch 3/10:  63%|██████▎   | 346/546 [01:53<01:05,  3.05it/s]
Epoch 3/10:  64%|██████▎   | 347/546 [01:53<01:05,  3.05it/s]
Epoch 3/10:  64%|██████▎   | 348/546 [01:53<01:04,  3.05it/s]
Epoch 3/10:  64%|██████▍   | 349/546 [01:54<01:04,  3.05it/s]
Epoch 3/10:  64%|██████▍   | 350/546 [01:54<01:04,  3.05it/s]
Epoch 3/10:  64%|██████▍   | 351/546 [01:54<01:03,  3.05it/s]
Epoch 3/10:  64%|██████▍   | 352/546 [01:55<01:03,  3.05it/s]
Epoch 3/10:  65%|██████▍   | 353/546 [01:55<01:03,  3.05it/s]
Epoch 3/10:  65%|██████▍   | 354/546 [01:55<01:02,  3.05it/s]
Epoch 3/10:  65%|██████▌   | 355/546 [01:56<01:02,  3.05it/s]
Epoch 3/10:  65%|██████▌   | 356/546 [01:56<01:02,  3.05it/s]
Epoch 3/10:  65%|██████▌   | 357/546 [01:56<01:01,  3.05it/s]
Epoch 3/10:  66%|██████▌   | 358/546 [01:57<01:01,  3.05it/s]
Epoch 3/10:  66%|██████▌   | 359/546 [01:57<01:01,  3.05it/s]
Epoch 3/10:  66%|██████▌   | 360/546 [01:57<01:00,  3.05it/s]
Epoch 3/10:  66%|██████▌   | 361/546 [01:58<01:00,  3.05it/s]
Epoch 3/10:  66%|██████▋   | 362/546 [01:58<01:00,  3.05it/s]
Epoch 3/10:  66%|██████▋   | 363/546 [01:58<00:59,  3.06it/s]
Epoch 3/10:  67%|██████▋   | 364/546 [01:59<00:59,  3.05it/s]
Epoch 3/10:  67%|██████▋   | 365/546 [01:59<00:59,  3.05it/s]
Epoch 3/10:  67%|██████▋   | 366/546 [01:59<00:58,  3.05it/s]
Epoch 3/10:  67%|██████▋   | 367/546 [02:00<00:58,  3.05it/s]
Epoch 3/10:  67%|██████▋   | 368/546 [02:00<00:58,  3.05it/s]
Epoch 3/10:  68%|██████▊   | 369/546 [02:00<00:58,  3.02it/s]
Epoch 3/10:  68%|██████▊   | 370/546 [02:01<00:58,  3.03it/s]
Epoch 3/10:  68%|██████▊   | 371/546 [02:01<00:57,  3.04it/s]
Epoch 3/10:  68%|██████▊   | 372/546 [02:01<00:57,  3.04it/s]
Epoch 3/10:  68%|██████▊   | 373/546 [02:02<00:56,  3.05it/s]
Epoch 3/10:  68%|██████▊   | 374/546 [02:02<00:56,  3.05it/s]
Epoch 3/10:  69%|██████▊   | 375/546 [02:02<00:56,  3.05it/s]
Epoch 3/10:  69%|██████▉   | 376/546 [02:03<00:55,  3.05it/s]
Epoch 3/10:  69%|██████▉   | 377/546 [02:03<00:55,  3.05it/s]
Epoch 3/10:  69%|██████▉   | 378/546 [02:03<00:55,  3.05it/s]
Epoch 3/10:  69%|██████▉   | 379/546 [02:04<00:54,  3.05it/s]
Epoch 3/10:  70%|██████▉   | 380/546 [02:04<00:54,  3.05it/s]
Epoch 3/10:  70%|██████▉   | 381/546 [02:04<00:54,  3.05it/s]
Epoch 3/10:  70%|██████▉   | 382/546 [02:05<00:53,  3.05it/s]
Epoch 3/10:  70%|███████   | 383/546 [02:05<00:53,  3.05it/s]
Epoch 3/10:  70%|███████   | 384/546 [02:05<00:53,  3.05it/s]
Epoch 3/10:  71%|███████   | 385/546 [02:06<00:52,  3.05it/s]
Epoch 3/10:  71%|███████   | 386/546 [02:06<00:52,  3.06it/s]
Epoch 3/10:  71%|███████   | 387/546 [02:06<00:52,  3.05it/s]
Epoch 3/10:  71%|███████   | 388/546 [02:07<00:51,  3.05it/s]
Epoch 3/10:  71%|███████   | 389/546 [02:07<00:51,  3.05it/s]
Epoch 3/10:  71%|███████▏  | 390/546 [02:07<00:51,  3.05it/s]
Epoch 3/10:  72%|███████▏  | 391/546 [02:08<00:50,  3.05it/s]
Epoch 3/10:  72%|███████▏  | 392/546 [02:08<00:50,  3.05it/s]
Epoch 3/10:  72%|███████▏  | 393/546 [02:08<00:50,  3.05it/s]
Epoch 3/10:  72%|███████▏  | 394/546 [02:09<00:49,  3.05it/s]
Epoch 3/10:  72%|███████▏  | 395/546 [02:09<00:49,  3.05it/s]
Epoch 3/10:  73%|███████▎  | 396/546 [02:09<00:49,  3.05it/s]
Epoch 3/10:  73%|███████▎  | 397/546 [02:10<00:48,  3.05it/s]
Epoch 3/10:  73%|███████▎  | 398/546 [02:10<00:48,  3.05it/s]
Epoch 3/10:  73%|███████▎  | 399/546 [02:10<00:48,  3.05it/s]
Epoch 3/10:  73%|███████▎  | 400/546 [02:11<00:47,  3.05it/s]
Epoch 3/10:  73%|███████▎  | 401/546 [02:11<00:47,  3.05it/s]
Epoch 3/10:  74%|███████▎  | 402/546 [02:11<00:47,  3.05it/s]
Epoch 3/10:  74%|███████▍  | 403/546 [02:12<00:46,  3.05it/s]
Epoch 3/10:  74%|███████▍  | 404/546 [02:12<00:46,  3.06it/s]
Epoch 3/10:  74%|███████▍  | 405/546 [02:12<00:46,  3.06it/s]
Epoch 3/10:  74%|███████▍  | 406/546 [02:13<00:45,  3.06it/s]
Epoch 3/10:  75%|███████▍  | 407/546 [02:13<00:45,  3.05it/s]
Epoch 3/10:  75%|███████▍  | 408/546 [02:13<00:45,  3.06it/s]
Epoch 3/10:  75%|███████▍  | 409/546 [02:13<00:44,  3.06it/s]
Epoch 3/10:  75%|███████▌  | 410/546 [02:14<00:44,  3.06it/s]
Epoch 3/10:  75%|███████▌  | 411/546 [02:14<00:44,  3.06it/s]
Epoch 3/10:  75%|███████▌  | 412/546 [02:14<00:43,  3.06it/s]
Epoch 3/10:  76%|███████▌  | 413/546 [02:15<00:43,  3.06it/s]
Epoch 3/10:  76%|███████▌  | 414/546 [02:15<00:43,  3.06it/s]
Epoch 3/10:  76%|███████▌  | 415/546 [02:15<00:42,  3.06it/s]
Epoch 3/10:  76%|███████▌  | 416/546 [02:16<00:42,  3.06it/s]
Epoch 3/10:  76%|███████▋  | 417/546 [02:16<00:42,  3.06it/s]
Epoch 3/10:  77%|███████▋  | 418/546 [02:16<00:41,  3.06it/s]
Epoch 3/10:  77%|███████▋  | 419/546 [02:17<00:41,  3.06it/s]
Epoch 3/10:  77%|███████▋  | 420/546 [02:17<00:41,  3.06it/s]
Epoch 3/10:  77%|███████▋  | 421/546 [02:17<00:40,  3.06it/s]
Epoch 3/10:  77%|███████▋  | 422/546 [02:18<00:40,  3.06it/s]
Epoch 3/10:  77%|███████▋  | 423/546 [02:18<00:40,  3.05it/s]
Epoch 3/10:  78%|███████▊  | 424/546 [02:18<00:39,  3.06it/s]
Epoch 3/10:  78%|███████▊  | 425/546 [02:19<00:39,  3.06it/s]
Epoch 3/10:  78%|███████▊  | 426/546 [02:19<00:39,  3.05it/s]
Epoch 3/10:  78%|███████▊  | 427/546 [02:19<00:38,  3.05it/s]
Epoch 3/10:  78%|███████▊  | 428/546 [02:20<00:38,  3.05it/s]
Epoch 3/10:  79%|███████▊  | 429/546 [02:20<00:38,  3.06it/s]
Epoch 3/10:  79%|███████▉  | 430/546 [02:20<00:37,  3.05it/s]
Epoch 3/10:  79%|███████▉  | 431/546 [02:21<00:37,  3.05it/s]
Epoch 3/10:  79%|███████▉  | 432/546 [02:21<00:37,  3.06it/s]
Epoch 3/10:  79%|███████▉  | 433/546 [02:21<00:36,  3.06it/s]
Epoch 3/10:  79%|███████▉  | 434/546 [02:22<00:36,  3.06it/s]
Epoch 3/10:  80%|███████▉  | 435/546 [02:22<00:36,  3.05it/s]
Epoch 3/10:  80%|███████▉  | 436/546 [02:22<00:36,  3.05it/s]
Epoch 3/10:  80%|████████  | 437/546 [02:23<00:35,  3.05it/s]
Epoch 3/10:  80%|████████  | 438/546 [02:23<00:35,  3.05it/s]
Epoch 3/10:  80%|████████  | 439/546 [02:23<00:35,  3.05it/s]
Epoch 3/10:  81%|████████  | 440/546 [02:24<00:34,  3.05it/s]
Epoch 3/10:  81%|████████  | 441/546 [02:24<00:34,  3.06it/s]
Epoch 3/10:  81%|████████  | 442/546 [02:24<00:34,  3.06it/s]
Epoch 3/10:  81%|████████  | 443/546 [02:25<00:33,  3.05it/s]
Epoch 3/10:  81%|████████▏ | 444/546 [02:25<00:33,  3.05it/s]
Epoch 3/10:  82%|████████▏ | 445/546 [02:25<00:33,  3.05it/s]
Epoch 3/10:  82%|████████▏ | 446/546 [02:26<00:32,  3.05it/s]
Epoch 3/10:  82%|████████▏ | 447/546 [02:26<00:32,  3.05it/s]
Epoch 3/10:  82%|████████▏ | 448/546 [02:26<00:32,  3.05it/s]
Epoch 3/10:  82%|████████▏ | 449/546 [02:27<00:31,  3.05it/s]
Epoch 3/10:  82%|████████▏ | 450/546 [02:27<00:31,  3.05it/s]
Epoch 3/10:  83%|████████▎ | 451/546 [02:27<00:31,  3.05it/s]
Epoch 3/10:  83%|████████▎ | 452/546 [02:28<00:30,  3.05it/s]
Epoch 3/10:  83%|████████▎ | 453/546 [02:28<00:30,  3.05it/s]
Epoch 3/10:  83%|████████▎ | 454/546 [02:28<00:30,  3.05it/s]
Epoch 3/10:  83%|████████▎ | 455/546 [02:29<00:29,  3.05it/s]
Epoch 3/10:  84%|████████▎ | 456/546 [02:29<00:29,  3.05it/s]
Epoch 3/10:  84%|████████▎ | 457/546 [02:29<00:29,  3.05it/s]
Epoch 3/10:  84%|████████▍ | 458/546 [02:30<00:28,  3.05it/s]
Epoch 3/10:  84%|████████▍ | 459/546 [02:30<00:28,  3.05it/s]
Epoch 3/10:  84%|████████▍ | 460/546 [02:30<00:28,  3.05it/s]
Epoch 3/10:  84%|████████▍ | 461/546 [02:31<00:27,  3.05it/s]
Epoch 3/10:  85%|████████▍ | 462/546 [02:31<00:27,  3.05it/s]
Epoch 3/10:  85%|████████▍ | 463/546 [02:31<00:27,  3.05it/s]
Epoch 3/10:  85%|████████▍ | 464/546 [02:31<00:26,  3.06it/s]
Epoch 3/10:  85%|████████▌ | 465/546 [02:32<00:26,  3.06it/s]
Epoch 3/10:  85%|████████▌ | 466/546 [02:32<00:26,  3.06it/s]
Epoch 3/10:  86%|████████▌ | 467/546 [02:32<00:25,  3.06it/s]
Epoch 3/10:  86%|████████▌ | 468/546 [02:33<00:25,  3.05it/s]
Epoch 3/10:  86%|████████▌ | 469/546 [02:33<00:25,  3.06it/s]
Epoch 3/10:  86%|████████▌ | 470/546 [02:33<00:24,  3.05it/s]
Epoch 3/10:  86%|████████▋ | 471/546 [02:34<00:24,  3.05it/s]
Epoch 3/10:  86%|████████▋ | 472/546 [02:34<00:24,  3.05it/s]
Epoch 3/10:  87%|████████▋ | 473/546 [02:34<00:23,  3.05it/s]
Epoch 3/10:  87%|████████▋ | 474/546 [02:35<00:23,  3.05it/s]
Epoch 3/10:  87%|████████▋ | 475/546 [02:35<00:23,  3.05it/s]
Epoch 3/10:  87%|████████▋ | 476/546 [02:35<00:22,  3.06it/s]
Epoch 3/10:  87%|████████▋ | 477/546 [02:36<00:22,  3.06it/s]
Epoch 3/10:  88%|████████▊ | 478/546 [02:36<00:22,  3.06it/s]
Epoch 3/10:  88%|████████▊ | 479/546 [02:36<00:21,  3.05it/s]
Epoch 3/10:  88%|████████▊ | 480/546 [02:37<00:21,  3.06it/s]
Epoch 3/10:  88%|████████▊ | 481/546 [02:37<00:21,  3.06it/s]
Epoch 3/10:  88%|████████▊ | 482/546 [02:37<00:20,  3.05it/s]
Epoch 3/10:  88%|████████▊ | 483/546 [02:38<00:20,  3.05it/s]
Epoch 3/10:  89%|████████▊ | 484/546 [02:38<00:20,  3.06it/s]
Epoch 3/10:  89%|████████▉ | 485/546 [02:38<00:19,  3.05it/s]
Epoch 3/10:  89%|████████▉ | 486/546 [02:39<00:19,  3.05it/s]
Epoch 3/10:  89%|████████▉ | 487/546 [02:39<00:19,  3.05it/s]
Epoch 3/10:  89%|████████▉ | 488/546 [02:39<00:19,  3.05it/s]
Epoch 3/10:  90%|████████▉ | 489/546 [02:40<00:18,  3.05it/s]
Epoch 3/10:  90%|████████▉ | 490/546 [02:40<00:18,  3.05it/s]
Epoch 3/10:  90%|████████▉ | 491/546 [02:40<00:18,  3.05it/s]
Epoch 3/10:  90%|█████████ | 492/546 [02:41<00:17,  3.05it/s]
Epoch 3/10:  90%|█████████ | 493/546 [02:41<00:17,  3.05it/s]
Epoch 3/10:  90%|█████████ | 494/546 [02:41<00:17,  3.05it/s]
Epoch 3/10:  91%|█████████ | 495/546 [02:42<00:16,  3.05it/s]
Epoch 3/10:  91%|█████████ | 496/546 [02:42<00:16,  3.05it/s]
Epoch 3/10:  91%|█████████ | 497/546 [02:42<00:16,  3.05it/s]
Epoch 3/10:  91%|█████████ | 498/546 [02:43<00:15,  3.06it/s]
Epoch 3/10:  91%|█████████▏| 499/546 [02:43<00:15,  3.06it/s]
Epoch 3/10:  92%|█████████▏| 500/546 [02:43<00:15,  3.06it/s]
Epoch 3/10:  92%|█████████▏| 501/546 [02:44<00:14,  3.06it/s]
Epoch 3/10:  92%|█████████▏| 502/546 [02:44<00:14,  3.06it/s]
Epoch 3/10:  92%|█████████▏| 503/546 [02:44<00:14,  3.06it/s]
Epoch 3/10:  92%|█████████▏| 504/546 [02:45<00:13,  3.06it/s]
Epoch 3/10:  92%|█████████▏| 505/546 [02:45<00:13,  3.06it/s]
Epoch 3/10:  93%|█████████▎| 506/546 [02:45<00:13,  3.06it/s]
Epoch 3/10:  93%|█████████▎| 507/546 [02:46<00:12,  3.06it/s]
Epoch 3/10:  93%|█████████▎| 508/546 [02:46<00:12,  3.06it/s]
Epoch 3/10:  93%|█████████▎| 509/546 [02:46<00:12,  3.06it/s]
Epoch 3/10:  93%|█████████▎| 510/546 [02:47<00:11,  3.06it/s]
Epoch 3/10:  94%|█████████▎| 511/546 [02:47<00:11,  3.06it/s]
Epoch 3/10:  94%|█████████▍| 512/546 [02:47<00:11,  3.06it/s]
Epoch 3/10:  94%|█████████▍| 513/546 [02:48<00:10,  3.06it/s]
Epoch 3/10:  94%|█████████▍| 514/546 [02:48<00:10,  3.06it/s]
Epoch 3/10:  94%|█████████▍| 515/546 [02:48<00:10,  3.06it/s]
Epoch 3/10:  95%|█████████▍| 516/546 [02:49<00:09,  3.06it/s]
Epoch 3/10:  95%|█████████▍| 517/546 [02:49<00:09,  3.06it/s]
Epoch 3/10:  95%|█████████▍| 518/546 [02:49<00:09,  3.06it/s]
Epoch 3/10:  95%|█████████▌| 519/546 [02:49<00:08,  3.06it/s]
Epoch 3/10:  95%|█████████▌| 520/546 [02:50<00:08,  3.06it/s]
Epoch 3/10:  95%|█████████▌| 521/546 [02:50<00:08,  3.06it/s]
Epoch 3/10:  96%|█████████▌| 522/546 [02:50<00:07,  3.06it/s]
Epoch 3/10:  96%|█████████▌| 523/546 [02:51<00:07,  3.06it/s]
Epoch 3/10:  96%|█████████▌| 524/546 [02:51<00:07,  3.06it/s]
Epoch 3/10:  96%|█████████▌| 525/546 [02:51<00:06,  3.06it/s]
Epoch 3/10:  96%|█████████▋| 526/546 [02:52<00:06,  3.06it/s]
Epoch 3/10:  97%|█████████▋| 527/546 [02:52<00:06,  3.06it/s]
Epoch 3/10:  97%|█████████▋| 528/546 [02:52<00:05,  3.05it/s]
Epoch 3/10:  97%|█████████▋| 529/546 [02:53<00:05,  3.06it/s]
Epoch 3/10:  97%|█████████▋| 530/546 [02:53<00:05,  3.05it/s]
Epoch 3/10:  97%|█████████▋| 531/546 [02:53<00:04,  3.05it/s]
Epoch 3/10:  97%|█████████▋| 532/546 [02:54<00:04,  3.05it/s]
Epoch 3/10:  98%|█████████▊| 533/546 [02:54<00:04,  3.05it/s]
Epoch 3/10:  98%|█████████▊| 534/546 [02:54<00:03,  3.05it/s]
Epoch 3/10:  98%|█████████▊| 535/546 [02:55<00:03,  3.05it/s]
Epoch 3/10:  98%|█████████▊| 536/546 [02:55<00:03,  3.05it/s]
Epoch 3/10:  98%|█████████▊| 537/546 [02:55<00:02,  3.05it/s]
Epoch 3/10:  99%|█████████▊| 538/546 [02:56<00:02,  3.06it/s]
Epoch 3/10:  99%|█████████▊| 539/546 [02:56<00:02,  3.06it/s]
Epoch 3/10:  99%|█████████▉| 540/546 [02:56<00:01,  3.06it/s]
Epoch 3/10:  99%|█████████▉| 541/546 [02:57<00:01,  3.06it/s]
Epoch 3/10:  99%|█████████▉| 542/546 [02:57<00:01,  3.05it/s]
Epoch 3/10:  99%|█████████▉| 543/546 [02:57<00:00,  3.05it/s]
Epoch 3/10: 100%|█████████▉| 544/546 [02:58<00:00,  3.05it/s]
Epoch 3/10: 100%|█████████▉| 545/546 [02:58<00:00,  3.05it/s]
Epoch 3/10: 100%|██████████| 546/546 [02:58<00:00,  3.05it/s]
Epoch 3/10: 100%|██████████| 546/546 [02:58<00:00,  3.05it/s]
/user/nirish.samant/u28445/.conda/envs/dnlp/lib/python3.10/site-packages/sklearn/metrics/_classification.py:407: UserWarning: A single label was found in 'y_true' and 'y_pred'. For the confusion matrix to have the correct shape, use the 'labels' parameter to pass all known labels.
  warnings.warn(

Epoch 4/10:   0%|          | 0/546 [00:00<?, ?it/s]
Epoch 4/10:   0%|          | 1/546 [00:00<03:10,  2.86it/s]
Epoch 4/10:   0%|          | 2/546 [00:00<03:03,  2.97it/s]
Epoch 4/10:   1%|          | 3/546 [00:01<03:00,  3.01it/s]
Epoch 4/10:   1%|          | 4/546 [00:01<02:59,  3.03it/s]
Epoch 4/10:   1%|          | 5/546 [00:01<02:58,  3.04it/s]
Epoch 4/10:   1%|          | 6/546 [00:01<02:57,  3.04it/s]
Epoch 4/10:   1%|▏         | 7/546 [00:02<02:57,  3.04it/s]
Epoch 4/10:   1%|▏         | 8/546 [00:02<02:56,  3.05it/s]
Epoch 4/10:   2%|▏         | 9/546 [00:02<02:56,  3.05it/s]
Epoch 4/10:   2%|▏         | 10/546 [00:03<02:55,  3.05it/s]
Epoch 4/10:   2%|▏         | 11/546 [00:03<02:55,  3.05it/s]
Epoch 4/10:   2%|▏         | 12/546 [00:03<02:54,  3.05it/s]
Epoch 4/10:   2%|▏         | 13/546 [00:04<02:54,  3.05it/s]
Epoch 4/10:   3%|▎         | 14/546 [00:04<02:54,  3.05it/s]
Epoch 4/10:   3%|▎         | 15/546 [00:04<02:53,  3.05it/s]
Epoch 4/10:   3%|▎         | 16/546 [00:05<02:53,  3.05it/s]
Epoch 4/10:   3%|▎         | 17/546 [00:05<02:53,  3.05it/s]
Epoch 4/10:   3%|▎         | 18/546 [00:05<02:52,  3.05it/s]
Epoch 4/10:   3%|▎         | 19/546 [00:06<02:52,  3.05it/s]
Epoch 4/10:   4%|▎         | 20/546 [00:06<02:52,  3.05it/s]
Epoch 4/10:   4%|▍         | 21/546 [00:06<02:51,  3.05it/s]
Epoch 4/10:   4%|▍         | 22/546 [00:07<02:51,  3.05it/s]
Epoch 4/10:   4%|▍         | 23/546 [00:07<02:51,  3.05it/s]
Epoch 4/10:   4%|▍         | 24/546 [00:07<02:51,  3.05it/s]
Epoch 4/10:   5%|▍         | 25/546 [00:08<02:50,  3.05it/s]
Epoch 4/10:   5%|▍         | 26/546 [00:08<02:50,  3.05it/s]
Epoch 4/10:   5%|▍         | 27/546 [00:08<02:49,  3.05it/s]
Epoch 4/10:   5%|▌         | 28/546 [00:09<02:49,  3.05it/s]
Epoch 4/10:   5%|▌         | 29/546 [00:09<02:49,  3.05it/s]
Epoch 4/10:   5%|▌         | 30/546 [00:09<02:48,  3.05it/s]
Epoch 4/10:   6%|▌         | 31/546 [00:10<02:48,  3.05it/s]
Epoch 4/10:   6%|▌         | 32/546 [00:10<02:48,  3.05it/s]
Epoch 4/10:   6%|▌         | 33/546 [00:10<02:48,  3.05it/s]
Epoch 4/10:   6%|▌         | 34/546 [00:11<02:47,  3.05it/s]
Epoch 4/10:   6%|▋         | 35/546 [00:11<02:47,  3.05it/s]
Epoch 4/10:   7%|▋         | 36/546 [00:11<02:47,  3.05it/s]
Epoch 4/10:   7%|▋         | 37/546 [00:12<02:46,  3.05it/s]
Epoch 4/10:   7%|▋         | 38/546 [00:12<02:46,  3.05it/s]
Epoch 4/10:   7%|▋         | 39/546 [00:12<02:46,  3.05it/s]
Epoch 4/10:   7%|▋         | 40/546 [00:13<02:45,  3.05it/s]
Epoch 4/10:   8%|▊         | 41/546 [00:13<02:45,  3.05it/s]
Epoch 4/10:   8%|▊         | 42/546 [00:13<02:45,  3.05it/s]
Epoch 4/10:   8%|▊         | 43/546 [00:14<02:44,  3.05it/s]
Epoch 4/10:   8%|▊         | 44/546 [00:14<02:44,  3.05it/s]
Epoch 4/10:   8%|▊         | 45/546 [00:14<02:44,  3.05it/s]
Epoch 4/10:   8%|▊         | 46/546 [00:15<02:43,  3.05it/s]
Epoch 4/10:   9%|▊         | 47/546 [00:15<02:43,  3.05it/s]
Epoch 4/10:   9%|▉         | 48/546 [00:15<02:43,  3.05it/s]
Epoch 4/10:   9%|▉         | 49/546 [00:16<02:42,  3.05it/s]
Epoch 4/10:   9%|▉         | 50/546 [00:16<02:42,  3.05it/s]
Epoch 4/10:   9%|▉         | 51/546 [00:16<02:42,  3.05it/s]
Epoch 4/10:  10%|▉         | 52/546 [00:17<02:41,  3.05it/s]
Epoch 4/10:  10%|▉         | 53/546 [00:17<02:41,  3.05it/s]
Epoch 4/10:  10%|▉         | 54/546 [00:17<02:41,  3.05it/s]
Epoch 4/10:  10%|█         | 55/546 [00:18<02:40,  3.05it/s]
Epoch 4/10:  10%|█         | 56/546 [00:18<02:40,  3.05it/s]
Epoch 4/10:  10%|█         | 57/546 [00:18<02:40,  3.05it/s]
Epoch 4/10:  11%|█         | 58/546 [00:19<02:39,  3.05it/s]
Epoch 4/10:  11%|█         | 59/546 [00:19<02:39,  3.05it/s]
Epoch 4/10:  11%|█         | 60/546 [00:19<02:39,  3.05it/s]
Epoch 4/10:  11%|█         | 61/546 [00:20<02:38,  3.05it/s]
Epoch 4/10:  11%|█▏        | 62/546 [00:20<02:38,  3.05it/s]
Epoch 4/10:  12%|█▏        | 63/546 [00:20<02:38,  3.05it/s]
Epoch 4/10:  12%|█▏        | 64/546 [00:20<02:37,  3.05it/s]
Epoch 4/10:  12%|█▏        | 65/546 [00:21<02:37,  3.05it/s]
Epoch 4/10:  12%|█▏        | 66/546 [00:21<02:37,  3.05it/s]
Epoch 4/10:  12%|█▏        | 67/546 [00:21<02:36,  3.05it/s]
Epoch 4/10:  12%|█▏        | 68/546 [00:22<02:36,  3.05it/s]
Epoch 4/10:  13%|█▎        | 69/546 [00:22<02:36,  3.05it/s]
Epoch 4/10:  13%|█▎        | 70/546 [00:22<02:35,  3.05it/s]
Epoch 4/10:  13%|█▎        | 71/546 [00:23<02:35,  3.05it/s]
Epoch 4/10:  13%|█▎        | 72/546 [00:23<02:35,  3.05it/s]
Epoch 4/10:  13%|█▎        | 73/546 [00:23<02:34,  3.05it/s]
Epoch 4/10:  14%|█▎        | 74/546 [00:24<02:34,  3.05it/s]
Epoch 4/10:  14%|█▎        | 75/546 [00:24<02:34,  3.05it/s]
Epoch 4/10:  14%|█▍        | 76/546 [00:24<02:33,  3.05it/s]
Epoch 4/10:  14%|█▍        | 77/546 [00:25<02:33,  3.05it/s]
Epoch 4/10:  14%|█▍        | 78/546 [00:25<02:33,  3.05it/s]
Epoch 4/10:  14%|█▍        | 79/546 [00:25<02:32,  3.05it/s]
Epoch 4/10:  15%|█▍        | 80/546 [00:26<02:32,  3.05it/s]
Epoch 4/10:  15%|█▍        | 81/546 [00:26<02:32,  3.05it/s]
Epoch 4/10:  15%|█▌        | 82/546 [00:26<02:31,  3.05it/s]
Epoch 4/10:  15%|█▌        | 83/546 [00:27<02:31,  3.05it/s]
Epoch 4/10:  15%|█▌        | 84/546 [00:27<02:31,  3.05it/s]
Epoch 4/10:  16%|█▌        | 85/546 [00:27<02:30,  3.05it/s]
Epoch 4/10:  16%|█▌        | 86/546 [00:28<02:30,  3.05it/s]
Epoch 4/10:  16%|█▌        | 87/546 [00:28<02:30,  3.05it/s]
Epoch 4/10:  16%|█▌        | 88/546 [00:28<02:30,  3.05it/s]
Epoch 4/10:  16%|█▋        | 89/546 [00:29<02:29,  3.05it/s]
Epoch 4/10:  16%|█▋        | 90/546 [00:29<02:29,  3.05it/s]
Epoch 4/10:  17%|█▋        | 91/546 [00:29<02:29,  3.05it/s]
Epoch 4/10:  17%|█▋        | 92/546 [00:30<02:28,  3.05it/s]
Epoch 4/10:  17%|█▋        | 93/546 [00:30<02:28,  3.05it/s]
Epoch 4/10:  17%|█▋        | 94/546 [00:30<02:28,  3.05it/s]
Epoch 4/10:  17%|█▋        | 95/546 [00:31<02:27,  3.05it/s]
Epoch 4/10:  18%|█▊        | 96/546 [00:31<02:27,  3.05it/s]
Epoch 4/10:  18%|█▊        | 97/546 [00:31<02:27,  3.05it/s]
Epoch 4/10:  18%|█▊        | 98/546 [00:32<02:26,  3.05it/s]
Epoch 4/10:  18%|█▊        | 99/546 [00:32<02:26,  3.05it/s]
Epoch 4/10:  18%|█▊        | 100/546 [00:32<02:26,  3.05it/s]
Epoch 4/10:  18%|█▊        | 101/546 [00:33<02:25,  3.05it/s]
Epoch 4/10:  19%|█▊        | 102/546 [00:33<02:25,  3.06it/s]
Epoch 4/10:  19%|█▉        | 103/546 [00:33<02:25,  3.05it/s]
Epoch 4/10:  19%|█▉        | 104/546 [00:34<02:24,  3.05it/s]
Epoch 4/10:  19%|█▉        | 105/546 [00:34<02:24,  3.05it/s]
Epoch 4/10:  19%|█▉        | 106/546 [00:34<02:24,  3.05it/s]
Epoch 4/10:  20%|█▉        | 107/546 [00:35<02:23,  3.05it/s]
Epoch 4/10:  20%|█▉        | 108/546 [00:35<02:23,  3.05it/s]
Epoch 4/10:  20%|█▉        | 109/546 [00:35<02:23,  3.05it/s]
Epoch 4/10:  20%|██        | 110/546 [00:36<02:22,  3.05it/s]
Epoch 4/10:  20%|██        | 111/546 [00:36<02:22,  3.05it/s]
Epoch 4/10:  21%|██        | 112/546 [00:36<02:22,  3.05it/s]
Epoch 4/10:  21%|██        | 113/546 [00:37<02:21,  3.05it/s]
Epoch 4/10:  21%|██        | 114/546 [00:37<02:21,  3.05it/s]
Epoch 4/10:  21%|██        | 115/546 [00:37<02:21,  3.05it/s]
Epoch 4/10:  21%|██        | 116/546 [00:38<02:20,  3.05it/s]
Epoch 4/10:  21%|██▏       | 117/546 [00:38<02:20,  3.05it/s]
Epoch 4/10:  22%|██▏       | 118/546 [00:38<02:20,  3.06it/s]
Epoch 4/10:  22%|██▏       | 119/546 [00:38<02:19,  3.05it/s]
Epoch 4/10:  22%|██▏       | 120/546 [00:39<02:19,  3.05it/s]
Epoch 4/10:  22%|██▏       | 121/546 [00:39<02:19,  3.05it/s]
Epoch 4/10:  22%|██▏       | 122/546 [00:39<02:18,  3.05it/s]
Epoch 4/10:  23%|██▎       | 123/546 [00:40<02:18,  3.05it/s]
Epoch 4/10:  23%|██▎       | 124/546 [00:40<02:18,  3.05it/s]
Epoch 4/10:  23%|██▎       | 125/546 [00:40<02:17,  3.06it/s]
Epoch 4/10:  23%|██▎       | 126/546 [00:41<02:17,  3.06it/s]
Epoch 4/10:  23%|██▎       | 127/546 [00:41<02:17,  3.05it/s]
Epoch 4/10:  23%|██▎       | 128/546 [00:41<02:16,  3.05it/s]
Epoch 4/10:  24%|██▎       | 129/546 [00:42<02:16,  3.05it/s]
Epoch 4/10:  24%|██▍       | 130/546 [00:42<02:16,  3.06it/s]
Epoch 4/10:  24%|██▍       | 131/546 [00:42<02:15,  3.06it/s]
Epoch 4/10:  24%|██▍       | 132/546 [00:43<02:15,  3.06it/s]
Epoch 4/10:  24%|██▍       | 133/546 [00:43<02:15,  3.06it/s]
Epoch 4/10:  25%|██▍       | 134/546 [00:43<02:14,  3.06it/s]
Epoch 4/10:  25%|██▍       | 135/546 [00:44<02:14,  3.05it/s]
Epoch 4/10:  25%|██▍       | 136/546 [00:44<02:14,  3.05it/s]
Epoch 4/10:  25%|██▌       | 137/546 [00:44<02:13,  3.05it/s]
Epoch 4/10:  25%|██▌       | 138/546 [00:45<02:13,  3.05it/s]
Epoch 4/10:  25%|██▌       | 139/546 [00:45<02:13,  3.05it/s]
Epoch 4/10:  26%|██▌       | 140/546 [00:45<02:13,  3.05it/s]
Epoch 4/10:  26%|██▌       | 141/546 [00:46<02:12,  3.05it/s]
Epoch 4/10:  26%|██▌       | 142/546 [00:46<02:12,  3.05it/s]
Epoch 4/10:  26%|██▌       | 143/546 [00:46<02:12,  3.05it/s]
Epoch 4/10:  26%|██▋       | 144/546 [00:47<02:11,  3.05it/s]
Epoch 4/10:  27%|██▋       | 145/546 [00:47<02:11,  3.05it/s]
Epoch 4/10:  27%|██▋       | 146/546 [00:47<02:10,  3.05it/s]
Epoch 4/10:  27%|██▋       | 147/546 [00:48<02:10,  3.05it/s]
Epoch 4/10:  27%|██▋       | 148/546 [00:48<02:10,  3.05it/s]
Epoch 4/10:  27%|██▋       | 149/546 [00:48<02:10,  3.05it/s]
Epoch 4/10:  27%|██▋       | 150/546 [00:49<02:09,  3.05it/s]
Epoch 4/10:  28%|██▊       | 151/546 [00:49<02:09,  3.05it/s]
Epoch 4/10:  28%|██▊       | 152/546 [00:49<02:09,  3.05it/s]
Epoch 4/10:  28%|██▊       | 153/546 [00:50<02:08,  3.05it/s]
Epoch 4/10:  28%|██▊       | 154/546 [00:50<02:08,  3.05it/s]
Epoch 4/10:  28%|██▊       | 155/546 [00:50<02:08,  3.05it/s]
Epoch 4/10:  29%|██▊       | 156/546 [00:51<02:07,  3.05it/s]
Epoch 4/10:  29%|██▉       | 157/546 [00:51<02:07,  3.05it/s]
Epoch 4/10:  29%|██▉       | 158/546 [00:51<02:07,  3.05it/s]
Epoch 4/10:  29%|██▉       | 159/546 [00:52<02:06,  3.05it/s]
Epoch 4/10:  29%|██▉       | 160/546 [00:52<02:06,  3.05it/s]
Epoch 4/10:  29%|██▉       | 161/546 [00:52<02:06,  3.05it/s]
Epoch 4/10:  30%|██▉       | 162/546 [00:53<02:05,  3.05it/s]
Epoch 4/10:  30%|██▉       | 163/546 [00:53<02:05,  3.05it/s]
Epoch 4/10:  30%|███       | 164/546 [00:53<02:05,  3.05it/s]
Epoch 4/10:  30%|███       | 165/546 [00:54<02:04,  3.05it/s]
Epoch 4/10:  30%|███       | 166/546 [00:54<02:04,  3.05it/s]
Epoch 4/10:  31%|███       | 167/546 [00:54<02:04,  3.05it/s]
Epoch 4/10:  31%|███       | 168/546 [00:55<02:03,  3.05it/s]
Epoch 4/10:  31%|███       | 169/546 [00:55<02:03,  3.05it/s]
Epoch 4/10:  31%|███       | 170/546 [00:55<02:03,  3.05it/s]
Epoch 4/10:  31%|███▏      | 171/546 [00:56<02:02,  3.05it/s]
Epoch 4/10:  32%|███▏      | 172/546 [00:56<02:02,  3.05it/s]
Epoch 4/10:  32%|███▏      | 173/546 [00:56<02:02,  3.05it/s]
Epoch 4/10:  32%|███▏      | 174/546 [00:57<02:01,  3.05it/s]
Epoch 4/10:  32%|███▏      | 175/546 [00:57<02:01,  3.05it/s]
Epoch 4/10:  32%|███▏      | 176/546 [00:57<02:01,  3.05it/s]
Epoch 4/10:  32%|███▏      | 177/546 [00:57<02:00,  3.05it/s]
Epoch 4/10:  33%|███▎      | 178/546 [00:58<02:00,  3.05it/s]
Epoch 4/10:  33%|███▎      | 179/546 [00:58<02:00,  3.05it/s]
Epoch 4/10:  33%|███▎      | 180/546 [00:58<01:59,  3.05it/s]
Epoch 4/10:  33%|███▎      | 181/546 [00:59<01:59,  3.05it/s]
Epoch 4/10:  33%|███▎      | 182/546 [00:59<01:59,  3.05it/s]
Epoch 4/10:  34%|███▎      | 183/546 [00:59<01:58,  3.05it/s]
Epoch 4/10:  34%|███▎      | 184/546 [01:00<01:58,  3.05it/s]
Epoch 4/10:  34%|███▍      | 185/546 [01:00<01:59,  3.03it/s]
Epoch 4/10:  34%|███▍      | 186/546 [01:00<01:58,  3.04it/s]
Epoch 4/10:  34%|███▍      | 187/546 [01:01<01:58,  3.04it/s]
Epoch 4/10:  34%|███▍      | 188/546 [01:01<01:57,  3.05it/s]
Epoch 4/10:  35%|███▍      | 189/546 [01:01<01:57,  3.05it/s]
Epoch 4/10:  35%|███▍      | 190/546 [01:02<01:56,  3.05it/s]
Epoch 4/10:  35%|███▍      | 191/546 [01:02<01:56,  3.05it/s]
Epoch 4/10:  35%|███▌      | 192/546 [01:02<01:56,  3.05it/s]
Epoch 4/10:  35%|███▌      | 193/546 [01:03<01:55,  3.05it/s]
Epoch 4/10:  36%|███▌      | 194/546 [01:03<01:55,  3.05it/s]
Epoch 4/10:  36%|███▌      | 195/546 [01:03<01:55,  3.05it/s]
Epoch 4/10:  36%|███▌      | 196/546 [01:04<01:54,  3.05it/s]
Epoch 4/10:  36%|███▌      | 197/546 [01:04<01:54,  3.05it/s]
Epoch 4/10:  36%|███▋      | 198/546 [01:04<01:53,  3.05it/s]
Epoch 4/10:  36%|███▋      | 199/546 [01:05<01:53,  3.05it/s]
Epoch 4/10:  37%|███▋      | 200/546 [01:05<01:53,  3.05it/s]
Epoch 4/10:  37%|███▋      | 201/546 [01:05<01:52,  3.05it/s]
Epoch 4/10:  37%|███▋      | 202/546 [01:06<01:52,  3.05it/s]
Epoch 4/10:  37%|███▋      | 203/546 [01:06<01:52,  3.05it/s]
Epoch 4/10:  37%|███▋      | 204/546 [01:06<01:52,  3.05it/s]
Epoch 4/10:  38%|███▊      | 205/546 [01:07<01:51,  3.05it/s]
Epoch 4/10:  38%|███▊      | 206/546 [01:07<01:51,  3.05it/s]
Epoch 4/10:  38%|███▊      | 207/546 [01:07<01:51,  3.05it/s]
Epoch 4/10:  38%|███▊      | 208/546 [01:08<01:50,  3.05it/s]
Epoch 4/10:  38%|███▊      | 209/546 [01:08<01:50,  3.05it/s]
Epoch 4/10:  38%|███▊      | 210/546 [01:08<01:50,  3.05it/s]
Epoch 4/10:  39%|███▊      | 211/546 [01:09<01:49,  3.05it/s]
Epoch 4/10:  39%|███▉      | 212/546 [01:09<01:49,  3.05it/s]
Epoch 4/10:  39%|███▉      | 213/546 [01:09<01:49,  3.05it/s]
Epoch 4/10:  39%|███▉      | 214/546 [01:10<01:48,  3.05it/s]
Epoch 4/10:  39%|███▉      | 215/546 [01:10<01:48,  3.05it/s]
Epoch 4/10:  40%|███▉      | 216/546 [01:10<01:48,  3.05it/s]
Epoch 4/10:  40%|███▉      | 217/546 [01:11<01:47,  3.05it/s]
Epoch 4/10:  40%|███▉      | 218/546 [01:11<01:47,  3.05it/s]
Epoch 4/10:  40%|████      | 219/546 [01:11<01:47,  3.05it/s]
Epoch 4/10:  40%|████      | 220/546 [01:12<01:46,  3.05it/s]
Epoch 4/10:  40%|████      | 221/546 [01:12<01:46,  3.05it/s]
Epoch 4/10:  41%|████      | 222/546 [01:12<01:46,  3.05it/s]
Epoch 4/10:  41%|████      | 223/546 [01:13<01:45,  3.05it/s]
Epoch 4/10:  41%|████      | 224/546 [01:13<01:45,  3.05it/s]
Epoch 4/10:  41%|████      | 225/546 [01:13<01:45,  3.05it/s]
Epoch 4/10:  41%|████▏     | 226/546 [01:14<01:44,  3.05it/s]
Epoch 4/10:  42%|████▏     | 227/546 [01:14<01:44,  3.05it/s]
Epoch 4/10:  42%|████▏     | 228/546 [01:14<01:44,  3.05it/s]
Epoch 4/10:  42%|████▏     | 229/546 [01:15<01:43,  3.05it/s]
Epoch 4/10:  42%|████▏     | 230/546 [01:15<01:43,  3.05it/s]
Epoch 4/10:  42%|████▏     | 231/546 [01:15<01:43,  3.05it/s]
Epoch 4/10:  42%|████▏     | 232/546 [01:16<01:42,  3.05it/s]
Epoch 4/10:  43%|████▎     | 233/546 [01:16<01:42,  3.05it/s]
Epoch 4/10:  43%|████▎     | 234/546 [01:16<01:42,  3.05it/s]
Epoch 4/10:  43%|████▎     | 235/546 [01:16<01:41,  3.05it/s]
Epoch 4/10:  43%|████▎     | 236/546 [01:17<01:41,  3.05it/s]
Epoch 4/10:  43%|████▎     | 237/546 [01:17<01:41,  3.05it/s]
Epoch 4/10:  44%|████▎     | 238/546 [01:17<01:40,  3.06it/s]
Epoch 4/10:  44%|████▍     | 239/546 [01:18<01:40,  3.05it/s]
Epoch 4/10:  44%|████▍     | 240/546 [01:18<01:40,  3.05it/s]
Epoch 4/10:  44%|████▍     | 241/546 [01:18<01:39,  3.05it/s]
Epoch 4/10:  44%|████▍     | 242/546 [01:19<01:39,  3.05it/s]
Epoch 4/10:  45%|████▍     | 243/546 [01:19<01:39,  3.05it/s]
Epoch 4/10:  45%|████▍     | 244/546 [01:19<01:38,  3.05it/s]
Epoch 4/10:  45%|████▍     | 245/546 [01:20<01:38,  3.05it/s]
Epoch 4/10:  45%|████▌     | 246/546 [01:20<01:38,  3.05it/s]
Epoch 4/10:  45%|████▌     | 247/546 [01:20<01:37,  3.05it/s]
Epoch 4/10:  45%|████▌     | 248/546 [01:21<01:37,  3.05it/s]
Epoch 4/10:  46%|████▌     | 249/546 [01:21<01:37,  3.05it/s]
Epoch 4/10:  46%|████▌     | 250/546 [01:21<01:36,  3.05it/s]
Epoch 4/10:  46%|████▌     | 251/546 [01:22<01:36,  3.05it/s]
Epoch 4/10:  46%|████▌     | 252/546 [01:22<01:36,  3.05it/s]
Epoch 4/10:  46%|████▋     | 253/546 [01:22<01:35,  3.06it/s]
Epoch 4/10:  47%|████▋     | 254/546 [01:23<01:35,  3.06it/s]
Epoch 4/10:  47%|████▋     | 255/546 [01:23<01:35,  3.06it/s]
Epoch 4/10:  47%|████▋     | 256/546 [01:23<01:34,  3.06it/s]
Epoch 4/10:  47%|████▋     | 257/546 [01:24<01:34,  3.06it/s]
Epoch 4/10:  47%|████▋     | 258/546 [01:24<01:34,  3.05it/s]
Epoch 4/10:  47%|████▋     | 259/546 [01:24<01:34,  3.05it/s]
Epoch 4/10:  48%|████▊     | 260/546 [01:25<01:33,  3.05it/s]
Epoch 4/10:  48%|████▊     | 261/546 [01:25<01:33,  3.05it/s]
Epoch 4/10:  48%|████▊     | 262/546 [01:25<01:33,  3.05it/s]
Epoch 4/10:  48%|████▊     | 263/546 [01:26<01:32,  3.05it/s]
Epoch 4/10:  48%|████▊     | 264/546 [01:26<01:32,  3.05it/s]
Epoch 4/10:  49%|████▊     | 265/546 [01:26<01:32,  3.05it/s]
Epoch 4/10:  49%|████▊     | 266/546 [01:27<01:31,  3.05it/s]
Epoch 4/10:  49%|████▉     | 267/546 [01:27<01:31,  3.05it/s]
Epoch 4/10:  49%|████▉     | 268/546 [01:27<01:31,  3.05it/s]
Epoch 4/10:  49%|████▉     | 269/546 [01:28<01:30,  3.05it/s]
Epoch 4/10:  49%|████▉     | 270/546 [01:28<01:30,  3.05it/s]
Epoch 4/10:  50%|████▉     | 271/546 [01:28<01:30,  3.05it/s]
Epoch 4/10:  50%|████▉     | 272/546 [01:29<01:29,  3.05it/s]
Epoch 4/10:  50%|█████     | 273/546 [01:29<01:29,  3.05it/s]
Epoch 4/10:  50%|█████     | 274/546 [01:29<01:29,  3.05it/s]
Epoch 4/10:  50%|█████     | 275/546 [01:30<01:28,  3.05it/s]
Epoch 4/10:  51%|█████     | 276/546 [01:30<01:28,  3.05it/s]
Epoch 4/10:  51%|█████     | 277/546 [01:30<01:28,  3.05it/s]
Epoch 4/10:  51%|█████     | 278/546 [01:31<01:27,  3.05it/s]
Epoch 4/10:  51%|█████     | 279/546 [01:31<01:27,  3.05it/s]
Epoch 4/10:  51%|█████▏    | 280/546 [01:31<01:27,  3.05it/s]
Epoch 4/10:  51%|█████▏    | 281/546 [01:32<01:26,  3.05it/s]
Epoch 4/10:  52%|█████▏    | 282/546 [01:32<01:26,  3.05it/s]
Epoch 4/10:  52%|█████▏    | 283/546 [01:32<01:26,  3.05it/s]
Epoch 4/10:  52%|█████▏    | 284/546 [01:33<01:25,  3.05it/s]
Epoch 4/10:  52%|█████▏    | 285/546 [01:33<01:25,  3.05it/s]
Epoch 4/10:  52%|█████▏    | 286/546 [01:33<01:25,  3.05it/s]
Epoch 4/10:  53%|█████▎    | 287/546 [01:34<01:24,  3.05it/s]
Epoch 4/10:  53%|█████▎    | 288/546 [01:34<01:24,  3.05it/s]
Epoch 4/10:  53%|█████▎    | 289/546 [01:34<01:24,  3.05it/s]
Epoch 4/10:  53%|█████▎    | 290/546 [01:35<01:23,  3.05it/s]
Epoch 4/10:  53%|█████▎    | 291/546 [01:35<01:23,  3.05it/s]
Epoch 4/10:  53%|█████▎    | 292/546 [01:35<01:23,  3.05it/s]
Epoch 4/10:  54%|█████▎    | 293/546 [01:35<01:22,  3.05it/s]
Epoch 4/10:  54%|█████▍    | 294/546 [01:36<01:22,  3.05it/s]
Epoch 4/10:  54%|█████▍    | 295/546 [01:36<01:22,  3.05it/s]
Epoch 4/10:  54%|█████▍    | 296/546 [01:36<01:21,  3.05it/s]
Epoch 4/10:  54%|█████▍    | 297/546 [01:37<01:21,  3.05it/s]
Epoch 4/10:  55%|█████▍    | 298/546 [01:37<01:21,  3.05it/s]
Epoch 4/10:  55%|█████▍    | 299/546 [01:37<01:20,  3.05it/s]
Epoch 4/10:  55%|█████▍    | 300/546 [01:38<01:20,  3.05it/s]
Epoch 4/10:  55%|█████▌    | 301/546 [01:38<01:20,  3.05it/s]
Epoch 4/10:  55%|█████▌    | 302/546 [01:38<01:19,  3.05it/s]
Epoch 4/10:  55%|█████▌    | 303/546 [01:39<01:19,  3.05it/s]
Epoch 4/10:  56%|█████▌    | 304/546 [01:39<01:19,  3.05it/s]
Epoch 4/10:  56%|█████▌    | 305/546 [01:39<01:18,  3.05it/s]
Epoch 4/10:  56%|█████▌    | 306/546 [01:40<01:18,  3.05it/s]
Epoch 4/10:  56%|█████▌    | 307/546 [01:40<01:18,  3.05it/s]
Epoch 4/10:  56%|█████▋    | 308/546 [01:40<01:17,  3.05it/s]
Epoch 4/10:  57%|█████▋    | 309/546 [01:41<01:17,  3.05it/s]
Epoch 4/10:  57%|█████▋    | 310/546 [01:41<01:17,  3.05it/s]
Epoch 4/10:  57%|█████▋    | 311/546 [01:41<01:17,  3.05it/s]
Epoch 4/10:  57%|█████▋    | 312/546 [01:42<01:16,  3.05it/s]
Epoch 4/10:  57%|█████▋    | 313/546 [01:42<01:16,  3.05it/s]
Epoch 4/10:  58%|█████▊    | 314/546 [01:42<01:16,  3.05it/s]
Epoch 4/10:  58%|█████▊    | 315/546 [01:43<01:15,  3.05it/s]
Epoch 4/10:  58%|█████▊    | 316/546 [01:43<01:15,  3.05it/s]
Epoch 4/10:  58%|█████▊    | 317/546 [01:43<01:15,  3.05it/s]
Epoch 4/10:  58%|█████▊    | 318/546 [01:44<01:14,  3.05it/s]
Epoch 4/10:  58%|█████▊    | 319/546 [01:44<01:14,  3.05it/s]
Epoch 4/10:  59%|█████▊    | 320/546 [01:44<01:14,  3.05it/s]
Epoch 4/10:  59%|█████▉    | 321/546 [01:45<01:13,  3.05it/s]
Epoch 4/10:  59%|█████▉    | 322/546 [01:45<01:13,  3.05it/s]
Epoch 4/10:  59%|█████▉    | 323/546 [01:45<01:13,  3.05it/s]
Epoch 4/10:  59%|█████▉    | 324/546 [01:46<01:12,  3.05it/s]
Epoch 4/10:  60%|█████▉    | 325/546 [01:46<01:12,  3.05it/s]
Epoch 4/10:  60%|█████▉    | 326/546 [01:46<01:12,  3.05it/s]
Epoch 4/10:  60%|█████▉    | 327/546 [01:47<01:11,  3.05it/s]
Epoch 4/10:  60%|██████    | 328/546 [01:47<01:11,  3.05it/s]
Epoch 4/10:  60%|██████    | 329/546 [01:47<01:11,  3.05it/s]
Epoch 4/10:  60%|██████    | 330/546 [01:48<01:10,  3.05it/s]
Epoch 4/10:  61%|██████    | 331/546 [01:48<01:10,  3.05it/s]
Epoch 4/10:  61%|██████    | 332/546 [01:48<01:10,  3.05it/s]
Epoch 4/10:  61%|██████    | 333/546 [01:49<01:09,  3.05it/s]
Epoch 4/10:  61%|██████    | 334/546 [01:49<01:09,  3.05it/s]
Epoch 4/10:  61%|██████▏   | 335/546 [01:49<01:09,  3.05it/s]
Epoch 4/10:  62%|██████▏   | 336/546 [01:50<01:08,  3.05it/s]
Epoch 4/10:  62%|██████▏   | 337/546 [01:50<01:08,  3.05it/s]
Epoch 4/10:  62%|██████▏   | 338/546 [01:50<01:08,  3.05it/s]
Epoch 4/10:  62%|██████▏   | 339/546 [01:51<01:07,  3.05it/s]
Epoch 4/10:  62%|██████▏   | 340/546 [01:51<01:07,  3.05it/s]
Epoch 4/10:  62%|██████▏   | 341/546 [01:51<01:07,  3.05it/s]
Epoch 4/10:  63%|██████▎   | 342/546 [01:52<01:06,  3.05it/s]
Epoch 4/10:  63%|██████▎   | 343/546 [01:52<01:06,  3.05it/s]
Epoch 4/10:  63%|██████▎   | 344/546 [01:52<01:06,  3.05it/s]
Epoch 4/10:  63%|██████▎   | 345/546 [01:53<01:05,  3.05it/s]
Epoch 4/10:  63%|██████▎   | 346/546 [01:53<01:05,  3.05it/s]
Epoch 4/10:  64%|██████▎   | 347/546 [01:53<01:05,  3.05it/s]
Epoch 4/10:  64%|██████▎   | 348/546 [01:54<01:04,  3.05it/s]
Epoch 4/10:  64%|██████▍   | 349/546 [01:54<01:04,  3.05it/s]
Epoch 4/10:  64%|██████▍   | 350/546 [01:54<01:04,  3.05it/s]
Epoch 4/10:  64%|██████▍   | 351/546 [01:54<01:03,  3.05it/s]
Epoch 4/10:  64%|██████▍   | 352/546 [01:55<01:03,  3.05it/s]
Epoch 4/10:  65%|██████▍   | 353/546 [01:55<01:03,  3.05it/s]
Epoch 4/10:  65%|██████▍   | 354/546 [01:55<01:02,  3.05it/s]
Epoch 4/10:  65%|██████▌   | 355/546 [01:56<01:02,  3.05it/s]
Epoch 4/10:  65%|██████▌   | 356/546 [01:56<01:02,  3.05it/s]
Epoch 4/10:  65%|██████▌   | 357/546 [01:56<01:01,  3.06it/s]
Epoch 4/10:  66%|██████▌   | 358/546 [01:57<01:01,  3.06it/s]
Epoch 4/10:  66%|██████▌   | 359/546 [01:57<01:01,  3.05it/s]
Epoch 4/10:  66%|██████▌   | 360/546 [01:57<01:00,  3.06it/s]
Epoch 4/10:  66%|██████▌   | 361/546 [01:58<01:00,  3.06it/s]
Epoch 4/10:  66%|██████▋   | 362/546 [01:58<01:00,  3.05it/s]
Epoch 4/10:  66%|██████▋   | 363/546 [01:58<00:59,  3.05it/s]
Epoch 4/10:  67%|██████▋   | 364/546 [01:59<00:59,  3.05it/s]
Epoch 4/10:  67%|██████▋   | 365/546 [01:59<00:59,  3.05it/s]
Epoch 4/10:  67%|██████▋   | 366/546 [01:59<00:58,  3.05it/s]
Epoch 4/10:  67%|██████▋   | 367/546 [02:00<00:58,  3.05it/s]
Epoch 4/10:  67%|██████▋   | 368/546 [02:00<00:58,  3.05it/s]
Epoch 4/10:  68%|██████▊   | 369/546 [02:00<00:58,  3.03it/s]
Epoch 4/10:  68%|██████▊   | 370/546 [02:01<00:57,  3.04it/s]
Epoch 4/10:  68%|██████▊   | 371/546 [02:01<00:57,  3.04it/s]
Epoch 4/10:  68%|██████▊   | 372/546 [02:01<00:57,  3.05it/s]
Epoch 4/10:  68%|██████▊   | 373/546 [02:02<00:56,  3.05it/s]
Epoch 4/10:  68%|██████▊   | 374/546 [02:02<00:56,  3.05it/s]
Epoch 4/10:  69%|██████▊   | 375/546 [02:02<00:56,  3.05it/s]
Epoch 4/10:  69%|██████▉   | 376/546 [02:03<00:55,  3.05it/s]
Epoch 4/10:  69%|██████▉   | 377/546 [02:03<00:55,  3.05it/s]
Epoch 4/10:  69%|██████▉   | 378/546 [02:03<00:55,  3.05it/s]
Epoch 4/10:  69%|██████▉   | 379/546 [02:04<00:54,  3.05it/s]
Epoch 4/10:  70%|██████▉   | 380/546 [02:04<00:54,  3.05it/s]
Epoch 4/10:  70%|██████▉   | 381/546 [02:04<00:54,  3.05it/s]
Epoch 4/10:  70%|██████▉   | 382/546 [02:05<00:53,  3.05it/s]
Epoch 4/10:  70%|███████   | 383/546 [02:05<00:53,  3.05it/s]
Epoch 4/10:  70%|███████   | 384/546 [02:05<00:53,  3.06it/s]
Epoch 4/10:  71%|███████   | 385/546 [02:06<00:52,  3.06it/s]
Epoch 4/10:  71%|███████   | 386/546 [02:06<00:52,  3.05it/s]
Epoch 4/10:  71%|███████   | 387/546 [02:06<00:52,  3.05it/s]
Epoch 4/10:  71%|███████   | 388/546 [02:07<00:51,  3.05it/s]
Epoch 4/10:  71%|███████   | 389/546 [02:07<00:51,  3.05it/s]
Epoch 4/10:  71%|███████▏  | 390/546 [02:07<00:51,  3.05it/s]
Epoch 4/10:  72%|███████▏  | 391/546 [02:08<00:50,  3.05it/s]
Epoch 4/10:  72%|███████▏  | 392/546 [02:08<00:50,  3.05it/s]
Epoch 4/10:  72%|███████▏  | 393/546 [02:08<00:50,  3.05it/s]
Epoch 4/10:  72%|███████▏  | 394/546 [02:09<00:49,  3.05it/s]
Epoch 4/10:  72%|███████▏  | 395/546 [02:09<00:49,  3.05it/s]
Epoch 4/10:  73%|███████▎  | 396/546 [02:09<00:49,  3.05it/s]
Epoch 4/10:  73%|███████▎  | 397/546 [02:10<00:48,  3.05it/s]
Epoch 4/10:  73%|███████▎  | 398/546 [02:10<00:48,  3.05it/s]
Epoch 4/10:  73%|███████▎  | 399/546 [02:10<00:48,  3.05it/s]
Epoch 4/10:  73%|███████▎  | 400/546 [02:11<00:47,  3.05it/s]
Epoch 4/10:  73%|███████▎  | 401/546 [02:11<00:47,  3.05it/s]
Epoch 4/10:  74%|███████▎  | 402/546 [02:11<00:47,  3.05it/s]
Epoch 4/10:  74%|███████▍  | 403/546 [02:12<00:46,  3.05it/s]
Epoch 4/10:  74%|███████▍  | 404/546 [02:12<00:46,  3.05it/s]
Epoch 4/10:  74%|███████▍  | 405/546 [02:12<00:46,  3.05it/s]
Epoch 4/10:  74%|███████▍  | 406/546 [02:13<00:45,  3.05it/s]
Epoch 4/10:  75%|███████▍  | 407/546 [02:13<00:45,  3.05it/s]
Epoch 4/10:  75%|███████▍  | 408/546 [02:13<00:45,  3.05it/s]
Epoch 4/10:  75%|███████▍  | 409/546 [02:13<00:44,  3.05it/s]
Epoch 4/10:  75%|███████▌  | 410/546 [02:14<00:44,  3.05it/s]
Epoch 4/10:  75%|███████▌  | 411/546 [02:14<00:44,  3.05it/s]
Epoch 4/10:  75%|███████▌  | 412/546 [02:14<00:43,  3.05it/s]
Epoch 4/10:  76%|███████▌  | 413/546 [02:15<00:43,  3.05it/s]
Epoch 4/10:  76%|███████▌  | 414/546 [02:15<00:43,  3.05it/s]
Epoch 4/10:  76%|███████▌  | 415/546 [02:15<00:42,  3.05it/s]
Epoch 4/10:  76%|███████▌  | 416/546 [02:16<00:42,  3.05it/s]
Epoch 4/10:  76%|███████▋  | 417/546 [02:16<00:42,  3.05it/s]
Epoch 4/10:  77%|███████▋  | 418/546 [02:16<00:41,  3.05it/s]
Epoch 4/10:  77%|███████▋  | 419/546 [02:17<00:41,  3.05it/s]
Epoch 4/10:  77%|███████▋  | 420/546 [02:17<00:41,  3.05it/s]
Epoch 4/10:  77%|███████▋  | 421/546 [02:17<00:40,  3.05it/s]
Epoch 4/10:  77%|███████▋  | 422/546 [02:18<00:40,  3.05it/s]
Epoch 4/10:  77%|███████▋  | 423/546 [02:18<00:40,  3.06it/s]
Epoch 4/10:  78%|███████▊  | 424/546 [02:18<00:39,  3.06it/s]
Epoch 4/10:  78%|███████▊  | 425/546 [02:19<00:39,  3.06it/s]
Epoch 4/10:  78%|███████▊  | 426/546 [02:19<00:39,  3.06it/s]
Epoch 4/10:  78%|███████▊  | 427/546 [02:19<00:38,  3.06it/s]
Epoch 4/10:  78%|███████▊  | 428/546 [02:20<00:38,  3.05it/s]
Epoch 4/10:  79%|███████▊  | 429/546 [02:20<00:38,  3.05it/s]
Epoch 4/10:  79%|███████▉  | 430/546 [02:20<00:37,  3.05it/s]
Epoch 4/10:  79%|███████▉  | 431/546 [02:21<00:37,  3.05it/s]
Epoch 4/10:  79%|███████▉  | 432/546 [02:21<00:37,  3.05it/s]
Epoch 4/10:  79%|███████▉  | 433/546 [02:21<00:37,  3.05it/s]
Epoch 4/10:  79%|███████▉  | 434/546 [02:22<00:36,  3.05it/s]
Epoch 4/10:  80%|███████▉  | 435/546 [02:22<00:36,  3.05it/s]
Epoch 4/10:  80%|███████▉  | 436/546 [02:22<00:36,  3.05it/s]
Epoch 4/10:  80%|████████  | 437/546 [02:23<00:35,  3.05it/s]
Epoch 4/10:  80%|████████  | 438/546 [02:23<00:35,  3.06it/s]
Epoch 4/10:  80%|████████  | 439/546 [02:23<00:35,  3.06it/s]
Epoch 4/10:  81%|████████  | 440/546 [02:24<00:34,  3.05it/s]
Epoch 4/10:  81%|████████  | 441/546 [02:24<00:34,  3.06it/s]
Epoch 4/10:  81%|████████  | 442/546 [02:24<00:34,  3.06it/s]
Epoch 4/10:  81%|████████  | 443/546 [02:25<00:33,  3.06it/s]
Epoch 4/10:  81%|████████▏ | 444/546 [02:25<00:33,  3.06it/s]
Epoch 4/10:  82%|████████▏ | 445/546 [02:25<00:33,  3.06it/s]
Epoch 4/10:  82%|████████▏ | 446/546 [02:26<00:32,  3.06it/s]
Epoch 4/10:  82%|████████▏ | 447/546 [02:26<00:32,  3.06it/s]
Epoch 4/10:  82%|████████▏ | 448/546 [02:26<00:32,  3.06it/s]
Epoch 4/10:  82%|████████▏ | 449/546 [02:27<00:31,  3.06it/s]
Epoch 4/10:  82%|████████▏ | 450/546 [02:27<00:31,  3.06it/s]
Epoch 4/10:  83%|████████▎ | 451/546 [02:27<00:31,  3.06it/s]
Epoch 4/10:  83%|████████▎ | 452/546 [02:28<00:30,  3.06it/s]
Epoch 4/10:  83%|████████▎ | 453/546 [02:28<00:30,  3.05it/s]
Epoch 4/10:  83%|████████▎ | 454/546 [02:28<00:30,  3.05it/s]
Epoch 4/10:  83%|████████▎ | 455/546 [02:29<00:29,  3.05it/s]
Epoch 4/10:  84%|████████▎ | 456/546 [02:29<00:29,  3.05it/s]
Epoch 4/10:  84%|████████▎ | 457/546 [02:29<00:29,  3.05it/s]
Epoch 4/10:  84%|████████▍ | 458/546 [02:30<00:28,  3.05it/s]
Epoch 4/10:  84%|████████▍ | 459/546 [02:30<00:28,  3.05it/s]
Epoch 4/10:  84%|████████▍ | 460/546 [02:30<00:28,  3.05it/s]
Epoch 4/10:  84%|████████▍ | 461/546 [02:31<00:27,  3.06it/s]
Epoch 4/10:  85%|████████▍ | 462/546 [02:31<00:27,  3.06it/s]
Epoch 4/10:  85%|████████▍ | 463/546 [02:31<00:27,  3.05it/s]
Epoch 4/10:  85%|████████▍ | 464/546 [02:32<00:26,  3.05it/s]
Epoch 4/10:  85%|████████▌ | 465/546 [02:32<00:26,  3.05it/s]
Epoch 4/10:  85%|████████▌ | 466/546 [02:32<00:26,  3.05it/s]
Epoch 4/10:  86%|████████▌ | 467/546 [02:32<00:25,  3.05it/s]
Epoch 4/10:  86%|████████▌ | 468/546 [02:33<00:25,  3.05it/s]
Epoch 4/10:  86%|████████▌ | 469/546 [02:33<00:25,  3.06it/s]
Epoch 4/10:  86%|████████▌ | 470/546 [02:33<00:24,  3.06it/s]
Epoch 4/10:  86%|████████▋ | 471/546 [02:34<00:24,  3.06it/s]
Epoch 4/10:  86%|████████▋ | 472/546 [02:34<00:24,  3.06it/s]
Epoch 4/10:  87%|████████▋ | 473/546 [02:34<00:23,  3.05it/s]
Epoch 4/10:  87%|████████▋ | 474/546 [02:35<00:23,  3.06it/s]
Epoch 4/10:  87%|████████▋ | 475/546 [02:35<00:23,  3.05it/s]
Epoch 4/10:  87%|████████▋ | 476/546 [02:35<00:22,  3.05it/s]
Epoch 4/10:  87%|████████▋ | 477/546 [02:36<00:22,  3.06it/s]
Epoch 4/10:  88%|████████▊ | 478/546 [02:36<00:22,  3.06it/s]
Epoch 4/10:  88%|████████▊ | 479/546 [02:36<00:21,  3.05it/s]
Epoch 4/10:  88%|████████▊ | 480/546 [02:37<00:21,  3.06it/s]
Epoch 4/10:  88%|████████▊ | 481/546 [02:37<00:21,  3.06it/s]
Epoch 4/10:  88%|████████▊ | 482/546 [02:37<00:20,  3.06it/s]
Epoch 4/10:  88%|████████▊ | 483/546 [02:38<00:20,  3.05it/s]
Epoch 4/10:  89%|████████▊ | 484/546 [02:38<00:20,  3.05it/s]
Epoch 4/10:  89%|████████▉ | 485/546 [02:38<00:19,  3.05it/s]
Epoch 4/10:  89%|████████▉ | 486/546 [02:39<00:19,  3.05it/s]
Epoch 4/10:  89%|████████▉ | 487/546 [02:39<00:19,  3.05it/s]
Epoch 4/10:  89%|████████▉ | 488/546 [02:39<00:18,  3.05it/s]
Epoch 4/10:  90%|████████▉ | 489/546 [02:40<00:18,  3.05it/s]
Epoch 4/10:  90%|████████▉ | 490/546 [02:40<00:18,  3.05it/s]
Epoch 4/10:  90%|████████▉ | 491/546 [02:40<00:18,  3.05it/s]
Epoch 4/10:  90%|█████████ | 492/546 [02:41<00:17,  3.05it/s]
Epoch 4/10:  90%|█████████ | 493/546 [02:41<00:17,  3.05it/s]
Epoch 4/10:  90%|█████████ | 494/546 [02:41<00:17,  3.05it/s]
Epoch 4/10:  91%|█████████ | 495/546 [02:42<00:16,  3.05it/s]
Epoch 4/10:  91%|█████████ | 496/546 [02:42<00:16,  3.05it/s]
Epoch 4/10:  91%|█████████ | 497/546 [02:42<00:16,  3.05it/s]
Epoch 4/10:  91%|█████████ | 498/546 [02:43<00:15,  3.05it/s]
Epoch 4/10:  91%|█████████▏| 499/546 [02:43<00:15,  3.05it/s]
Epoch 4/10:  92%|█████████▏| 500/546 [02:43<00:15,  3.05it/s]
Epoch 4/10:  92%|█████████▏| 501/546 [02:44<00:14,  3.05it/s]
Epoch 4/10:  92%|█████████▏| 502/546 [02:44<00:14,  3.05it/s]
Epoch 4/10:  92%|█████████▏| 503/546 [02:44<00:14,  3.05it/s]
Epoch 4/10:  92%|█████████▏| 504/546 [02:45<00:13,  3.05it/s]
Epoch 4/10:  92%|█████████▏| 505/546 [02:45<00:13,  3.06it/s]
Epoch 4/10:  93%|█████████▎| 506/546 [02:45<00:13,  3.05it/s]
Epoch 4/10:  93%|█████████▎| 507/546 [02:46<00:12,  3.05it/s]
Epoch 4/10:  93%|█████████▎| 508/546 [02:46<00:12,  3.05it/s]
Epoch 4/10:  93%|█████████▎| 509/546 [02:46<00:12,  3.05it/s]
Epoch 4/10:  93%|█████████▎| 510/546 [02:47<00:11,  3.05it/s]
Epoch 4/10:  94%|█████████▎| 511/546 [02:47<00:11,  3.05it/s]
Epoch 4/10:  94%|█████████▍| 512/546 [02:47<00:11,  3.06it/s]
Epoch 4/10:  94%|█████████▍| 513/546 [02:48<00:10,  3.06it/s]
Epoch 4/10:  94%|█████████▍| 514/546 [02:48<00:10,  3.05it/s]
Epoch 4/10:  94%|█████████▍| 515/546 [02:48<00:10,  3.05it/s]
Epoch 4/10:  95%|█████████▍| 516/546 [02:49<00:09,  3.06it/s]
Epoch 4/10:  95%|█████████▍| 517/546 [02:49<00:09,  3.06it/s]
Epoch 4/10:  95%|█████████▍| 518/546 [02:49<00:09,  3.06it/s]
Epoch 4/10:  95%|█████████▌| 519/546 [02:50<00:08,  3.06it/s]
Epoch 4/10:  95%|█████████▌| 520/546 [02:50<00:08,  3.05it/s]
Epoch 4/10:  95%|█████████▌| 521/546 [02:50<00:08,  3.05it/s]
Epoch 4/10:  96%|█████████▌| 522/546 [02:50<00:07,  3.05it/s]
Epoch 4/10:  96%|█████████▌| 523/546 [02:51<00:07,  3.05it/s]
Epoch 4/10:  96%|█████████▌| 524/546 [02:51<00:07,  3.05it/s]
Epoch 4/10:  96%|█████████▌| 525/546 [02:51<00:06,  3.05it/s]
Epoch 4/10:  96%|█████████▋| 526/546 [02:52<00:06,  3.05it/s]
Epoch 4/10:  97%|█████████▋| 527/546 [02:52<00:06,  3.05it/s]
Epoch 4/10:  97%|█████████▋| 528/546 [02:52<00:05,  3.05it/s]
Epoch 4/10:  97%|█████████▋| 529/546 [02:53<00:05,  3.05it/s]
Epoch 4/10:  97%|█████████▋| 530/546 [02:53<00:05,  3.05it/s]
Epoch 4/10:  97%|█████████▋| 531/546 [02:53<00:04,  3.06it/s]
Epoch 4/10:  97%|█████████▋| 532/546 [02:54<00:04,  3.06it/s]
Epoch 4/10:  98%|█████████▊| 533/546 [02:54<00:04,  3.06it/s]
Epoch 4/10:  98%|█████████▊| 534/546 [02:54<00:03,  3.06it/s]
Epoch 4/10:  98%|█████████▊| 535/546 [02:55<00:03,  3.05it/s]
Epoch 4/10:  98%|█████████▊| 536/546 [02:55<00:03,  3.06it/s]
Epoch 4/10:  98%|█████████▊| 537/546 [02:55<00:02,  3.06it/s]
Epoch 4/10:  99%|█████████▊| 538/546 [02:56<00:02,  3.06it/s]
Epoch 4/10:  99%|█████████▊| 539/546 [02:56<00:02,  3.06it/s]
Epoch 4/10:  99%|█████████▉| 540/546 [02:56<00:01,  3.06it/s]
Epoch 4/10:  99%|█████████▉| 541/546 [02:57<00:01,  3.06it/s]
Epoch 4/10:  99%|█████████▉| 542/546 [02:57<00:01,  3.06it/s]
Epoch 4/10:  99%|█████████▉| 543/546 [02:57<00:00,  3.06it/s]
Epoch 4/10: 100%|█████████▉| 544/546 [02:58<00:00,  3.06it/s]
Epoch 4/10: 100%|█████████▉| 545/546 [02:58<00:00,  3.05it/s]
Epoch 4/10: 100%|██████████| 546/546 [02:58<00:00,  3.05it/s]
Epoch 4/10: 100%|██████████| 546/546 [02:58<00:00,  3.05it/s]
/user/nirish.samant/u28445/.conda/envs/dnlp/lib/python3.10/site-packages/sklearn/metrics/_classification.py:407: UserWarning: A single label was found in 'y_true' and 'y_pred'. For the confusion matrix to have the correct shape, use the 'labels' parameter to pass all known labels.
  warnings.warn(

Epoch 5/10:   0%|          | 0/546 [00:00<?, ?it/s]
Epoch 5/10:   0%|          | 1/546 [00:00<03:17,  2.76it/s]
Epoch 5/10:   0%|          | 2/546 [00:00<03:06,  2.92it/s]
Epoch 5/10:   1%|          | 3/546 [00:01<03:02,  2.98it/s]
Epoch 5/10:   1%|          | 4/546 [00:01<03:00,  3.01it/s]
Epoch 5/10:   1%|          | 5/546 [00:01<02:58,  3.03it/s]
Epoch 5/10:   1%|          | 6/546 [00:01<02:57,  3.04it/s]
Epoch 5/10:   1%|▏         | 7/546 [00:02<02:57,  3.04it/s]
Epoch 5/10:   1%|▏         | 8/546 [00:02<02:56,  3.05it/s]
Epoch 5/10:   2%|▏         | 9/546 [00:02<02:56,  3.05it/s]
Epoch 5/10:   2%|▏         | 10/546 [00:03<02:55,  3.05it/s]
Epoch 5/10:   2%|▏         | 11/546 [00:03<02:55,  3.05it/s]
Epoch 5/10:   2%|▏         | 12/546 [00:03<02:54,  3.05it/s]
Epoch 5/10:   2%|▏         | 13/546 [00:04<02:54,  3.05it/s]
Epoch 5/10:   3%|▎         | 14/546 [00:04<02:54,  3.05it/s]
Epoch 5/10:   3%|▎         | 15/546 [00:04<02:53,  3.05it/s]
Epoch 5/10:   3%|▎         | 16/546 [00:05<02:53,  3.05it/s]
Epoch 5/10:   3%|▎         | 17/546 [00:05<02:53,  3.05it/s]
Epoch 5/10:   3%|▎         | 18/546 [00:05<02:52,  3.06it/s]
Epoch 5/10:   3%|▎         | 19/546 [00:06<02:52,  3.06it/s]
Epoch 5/10:   4%|▎         | 20/546 [00:06<02:52,  3.05it/s]
Epoch 5/10:   4%|▍         | 21/546 [00:06<02:51,  3.05it/s]
Epoch 5/10:   4%|▍         | 22/546 [00:07<02:51,  3.05it/s]
Epoch 5/10:   4%|▍         | 23/546 [00:07<02:51,  3.05it/s]
Epoch 5/10:   4%|▍         | 24/546 [00:07<02:50,  3.05it/s]
Epoch 5/10:   5%|▍         | 25/546 [00:08<02:50,  3.05it/s]
Epoch 5/10:   5%|▍         | 26/546 [00:08<02:50,  3.05it/s]
Epoch 5/10:   5%|▍         | 27/546 [00:08<02:49,  3.05it/s]
Epoch 5/10:   5%|▌         | 28/546 [00:09<02:49,  3.05it/s]
Epoch 5/10:   5%|▌         | 29/546 [00:09<02:49,  3.05it/s]
Epoch 5/10:   5%|▌         | 30/546 [00:09<02:48,  3.05it/s]
Epoch 5/10:   6%|▌         | 31/546 [00:10<02:48,  3.05it/s]
Epoch 5/10:   6%|▌         | 32/546 [00:10<02:48,  3.05it/s]
Epoch 5/10:   6%|▌         | 33/546 [00:10<02:48,  3.05it/s]
Epoch 5/10:   6%|▌         | 34/546 [00:11<02:47,  3.05it/s]
Epoch 5/10:   6%|▋         | 35/546 [00:11<02:47,  3.05it/s]
Epoch 5/10:   7%|▋         | 36/546 [00:11<02:47,  3.05it/s]
Epoch 5/10:   7%|▋         | 37/546 [00:12<02:46,  3.05it/s]
Epoch 5/10:   7%|▋         | 38/546 [00:12<02:46,  3.05it/s]
Epoch 5/10:   7%|▋         | 39/546 [00:12<02:46,  3.05it/s]
Epoch 5/10:   7%|▋         | 40/546 [00:13<02:45,  3.05it/s]
Epoch 5/10:   8%|▊         | 41/546 [00:13<02:45,  3.05it/s]
Epoch 5/10:   8%|▊         | 42/546 [00:13<02:45,  3.05it/s]
Epoch 5/10:   8%|▊         | 43/546 [00:14<02:44,  3.05it/s]
Epoch 5/10:   8%|▊         | 44/546 [00:14<02:44,  3.05it/s]
Epoch 5/10:   8%|▊         | 45/546 [00:14<02:44,  3.05it/s]
Epoch 5/10:   8%|▊         | 46/546 [00:15<02:43,  3.05it/s]
Epoch 5/10:   9%|▊         | 47/546 [00:15<02:43,  3.05it/s]
Epoch 5/10:   9%|▉         | 48/546 [00:15<02:43,  3.05it/s]
Epoch 5/10:   9%|▉         | 49/546 [00:16<02:42,  3.05it/s]
Epoch 5/10:   9%|▉         | 50/546 [00:16<02:42,  3.05it/s]
Epoch 5/10:   9%|▉         | 51/546 [00:16<02:42,  3.05it/s]
Epoch 5/10:  10%|▉         | 52/546 [00:17<02:41,  3.05it/s]
Epoch 5/10:  10%|▉         | 53/546 [00:17<02:41,  3.05it/s]
Epoch 5/10:  10%|▉         | 54/546 [00:17<02:41,  3.05it/s]
Epoch 5/10:  10%|█         | 55/546 [00:18<02:40,  3.05it/s]
Epoch 5/10:  10%|█         | 56/546 [00:18<02:40,  3.05it/s]
Epoch 5/10:  10%|█         | 57/546 [00:18<02:40,  3.05it/s]
Epoch 5/10:  11%|█         | 58/546 [00:19<02:39,  3.05it/s]
Epoch 5/10:  11%|█         | 59/546 [00:19<02:39,  3.05it/s]
Epoch 5/10:  11%|█         | 60/546 [00:19<02:39,  3.05it/s]
Epoch 5/10:  11%|█         | 61/546 [00:20<02:38,  3.05it/s]
Epoch 5/10:  11%|█▏        | 62/546 [00:20<02:38,  3.05it/s]
Epoch 5/10:  12%|█▏        | 63/546 [00:20<02:38,  3.05it/s]
Epoch 5/10:  12%|█▏        | 64/546 [00:20<02:37,  3.05it/s]
Epoch 5/10:  12%|█▏        | 65/546 [00:21<02:37,  3.05it/s]
Epoch 5/10:  12%|█▏        | 66/546 [00:21<02:37,  3.05it/s]
Epoch 5/10:  12%|█▏        | 67/546 [00:21<02:36,  3.05it/s]
Epoch 5/10:  12%|█▏        | 68/546 [00:22<02:36,  3.05it/s]
Epoch 5/10:  13%|█▎        | 69/546 [00:22<02:36,  3.05it/s]
Epoch 5/10:  13%|█▎        | 70/546 [00:22<02:35,  3.05it/s]
Epoch 5/10:  13%|█▎        | 71/546 [00:23<02:35,  3.05it/s]
Epoch 5/10:  13%|█▎        | 72/546 [00:23<02:35,  3.05it/s]
Epoch 5/10:  13%|█▎        | 73/546 [00:23<02:34,  3.05it/s]
Epoch 5/10:  14%|█▎        | 74/546 [00:24<02:34,  3.06it/s]
Epoch 5/10:  14%|█▎        | 75/546 [00:24<02:34,  3.06it/s]
Epoch 5/10:  14%|█▍        | 76/546 [00:24<02:33,  3.06it/s]
Epoch 5/10:  14%|█▍        | 77/546 [00:25<02:33,  3.05it/s]
Epoch 5/10:  14%|█▍        | 78/546 [00:25<02:33,  3.05it/s]
Epoch 5/10:  14%|█▍        | 79/546 [00:25<02:32,  3.05it/s]
Epoch 5/10:  15%|█▍        | 80/546 [00:26<02:32,  3.05it/s]
Epoch 5/10:  15%|█▍        | 81/546 [00:26<02:32,  3.05it/s]
Epoch 5/10:  15%|█▌        | 82/546 [00:26<02:31,  3.05it/s]
Epoch 5/10:  15%|█▌        | 83/546 [00:27<02:31,  3.05it/s]
Epoch 5/10:  15%|█▌        | 84/546 [00:27<02:31,  3.05it/s]
Epoch 5/10:  16%|█▌        | 85/546 [00:27<02:30,  3.05it/s]
Epoch 5/10:  16%|█▌        | 86/546 [00:28<02:30,  3.05it/s]
Epoch 5/10:  16%|█▌        | 87/546 [00:28<02:30,  3.05it/s]
Epoch 5/10:  16%|█▌        | 88/546 [00:28<02:29,  3.06it/s]
Epoch 5/10:  16%|█▋        | 89/546 [00:29<02:29,  3.06it/s]
Epoch 5/10:  16%|█▋        | 90/546 [00:29<02:29,  3.06it/s]
Epoch 5/10:  17%|█▋        | 91/546 [00:29<02:28,  3.06it/s]
Epoch 5/10:  17%|█▋        | 92/546 [00:30<02:28,  3.05it/s]
Epoch 5/10:  17%|█▋        | 93/546 [00:30<02:28,  3.05it/s]
Epoch 5/10:  17%|█▋        | 94/546 [00:30<02:28,  3.05it/s]
Epoch 5/10:  17%|█▋        | 95/546 [00:31<02:27,  3.05it/s]
Epoch 5/10:  18%|█▊        | 96/546 [00:31<02:27,  3.06it/s]
Epoch 5/10:  18%|█▊        | 97/546 [00:31<02:26,  3.06it/s]
Epoch 5/10:  18%|█▊        | 98/546 [00:32<02:26,  3.05it/s]
Epoch 5/10:  18%|█▊        | 99/546 [00:32<02:26,  3.05it/s]
Epoch 5/10:  18%|█▊        | 100/546 [00:32<02:26,  3.05it/s]
Epoch 5/10:  18%|█▊        | 101/546 [00:33<02:25,  3.05it/s]
Epoch 5/10:  19%|█▊        | 102/546 [00:33<02:25,  3.05it/s]
Epoch 5/10:  19%|█▉        | 103/546 [00:33<02:25,  3.05it/s]
Epoch 5/10:  19%|█▉        | 104/546 [00:34<02:24,  3.05it/s]
Epoch 5/10:  19%|█▉        | 105/546 [00:34<02:24,  3.05it/s]
Epoch 5/10:  19%|█▉        | 106/546 [00:34<02:24,  3.05it/s]
Epoch 5/10:  20%|█▉        | 107/546 [00:35<02:23,  3.05it/s]
Epoch 5/10:  20%|█▉        | 108/546 [00:35<02:23,  3.05it/s]
Epoch 5/10:  20%|█▉        | 109/546 [00:35<02:23,  3.05it/s]
Epoch 5/10:  20%|██        | 110/546 [00:36<02:22,  3.05it/s]
Epoch 5/10:  20%|██        | 111/546 [00:36<02:22,  3.05it/s]
Epoch 5/10:  21%|██        | 112/546 [00:36<02:22,  3.05it/s]
Epoch 5/10:  21%|██        | 113/546 [00:37<02:21,  3.05it/s]
Epoch 5/10:  21%|██        | 114/546 [00:37<02:21,  3.05it/s]
Epoch 5/10:  21%|██        | 115/546 [00:37<02:21,  3.05it/s]
Epoch 5/10:  21%|██        | 116/546 [00:38<02:20,  3.05it/s]
Epoch 5/10:  21%|██▏       | 117/546 [00:38<02:20,  3.05it/s]
Epoch 5/10:  22%|██▏       | 118/546 [00:38<02:20,  3.05it/s]
Epoch 5/10:  22%|██▏       | 119/546 [00:39<02:19,  3.05it/s]
Epoch 5/10:  22%|██▏       | 120/546 [00:39<02:19,  3.05it/s]
Epoch 5/10:  22%|██▏       | 121/546 [00:39<02:19,  3.05it/s]
Epoch 5/10:  22%|██▏       | 122/546 [00:39<02:18,  3.05it/s]
Epoch 5/10:  23%|██▎       | 123/546 [00:40<02:18,  3.05it/s]
Epoch 5/10:  23%|██▎       | 124/546 [00:40<02:18,  3.05it/s]
Epoch 5/10:  23%|██▎       | 125/546 [00:40<02:17,  3.05it/s]
Epoch 5/10:  23%|██▎       | 126/546 [00:41<02:17,  3.05it/s]
Epoch 5/10:  23%|██▎       | 127/546 [00:41<02:17,  3.05it/s]
Epoch 5/10:  23%|██▎       | 128/546 [00:41<02:16,  3.05it/s]
Epoch 5/10:  24%|██▎       | 129/546 [00:42<02:16,  3.05it/s]
Epoch 5/10:  24%|██▍       | 130/546 [00:42<02:16,  3.05it/s]
Epoch 5/10:  24%|██▍       | 131/546 [00:42<02:15,  3.05it/s]
Epoch 5/10:  24%|██▍       | 132/546 [00:43<02:15,  3.05it/s]
Epoch 5/10:  24%|██▍       | 133/546 [00:43<02:15,  3.05it/s]
Epoch 5/10:  25%|██▍       | 134/546 [00:43<02:14,  3.05it/s]
Epoch 5/10:  25%|██▍       | 135/546 [00:44<02:14,  3.05it/s]
Epoch 5/10:  25%|██▍       | 136/546 [00:44<02:14,  3.06it/s]
Epoch 5/10:  25%|██▌       | 137/546 [00:44<02:13,  3.06it/s]
Epoch 5/10:  25%|██▌       | 138/546 [00:45<02:13,  3.06it/s]
Epoch 5/10:  25%|██▌       | 139/546 [00:45<02:13,  3.05it/s]
Epoch 5/10:  26%|██▌       | 140/546 [00:45<02:12,  3.06it/s]
Epoch 5/10:  26%|██▌       | 141/546 [00:46<02:12,  3.06it/s]
Epoch 5/10:  26%|██▌       | 142/546 [00:46<02:12,  3.05it/s]
Epoch 5/10:  26%|██▌       | 143/546 [00:46<02:11,  3.05it/s]
Epoch 5/10:  26%|██▋       | 144/546 [00:47<02:11,  3.06it/s]
Epoch 5/10:  27%|██▋       | 145/546 [00:47<02:11,  3.05it/s]
Epoch 5/10:  27%|██▋       | 146/546 [00:47<02:10,  3.05it/s]
Epoch 5/10:  27%|██▋       | 147/546 [00:48<02:10,  3.05it/s]
Epoch 5/10:  27%|██▋       | 148/546 [00:48<02:10,  3.06it/s]
Epoch 5/10:  27%|██▋       | 149/546 [00:48<02:09,  3.06it/s]
Epoch 5/10:  27%|██▋       | 150/546 [00:49<02:09,  3.06it/s]
Epoch 5/10:  28%|██▊       | 151/546 [00:49<02:09,  3.06it/s]
Epoch 5/10:  28%|██▊       | 152/546 [00:49<02:08,  3.06it/s]
Epoch 5/10:  28%|██▊       | 153/546 [00:50<02:08,  3.06it/s]
Epoch 5/10:  28%|██▊       | 154/546 [00:50<02:08,  3.06it/s]
Epoch 5/10:  28%|██▊       | 155/546 [00:50<02:07,  3.06it/s]
Epoch 5/10:  29%|██▊       | 156/546 [00:51<02:07,  3.05it/s]
Epoch 5/10:  29%|██▉       | 157/546 [00:51<02:07,  3.05it/s]
Epoch 5/10:  29%|██▉       | 158/546 [00:51<02:06,  3.06it/s]
Epoch 5/10:  29%|██▉       | 159/546 [00:52<02:06,  3.06it/s]
Epoch 5/10:  29%|██▉       | 160/546 [00:52<02:06,  3.06it/s]
Epoch 5/10:  29%|██▉       | 161/546 [00:52<02:06,  3.06it/s]
Epoch 5/10:  30%|██▉       | 162/546 [00:53<02:05,  3.05it/s]
Epoch 5/10:  30%|██▉       | 163/546 [00:53<02:05,  3.05it/s]
Epoch 5/10:  30%|███       | 164/546 [00:53<02:05,  3.05it/s]
Epoch 5/10:  30%|███       | 165/546 [00:54<02:04,  3.05it/s]
Epoch 5/10:  30%|███       | 166/546 [00:54<02:04,  3.05it/s]
Epoch 5/10:  31%|███       | 167/546 [00:54<02:04,  3.05it/s]
Epoch 5/10:  31%|███       | 168/546 [00:55<02:03,  3.05it/s]
Epoch 5/10:  31%|███       | 169/546 [00:55<02:03,  3.05it/s]
Epoch 5/10:  31%|███       | 170/546 [00:55<02:03,  3.05it/s]
Epoch 5/10:  31%|███▏      | 171/546 [00:56<02:02,  3.05it/s]
Epoch 5/10:  32%|███▏      | 172/546 [00:56<02:02,  3.05it/s]
Epoch 5/10:  32%|███▏      | 173/546 [00:56<02:02,  3.05it/s]
Epoch 5/10:  32%|███▏      | 174/546 [00:57<02:01,  3.05it/s]
Epoch 5/10:  32%|███▏      | 175/546 [00:57<02:01,  3.05it/s]
Epoch 5/10:  32%|███▏      | 176/546 [00:57<02:01,  3.05it/s]
Epoch 5/10:  32%|███▏      | 177/546 [00:57<02:00,  3.05it/s]
Epoch 5/10:  33%|███▎      | 178/546 [00:58<02:00,  3.05it/s]
Epoch 5/10:  33%|███▎      | 179/546 [00:58<02:00,  3.05it/s]
Epoch 5/10:  33%|███▎      | 180/546 [00:58<01:59,  3.05it/s]
Epoch 5/10:  33%|███▎      | 181/546 [00:59<01:59,  3.05it/s]
Epoch 5/10:  33%|███▎      | 182/546 [00:59<01:59,  3.05it/s]
Epoch 5/10:  34%|███▎      | 183/546 [00:59<01:58,  3.05it/s]
Epoch 5/10:  34%|███▎      | 184/546 [01:00<01:58,  3.05it/s]
Epoch 5/10:  34%|███▍      | 185/546 [01:00<01:59,  3.03it/s]
Epoch 5/10:  34%|███▍      | 186/546 [01:00<01:58,  3.04it/s]
Epoch 5/10:  34%|███▍      | 187/546 [01:01<01:57,  3.04it/s]
Epoch 5/10:  34%|███▍      | 188/546 [01:01<01:57,  3.05it/s]
Epoch 5/10:  35%|███▍      | 189/546 [01:01<01:57,  3.05it/s]
Epoch 5/10:  35%|███▍      | 190/546 [01:02<01:56,  3.05it/s]
Epoch 5/10:  35%|███▍      | 191/546 [01:02<01:56,  3.05it/s]
Epoch 5/10:  35%|███▌      | 192/546 [01:02<01:55,  3.05it/s]
Epoch 5/10:  35%|███▌      | 193/546 [01:03<01:55,  3.05it/s]
Epoch 5/10:  36%|███▌      | 194/546 [01:03<01:55,  3.05it/s]
Epoch 5/10:  36%|███▌      | 195/546 [01:03<01:54,  3.05it/s]
Epoch 5/10:  36%|███▌      | 196/546 [01:04<01:54,  3.05it/s]
Epoch 5/10:  36%|███▌      | 197/546 [01:04<01:54,  3.05it/s]
Epoch 5/10:  36%|███▋      | 198/546 [01:04<01:53,  3.05it/s]
Epoch 5/10:  36%|███▋      | 199/546 [01:05<01:53,  3.05it/s]
Epoch 5/10:  37%|███▋      | 200/546 [01:05<01:53,  3.05it/s]
Epoch 5/10:  37%|███▋      | 201/546 [01:05<01:52,  3.05it/s]
Epoch 5/10:  37%|███▋      | 202/546 [01:06<01:52,  3.05it/s]
Epoch 5/10:  37%|███▋      | 203/546 [01:06<01:52,  3.05it/s]
Epoch 5/10:  37%|███▋      | 204/546 [01:06<01:51,  3.05it/s]
Epoch 5/10:  38%|███▊      | 205/546 [01:07<01:51,  3.05it/s]
Epoch 5/10:  38%|███▊      | 206/546 [01:07<01:51,  3.05it/s]
Epoch 5/10:  38%|███▊      | 207/546 [01:07<01:50,  3.05it/s]
Epoch 5/10:  38%|███▊      | 208/546 [01:08<01:50,  3.06it/s]
Epoch 5/10:  38%|███▊      | 209/546 [01:08<01:50,  3.06it/s]
Epoch 5/10:  38%|███▊      | 210/546 [01:08<01:49,  3.06it/s]
Epoch 5/10:  39%|███▊      | 211/546 [01:09<01:49,  3.06it/s]
Epoch 5/10:  39%|███▉      | 212/546 [01:09<01:49,  3.06it/s]
Epoch 5/10:  39%|███▉      | 213/546 [01:09<01:49,  3.05it/s]
Epoch 5/10:  39%|███▉      | 214/546 [01:10<01:48,  3.05it/s]
Epoch 5/10:  39%|███▉      | 215/546 [01:10<01:48,  3.05it/s]
Epoch 5/10:  40%|███▉      | 216/546 [01:10<01:48,  3.05it/s]
Epoch 5/10:  40%|███▉      | 217/546 [01:11<01:47,  3.05it/s]
Epoch 5/10:  40%|███▉      | 218/546 [01:11<01:47,  3.05it/s]
Epoch 5/10:  40%|████      | 219/546 [01:11<01:47,  3.05it/s]
Epoch 5/10:  40%|████      | 220/546 [01:12<01:46,  3.05it/s]
Epoch 5/10:  40%|████      | 221/546 [01:12<01:46,  3.05it/s]
Epoch 5/10:  41%|████      | 222/546 [01:12<01:46,  3.05it/s]
Epoch 5/10:  41%|████      | 223/546 [01:13<01:45,  3.05it/s]
Epoch 5/10:  41%|████      | 224/546 [01:13<01:45,  3.05it/s]
Epoch 5/10:  41%|████      | 225/546 [01:13<01:45,  3.05it/s]
Epoch 5/10:  41%|████▏     | 226/546 [01:14<01:44,  3.05it/s]
Epoch 5/10:  42%|████▏     | 227/546 [01:14<01:44,  3.05it/s]
Epoch 5/10:  42%|████▏     | 228/546 [01:14<01:44,  3.05it/s]
Epoch 5/10:  42%|████▏     | 229/546 [01:15<01:43,  3.05it/s]
Epoch 5/10:  42%|████▏     | 230/546 [01:15<01:43,  3.05it/s]
Epoch 5/10:  42%|████▏     | 231/546 [01:15<01:43,  3.05it/s]
Epoch 5/10:  42%|████▏     | 232/546 [01:16<01:42,  3.05it/s]
Epoch 5/10:  43%|████▎     | 233/546 [01:16<01:42,  3.05it/s]
Epoch 5/10:  43%|████▎     | 234/546 [01:16<01:42,  3.05it/s]
Epoch 5/10:  43%|████▎     | 235/546 [01:16<01:41,  3.05it/s]
Epoch 5/10:  43%|████▎     | 236/546 [01:17<01:41,  3.05it/s]
Epoch 5/10:  43%|████▎     | 237/546 [01:17<01:41,  3.05it/s]
Epoch 5/10:  44%|████▎     | 238/546 [01:17<01:40,  3.05it/s]
Epoch 5/10:  44%|████▍     | 239/546 [01:18<01:40,  3.05it/s]
Epoch 5/10:  44%|████▍     | 240/546 [01:18<01:40,  3.05it/s]
Epoch 5/10:  44%|████▍     | 241/546 [01:18<01:39,  3.05it/s]
Epoch 5/10:  44%|████▍     | 242/546 [01:19<01:39,  3.05it/s]
Epoch 5/10:  45%|████▍     | 243/546 [01:19<01:39,  3.05it/s]
Epoch 5/10:  45%|████▍     | 244/546 [01:19<01:38,  3.05it/s]
Epoch 5/10:  45%|████▍     | 245/546 [01:20<01:38,  3.05it/s]
Epoch 5/10:  45%|████▌     | 246/546 [01:20<01:38,  3.05it/s]
Epoch 5/10:  45%|████▌     | 247/546 [01:20<01:38,  3.05it/s]
Epoch 5/10:  45%|████▌     | 248/546 [01:21<01:37,  3.05it/s]
Epoch 5/10:  46%|████▌     | 249/546 [01:21<01:37,  3.05it/s]
Epoch 5/10:  46%|████▌     | 250/546 [01:21<01:36,  3.05it/s]
Epoch 5/10:  46%|████▌     | 251/546 [01:22<01:36,  3.05it/s]
Epoch 5/10:  46%|████▌     | 252/546 [01:22<01:36,  3.05it/s]
Epoch 5/10:  46%|████▋     | 253/546 [01:22<01:35,  3.05it/s]
Epoch 5/10:  47%|████▋     | 254/546 [01:23<01:35,  3.05it/s]
Epoch 5/10:  47%|████▋     | 255/546 [01:23<01:35,  3.05it/s]
Epoch 5/10:  47%|████▋     | 256/546 [01:23<01:34,  3.05it/s]
Epoch 5/10:  47%|████▋     | 257/546 [01:24<01:34,  3.05it/s]
Epoch 5/10:  47%|████▋     | 258/546 [01:24<01:34,  3.05it/s]
Epoch 5/10:  47%|████▋     | 259/546 [01:24<01:33,  3.05it/s]
Epoch 5/10:  48%|████▊     | 260/546 [01:25<01:33,  3.06it/s]
Epoch 5/10:  48%|████▊     | 261/546 [01:25<01:33,  3.06it/s]
Epoch 5/10:  48%|████▊     | 262/546 [01:25<01:32,  3.05it/s]
Epoch 5/10:  48%|████▊     | 263/546 [01:26<01:32,  3.05it/s]
Epoch 5/10:  48%|████▊     | 264/546 [01:26<01:32,  3.05it/s]
Epoch 5/10:  49%|████▊     | 265/546 [01:26<01:32,  3.05it/s]
Epoch 5/10:  49%|████▊     | 266/546 [01:27<01:31,  3.05it/s]
Epoch 5/10:  49%|████▉     | 267/546 [01:27<01:31,  3.06it/s]
Epoch 5/10:  49%|████▉     | 268/546 [01:27<01:30,  3.06it/s]
Epoch 5/10:  49%|████▉     | 269/546 [01:28<01:30,  3.06it/s]
Epoch 5/10:  49%|████▉     | 270/546 [01:28<01:30,  3.06it/s]
Epoch 5/10:  50%|████▉     | 271/546 [01:28<01:29,  3.06it/s]
Epoch 5/10:  50%|████▉     | 272/546 [01:29<01:29,  3.06it/s]
Epoch 5/10:  50%|█████     | 273/546 [01:29<01:29,  3.06it/s]
Epoch 5/10:  50%|█████     | 274/546 [01:29<01:29,  3.05it/s]
Epoch 5/10:  50%|█████     | 275/546 [01:30<01:28,  3.06it/s]
Epoch 5/10:  51%|█████     | 276/546 [01:30<01:28,  3.06it/s]
Epoch 5/10:  51%|█████     | 277/546 [01:30<01:28,  3.05it/s]
Epoch 5/10:  51%|█████     | 278/546 [01:31<01:27,  3.05it/s]
Epoch 5/10:  51%|█████     | 279/546 [01:31<01:27,  3.06it/s]
Epoch 5/10:  51%|█████▏    | 280/546 [01:31<01:27,  3.06it/s]
Epoch 5/10:  51%|█████▏    | 281/546 [01:32<01:26,  3.06it/s]
Epoch 5/10:  52%|█████▏    | 282/546 [01:32<01:26,  3.06it/s]
Epoch 5/10:  52%|█████▏    | 283/546 [01:32<01:26,  3.06it/s]
Epoch 5/10:  52%|█████▏    | 284/546 [01:33<01:25,  3.06it/s]
Epoch 5/10:  52%|█████▏    | 285/546 [01:33<01:25,  3.06it/s]
Epoch 5/10:  52%|█████▏    | 286/546 [01:33<01:25,  3.06it/s]
Epoch 5/10:  53%|█████▎    | 287/546 [01:34<01:24,  3.06it/s]
Epoch 5/10:  53%|█████▎    | 288/546 [01:34<01:24,  3.06it/s]
Epoch 5/10:  53%|█████▎    | 289/546 [01:34<01:24,  3.06it/s]
Epoch 5/10:  53%|█████▎    | 290/546 [01:35<01:23,  3.06it/s]
Epoch 5/10:  53%|█████▎    | 291/546 [01:35<01:23,  3.06it/s]
Epoch 5/10:  53%|█████▎    | 292/546 [01:35<01:23,  3.06it/s]
Epoch 5/10:  54%|█████▎    | 293/546 [01:35<01:22,  3.05it/s]
Epoch 5/10:  54%|█████▍    | 294/546 [01:36<01:22,  3.06it/s]
Epoch 5/10:  54%|█████▍    | 295/546 [01:36<01:22,  3.06it/s]
Epoch 5/10:  54%|█████▍    | 296/546 [01:36<01:21,  3.06it/s]
Epoch 5/10:  54%|█████▍    | 297/546 [01:37<01:21,  3.05it/s]
Epoch 5/10:  55%|█████▍    | 298/546 [01:37<01:21,  3.06it/s]
Epoch 5/10:  55%|█████▍    | 299/546 [01:37<01:20,  3.06it/s]
Epoch 5/10:  55%|█████▍    | 300/546 [01:38<01:20,  3.06it/s]
Epoch 5/10:  55%|█████▌    | 301/546 [01:38<01:20,  3.06it/s]
Epoch 5/10:  55%|█████▌    | 302/546 [01:38<01:19,  3.06it/s]
Epoch 5/10:  55%|█████▌    | 303/546 [01:39<01:19,  3.06it/s]
Epoch 5/10:  56%|█████▌    | 304/546 [01:39<01:19,  3.06it/s]
Epoch 5/10:  56%|█████▌    | 305/546 [01:39<01:18,  3.05it/s]
Epoch 5/10:  56%|█████▌    | 306/546 [01:40<01:18,  3.06it/s]
Epoch 5/10:  56%|█████▌    | 307/546 [01:40<01:18,  3.06it/s]
Epoch 5/10:  56%|█████▋    | 308/546 [01:40<01:17,  3.06it/s]
Epoch 5/10:  57%|█████▋    | 309/546 [01:41<01:17,  3.06it/s]
Epoch 5/10:  57%|█████▋    | 310/546 [01:41<01:17,  3.06it/s]
Epoch 5/10:  57%|█████▋    | 311/546 [01:41<01:16,  3.06it/s]
Epoch 5/10:  57%|█████▋    | 312/546 [01:42<01:16,  3.06it/s]
Epoch 5/10:  57%|█████▋    | 313/546 [01:42<01:16,  3.05it/s]
Epoch 5/10:  58%|█████▊    | 314/546 [01:42<01:15,  3.06it/s]
Epoch 5/10:  58%|█████▊    | 315/546 [01:43<01:15,  3.06it/s]
Epoch 5/10:  58%|█████▊    | 316/546 [01:43<01:15,  3.06it/s]
Epoch 5/10:  58%|█████▊    | 317/546 [01:43<01:14,  3.06it/s]
Epoch 5/10:  58%|█████▊    | 318/546 [01:44<01:14,  3.06it/s]
Epoch 5/10:  58%|█████▊    | 319/546 [01:44<01:14,  3.06it/s]
Epoch 5/10:  59%|█████▊    | 320/546 [01:44<01:13,  3.05it/s]
Epoch 5/10:  59%|█████▉    | 321/546 [01:45<01:13,  3.05it/s]
Epoch 5/10:  59%|█████▉    | 322/546 [01:45<01:13,  3.05it/s]
Epoch 5/10:  59%|█████▉    | 323/546 [01:45<01:13,  3.05it/s]
Epoch 5/10:  59%|█████▉    | 324/546 [01:46<01:12,  3.05it/s]
Epoch 5/10:  60%|█████▉    | 325/546 [01:46<01:12,  3.05it/s]
Epoch 5/10:  60%|█████▉    | 326/546 [01:46<01:12,  3.05it/s]
Epoch 5/10:  60%|█████▉    | 327/546 [01:47<01:11,  3.05it/s]
Epoch 5/10:  60%|██████    | 328/546 [01:47<01:11,  3.05it/s]
Epoch 5/10:  60%|██████    | 329/546 [01:47<01:11,  3.05it/s]
Epoch 5/10:  60%|██████    | 330/546 [01:48<01:10,  3.06it/s]
Epoch 5/10:  61%|██████    | 331/546 [01:48<01:10,  3.06it/s]
Epoch 5/10:  61%|██████    | 332/546 [01:48<01:10,  3.06it/s]
Epoch 5/10:  61%|██████    | 333/546 [01:49<01:09,  3.06it/s]
Epoch 5/10:  61%|██████    | 334/546 [01:49<01:09,  3.06it/s]
Epoch 5/10:  61%|██████▏   | 335/546 [01:49<01:09,  3.05it/s]
Epoch 5/10:  62%|██████▏   | 336/546 [01:50<01:08,  3.05it/s]
Epoch 5/10:  62%|██████▏   | 337/546 [01:50<01:08,  3.05it/s]
Epoch 5/10:  62%|██████▏   | 338/546 [01:50<01:08,  3.06it/s]
Epoch 5/10:  62%|██████▏   | 339/546 [01:51<01:07,  3.06it/s]
Epoch 5/10:  62%|██████▏   | 340/546 [01:51<01:07,  3.06it/s]
Epoch 5/10:  62%|██████▏   | 341/546 [01:51<01:07,  3.06it/s]
Epoch 5/10:  63%|██████▎   | 342/546 [01:52<01:06,  3.06it/s]
Epoch 5/10:  63%|██████▎   | 343/546 [01:52<01:06,  3.06it/s]
Epoch 5/10:  63%|██████▎   | 344/546 [01:52<01:06,  3.06it/s]
Epoch 5/10:  63%|██████▎   | 345/546 [01:53<01:05,  3.06it/s]
Epoch 5/10:  63%|██████▎   | 346/546 [01:53<01:05,  3.06it/s]
Epoch 5/10:  64%|██████▎   | 347/546 [01:53<01:05,  3.06it/s]
Epoch 5/10:  64%|██████▎   | 348/546 [01:53<01:04,  3.06it/s]
Epoch 5/10:  64%|██████▍   | 349/546 [01:54<01:04,  3.06it/s]
Epoch 5/10:  64%|██████▍   | 350/546 [01:54<01:04,  3.06it/s]
Epoch 5/10:  64%|██████▍   | 351/546 [01:54<01:03,  3.06it/s]
Epoch 5/10:  64%|██████▍   | 352/546 [01:55<01:03,  3.05it/s]
Epoch 5/10:  65%|██████▍   | 353/546 [01:55<01:03,  3.05it/s]
Epoch 5/10:  65%|██████▍   | 354/546 [01:55<01:02,  3.06it/s]
Epoch 5/10:  65%|██████▌   | 355/546 [01:56<01:02,  3.05it/s]
Epoch 5/10:  65%|██████▌   | 356/546 [01:56<01:02,  3.05it/s]
Epoch 5/10:  65%|██████▌   | 357/546 [01:56<01:01,  3.05it/s]
Epoch 5/10:  66%|██████▌   | 358/546 [01:57<01:01,  3.05it/s]
Epoch 5/10:  66%|██████▌   | 359/546 [01:57<01:01,  3.05it/s]
Epoch 5/10:  66%|██████▌   | 360/546 [01:57<01:00,  3.05it/s]
Epoch 5/10:  66%|██████▌   | 361/546 [01:58<01:00,  3.05it/s]
Epoch 5/10:  66%|██████▋   | 362/546 [01:58<01:00,  3.06it/s]
Epoch 5/10:  66%|██████▋   | 363/546 [01:58<00:59,  3.05it/s]
Epoch 5/10:  67%|██████▋   | 364/546 [01:59<00:59,  3.05it/s]
Epoch 5/10:  67%|██████▋   | 365/546 [01:59<00:59,  3.06it/s]
Epoch 5/10:  67%|██████▋   | 366/546 [01:59<00:58,  3.06it/s]
Epoch 5/10:  67%|██████▋   | 367/546 [02:00<00:58,  3.06it/s]
Epoch 5/10:  67%|██████▋   | 368/546 [02:00<00:58,  3.06it/s]
Epoch 5/10:  68%|██████▊   | 369/546 [02:00<00:58,  3.02it/s]
Epoch 5/10:  68%|██████▊   | 370/546 [02:01<00:58,  3.03it/s]
Epoch 5/10:  68%|██████▊   | 371/546 [02:01<00:57,  3.04it/s]
Epoch 5/10:  68%|██████▊   | 372/546 [02:01<00:57,  3.04it/s]
Epoch 5/10:  68%|██████▊   | 373/546 [02:02<00:56,  3.05it/s]
Epoch 5/10:  68%|██████▊   | 374/546 [02:02<00:56,  3.05it/s]
Epoch 5/10:  69%|██████▊   | 375/546 [02:02<00:56,  3.05it/s]
Epoch 5/10:  69%|██████▉   | 376/546 [02:03<00:55,  3.05it/s]
Epoch 5/10:  69%|██████▉   | 377/546 [02:03<00:55,  3.05it/s]
Epoch 5/10:  69%|██████▉   | 378/546 [02:03<00:54,  3.05it/s]
Epoch 5/10:  69%|██████▉   | 379/546 [02:04<00:54,  3.05it/s]
Epoch 5/10:  70%|██████▉   | 380/546 [02:04<00:54,  3.05it/s]
Epoch 5/10:  70%|██████▉   | 381/546 [02:04<00:54,  3.05it/s]
Epoch 5/10:  70%|██████▉   | 382/546 [02:05<00:53,  3.05it/s]
Epoch 5/10:  70%|███████   | 383/546 [02:05<00:53,  3.05it/s]
Epoch 5/10:  70%|███████   | 384/546 [02:05<00:53,  3.05it/s]
Epoch 5/10:  71%|███████   | 385/546 [02:06<00:52,  3.05it/s]
Epoch 5/10:  71%|███████   | 386/546 [02:06<00:52,  3.05it/s]
Epoch 5/10:  71%|███████   | 387/546 [02:06<00:52,  3.05it/s]
Epoch 5/10:  71%|███████   | 388/546 [02:07<00:51,  3.05it/s]
Epoch 5/10:  71%|███████   | 389/546 [02:07<00:51,  3.05it/s]
Epoch 5/10:  71%|███████▏  | 390/546 [02:07<00:51,  3.05it/s]
Epoch 5/10:  72%|███████▏  | 391/546 [02:08<00:50,  3.05it/s]
Epoch 5/10:  72%|███████▏  | 392/546 [02:08<00:50,  3.05it/s]
Epoch 5/10:  72%|███████▏  | 393/546 [02:08<00:50,  3.06it/s]
Epoch 5/10:  72%|███████▏  | 394/546 [02:09<00:49,  3.06it/s]
Epoch 5/10:  72%|███████▏  | 395/546 [02:09<00:49,  3.06it/s]
Epoch 5/10:  73%|███████▎  | 396/546 [02:09<00:49,  3.06it/s]
Epoch 5/10:  73%|███████▎  | 397/546 [02:10<00:48,  3.06it/s]
Epoch 5/10:  73%|███████▎  | 398/546 [02:10<00:48,  3.06it/s]
Epoch 5/10:  73%|███████▎  | 399/546 [02:10<00:48,  3.06it/s]
Epoch 5/10:  73%|███████▎  | 400/546 [02:11<00:47,  3.06it/s]
Epoch 5/10:  73%|███████▎  | 401/546 [02:11<00:47,  3.06it/s]
Epoch 5/10:  74%|███████▎  | 402/546 [02:11<00:47,  3.06it/s]
Epoch 5/10:  74%|███████▍  | 403/546 [02:12<00:46,  3.05it/s]
Epoch 5/10:  74%|███████▍  | 404/546 [02:12<00:46,  3.05it/s]
Epoch 5/10:  74%|███████▍  | 405/546 [02:12<00:46,  3.06it/s]
Epoch 5/10:  74%|███████▍  | 406/546 [02:12<00:45,  3.06it/s]
Epoch 5/10:  75%|███████▍  | 407/546 [02:13<00:45,  3.05it/s]
Epoch 5/10:  75%|███████▍  | 408/546 [02:13<00:45,  3.05it/s]
Epoch 5/10:  75%|███████▍  | 409/546 [02:13<00:44,  3.06it/s]
Epoch 5/10:  75%|███████▌  | 410/546 [02:14<00:44,  3.06it/s]
Epoch 5/10:  75%|███████▌  | 411/546 [02:14<00:44,  3.06it/s]
Epoch 5/10:  75%|███████▌  | 412/546 [02:14<00:43,  3.06it/s]
Epoch 5/10:  76%|███████▌  | 413/546 [02:15<00:43,  3.05it/s]
Epoch 5/10:  76%|███████▌  | 414/546 [02:15<00:43,  3.05it/s]
Epoch 5/10:  76%|███████▌  | 415/546 [02:15<00:42,  3.05it/s]
Epoch 5/10:  76%|███████▌  | 416/546 [02:16<00:42,  3.05it/s]
Epoch 5/10:  76%|███████▋  | 417/546 [02:16<00:42,  3.05it/s]
Epoch 5/10:  77%|███████▋  | 418/546 [02:16<00:41,  3.05it/s]
Epoch 5/10:  77%|███████▋  | 419/546 [02:17<00:41,  3.05it/s]
Epoch 5/10:  77%|███████▋  | 420/546 [02:17<00:41,  3.05it/s]
Epoch 5/10:  77%|███████▋  | 421/546 [02:17<00:40,  3.06it/s]
Epoch 5/10:  77%|███████▋  | 422/546 [02:18<00:40,  3.05it/s]
Epoch 5/10:  77%|███████▋  | 423/546 [02:18<00:40,  3.06it/s]
Epoch 5/10:  78%|███████▊  | 424/546 [02:18<00:39,  3.06it/s]
Epoch 5/10:  78%|███████▊  | 425/546 [02:19<00:39,  3.06it/s]
Epoch 5/10:  78%|███████▊  | 426/546 [02:19<00:39,  3.06it/s]
Epoch 5/10:  78%|███████▊  | 427/546 [02:19<00:38,  3.06it/s]
Epoch 5/10:  78%|███████▊  | 428/546 [02:20<00:38,  3.05it/s]
Epoch 5/10:  79%|███████▊  | 429/546 [02:20<00:38,  3.05it/s]
Epoch 5/10:  79%|███████▉  | 430/546 [02:20<00:37,  3.06it/s]
Epoch 5/10:  79%|███████▉  | 431/546 [02:21<00:37,  3.06it/s]
Epoch 5/10:  79%|███████▉  | 432/546 [02:21<00:37,  3.06it/s]
Epoch 5/10:  79%|███████▉  | 433/546 [02:21<00:36,  3.06it/s]
Epoch 5/10:  79%|███████▉  | 434/546 [02:22<00:36,  3.05it/s]
Epoch 5/10:  80%|███████▉  | 435/546 [02:22<00:36,  3.06it/s]
Epoch 5/10:  80%|███████▉  | 436/546 [02:22<00:35,  3.06it/s]
Epoch 5/10:  80%|████████  | 437/546 [02:23<00:35,  3.06it/s]
Epoch 5/10:  80%|████████  | 438/546 [02:23<00:35,  3.05it/s]
Epoch 5/10:  80%|████████  | 439/546 [02:23<00:35,  3.06it/s]
Epoch 5/10:  81%|████████  | 440/546 [02:24<00:34,  3.06it/s]
Epoch 5/10:  81%|████████  | 441/546 [02:24<00:34,  3.05it/s]
Epoch 5/10:  81%|████████  | 442/546 [02:24<00:34,  3.05it/s]
Epoch 5/10:  81%|████████  | 443/546 [02:25<00:33,  3.05it/s]
Epoch 5/10:  81%|████████▏ | 444/546 [02:25<00:33,  3.05it/s]
Epoch 5/10:  82%|████████▏ | 445/546 [02:25<00:33,  3.05it/s]
Epoch 5/10:  82%|████████▏ | 446/546 [02:26<00:32,  3.05it/s]
Epoch 5/10:  82%|████████▏ | 447/546 [02:26<00:32,  3.05it/s]
Epoch 5/10:  82%|████████▏ | 448/546 [02:26<00:32,  3.05it/s]
Epoch 5/10:  82%|████████▏ | 449/546 [02:27<00:31,  3.05it/s]
Epoch 5/10:  82%|████████▏ | 450/546 [02:27<00:31,  3.06it/s]
Epoch 5/10:  83%|████████▎ | 451/546 [02:27<00:31,  3.06it/s]
Epoch 5/10:  83%|████████▎ | 452/546 [02:28<00:30,  3.06it/s]
Epoch 5/10:  83%|████████▎ | 453/546 [02:28<00:30,  3.06it/s]
Epoch 5/10:  83%|████████▎ | 454/546 [02:28<00:30,  3.06it/s]
Epoch 5/10:  83%|████████▎ | 455/546 [02:29<00:29,  3.06it/s]
Epoch 5/10:  84%|████████▎ | 456/546 [02:29<00:29,  3.06it/s]
Epoch 5/10:  84%|████████▎ | 457/546 [02:29<00:29,  3.05it/s]
Epoch 5/10:  84%|████████▍ | 458/546 [02:30<00:28,  3.05it/s]
Epoch 5/10:  84%|████████▍ | 459/546 [02:30<00:28,  3.05it/s]
Epoch 5/10:  84%|████████▍ | 460/546 [02:30<00:28,  3.05it/s]
Epoch 5/10:  84%|████████▍ | 461/546 [02:30<00:27,  3.05it/s]
Epoch 5/10:  85%|████████▍ | 462/546 [02:31<00:27,  3.06it/s]
Epoch 5/10:  85%|████████▍ | 463/546 [02:31<00:27,  3.06it/s]
Epoch 5/10:  85%|████████▍ | 464/546 [02:31<00:26,  3.06it/s]
Epoch 5/10:  85%|████████▌ | 465/546 [02:32<00:26,  3.06it/s]
Epoch 5/10:  85%|████████▌ | 466/546 [02:32<00:26,  3.06it/s]
Epoch 5/10:  86%|████████▌ | 467/546 [02:32<00:25,  3.06it/s]
Epoch 5/10:  86%|████████▌ | 468/546 [02:33<00:25,  3.06it/s]
Epoch 5/10:  86%|████████▌ | 469/546 [02:33<00:25,  3.06it/s]
Epoch 5/10:  86%|████████▌ | 470/546 [02:33<00:24,  3.06it/s]
Epoch 5/10:  86%|████████▋ | 471/546 [02:34<00:24,  3.06it/s]
Epoch 5/10:  86%|████████▋ | 472/546 [02:34<00:24,  3.06it/s]
Epoch 5/10:  87%|████████▋ | 473/546 [02:34<00:23,  3.05it/s]
Epoch 5/10:  87%|████████▋ | 474/546 [02:35<00:23,  3.06it/s]
Epoch 5/10:  87%|████████▋ | 475/546 [02:35<00:23,  3.06it/s]
Epoch 5/10:  87%|████████▋ | 476/546 [02:35<00:22,  3.06it/s]
Epoch 5/10:  87%|████████▋ | 477/546 [02:36<00:22,  3.05it/s]
Epoch 5/10:  88%|████████▊ | 478/546 [02:36<00:22,  3.05it/s]
Epoch 5/10:  88%|████████▊ | 479/546 [02:36<00:21,  3.06it/s]
Epoch 5/10:  88%|████████▊ | 480/546 [02:37<00:21,  3.06it/s]
Epoch 5/10:  88%|████████▊ | 481/546 [02:37<00:21,  3.06it/s]
Epoch 5/10:  88%|████████▊ | 482/546 [02:37<00:20,  3.05it/s]
Epoch 5/10:  88%|████████▊ | 483/546 [02:38<00:20,  3.06it/s]
Epoch 5/10:  89%|████████▊ | 484/546 [02:38<00:20,  3.06it/s]
Epoch 5/10:  89%|████████▉ | 485/546 [02:38<00:19,  3.06it/s]
Epoch 5/10:  89%|████████▉ | 486/546 [02:39<00:19,  3.06it/s]
Epoch 5/10:  89%|████████▉ | 487/546 [02:39<00:19,  3.06it/s]
Epoch 5/10:  89%|████████▉ | 488/546 [02:39<00:18,  3.05it/s]
Epoch 5/10:  90%|████████▉ | 489/546 [02:40<00:18,  3.05it/s]
Epoch 5/10:  90%|████████▉ | 490/546 [02:40<00:18,  3.06it/s]
Epoch 5/10:  90%|████████▉ | 491/546 [02:40<00:17,  3.06it/s]
Epoch 5/10:  90%|█████████ | 492/546 [02:41<00:17,  3.06it/s]
Epoch 5/10:  90%|█████████ | 493/546 [02:41<00:17,  3.06it/s]
Epoch 5/10:  90%|█████████ | 494/546 [02:41<00:17,  3.06it/s]
Epoch 5/10:  91%|█████████ | 495/546 [02:42<00:16,  3.06it/s]
Epoch 5/10:  91%|█████████ | 496/546 [02:42<00:16,  3.06it/s]
Epoch 5/10:  91%|█████████ | 497/546 [02:42<00:16,  3.06it/s]
Epoch 5/10:  91%|█████████ | 498/546 [02:43<00:15,  3.06it/s]
Epoch 5/10:  91%|█████████▏| 499/546 [02:43<00:15,  3.06it/s]
Epoch 5/10:  92%|█████████▏| 500/546 [02:43<00:15,  3.06it/s]
Epoch 5/10:  92%|█████████▏| 501/546 [02:44<00:14,  3.06it/s]
Epoch 5/10:  92%|█████████▏| 502/546 [02:44<00:14,  3.06it/s]
Epoch 5/10:  92%|█████████▏| 503/546 [02:44<00:14,  3.06it/s]
Epoch 5/10:  92%|█████████▏| 504/546 [02:45<00:13,  3.06it/s]
Epoch 5/10:  92%|█████████▏| 505/546 [02:45<00:13,  3.06it/s]
Epoch 5/10:  93%|█████████▎| 506/546 [02:45<00:13,  3.06it/s]
Epoch 5/10:  93%|█████████▎| 507/546 [02:46<00:12,  3.05it/s]
Epoch 5/10:  93%|█████████▎| 508/546 [02:46<00:12,  3.05it/s]
Epoch 5/10:  93%|█████████▎| 509/546 [02:46<00:12,  3.05it/s]
Epoch 5/10:  93%|█████████▎| 510/546 [02:47<00:11,  3.05it/s]
Epoch 5/10:  94%|█████████▎| 511/546 [02:47<00:11,  3.05it/s]
Epoch 5/10:  94%|█████████▍| 512/546 [02:47<00:11,  3.05it/s]
Epoch 5/10:  94%|█████████▍| 513/546 [02:48<00:10,  3.05it/s]
Epoch 5/10:  94%|█████████▍| 514/546 [02:48<00:10,  3.05it/s]
Epoch 5/10:  94%|█████████▍| 515/546 [02:48<00:10,  3.05it/s]
Epoch 5/10:  95%|█████████▍| 516/546 [02:48<00:09,  3.05it/s]
Epoch 5/10:  95%|█████████▍| 517/546 [02:49<00:09,  3.05it/s]
Epoch 5/10:  95%|█████████▍| 518/546 [02:49<00:09,  3.06it/s]
Epoch 5/10:  95%|█████████▌| 519/546 [02:49<00:08,  3.06it/s]
Epoch 5/10:  95%|█████████▌| 520/546 [02:50<00:08,  3.06it/s]
Epoch 5/10:  95%|█████████▌| 521/546 [02:50<00:08,  3.06it/s]
Epoch 5/10:  96%|█████████▌| 522/546 [02:50<00:07,  3.06it/s]
Epoch 5/10:  96%|█████████▌| 523/546 [02:51<00:07,  3.06it/s]
Epoch 5/10:  96%|█████████▌| 524/546 [02:51<00:07,  3.06it/s]
Epoch 5/10:  96%|█████████▌| 525/546 [02:51<00:06,  3.05it/s]
Epoch 5/10:  96%|█████████▋| 526/546 [02:52<00:06,  3.06it/s]
Epoch 5/10:  97%|█████████▋| 527/546 [02:52<00:06,  3.06it/s]
Epoch 5/10:  97%|█████████▋| 528/546 [02:52<00:05,  3.06it/s]
Epoch 5/10:  97%|█████████▋| 529/546 [02:53<00:05,  3.06it/s]
Epoch 5/10:  97%|█████████▋| 530/546 [02:53<00:05,  3.05it/s]
Epoch 5/10:  97%|█████████▋| 531/546 [02:53<00:04,  3.05it/s]
Epoch 5/10:  97%|█████████▋| 532/546 [02:54<00:04,  3.05it/s]
Epoch 5/10:  98%|█████████▊| 533/546 [02:54<00:04,  3.05it/s]
Epoch 5/10:  98%|█████████▊| 534/546 [02:54<00:03,  3.05it/s]
Epoch 5/10:  98%|█████████▊| 535/546 [02:55<00:03,  3.05it/s]
Epoch 5/10:  98%|█████████▊| 536/546 [02:55<00:03,  3.05it/s]
Epoch 5/10:  98%|█████████▊| 537/546 [02:55<00:02,  3.06it/s]
Epoch 5/10:  99%|█████████▊| 538/546 [02:56<00:02,  3.06it/s]
Epoch 5/10:  99%|█████████▊| 539/546 [02:56<00:02,  3.06it/s]
Epoch 5/10:  99%|█████████▉| 540/546 [02:56<00:01,  3.06it/s]
Epoch 5/10:  99%|█████████▉| 541/546 [02:57<00:01,  3.06it/s]
Epoch 5/10:  99%|█████████▉| 542/546 [02:57<00:01,  3.06it/s]
Epoch 5/10:  99%|█████████▉| 543/546 [02:57<00:00,  3.06it/s]
Epoch 5/10: 100%|█████████▉| 544/546 [02:58<00:00,  3.06it/s]
Epoch 5/10: 100%|█████████▉| 545/546 [02:58<00:00,  3.06it/s]
Epoch 5/10: 100%|██████████| 546/546 [02:58<00:00,  3.06it/s]
Epoch 5/10: 100%|██████████| 546/546 [02:58<00:00,  3.05it/s]
/user/nirish.samant/u28445/.conda/envs/dnlp/lib/python3.10/site-packages/sklearn/metrics/_classification.py:407: UserWarning: A single label was found in 'y_true' and 'y_pred'. For the confusion matrix to have the correct shape, use the 'labels' parameter to pass all known labels.
  warnings.warn(

Epoch 6/10:   0%|          | 0/546 [00:00<?, ?it/s]
Epoch 6/10:   0%|          | 1/546 [00:00<03:11,  2.85it/s]
Epoch 6/10:   0%|          | 2/546 [00:00<03:03,  2.97it/s]
Epoch 6/10:   1%|          | 3/546 [00:01<03:00,  3.01it/s]
Epoch 6/10:   1%|          | 4/546 [00:01<02:59,  3.02it/s]
Epoch 6/10:   1%|          | 5/546 [00:01<02:58,  3.03it/s]
Epoch 6/10:   1%|          | 6/546 [00:01<02:57,  3.04it/s]
Epoch 6/10:   1%|▏         | 7/546 [00:02<02:57,  3.04it/s]
Epoch 6/10:   1%|▏         | 8/546 [00:02<02:56,  3.05it/s]
Epoch 6/10:   2%|▏         | 9/546 [00:02<02:56,  3.05it/s]
Epoch 6/10:   2%|▏         | 10/546 [00:03<02:55,  3.05it/s]
Epoch 6/10:   2%|▏         | 11/546 [00:03<02:55,  3.05it/s]
Epoch 6/10:   2%|▏         | 12/546 [00:03<02:54,  3.05it/s]
Epoch 6/10:   2%|▏         | 13/546 [00:04<02:54,  3.05it/s]
Epoch 6/10:   3%|▎         | 14/546 [00:04<02:54,  3.05it/s]
Epoch 6/10:   3%|▎         | 15/546 [00:04<02:53,  3.06it/s]
Epoch 6/10:   3%|▎         | 16/546 [00:05<02:53,  3.06it/s]
Epoch 6/10:   3%|▎         | 17/546 [00:05<02:53,  3.06it/s]
Epoch 6/10:   3%|▎         | 18/546 [00:05<02:52,  3.05it/s]
Epoch 6/10:   3%|▎         | 19/546 [00:06<02:52,  3.05it/s]
Epoch 6/10:   4%|▎         | 20/546 [00:06<02:52,  3.06it/s]
Epoch 6/10:   4%|▍         | 21/546 [00:06<02:51,  3.06it/s]
Epoch 6/10:   4%|▍         | 22/546 [00:07<02:51,  3.06it/s]
Epoch 6/10:   4%|▍         | 23/546 [00:07<02:51,  3.05it/s]
Epoch 6/10:   4%|▍         | 24/546 [00:07<02:50,  3.05it/s]
Epoch 6/10:   5%|▍         | 25/546 [00:08<02:53,  3.01it/s]
Epoch 6/10:   5%|▍         | 26/546 [00:08<02:51,  3.02it/s]
Epoch 6/10:   5%|▍         | 27/546 [00:08<02:51,  3.03it/s]
Epoch 6/10:   5%|▌         | 28/546 [00:09<02:50,  3.03it/s]
Epoch 6/10:   5%|▌         | 29/546 [00:09<02:50,  3.04it/s]
Epoch 6/10:   5%|▌         | 30/546 [00:09<02:49,  3.04it/s]
Epoch 6/10:   6%|▌         | 31/546 [00:10<02:48,  3.05it/s]
Epoch 6/10:   6%|▌         | 32/546 [00:10<02:48,  3.05it/s]
Epoch 6/10:   6%|▌         | 33/546 [00:10<02:48,  3.05it/s]
Epoch 6/10:   6%|▌         | 34/546 [00:11<02:47,  3.05it/s]
Epoch 6/10:   6%|▋         | 35/546 [00:11<02:47,  3.05it/s]
Epoch 6/10:   7%|▋         | 36/546 [00:11<02:47,  3.05it/s]
Epoch 6/10:   7%|▋         | 37/546 [00:12<02:46,  3.05it/s]
Epoch 6/10:   7%|▋         | 38/546 [00:12<02:46,  3.06it/s]
Epoch 6/10:   7%|▋         | 39/546 [00:12<02:45,  3.06it/s]
Epoch 6/10:   7%|▋         | 40/546 [00:13<02:45,  3.06it/s]
Epoch 6/10:   8%|▊         | 41/546 [00:13<02:45,  3.06it/s]
Epoch 6/10:   8%|▊         | 42/546 [00:13<02:45,  3.05it/s]
Epoch 6/10:   8%|▊         | 43/546 [00:14<02:44,  3.05it/s]
Epoch 6/10:   8%|▊         | 44/546 [00:14<02:44,  3.05it/s]
Epoch 6/10:   8%|▊         | 45/546 [00:14<02:43,  3.06it/s]
Epoch 6/10:   8%|▊         | 46/546 [00:15<02:43,  3.06it/s]
Epoch 6/10:   9%|▊         | 47/546 [00:15<02:43,  3.06it/s]
Epoch 6/10:   9%|▉         | 48/546 [00:15<02:42,  3.06it/s]
Epoch 6/10:   9%|▉         | 49/546 [00:16<02:42,  3.06it/s]
Epoch 6/10:   9%|▉         | 50/546 [00:16<02:42,  3.06it/s]
Epoch 6/10:   9%|▉         | 51/546 [00:16<02:41,  3.06it/s]
Epoch 6/10:  10%|▉         | 52/546 [00:17<02:41,  3.06it/s]
Epoch 6/10:  10%|▉         | 53/546 [00:17<02:41,  3.06it/s]
Epoch 6/10:  10%|▉         | 54/546 [00:17<02:40,  3.06it/s]
Epoch 6/10:  10%|█         | 55/546 [00:18<02:40,  3.06it/s]
Epoch 6/10:  10%|█         | 56/546 [00:18<02:40,  3.06it/s]
Epoch 6/10:  10%|█         | 57/546 [00:18<02:39,  3.06it/s]
Epoch 6/10:  11%|█         | 58/546 [00:19<02:39,  3.06it/s]
Epoch 6/10:  11%|█         | 59/546 [00:19<02:39,  3.06it/s]
Epoch 6/10:  11%|█         | 60/546 [00:19<02:38,  3.06it/s]
Epoch 6/10:  11%|█         | 61/546 [00:20<02:38,  3.06it/s]
Epoch 6/10:  11%|█▏        | 62/546 [00:20<02:38,  3.06it/s]
Epoch 6/10:  12%|█▏        | 63/546 [00:20<02:38,  3.06it/s]
Epoch 6/10:  12%|█▏        | 64/546 [00:20<02:37,  3.06it/s]
Epoch 6/10:  12%|█▏        | 65/546 [00:21<02:37,  3.06it/s]
Epoch 6/10:  12%|█▏        | 66/546 [00:21<02:37,  3.06it/s]
Epoch 6/10:  12%|█▏        | 67/546 [00:21<02:36,  3.06it/s]
Epoch 6/10:  12%|█▏        | 68/546 [00:22<02:36,  3.06it/s]
Epoch 6/10:  13%|█▎        | 69/546 [00:22<02:36,  3.06it/s]
Epoch 6/10:  13%|█▎        | 70/546 [00:22<02:35,  3.06it/s]
Epoch 6/10:  13%|█▎        | 71/546 [00:23<02:35,  3.06it/s]
Epoch 6/10:  13%|█▎        | 72/546 [00:23<02:35,  3.06it/s]
Epoch 6/10:  13%|█▎        | 73/546 [00:23<02:34,  3.06it/s]
Epoch 6/10:  14%|█▎        | 74/546 [00:24<02:34,  3.06it/s]
Epoch 6/10:  14%|█▎        | 75/546 [00:24<02:34,  3.06it/s]
Epoch 6/10:  14%|█▍        | 76/546 [00:24<02:33,  3.06it/s]
Epoch 6/10:  14%|█▍        | 77/546 [00:25<02:33,  3.06it/s]
Epoch 6/10:  14%|█▍        | 78/546 [00:25<02:33,  3.06it/s]
Epoch 6/10:  14%|█▍        | 79/546 [00:25<02:32,  3.06it/s]
Epoch 6/10:  15%|█▍        | 80/546 [00:26<02:32,  3.06it/s]
Epoch 6/10:  15%|█▍        | 81/546 [00:26<02:32,  3.06it/s]
Epoch 6/10:  15%|█▌        | 82/546 [00:26<02:31,  3.06it/s]
Epoch 6/10:  15%|█▌        | 83/546 [00:27<02:31,  3.06it/s]
Epoch 6/10:  15%|█▌        | 84/546 [00:27<02:31,  3.06it/s]
Epoch 6/10:  16%|█▌        | 85/546 [00:27<02:30,  3.06it/s]
Epoch 6/10:  16%|█▌        | 86/546 [00:28<02:30,  3.06it/s]
Epoch 6/10:  16%|█▌        | 87/546 [00:28<02:30,  3.06it/s]
Epoch 6/10:  16%|█▌        | 88/546 [00:28<02:29,  3.06it/s]
Epoch 6/10:  16%|█▋        | 89/546 [00:29<02:29,  3.06it/s]
Epoch 6/10:  16%|█▋        | 90/546 [00:29<02:29,  3.06it/s]
Epoch 6/10:  17%|█▋        | 91/546 [00:29<02:28,  3.06it/s]
Epoch 6/10:  17%|█▋        | 92/546 [00:30<02:28,  3.06it/s]
Epoch 6/10:  17%|█▋        | 93/546 [00:30<02:28,  3.06it/s]
Epoch 6/10:  17%|█▋        | 94/546 [00:30<02:27,  3.06it/s]
Epoch 6/10:  17%|█▋        | 95/546 [00:31<02:27,  3.06it/s]
Epoch 6/10:  18%|█▊        | 96/546 [00:31<02:27,  3.06it/s]
Epoch 6/10:  18%|█▊        | 97/546 [00:31<02:26,  3.06it/s]
Epoch 6/10:  18%|█▊        | 98/546 [00:32<02:26,  3.06it/s]
Epoch 6/10:  18%|█▊        | 99/546 [00:32<02:26,  3.06it/s]
Epoch 6/10:  18%|█▊        | 100/546 [00:32<02:25,  3.06it/s]
Epoch 6/10:  18%|█▊        | 101/546 [00:33<02:25,  3.05it/s]
Epoch 6/10:  19%|█▊        | 102/546 [00:33<02:25,  3.05it/s]
Epoch 6/10:  19%|█▉        | 103/546 [00:33<02:25,  3.05it/s]
Epoch 6/10:  19%|█▉        | 104/546 [00:34<02:24,  3.06it/s]
Epoch 6/10:  19%|█▉        | 105/546 [00:34<02:24,  3.06it/s]
Epoch 6/10:  19%|█▉        | 106/546 [00:34<02:23,  3.06it/s]
Epoch 6/10:  20%|█▉        | 107/546 [00:35<02:23,  3.06it/s]
Epoch 6/10:  20%|█▉        | 108/546 [00:35<02:23,  3.06it/s]
Epoch 6/10:  20%|█▉        | 109/546 [00:35<02:22,  3.06it/s]
Epoch 6/10:  20%|██        | 110/546 [00:36<02:22,  3.06it/s]
Epoch 6/10:  20%|██        | 111/546 [00:36<02:22,  3.06it/s]
Epoch 6/10:  21%|██        | 112/546 [00:36<02:21,  3.06it/s]
Epoch 6/10:  21%|██        | 113/546 [00:37<02:21,  3.05it/s]
Epoch 6/10:  21%|██        | 114/546 [00:37<02:21,  3.05it/s]
Epoch 6/10:  21%|██        | 115/546 [00:37<02:21,  3.06it/s]
Epoch 6/10:  21%|██        | 116/546 [00:38<02:20,  3.05it/s]
Epoch 6/10:  21%|██▏       | 117/546 [00:38<02:20,  3.06it/s]
Epoch 6/10:  22%|██▏       | 118/546 [00:38<02:20,  3.06it/s]
Epoch 6/10:  22%|██▏       | 119/546 [00:38<02:19,  3.06it/s]
Epoch 6/10:  22%|██▏       | 120/546 [00:39<02:19,  3.06it/s]
Epoch 6/10:  22%|██▏       | 121/546 [00:39<02:19,  3.06it/s]
Epoch 6/10:  22%|██▏       | 122/546 [00:39<02:18,  3.06it/s]
Epoch 6/10:  23%|██▎       | 123/546 [00:40<02:18,  3.06it/s]
Epoch 6/10:  23%|██▎       | 124/546 [00:40<02:18,  3.06it/s]
Epoch 6/10:  23%|██▎       | 125/546 [00:40<02:17,  3.06it/s]
Epoch 6/10:  23%|██▎       | 126/546 [00:41<02:17,  3.06it/s]
Epoch 6/10:  23%|██▎       | 127/546 [00:41<02:17,  3.06it/s]
Epoch 6/10:  23%|██▎       | 128/546 [00:41<02:16,  3.06it/s]
Epoch 6/10:  24%|██▎       | 129/546 [00:42<02:16,  3.06it/s]
Epoch 6/10:  24%|██▍       | 130/546 [00:42<02:16,  3.06it/s]
Epoch 6/10:  24%|██▍       | 131/546 [00:42<02:15,  3.06it/s]
Epoch 6/10:  24%|██▍       | 132/546 [00:43<02:15,  3.06it/s]
Epoch 6/10:  24%|██▍       | 133/546 [00:43<02:15,  3.06it/s]
Epoch 6/10:  25%|██▍       | 134/546 [00:43<02:14,  3.06it/s]
Epoch 6/10:  25%|██▍       | 135/546 [00:44<02:14,  3.06it/s]
Epoch 6/10:  25%|██▍       | 136/546 [00:44<02:14,  3.06it/s]
Epoch 6/10:  25%|██▌       | 137/546 [00:44<02:13,  3.06it/s]
Epoch 6/10:  25%|██▌       | 138/546 [00:45<02:13,  3.06it/s]
Epoch 6/10:  25%|██▌       | 139/546 [00:45<02:13,  3.06it/s]
Epoch 6/10:  26%|██▌       | 140/546 [00:45<02:12,  3.06it/s]
Epoch 6/10:  26%|██▌       | 141/546 [00:46<02:12,  3.06it/s]
Epoch 6/10:  26%|██▌       | 142/546 [00:46<02:12,  3.06it/s]
Epoch 6/10:  26%|██▌       | 143/546 [00:46<02:11,  3.06it/s]
Epoch 6/10:  26%|██▋       | 144/546 [00:47<02:11,  3.06it/s]
Epoch 6/10:  27%|██▋       | 145/546 [00:47<02:11,  3.06it/s]
Epoch 6/10:  27%|██▋       | 146/546 [00:47<02:10,  3.06it/s]
Epoch 6/10:  27%|██▋       | 147/546 [00:48<02:10,  3.06it/s]
Epoch 6/10:  27%|██▋       | 148/546 [00:48<02:10,  3.06it/s]
Epoch 6/10:  27%|██▋       | 149/546 [00:48<02:09,  3.06it/s]
Epoch 6/10:  27%|██▋       | 150/546 [00:49<02:09,  3.06it/s]
Epoch 6/10:  28%|██▊       | 151/546 [00:49<02:09,  3.06it/s]
Epoch 6/10:  28%|██▊       | 152/546 [00:49<02:08,  3.06it/s]
Epoch 6/10:  28%|██▊       | 153/546 [00:50<02:08,  3.06it/s]
Epoch 6/10:  28%|██▊       | 154/546 [00:50<02:08,  3.06it/s]
Epoch 6/10:  28%|██▊       | 155/546 [00:50<02:07,  3.06it/s]
Epoch 6/10:  29%|██▊       | 156/546 [00:51<02:07,  3.06it/s]
Epoch 6/10:  29%|██▉       | 157/546 [00:51<02:07,  3.06it/s]
Epoch 6/10:  29%|██▉       | 158/546 [00:51<02:06,  3.06it/s]
Epoch 6/10:  29%|██▉       | 159/546 [00:52<02:06,  3.05it/s]
Epoch 6/10:  29%|██▉       | 160/546 [00:52<02:06,  3.06it/s]
Epoch 6/10:  29%|██▉       | 161/546 [00:52<02:06,  3.05it/s]
Epoch 6/10:  30%|██▉       | 162/546 [00:53<02:05,  3.05it/s]
Epoch 6/10:  30%|██▉       | 163/546 [00:53<02:05,  3.05it/s]
Epoch 6/10:  30%|███       | 164/546 [00:53<02:05,  3.05it/s]
Epoch 6/10:  30%|███       | 165/546 [00:54<02:04,  3.05it/s]
Epoch 6/10:  30%|███       | 166/546 [00:54<02:04,  3.05it/s]
Epoch 6/10:  31%|███       | 167/546 [00:54<02:04,  3.06it/s]
Epoch 6/10:  31%|███       | 168/546 [00:55<02:03,  3.06it/s]
Epoch 6/10:  31%|███       | 169/546 [00:55<02:03,  3.06it/s]
Epoch 6/10:  31%|███       | 170/546 [00:55<02:03,  3.06it/s]
Epoch 6/10:  31%|███▏      | 171/546 [00:55<02:02,  3.06it/s]
Epoch 6/10:  32%|███▏      | 172/546 [00:56<02:02,  3.05it/s]
Epoch 6/10:  32%|███▏      | 173/546 [00:56<02:02,  3.05it/s]
Epoch 6/10:  32%|███▏      | 174/546 [00:56<02:01,  3.05it/s]
Epoch 6/10:  32%|███▏      | 175/546 [00:57<02:01,  3.05it/s]
Epoch 6/10:  32%|███▏      | 176/546 [00:57<02:01,  3.06it/s]
Epoch 6/10:  32%|███▏      | 177/546 [00:57<02:00,  3.06it/s]
Epoch 6/10:  33%|███▎      | 178/546 [00:58<02:00,  3.05it/s]
Epoch 6/10:  33%|███▎      | 179/546 [00:58<02:00,  3.05it/s]
Epoch 6/10:  33%|███▎      | 180/546 [00:58<01:59,  3.05it/s]
Epoch 6/10:  33%|███▎      | 181/546 [00:59<01:59,  3.05it/s]
Epoch 6/10:  33%|███▎      | 182/546 [00:59<01:59,  3.05it/s]
Epoch 6/10:  34%|███▎      | 183/546 [00:59<01:58,  3.05it/s]
Epoch 6/10:  34%|███▎      | 184/546 [01:00<01:58,  3.05it/s]
Epoch 6/10:  34%|███▍      | 185/546 [01:00<01:59,  3.02it/s]
Epoch 6/10:  34%|███▍      | 186/546 [01:00<01:58,  3.03it/s]
Epoch 6/10:  34%|███▍      | 187/546 [01:01<01:58,  3.04it/s]
Epoch 6/10:  34%|███▍      | 188/546 [01:01<01:57,  3.04it/s]
Epoch 6/10:  35%|███▍      | 189/546 [01:01<01:57,  3.05it/s]
Epoch 6/10:  35%|███▍      | 190/546 [01:02<01:56,  3.05it/s]
Epoch 6/10:  35%|███▍      | 191/546 [01:02<01:56,  3.05it/s]
Epoch 6/10:  35%|███▌      | 192/546 [01:02<01:55,  3.05it/s]
Epoch 6/10:  35%|███▌      | 193/546 [01:03<01:55,  3.05it/s]
Epoch 6/10:  36%|███▌      | 194/546 [01:03<01:55,  3.05it/s]
Epoch 6/10:  36%|███▌      | 195/546 [01:03<01:54,  3.06it/s]
Epoch 6/10:  36%|███▌      | 196/546 [01:04<01:54,  3.05it/s]
Epoch 6/10:  36%|███▌      | 197/546 [01:04<01:54,  3.05it/s]
Epoch 6/10:  36%|███▋      | 198/546 [01:04<01:53,  3.05it/s]
Epoch 6/10:  36%|███▋      | 199/546 [01:05<01:53,  3.05it/s]
Epoch 6/10:  37%|███▋      | 200/546 [01:05<01:53,  3.05it/s]
Epoch 6/10:  37%|███▋      | 201/546 [01:05<01:53,  3.05it/s]
Epoch 6/10:  37%|███▋      | 202/546 [01:06<01:53,  3.04it/s]
Epoch 6/10:  37%|███▋      | 203/546 [01:06<01:52,  3.05it/s]
Epoch 6/10:  37%|███▋      | 204/546 [01:06<01:52,  3.05it/s]
Epoch 6/10:  38%|███▊      | 205/546 [01:07<01:51,  3.05it/s]
Epoch 6/10:  38%|███▊      | 206/546 [01:07<01:51,  3.05it/s]
Epoch 6/10:  38%|███▊      | 207/546 [01:07<01:51,  3.05it/s]
Epoch 6/10:  38%|███▊      | 208/546 [01:08<01:50,  3.05it/s]
Epoch 6/10:  38%|███▊      | 209/546 [01:08<01:50,  3.05it/s]
Epoch 6/10:  38%|███▊      | 210/546 [01:08<01:50,  3.05it/s]
Epoch 6/10:  39%|███▊      | 211/546 [01:09<01:49,  3.05it/s]
Epoch 6/10:  39%|███▉      | 212/546 [01:09<01:49,  3.05it/s]
Epoch 6/10:  39%|███▉      | 213/546 [01:09<01:48,  3.06it/s]
Epoch 6/10:  39%|███▉      | 214/546 [01:10<01:48,  3.06it/s]
Epoch 6/10:  39%|███▉      | 215/546 [01:10<01:48,  3.06it/s]
Epoch 6/10:  40%|███▉      | 216/546 [01:10<01:47,  3.06it/s]
Epoch 6/10:  40%|███▉      | 217/546 [01:11<01:47,  3.06it/s]
Epoch 6/10:  40%|███▉      | 218/546 [01:11<01:47,  3.06it/s]
Epoch 6/10:  40%|████      | 219/546 [01:11<01:46,  3.06it/s]
Epoch 6/10:  40%|████      | 220/546 [01:12<01:46,  3.06it/s]
Epoch 6/10:  40%|████      | 221/546 [01:12<01:46,  3.06it/s]
Epoch 6/10:  41%|████      | 222/546 [01:12<01:45,  3.06it/s]
Epoch 6/10:  41%|████      | 223/546 [01:13<01:45,  3.06it/s]
Epoch 6/10:  41%|████      | 224/546 [01:13<01:45,  3.06it/s]
Epoch 6/10:  41%|████      | 225/546 [01:13<01:45,  3.06it/s]
Epoch 6/10:  41%|████▏     | 226/546 [01:14<01:44,  3.06it/s]
Epoch 6/10:  42%|████▏     | 227/546 [01:14<01:44,  3.06it/s]
Epoch 6/10:  42%|████▏     | 228/546 [01:14<01:44,  3.06it/s]
Epoch 6/10:  42%|████▏     | 229/546 [01:15<01:43,  3.06it/s]
Epoch 6/10:  42%|████▏     | 230/546 [01:15<01:43,  3.06it/s]
Epoch 6/10:  42%|████▏     | 231/546 [01:15<01:43,  3.06it/s]
Epoch 6/10:  42%|████▏     | 232/546 [01:15<01:42,  3.06it/s]
Epoch 6/10:  43%|████▎     | 233/546 [01:16<01:42,  3.05it/s]
Epoch 6/10:  43%|████▎     | 234/546 [01:16<01:42,  3.06it/s]
Epoch 6/10:  43%|████▎     | 235/546 [01:16<01:41,  3.06it/s]
Epoch 6/10:  43%|████▎     | 236/546 [01:17<01:41,  3.06it/s]
Epoch 6/10:  43%|████▎     | 237/546 [01:17<01:41,  3.06it/s]
Epoch 6/10:  44%|████▎     | 238/546 [01:17<01:40,  3.06it/s]
Epoch 6/10:  44%|████▍     | 239/546 [01:18<01:40,  3.06it/s]
Epoch 6/10:  44%|████▍     | 240/546 [01:18<01:40,  3.06it/s]
Epoch 6/10:  44%|████▍     | 241/546 [01:18<01:39,  3.06it/s]
Epoch 6/10:  44%|████▍     | 242/546 [01:19<01:39,  3.06it/s]
Epoch 6/10:  45%|████▍     | 243/546 [01:19<01:39,  3.06it/s]
Epoch 6/10:  45%|████▍     | 244/546 [01:19<01:38,  3.06it/s]
Epoch 6/10:  45%|████▍     | 245/546 [01:20<01:38,  3.06it/s]
Epoch 6/10:  45%|████▌     | 246/546 [01:20<01:38,  3.06it/s]
Epoch 6/10:  45%|████▌     | 247/546 [01:20<01:37,  3.06it/s]
Epoch 6/10:  45%|████▌     | 248/546 [01:21<01:37,  3.06it/s]
Epoch 6/10:  46%|████▌     | 249/546 [01:21<01:37,  3.06it/s]
Epoch 6/10:  46%|████▌     | 250/546 [01:21<01:36,  3.06it/s]
Epoch 6/10:  46%|████▌     | 251/546 [01:22<01:36,  3.06it/s]
Epoch 6/10:  46%|████▌     | 252/546 [01:22<01:36,  3.06it/s]
Epoch 6/10:  46%|████▋     | 253/546 [01:22<01:35,  3.06it/s]
Epoch 6/10:  47%|████▋     | 254/546 [01:23<01:35,  3.06it/s]
Epoch 6/10:  47%|████▋     | 255/546 [01:23<01:35,  3.06it/s]
Epoch 6/10:  47%|████▋     | 256/546 [01:23<01:34,  3.06it/s]
Epoch 6/10:  47%|████▋     | 257/546 [01:24<01:34,  3.06it/s]
Epoch 6/10:  47%|████▋     | 258/546 [01:24<01:34,  3.06it/s]
Epoch 6/10:  47%|████▋     | 259/546 [01:24<01:33,  3.06it/s]
Epoch 6/10:  48%|████▊     | 260/546 [01:25<01:33,  3.06it/s]
Epoch 6/10:  48%|████▊     | 261/546 [01:25<01:33,  3.06it/s]
Epoch 6/10:  48%|████▊     | 262/546 [01:25<01:32,  3.06it/s]
Epoch 6/10:  48%|████▊     | 263/546 [01:26<01:32,  3.06it/s]
Epoch 6/10:  48%|████▊     | 264/546 [01:26<01:32,  3.05it/s]
Epoch 6/10:  49%|████▊     | 265/546 [01:26<01:31,  3.05it/s]
Epoch 6/10:  49%|████▊     | 266/546 [01:27<01:31,  3.06it/s]
Epoch 6/10:  49%|████▉     | 267/546 [01:27<01:31,  3.05it/s]
Epoch 6/10:  49%|████▉     | 268/546 [01:27<01:31,  3.05it/s]
Epoch 6/10:  49%|████▉     | 269/546 [01:28<01:30,  3.06it/s]
Epoch 6/10:  49%|████▉     | 270/546 [01:28<01:30,  3.06it/s]
Epoch 6/10:  50%|████▉     | 271/546 [01:28<01:30,  3.06it/s]
Epoch 6/10:  50%|████▉     | 272/546 [01:29<01:29,  3.06it/s]
Epoch 6/10:  50%|█████     | 273/546 [01:29<01:29,  3.06it/s]
Epoch 6/10:  50%|█████     | 274/546 [01:29<01:28,  3.06it/s]
Epoch 6/10:  50%|█████     | 275/546 [01:30<01:28,  3.06it/s]
Epoch 6/10:  51%|█████     | 276/546 [01:30<01:28,  3.06it/s]
Epoch 6/10:  51%|█████     | 277/546 [01:30<01:28,  3.06it/s]
Epoch 6/10:  51%|█████     | 278/546 [01:31<01:27,  3.06it/s]
Epoch 6/10:  51%|█████     | 279/546 [01:31<01:27,  3.06it/s]
Epoch 6/10:  51%|█████▏    | 280/546 [01:31<01:27,  3.06it/s]
Epoch 6/10:  51%|█████▏    | 281/546 [01:32<01:26,  3.06it/s]
Epoch 6/10:  52%|█████▏    | 282/546 [01:32<01:26,  3.06it/s]
Epoch 6/10:  52%|█████▏    | 283/546 [01:32<01:26,  3.06it/s]
Epoch 6/10:  52%|█████▏    | 284/546 [01:32<01:25,  3.05it/s]
Epoch 6/10:  52%|█████▏    | 285/546 [01:33<01:25,  3.06it/s]
Epoch 6/10:  52%|█████▏    | 286/546 [01:33<01:25,  3.06it/s]
Epoch 6/10:  53%|█████▎    | 287/546 [01:33<01:24,  3.06it/s]
Epoch 6/10:  53%|█████▎    | 288/546 [01:34<01:24,  3.06it/s]
Epoch 6/10:  53%|█████▎    | 289/546 [01:34<01:24,  3.06it/s]
Epoch 6/10:  53%|█████▎    | 290/546 [01:34<01:23,  3.06it/s]
Epoch 6/10:  53%|█████▎    | 291/546 [01:35<01:23,  3.06it/s]
Epoch 6/10:  53%|█████▎    | 292/546 [01:35<01:23,  3.05it/s]
Epoch 6/10:  54%|█████▎    | 293/546 [01:35<01:22,  3.05it/s]
Epoch 6/10:  54%|█████▍    | 294/546 [01:36<01:22,  3.05it/s]
Epoch 6/10:  54%|█████▍    | 295/546 [01:36<01:22,  3.05it/s]
Epoch 6/10:  54%|█████▍    | 296/546 [01:36<01:21,  3.05it/s]
Epoch 6/10:  54%|█████▍    | 297/546 [01:37<01:21,  3.05it/s]
Epoch 6/10:  55%|█████▍    | 298/546 [01:37<01:21,  3.05it/s]
Epoch 6/10:  55%|█████▍    | 299/546 [01:37<01:20,  3.05it/s]
Epoch 6/10:  55%|█████▍    | 300/546 [01:38<01:20,  3.05it/s]
Epoch 6/10:  55%|█████▌    | 301/546 [01:38<01:20,  3.05it/s]
Epoch 6/10:  55%|█████▌    | 302/546 [01:38<01:19,  3.05it/s]
Epoch 6/10:  55%|█████▌    | 303/546 [01:39<01:19,  3.05it/s]
Epoch 6/10:  56%|█████▌    | 304/546 [01:39<01:19,  3.05it/s]
Epoch 6/10:  56%|█████▌    | 305/546 [01:39<01:18,  3.06it/s]
Epoch 6/10:  56%|█████▌    | 306/546 [01:40<01:18,  3.05it/s]
Epoch 6/10:  56%|█████▌    | 307/546 [01:40<01:18,  3.05it/s]
Epoch 6/10:  56%|█████▋    | 308/546 [01:40<01:17,  3.05it/s]
Epoch 6/10:  57%|█████▋    | 309/546 [01:41<01:17,  3.05it/s]
Epoch 6/10:  57%|█████▋    | 310/546 [01:41<01:17,  3.05it/s]
Epoch 6/10:  57%|█████▋    | 311/546 [01:41<01:17,  3.05it/s]
Epoch 6/10:  57%|█████▋    | 312/546 [01:42<01:16,  3.05it/s]
Epoch 6/10:  57%|█████▋    | 313/546 [01:42<01:16,  3.05it/s]
Epoch 6/10:  58%|█████▊    | 314/546 [01:42<01:15,  3.05it/s]
Epoch 6/10:  58%|█████▊    | 315/546 [01:43<01:15,  3.05it/s]
Epoch 6/10:  58%|█████▊    | 316/546 [01:43<01:15,  3.05it/s]
Epoch 6/10:  58%|█████▊    | 317/546 [01:43<01:15,  3.05it/s]
Epoch 6/10:  58%|█████▊    | 318/546 [01:44<01:14,  3.05it/s]
Epoch 6/10:  58%|█████▊    | 319/546 [01:44<01:14,  3.05it/s]
Epoch 6/10:  59%|█████▊    | 320/546 [01:44<01:14,  3.05it/s]
Epoch 6/10:  59%|█████▉    | 321/546 [01:45<01:13,  3.05it/s]
Epoch 6/10:  59%|█████▉    | 322/546 [01:45<01:13,  3.05it/s]
Epoch 6/10:  59%|█████▉    | 323/546 [01:45<01:13,  3.05it/s]
Epoch 6/10:  59%|█████▉    | 324/546 [01:46<01:12,  3.05it/s]
Epoch 6/10:  60%|█████▉    | 325/546 [01:46<01:12,  3.05it/s]
Epoch 6/10:  60%|█████▉    | 326/546 [01:46<01:12,  3.05it/s]
Epoch 6/10:  60%|█████▉    | 327/546 [01:47<01:11,  3.05it/s]
Epoch 6/10:  60%|██████    | 328/546 [01:47<01:11,  3.05it/s]
Epoch 6/10:  60%|██████    | 329/546 [01:47<01:11,  3.05it/s]
Epoch 6/10:  60%|██████    | 330/546 [01:48<01:10,  3.05it/s]
Epoch 6/10:  61%|██████    | 331/546 [01:48<01:10,  3.05it/s]
Epoch 6/10:  61%|██████    | 332/546 [01:48<01:10,  3.05it/s]
Epoch 6/10:  61%|██████    | 333/546 [01:49<01:09,  3.05it/s]
Epoch 6/10:  61%|██████    | 334/546 [01:49<01:09,  3.05it/s]
Epoch 6/10:  61%|██████▏   | 335/546 [01:49<01:09,  3.05it/s]
Epoch 6/10:  62%|██████▏   | 336/546 [01:50<01:08,  3.05it/s]
Epoch 6/10:  62%|██████▏   | 337/546 [01:50<01:08,  3.05it/s]
Epoch 6/10:  62%|██████▏   | 338/546 [01:50<01:08,  3.05it/s]
Epoch 6/10:  62%|██████▏   | 339/546 [01:51<01:07,  3.05it/s]
Epoch 6/10:  62%|██████▏   | 340/546 [01:51<01:07,  3.06it/s]
Epoch 6/10:  62%|██████▏   | 341/546 [01:51<01:07,  3.06it/s]
Epoch 6/10:  63%|██████▎   | 342/546 [01:51<01:06,  3.05it/s]
Epoch 6/10:  63%|██████▎   | 343/546 [01:52<01:06,  3.05it/s]
Epoch 6/10:  63%|██████▎   | 344/546 [01:52<01:06,  3.05it/s]
Epoch 6/10:  63%|██████▎   | 345/546 [01:52<01:05,  3.05it/s]
Epoch 6/10:  63%|██████▎   | 346/546 [01:53<01:05,  3.05it/s]
Epoch 6/10:  64%|██████▎   | 347/546 [01:53<01:05,  3.05it/s]
Epoch 6/10:  64%|██████▎   | 348/546 [01:53<01:04,  3.05it/s]
Epoch 6/10:  64%|██████▍   | 349/546 [01:54<01:04,  3.05it/s]
Epoch 6/10:  64%|██████▍   | 350/546 [01:54<01:04,  3.05it/s]
Epoch 6/10:  64%|██████▍   | 351/546 [01:54<01:03,  3.05it/s]
Epoch 6/10:  64%|██████▍   | 352/546 [01:55<01:03,  3.05it/s]
Epoch 6/10:  65%|██████▍   | 353/546 [01:55<01:03,  3.05it/s]
Epoch 6/10:  65%|██████▍   | 354/546 [01:55<01:02,  3.05it/s]
Epoch 6/10:  65%|██████▌   | 355/546 [01:56<01:02,  3.06it/s]
Epoch 6/10:  65%|██████▌   | 356/546 [01:56<01:02,  3.05it/s]
Epoch 6/10:  65%|██████▌   | 357/546 [01:56<01:01,  3.05it/s]
Epoch 6/10:  66%|██████▌   | 358/546 [01:57<01:01,  3.05it/s]
Epoch 6/10:  66%|██████▌   | 359/546 [01:57<01:01,  3.05it/s]
Epoch 6/10:  66%|██████▌   | 360/546 [01:57<01:00,  3.05it/s]
Epoch 6/10:  66%|██████▌   | 361/546 [01:58<01:00,  3.05it/s]
Epoch 6/10:  66%|██████▋   | 362/546 [01:58<01:00,  3.05it/s]
Epoch 6/10:  66%|██████▋   | 363/546 [01:58<00:59,  3.05it/s]
Epoch 6/10:  67%|██████▋   | 364/546 [01:59<00:59,  3.06it/s]
Epoch 6/10:  67%|██████▋   | 365/546 [01:59<00:59,  3.06it/s]
Epoch 6/10:  67%|██████▋   | 366/546 [01:59<00:58,  3.06it/s]
Epoch 6/10:  67%|██████▋   | 367/546 [02:00<00:58,  3.06it/s]
Epoch 6/10:  67%|██████▋   | 368/546 [02:00<00:58,  3.06it/s]
Epoch 6/10:  68%|██████▊   | 369/546 [02:00<00:58,  3.03it/s]
Epoch 6/10:  68%|██████▊   | 370/546 [02:01<00:57,  3.04it/s]
Epoch 6/10:  68%|██████▊   | 371/546 [02:01<00:57,  3.04it/s]
Epoch 6/10:  68%|██████▊   | 372/546 [02:01<00:57,  3.05it/s]
Epoch 6/10:  68%|██████▊   | 373/546 [02:02<00:56,  3.05it/s]
Epoch 6/10:  68%|██████▊   | 374/546 [02:02<00:56,  3.05it/s]
Epoch 6/10:  69%|██████▊   | 375/546 [02:02<00:56,  3.05it/s]
Epoch 6/10:  69%|██████▉   | 376/546 [02:03<00:55,  3.05it/s]
Epoch 6/10:  69%|██████▉   | 377/546 [02:03<00:55,  3.05it/s]
Epoch 6/10:  69%|██████▉   | 378/546 [02:03<00:55,  3.05it/s]
Epoch 6/10:  69%|██████▉   | 379/546 [02:04<00:54,  3.05it/s]
Epoch 6/10:  70%|██████▉   | 380/546 [02:04<00:54,  3.05it/s]
Epoch 6/10:  70%|██████▉   | 381/546 [02:04<00:54,  3.05it/s]
Epoch 6/10:  70%|██████▉   | 382/546 [02:05<00:53,  3.05it/s]
Epoch 6/10:  70%|███████   | 383/546 [02:05<00:53,  3.05it/s]
Epoch 6/10:  70%|███████   | 384/546 [02:05<00:53,  3.05it/s]
Epoch 6/10:  71%|███████   | 385/546 [02:06<00:52,  3.05it/s]
Epoch 6/10:  71%|███████   | 386/546 [02:06<00:52,  3.06it/s]
Epoch 6/10:  71%|███████   | 387/546 [02:06<00:52,  3.06it/s]
Epoch 6/10:  71%|███████   | 388/546 [02:07<00:51,  3.06it/s]
Epoch 6/10:  71%|███████   | 389/546 [02:07<00:51,  3.06it/s]
Epoch 6/10:  71%|███████▏  | 390/546 [02:07<00:51,  3.06it/s]
Epoch 6/10:  72%|███████▏  | 391/546 [02:08<00:50,  3.06it/s]
Epoch 6/10:  72%|███████▏  | 392/546 [02:08<00:50,  3.05it/s]
Epoch 6/10:  72%|███████▏  | 393/546 [02:08<00:50,  3.06it/s]
Epoch 6/10:  72%|███████▏  | 394/546 [02:09<00:49,  3.06it/s]
Epoch 6/10:  72%|███████▏  | 395/546 [02:09<00:49,  3.06it/s]
Epoch 6/10:  73%|███████▎  | 396/546 [02:09<00:49,  3.06it/s]
Epoch 6/10:  73%|███████▎  | 397/546 [02:10<00:48,  3.06it/s]
Epoch 6/10:  73%|███████▎  | 398/546 [02:10<00:48,  3.06it/s]
Epoch 6/10:  73%|███████▎  | 399/546 [02:10<00:48,  3.05it/s]
Epoch 6/10:  73%|███████▎  | 400/546 [02:10<00:47,  3.05it/s]
Epoch 6/10:  73%|███████▎  | 401/546 [02:11<00:47,  3.05it/s]
Epoch 6/10:  74%|███████▎  | 402/546 [02:11<00:47,  3.05it/s]
Epoch 6/10:  74%|███████▍  | 403/546 [02:11<00:46,  3.05it/s]
Epoch 6/10:  74%|███████▍  | 404/546 [02:12<00:46,  3.05it/s]
Epoch 6/10:  74%|███████▍  | 405/546 [02:12<00:46,  3.05it/s]
Epoch 6/10:  74%|███████▍  | 406/546 [02:12<00:45,  3.05it/s]
Epoch 6/10:  75%|███████▍  | 407/546 [02:13<00:45,  3.05it/s]
Epoch 6/10:  75%|███████▍  | 408/546 [02:13<00:45,  3.05it/s]
Epoch 6/10:  75%|███████▍  | 409/546 [02:13<00:44,  3.05it/s]
Epoch 6/10:  75%|███████▌  | 410/546 [02:14<00:44,  3.04it/s]
Epoch 6/10:  75%|███████▌  | 411/546 [02:14<00:44,  3.05it/s]
Epoch 6/10:  75%|███████▌  | 412/546 [02:14<00:43,  3.05it/s]
Epoch 6/10:  76%|███████▌  | 413/546 [02:15<00:43,  3.05it/s]
Epoch 6/10:  76%|███████▌  | 414/546 [02:15<00:43,  3.05it/s]
Epoch 6/10:  76%|███████▌  | 415/546 [02:15<00:42,  3.05it/s]
Epoch 6/10:  76%|███████▌  | 416/546 [02:16<00:42,  3.05it/s]
Epoch 6/10:  76%|███████▋  | 417/546 [02:16<00:42,  3.05it/s]
Epoch 6/10:  77%|███████▋  | 418/546 [02:16<00:41,  3.05it/s]
Epoch 6/10:  77%|███████▋  | 419/546 [02:17<00:41,  3.05it/s]
Epoch 6/10:  77%|███████▋  | 420/546 [02:17<00:41,  3.05it/s]
Epoch 6/10:  77%|███████▋  | 421/546 [02:17<00:40,  3.06it/s]
Epoch 6/10:  77%|███████▋  | 422/546 [02:18<00:40,  3.06it/s]
Epoch 6/10:  77%|███████▋  | 423/546 [02:18<00:40,  3.06it/s]
Epoch 6/10:  78%|███████▊  | 424/546 [02:18<00:39,  3.06it/s]
Epoch 6/10:  78%|███████▊  | 425/546 [02:19<00:39,  3.06it/s]
Epoch 6/10:  78%|███████▊  | 426/546 [02:19<00:39,  3.06it/s]
Epoch 6/10:  78%|███████▊  | 427/546 [02:19<00:38,  3.06it/s]
Epoch 6/10:  78%|███████▊  | 428/546 [02:20<00:38,  3.06it/s]
Epoch 6/10:  79%|███████▊  | 429/546 [02:20<00:38,  3.06it/s]
Epoch 6/10:  79%|███████▉  | 430/546 [02:20<00:37,  3.06it/s]
Epoch 6/10:  79%|███████▉  | 431/546 [02:21<00:37,  3.06it/s]
Epoch 6/10:  79%|███████▉  | 432/546 [02:21<00:37,  3.06it/s]
Epoch 6/10:  79%|███████▉  | 433/546 [02:21<00:36,  3.06it/s]
Epoch 6/10:  79%|███████▉  | 434/546 [02:22<00:36,  3.06it/s]
Epoch 6/10:  80%|███████▉  | 435/546 [02:22<00:36,  3.06it/s]
Epoch 6/10:  80%|███████▉  | 436/546 [02:22<00:35,  3.06it/s]
Epoch 6/10:  80%|████████  | 437/546 [02:23<00:35,  3.06it/s]
Epoch 6/10:  80%|████████  | 438/546 [02:23<00:35,  3.06it/s]
Epoch 6/10:  80%|████████  | 439/546 [02:23<00:35,  3.06it/s]
Epoch 6/10:  81%|████████  | 440/546 [02:24<00:34,  3.06it/s]
Epoch 6/10:  81%|████████  | 441/546 [02:24<00:34,  3.06it/s]
Epoch 6/10:  81%|████████  | 442/546 [02:24<00:34,  3.06it/s]
Epoch 6/10:  81%|████████  | 443/546 [02:25<00:33,  3.06it/s]
Epoch 6/10:  81%|████████▏ | 444/546 [02:25<00:33,  3.06it/s]
Epoch 6/10:  82%|████████▏ | 445/546 [02:25<00:33,  3.06it/s]
Epoch 6/10:  82%|████████▏ | 446/546 [02:26<00:32,  3.06it/s]
Epoch 6/10:  82%|████████▏ | 447/546 [02:26<00:32,  3.06it/s]
Epoch 6/10:  82%|████████▏ | 448/546 [02:26<00:32,  3.06it/s]
Epoch 6/10:  82%|████████▏ | 449/546 [02:27<00:31,  3.06it/s]
Epoch 6/10:  82%|████████▏ | 450/546 [02:27<00:31,  3.06it/s]
Epoch 6/10:  83%|████████▎ | 451/546 [02:27<00:31,  3.06it/s]
Epoch 6/10:  83%|████████▎ | 452/546 [02:28<00:30,  3.06it/s]
Epoch 6/10:  83%|████████▎ | 453/546 [02:28<00:30,  3.06it/s]
Epoch 6/10:  83%|████████▎ | 454/546 [02:28<00:30,  3.05it/s]
Epoch 6/10:  83%|████████▎ | 455/546 [02:29<00:29,  3.05it/s]
Epoch 6/10:  84%|████████▎ | 456/546 [02:29<00:29,  3.05it/s]
Epoch 6/10:  84%|████████▎ | 457/546 [02:29<00:29,  3.06it/s]
Epoch 6/10:  84%|████████▍ | 458/546 [02:29<00:28,  3.05it/s]
Epoch 6/10:  84%|████████▍ | 459/546 [02:30<00:28,  3.05it/s]
Epoch 6/10:  84%|████████▍ | 460/546 [02:30<00:28,  3.05it/s]
Epoch 6/10:  84%|████████▍ | 461/546 [02:30<00:27,  3.06it/s]
Epoch 6/10:  85%|████████▍ | 462/546 [02:31<00:27,  3.05it/s]
Epoch 6/10:  85%|████████▍ | 463/546 [02:31<00:27,  3.05it/s]
Epoch 6/10:  85%|████████▍ | 464/546 [02:31<00:26,  3.05it/s]
Epoch 6/10:  85%|████████▌ | 465/546 [02:32<00:26,  3.05it/s]
Epoch 6/10:  85%|████████▌ | 466/546 [02:32<00:26,  3.05it/s]
Epoch 6/10:  86%|████████▌ | 467/546 [02:32<00:25,  3.05it/s]
Epoch 6/10:  86%|████████▌ | 468/546 [02:33<00:25,  3.05it/s]
Epoch 6/10:  86%|████████▌ | 469/546 [02:33<00:25,  3.05it/s]
Epoch 6/10:  86%|████████▌ | 470/546 [02:33<00:24,  3.05it/s]
Epoch 6/10:  86%|████████▋ | 471/546 [02:34<00:24,  3.05it/s]
Epoch 6/10:  86%|████████▋ | 472/546 [02:34<00:24,  3.05it/s]
Epoch 6/10:  87%|████████▋ | 473/546 [02:34<00:23,  3.05it/s]
Epoch 6/10:  87%|████████▋ | 474/546 [02:35<00:23,  3.05it/s]
Epoch 6/10:  87%|████████▋ | 475/546 [02:35<00:23,  3.05it/s]
Epoch 6/10:  87%|████████▋ | 476/546 [02:35<00:22,  3.06it/s]
Epoch 6/10:  87%|████████▋ | 477/546 [02:36<00:22,  3.05it/s]
Epoch 6/10:  88%|████████▊ | 478/546 [02:36<00:22,  3.05it/s]
Epoch 6/10:  88%|████████▊ | 479/546 [02:36<00:21,  3.05it/s]
Epoch 6/10:  88%|████████▊ | 480/546 [02:37<00:21,  3.05it/s]
Epoch 6/10:  88%|████████▊ | 481/546 [02:37<00:21,  3.05it/s]
Epoch 6/10:  88%|████████▊ | 482/546 [02:37<00:20,  3.05it/s]
Epoch 6/10:  88%|████████▊ | 483/546 [02:38<00:20,  3.05it/s]
Epoch 6/10:  89%|████████▊ | 484/546 [02:38<00:20,  3.06it/s]
Epoch 6/10:  89%|████████▉ | 485/546 [02:38<00:19,  3.05it/s]
Epoch 6/10:  89%|████████▉ | 486/546 [02:39<00:19,  3.05it/s]
Epoch 6/10:  89%|████████▉ | 487/546 [02:39<00:19,  3.06it/s]
Epoch 6/10:  89%|████████▉ | 488/546 [02:39<00:18,  3.06it/s]
Epoch 6/10:  90%|████████▉ | 489/546 [02:40<00:18,  3.06it/s]
Epoch 6/10:  90%|████████▉ | 490/546 [02:40<00:18,  3.06it/s]
Epoch 6/10:  90%|████████▉ | 491/546 [02:40<00:17,  3.06it/s]
Epoch 6/10:  90%|█████████ | 492/546 [02:41<00:17,  3.06it/s]
Epoch 6/10:  90%|█████████ | 493/546 [02:41<00:17,  3.06it/s]
Epoch 6/10:  90%|█████████ | 494/546 [02:41<00:17,  3.06it/s]
Epoch 6/10:  91%|█████████ | 495/546 [02:42<00:16,  3.06it/s]
Epoch 6/10:  91%|█████████ | 496/546 [02:42<00:16,  3.06it/s]
Epoch 6/10:  91%|█████████ | 497/546 [02:42<00:16,  3.06it/s]
Epoch 6/10:  91%|█████████ | 498/546 [02:43<00:15,  3.06it/s]
Epoch 6/10:  91%|█████████▏| 499/546 [02:43<00:15,  3.06it/s]
Epoch 6/10:  92%|█████████▏| 500/546 [02:43<00:15,  3.06it/s]
Epoch 6/10:  92%|█████████▏| 501/546 [02:44<00:14,  3.06it/s]
Epoch 6/10:  92%|█████████▏| 502/546 [02:44<00:14,  3.06it/s]
Epoch 6/10:  92%|█████████▏| 503/546 [02:44<00:14,  3.06it/s]
Epoch 6/10:  92%|█████████▏| 504/546 [02:45<00:13,  3.06it/s]
Epoch 6/10:  92%|█████████▏| 505/546 [02:45<00:13,  3.05it/s]
Epoch 6/10:  93%|█████████▎| 506/546 [02:45<00:13,  3.05it/s]
Epoch 6/10:  93%|█████████▎| 507/546 [02:46<00:12,  3.06it/s]
Epoch 6/10:  93%|█████████▎| 508/546 [02:46<00:12,  3.06it/s]
Epoch 6/10:  93%|█████████▎| 509/546 [02:46<00:12,  3.06it/s]
Epoch 6/10:  93%|█████████▎| 510/546 [02:47<00:11,  3.05it/s]
Epoch 6/10:  94%|█████████▎| 511/546 [02:47<00:11,  3.05it/s]
Epoch 6/10:  94%|█████████▍| 512/546 [02:47<00:11,  3.05it/s]
Epoch 6/10:  94%|█████████▍| 513/546 [02:47<00:10,  3.05it/s]
Epoch 6/10:  94%|█████████▍| 514/546 [02:48<00:10,  3.06it/s]
Epoch 6/10:  94%|█████████▍| 515/546 [02:48<00:10,  3.05it/s]
Epoch 6/10:  95%|█████████▍| 516/546 [02:48<00:09,  3.06it/s]
Epoch 6/10:  95%|█████████▍| 517/546 [02:49<00:09,  3.05it/s]
Epoch 6/10:  95%|█████████▍| 518/546 [02:49<00:09,  3.06it/s]
Epoch 6/10:  95%|█████████▌| 519/546 [02:49<00:08,  3.06it/s]
Epoch 6/10:  95%|█████████▌| 520/546 [02:50<00:08,  3.06it/s]
Epoch 6/10:  95%|█████████▌| 521/546 [02:50<00:08,  3.06it/s]
Epoch 6/10:  96%|█████████▌| 522/546 [02:50<00:07,  3.06it/s]
Epoch 6/10:  96%|█████████▌| 523/546 [02:51<00:07,  3.06it/s]
Epoch 6/10:  96%|█████████▌| 524/546 [02:51<00:07,  3.06it/s]
Epoch 6/10:  96%|█████████▌| 525/546 [02:51<00:06,  3.06it/s]
Epoch 6/10:  96%|█████████▋| 526/546 [02:52<00:06,  3.06it/s]
Epoch 6/10:  97%|█████████▋| 527/546 [02:52<00:06,  3.06it/s]
Epoch 6/10:  97%|█████████▋| 528/546 [02:52<00:05,  3.06it/s]
Epoch 6/10:  97%|█████████▋| 529/546 [02:53<00:05,  3.06it/s]
Epoch 6/10:  97%|█████████▋| 530/546 [02:53<00:05,  3.06it/s]
Epoch 6/10:  97%|█████████▋| 531/546 [02:53<00:04,  3.06it/s]
Epoch 6/10:  97%|█████████▋| 532/546 [02:54<00:04,  3.06it/s]
Epoch 6/10:  98%|█████████▊| 533/546 [02:54<00:04,  3.06it/s]
Epoch 6/10:  98%|█████████▊| 534/546 [02:54<00:03,  3.06it/s]
Epoch 6/10:  98%|█████████▊| 535/546 [02:55<00:03,  3.06it/s]
Epoch 6/10:  98%|█████████▊| 536/546 [02:55<00:03,  3.06it/s]
Epoch 6/10:  98%|█████████▊| 537/546 [02:55<00:02,  3.05it/s]
Epoch 6/10:  99%|█████████▊| 538/546 [02:56<00:02,  3.05it/s]
Epoch 6/10:  99%|█████████▊| 539/546 [02:56<00:02,  3.06it/s]
Epoch 6/10:  99%|█████████▉| 540/546 [02:56<00:01,  3.06it/s]
Epoch 6/10:  99%|█████████▉| 541/546 [02:57<00:01,  3.06it/s]
Epoch 6/10:  99%|█████████▉| 542/546 [02:57<00:01,  3.06it/s]
Epoch 6/10:  99%|█████████▉| 543/546 [02:57<00:00,  3.06it/s]
Epoch 6/10: 100%|█████████▉| 544/546 [02:58<00:00,  3.06it/s]
Epoch 6/10: 100%|█████████▉| 545/546 [02:58<00:00,  3.06it/s]
Epoch 6/10: 100%|██████████| 546/546 [02:58<00:00,  3.06it/s]
Epoch 6/10: 100%|██████████| 546/546 [02:58<00:00,  3.05it/s]
/user/nirish.samant/u28445/.conda/envs/dnlp/lib/python3.10/site-packages/sklearn/metrics/_classification.py:407: UserWarning: A single label was found in 'y_true' and 'y_pred'. For the confusion matrix to have the correct shape, use the 'labels' parameter to pass all known labels.
  warnings.warn(

Epoch 7/10:   0%|          | 0/546 [00:00<?, ?it/s]
Epoch 7/10:   0%|          | 1/546 [00:00<03:15,  2.79it/s]
Epoch 7/10:   0%|          | 2/546 [00:00<03:04,  2.94it/s]
Epoch 7/10:   1%|          | 3/546 [00:01<03:01,  2.99it/s]
Epoch 7/10:   1%|          | 4/546 [00:01<02:59,  3.02it/s]
Epoch 7/10:   1%|          | 5/546 [00:01<02:58,  3.03it/s]
Epoch 7/10:   1%|          | 6/546 [00:01<02:57,  3.04it/s]
Epoch 7/10:   1%|▏         | 7/546 [00:02<02:57,  3.04it/s]
Epoch 7/10:   1%|▏         | 8/546 [00:02<02:56,  3.05it/s]
Epoch 7/10:   2%|▏         | 9/546 [00:02<02:56,  3.05it/s]
Epoch 7/10:   2%|▏         | 10/546 [00:03<02:55,  3.05it/s]
Epoch 7/10:   2%|▏         | 11/546 [00:03<02:55,  3.05it/s]
Epoch 7/10:   2%|▏         | 12/546 [00:03<02:54,  3.05it/s]
Epoch 7/10:   2%|▏         | 13/546 [00:04<02:54,  3.05it/s]
Epoch 7/10:   3%|▎         | 14/546 [00:04<02:54,  3.05it/s]
Epoch 7/10:   3%|▎         | 15/546 [00:04<02:53,  3.05it/s]
Epoch 7/10:   3%|▎         | 16/546 [00:05<02:53,  3.05it/s]
Epoch 7/10:   3%|▎         | 17/546 [00:05<02:53,  3.06it/s]
Epoch 7/10:   3%|▎         | 18/546 [00:05<02:52,  3.05it/s]
Epoch 7/10:   3%|▎         | 19/546 [00:06<02:52,  3.05it/s]
Epoch 7/10:   4%|▎         | 20/546 [00:06<02:52,  3.06it/s]
Epoch 7/10:   4%|▍         | 21/546 [00:06<02:51,  3.06it/s]
Epoch 7/10:   4%|▍         | 22/546 [00:07<02:51,  3.05it/s]
Epoch 7/10:   4%|▍         | 23/546 [00:07<02:51,  3.05it/s]
Epoch 7/10:   4%|▍         | 24/546 [00:07<02:50,  3.05it/s]
Epoch 7/10:   5%|▍         | 25/546 [00:08<02:50,  3.05it/s]
Epoch 7/10:   5%|▍         | 26/546 [00:08<02:50,  3.05it/s]
Epoch 7/10:   5%|▍         | 27/546 [00:08<02:50,  3.05it/s]
Epoch 7/10:   5%|▌         | 28/546 [00:09<02:49,  3.05it/s]
Epoch 7/10:   5%|▌         | 29/546 [00:09<02:49,  3.05it/s]
Epoch 7/10:   5%|▌         | 30/546 [00:09<02:48,  3.05it/s]
Epoch 7/10:   6%|▌         | 31/546 [00:10<02:48,  3.05it/s]
Epoch 7/10:   6%|▌         | 32/546 [00:10<02:48,  3.05it/s]
Epoch 7/10:   6%|▌         | 33/546 [00:10<02:47,  3.05it/s]
Epoch 7/10:   6%|▌         | 34/546 [00:11<02:47,  3.05it/s]
Epoch 7/10:   6%|▋         | 35/546 [00:11<02:47,  3.05it/s]
Epoch 7/10:   7%|▋         | 36/546 [00:11<02:47,  3.05it/s]
Epoch 7/10:   7%|▋         | 37/546 [00:12<02:46,  3.05it/s]
Epoch 7/10:   7%|▋         | 38/546 [00:12<02:46,  3.05it/s]
Epoch 7/10:   7%|▋         | 39/546 [00:12<02:46,  3.05it/s]
Epoch 7/10:   7%|▋         | 40/546 [00:13<02:45,  3.05it/s]
Epoch 7/10:   8%|▊         | 41/546 [00:13<02:45,  3.05it/s]
Epoch 7/10:   8%|▊         | 42/546 [00:13<02:45,  3.05it/s]
Epoch 7/10:   8%|▊         | 43/546 [00:14<02:44,  3.05it/s]
Epoch 7/10:   8%|▊         | 44/546 [00:14<02:44,  3.06it/s]
Epoch 7/10:   8%|▊         | 45/546 [00:14<02:44,  3.05it/s]
Epoch 7/10:   8%|▊         | 46/546 [00:15<02:43,  3.05it/s]
Epoch 7/10:   9%|▊         | 47/546 [00:15<02:43,  3.05it/s]
Epoch 7/10:   9%|▉         | 48/546 [00:15<02:42,  3.06it/s]
Epoch 7/10:   9%|▉         | 49/546 [00:16<02:42,  3.05it/s]
Epoch 7/10:   9%|▉         | 50/546 [00:16<02:42,  3.05it/s]
Epoch 7/10:   9%|▉         | 51/546 [00:16<02:42,  3.05it/s]
Epoch 7/10:  10%|▉         | 52/546 [00:17<02:41,  3.06it/s]
Epoch 7/10:  10%|▉         | 53/546 [00:17<02:41,  3.05it/s]
Epoch 7/10:  10%|▉         | 54/546 [00:17<02:41,  3.05it/s]
Epoch 7/10:  10%|█         | 55/546 [00:18<02:40,  3.05it/s]
Epoch 7/10:  10%|█         | 56/546 [00:18<02:40,  3.06it/s]
Epoch 7/10:  10%|█         | 57/546 [00:18<02:40,  3.05it/s]
Epoch 7/10:  11%|█         | 58/546 [00:19<02:39,  3.05it/s]
Epoch 7/10:  11%|█         | 59/546 [00:19<02:39,  3.05it/s]
Epoch 7/10:  11%|█         | 60/546 [00:19<02:39,  3.05it/s]
Epoch 7/10:  11%|█         | 61/546 [00:20<02:38,  3.05it/s]
Epoch 7/10:  11%|█▏        | 62/546 [00:20<02:38,  3.05it/s]
Epoch 7/10:  12%|█▏        | 63/546 [00:20<02:38,  3.05it/s]
Epoch 7/10:  12%|█▏        | 64/546 [00:20<02:37,  3.05it/s]
Epoch 7/10:  12%|█▏        | 65/546 [00:21<02:37,  3.05it/s]
Epoch 7/10:  12%|█▏        | 66/546 [00:21<02:37,  3.05it/s]
Epoch 7/10:  12%|█▏        | 67/546 [00:21<02:36,  3.05it/s]
Epoch 7/10:  12%|█▏        | 68/546 [00:22<02:36,  3.06it/s]
Epoch 7/10:  13%|█▎        | 69/546 [00:22<02:36,  3.05it/s]
Epoch 7/10:  13%|█▎        | 70/546 [00:22<02:36,  3.03it/s]
Epoch 7/10:  13%|█▎        | 71/546 [00:23<02:36,  3.04it/s]
Epoch 7/10:  13%|█▎        | 72/546 [00:23<02:35,  3.04it/s]
Epoch 7/10:  13%|█▎        | 73/546 [00:23<02:35,  3.05it/s]
Epoch 7/10:  14%|█▎        | 74/546 [00:24<02:34,  3.05it/s]
Epoch 7/10:  14%|█▎        | 75/546 [00:24<02:34,  3.05it/s]
Epoch 7/10:  14%|█▍        | 76/546 [00:24<02:34,  3.05it/s]
Epoch 7/10:  14%|█▍        | 77/546 [00:25<02:33,  3.05it/s]
Epoch 7/10:  14%|█▍        | 78/546 [00:25<02:33,  3.05it/s]
Epoch 7/10:  14%|█▍        | 79/546 [00:25<02:32,  3.05it/s]
Epoch 7/10:  15%|█▍        | 80/546 [00:26<02:32,  3.05it/s]
Epoch 7/10:  15%|█▍        | 81/546 [00:26<02:32,  3.05it/s]
Epoch 7/10:  15%|█▌        | 82/546 [00:26<02:31,  3.05it/s]
Epoch 7/10:  15%|█▌        | 83/546 [00:27<02:31,  3.05it/s]
Epoch 7/10:  15%|█▌        | 84/546 [00:27<02:31,  3.05it/s]
Epoch 7/10:  16%|█▌        | 85/546 [00:27<02:30,  3.05it/s]
Epoch 7/10:  16%|█▌        | 86/546 [00:28<02:30,  3.05it/s]
Epoch 7/10:  16%|█▌        | 87/546 [00:28<02:30,  3.05it/s]
Epoch 7/10:  16%|█▌        | 88/546 [00:28<02:29,  3.05it/s]
Epoch 7/10:  16%|█▋        | 89/546 [00:29<02:29,  3.05it/s]
Epoch 7/10:  16%|█▋        | 90/546 [00:29<02:29,  3.05it/s]
Epoch 7/10:  17%|█▋        | 91/546 [00:29<02:28,  3.05it/s]
Epoch 7/10:  17%|█▋        | 92/546 [00:30<02:28,  3.05it/s]
Epoch 7/10:  17%|█▋        | 93/546 [00:30<02:28,  3.05it/s]
Epoch 7/10:  17%|█▋        | 94/546 [00:30<02:28,  3.05it/s]
Epoch 7/10:  17%|█▋        | 95/546 [00:31<02:27,  3.05it/s]
Epoch 7/10:  18%|█▊        | 96/546 [00:31<02:27,  3.05it/s]
Epoch 7/10:  18%|█▊        | 97/546 [00:31<02:27,  3.05it/s]
Epoch 7/10:  18%|█▊        | 98/546 [00:32<02:26,  3.06it/s]
Epoch 7/10:  18%|█▊        | 99/546 [00:32<02:26,  3.06it/s]
Epoch 7/10:  18%|█▊        | 100/546 [00:32<02:25,  3.05it/s]
Epoch 7/10:  18%|█▊        | 101/546 [00:33<02:25,  3.05it/s]
Epoch 7/10:  19%|█▊        | 102/546 [00:33<02:25,  3.06it/s]
Epoch 7/10:  19%|█▉        | 103/546 [00:33<02:25,  3.05it/s]
Epoch 7/10:  19%|█▉        | 104/546 [00:34<02:24,  3.05it/s]
Epoch 7/10:  19%|█▉        | 105/546 [00:34<02:24,  3.05it/s]
Epoch 7/10:  19%|█▉        | 106/546 [00:34<02:24,  3.05it/s]
Epoch 7/10:  20%|█▉        | 107/546 [00:35<02:23,  3.05it/s]
Epoch 7/10:  20%|█▉        | 108/546 [00:35<02:23,  3.05it/s]
Epoch 7/10:  20%|█▉        | 109/546 [00:35<02:22,  3.06it/s]
Epoch 7/10:  20%|██        | 110/546 [00:36<02:22,  3.06it/s]
Epoch 7/10:  20%|██        | 111/546 [00:36<02:22,  3.06it/s]
Epoch 7/10:  21%|██        | 112/546 [00:36<02:22,  3.06it/s]
Epoch 7/10:  21%|██        | 113/546 [00:37<02:21,  3.06it/s]
Epoch 7/10:  21%|██        | 114/546 [00:37<02:21,  3.06it/s]
Epoch 7/10:  21%|██        | 115/546 [00:37<02:21,  3.06it/s]
Epoch 7/10:  21%|██        | 116/546 [00:38<02:20,  3.06it/s]
Epoch 7/10:  21%|██▏       | 117/546 [00:38<02:20,  3.06it/s]
Epoch 7/10:  22%|██▏       | 118/546 [00:38<02:20,  3.06it/s]
Epoch 7/10:  22%|██▏       | 119/546 [00:39<02:19,  3.05it/s]
Epoch 7/10:  22%|██▏       | 120/546 [00:39<02:19,  3.05it/s]
Epoch 7/10:  22%|██▏       | 121/546 [00:39<02:19,  3.06it/s]
Epoch 7/10:  22%|██▏       | 122/546 [00:39<02:18,  3.06it/s]
Epoch 7/10:  23%|██▎       | 123/546 [00:40<02:18,  3.06it/s]
Epoch 7/10:  23%|██▎       | 124/546 [00:40<02:18,  3.06it/s]
Epoch 7/10:  23%|██▎       | 125/546 [00:40<02:17,  3.06it/s]
Epoch 7/10:  23%|██▎       | 126/546 [00:41<02:17,  3.06it/s]
Epoch 7/10:  23%|██▎       | 127/546 [00:41<02:17,  3.06it/s]
Epoch 7/10:  23%|██▎       | 128/546 [00:41<02:16,  3.06it/s]
Epoch 7/10:  24%|██▎       | 129/546 [00:42<02:16,  3.06it/s]
Epoch 7/10:  24%|██▍       | 130/546 [00:42<02:16,  3.06it/s]
Epoch 7/10:  24%|██▍       | 131/546 [00:42<02:15,  3.06it/s]
Epoch 7/10:  24%|██▍       | 132/546 [00:43<02:15,  3.06it/s]
Epoch 7/10:  24%|██▍       | 133/546 [00:43<02:15,  3.06it/s]
Epoch 7/10:  25%|██▍       | 134/546 [00:43<02:14,  3.06it/s]
Epoch 7/10:  25%|██▍       | 135/546 [00:44<02:14,  3.06it/s]
Epoch 7/10:  25%|██▍       | 136/546 [00:44<02:14,  3.06it/s]
Epoch 7/10:  25%|██▌       | 137/546 [00:44<02:13,  3.06it/s]
Epoch 7/10:  25%|██▌       | 138/546 [00:45<02:13,  3.06it/s]
Epoch 7/10:  25%|██▌       | 139/546 [00:45<02:13,  3.06it/s]
Epoch 7/10:  26%|██▌       | 140/546 [00:45<02:12,  3.06it/s]
Epoch 7/10:  26%|██▌       | 141/546 [00:46<02:12,  3.06it/s]
Epoch 7/10:  26%|██▌       | 142/546 [00:46<02:12,  3.06it/s]
Epoch 7/10:  26%|██▌       | 143/546 [00:46<02:11,  3.05it/s]
Epoch 7/10:  26%|██▋       | 144/546 [00:47<02:11,  3.06it/s]
Epoch 7/10:  27%|██▋       | 145/546 [00:47<02:11,  3.06it/s]
Epoch 7/10:  27%|██▋       | 146/546 [00:47<02:10,  3.06it/s]
Epoch 7/10:  27%|██▋       | 147/546 [00:48<02:10,  3.06it/s]
Epoch 7/10:  27%|██▋       | 148/546 [00:48<02:10,  3.06it/s]
Epoch 7/10:  27%|██▋       | 149/546 [00:48<02:09,  3.06it/s]
Epoch 7/10:  27%|██▋       | 150/546 [00:49<02:09,  3.06it/s]
Epoch 7/10:  28%|██▊       | 151/546 [00:49<02:09,  3.06it/s]
Epoch 7/10:  28%|██▊       | 152/546 [00:49<02:08,  3.06it/s]
Epoch 7/10:  28%|██▊       | 153/546 [00:50<02:08,  3.06it/s]
Epoch 7/10:  28%|██▊       | 154/546 [00:50<02:08,  3.06it/s]
Epoch 7/10:  28%|██▊       | 155/546 [00:50<02:07,  3.06it/s]
Epoch 7/10:  29%|██▊       | 156/546 [00:51<02:07,  3.06it/s]
Epoch 7/10:  29%|██▉       | 157/546 [00:51<02:07,  3.06it/s]
Epoch 7/10:  29%|██▉       | 158/546 [00:51<02:07,  3.05it/s]
Epoch 7/10:  29%|██▉       | 159/546 [00:52<02:06,  3.05it/s]
Epoch 7/10:  29%|██▉       | 160/546 [00:52<02:06,  3.05it/s]
Epoch 7/10:  29%|██▉       | 161/546 [00:52<02:05,  3.06it/s]
Epoch 7/10:  30%|██▉       | 162/546 [00:53<02:05,  3.06it/s]
Epoch 7/10:  30%|██▉       | 163/546 [00:53<02:05,  3.05it/s]
Epoch 7/10:  30%|███       | 164/546 [00:53<02:04,  3.06it/s]
Epoch 7/10:  30%|███       | 165/546 [00:54<02:04,  3.06it/s]
Epoch 7/10:  30%|███       | 166/546 [00:54<02:04,  3.06it/s]
Epoch 7/10:  31%|███       | 167/546 [00:54<02:04,  3.06it/s]
Epoch 7/10:  31%|███       | 168/546 [00:55<02:03,  3.05it/s]
Epoch 7/10:  31%|███       | 169/546 [00:55<02:03,  3.06it/s]
Epoch 7/10:  31%|███       | 170/546 [00:55<02:03,  3.06it/s]
Epoch 7/10:  31%|███▏      | 171/546 [00:56<02:02,  3.05it/s]
Epoch 7/10:  32%|███▏      | 172/546 [00:56<02:02,  3.05it/s]
Epoch 7/10:  32%|███▏      | 173/546 [00:56<02:02,  3.06it/s]
Epoch 7/10:  32%|███▏      | 174/546 [00:56<02:01,  3.06it/s]
Epoch 7/10:  32%|███▏      | 175/546 [00:57<02:01,  3.06it/s]
Epoch 7/10:  32%|███▏      | 176/546 [00:57<02:01,  3.05it/s]
Epoch 7/10:  32%|███▏      | 177/546 [00:57<02:00,  3.06it/s]
Epoch 7/10:  33%|███▎      | 178/546 [00:58<02:00,  3.06it/s]
Epoch 7/10:  33%|███▎      | 179/546 [00:58<02:00,  3.05it/s]
Epoch 7/10:  33%|███▎      | 180/546 [00:58<01:59,  3.05it/s]
Epoch 7/10:  33%|███▎      | 181/546 [00:59<01:59,  3.06it/s]
Epoch 7/10:  33%|███▎      | 182/546 [00:59<01:59,  3.05it/s]
Epoch 7/10:  34%|███▎      | 183/546 [00:59<01:58,  3.06it/s]
Epoch 7/10:  34%|███▎      | 184/546 [01:00<01:58,  3.06it/s]
Epoch 7/10:  34%|███▍      | 185/546 [01:00<01:59,  3.02it/s]
Epoch 7/10:  34%|███▍      | 186/546 [01:00<01:58,  3.03it/s]
Epoch 7/10:  34%|███▍      | 187/546 [01:01<01:58,  3.04it/s]
Epoch 7/10:  34%|███▍      | 188/546 [01:01<01:57,  3.04it/s]
Epoch 7/10:  35%|███▍      | 189/546 [01:01<01:57,  3.05it/s]
Epoch 7/10:  35%|███▍      | 190/546 [01:02<01:56,  3.05it/s]
Epoch 7/10:  35%|███▍      | 191/546 [01:02<01:56,  3.05it/s]
Epoch 7/10:  35%|███▌      | 192/546 [01:02<01:56,  3.05it/s]
Epoch 7/10:  35%|███▌      | 193/546 [01:03<01:55,  3.05it/s]
Epoch 7/10:  36%|███▌      | 194/546 [01:03<01:55,  3.05it/s]
Epoch 7/10:  36%|███▌      | 195/546 [01:03<01:55,  3.05it/s]
Epoch 7/10:  36%|███▌      | 196/546 [01:04<01:54,  3.05it/s]
Epoch 7/10:  36%|███▌      | 197/546 [01:04<01:54,  3.05it/s]
Epoch 7/10:  36%|███▋      | 198/546 [01:04<01:53,  3.05it/s]
Epoch 7/10:  36%|███▋      | 199/546 [01:05<01:53,  3.05it/s]
Epoch 7/10:  37%|███▋      | 200/546 [01:05<01:53,  3.05it/s]
Epoch 7/10:  37%|███▋      | 201/546 [01:05<01:53,  3.05it/s]
Epoch 7/10:  37%|███▋      | 202/546 [01:06<01:52,  3.05it/s]
Epoch 7/10:  37%|███▋      | 203/546 [01:06<01:52,  3.05it/s]
Epoch 7/10:  37%|███▋      | 204/546 [01:06<01:51,  3.05it/s]
Epoch 7/10:  38%|███▊      | 205/546 [01:07<01:51,  3.05it/s]
Epoch 7/10:  38%|███▊      | 206/546 [01:07<01:51,  3.05it/s]
Epoch 7/10:  38%|███▊      | 207/546 [01:07<01:51,  3.05it/s]
Epoch 7/10:  38%|███▊      | 208/546 [01:08<01:50,  3.05it/s]
Epoch 7/10:  38%|███▊      | 209/546 [01:08<01:50,  3.05it/s]
Epoch 7/10:  38%|███▊      | 210/546 [01:08<01:50,  3.05it/s]
Epoch 7/10:  39%|███▊      | 211/546 [01:09<01:49,  3.05it/s]
Epoch 7/10:  39%|███▉      | 212/546 [01:09<01:49,  3.05it/s]
Epoch 7/10:  39%|███▉      | 213/546 [01:09<01:49,  3.05it/s]
Epoch 7/10:  39%|███▉      | 214/546 [01:10<01:48,  3.05it/s]
Epoch 7/10:  39%|███▉      | 215/546 [01:10<01:48,  3.05it/s]
Epoch 7/10:  40%|███▉      | 216/546 [01:10<01:48,  3.05it/s]
Epoch 7/10:  40%|███▉      | 217/546 [01:11<01:47,  3.05it/s]
Epoch 7/10:  40%|███▉      | 218/546 [01:11<01:47,  3.05it/s]
Epoch 7/10:  40%|████      | 219/546 [01:11<01:47,  3.05it/s]
Epoch 7/10:  40%|████      | 220/546 [01:12<01:46,  3.05it/s]
Epoch 7/10:  40%|████      | 221/546 [01:12<01:46,  3.05it/s]
Epoch 7/10:  41%|████      | 222/546 [01:12<01:46,  3.05it/s]
Epoch 7/10:  41%|████      | 223/546 [01:13<01:45,  3.06it/s]
Epoch 7/10:  41%|████      | 224/546 [01:13<01:45,  3.06it/s]
Epoch 7/10:  41%|████      | 225/546 [01:13<01:45,  3.06it/s]
Epoch 7/10:  41%|████▏     | 226/546 [01:14<01:44,  3.06it/s]
Epoch 7/10:  42%|████▏     | 227/546 [01:14<01:44,  3.06it/s]
Epoch 7/10:  42%|████▏     | 228/546 [01:14<01:44,  3.06it/s]
Epoch 7/10:  42%|████▏     | 229/546 [01:15<01:43,  3.05it/s]
Epoch 7/10:  42%|████▏     | 230/546 [01:15<01:43,  3.06it/s]
Epoch 7/10:  42%|████▏     | 231/546 [01:15<01:43,  3.06it/s]
Epoch 7/10:  42%|████▏     | 232/546 [01:16<01:42,  3.06it/s]
Epoch 7/10:  43%|████▎     | 233/546 [01:16<01:42,  3.06it/s]
Epoch 7/10:  43%|████▎     | 234/546 [01:16<01:42,  3.06it/s]
Epoch 7/10:  43%|████▎     | 235/546 [01:16<01:41,  3.06it/s]
Epoch 7/10:  43%|████▎     | 236/546 [01:17<01:41,  3.06it/s]
Epoch 7/10:  43%|████▎     | 237/546 [01:17<01:41,  3.06it/s]
Epoch 7/10:  44%|████▎     | 238/546 [01:17<01:40,  3.06it/s]
Epoch 7/10:  44%|████▍     | 239/546 [01:18<01:40,  3.06it/s]
Epoch 7/10:  44%|████▍     | 240/546 [01:18<01:40,  3.05it/s]
Epoch 7/10:  44%|████▍     | 241/546 [01:18<01:39,  3.06it/s]
Epoch 7/10:  44%|████▍     | 242/546 [01:19<01:39,  3.06it/s]
Epoch 7/10:  45%|████▍     | 243/546 [01:19<01:39,  3.06it/s]
Epoch 7/10:  45%|████▍     | 244/546 [01:19<01:38,  3.06it/s]
Epoch 7/10:  45%|████▍     | 245/546 [01:20<01:38,  3.05it/s]
Epoch 7/10:  45%|████▌     | 246/546 [01:20<01:38,  3.06it/s]
Epoch 7/10:  45%|████▌     | 247/546 [01:20<01:37,  3.06it/s]
Epoch 7/10:  45%|████▌     | 248/546 [01:21<01:37,  3.06it/s]
Epoch 7/10:  46%|████▌     | 249/546 [01:21<01:37,  3.06it/s]
Epoch 7/10:  46%|████▌     | 250/546 [01:21<01:36,  3.06it/s]
Epoch 7/10:  46%|████▌     | 251/546 [01:22<01:36,  3.06it/s]
Epoch 7/10:  46%|████▌     | 252/546 [01:22<01:36,  3.05it/s]
Epoch 7/10:  46%|████▋     | 253/546 [01:22<01:35,  3.05it/s]
Epoch 7/10:  47%|████▋     | 254/546 [01:23<01:35,  3.06it/s]
Epoch 7/10:  47%|████▋     | 255/546 [01:23<01:35,  3.06it/s]
Epoch 7/10:  47%|████▋     | 256/546 [01:23<01:34,  3.05it/s]
Epoch 7/10:  47%|████▋     | 257/546 [01:24<01:34,  3.06it/s]
Epoch 7/10:  47%|████▋     | 258/546 [01:24<01:34,  3.06it/s]
Epoch 7/10:  47%|████▋     | 259/546 [01:24<01:33,  3.06it/s]
Epoch 7/10:  48%|████▊     | 260/546 [01:25<01:33,  3.05it/s]
Epoch 7/10:  48%|████▊     | 261/546 [01:25<01:33,  3.06it/s]
Epoch 7/10:  48%|████▊     | 262/546 [01:25<01:32,  3.06it/s]
Epoch 7/10:  48%|████▊     | 263/546 [01:26<01:32,  3.06it/s]
Epoch 7/10:  48%|████▊     | 264/546 [01:26<01:32,  3.06it/s]
Epoch 7/10:  49%|████▊     | 265/546 [01:26<01:31,  3.06it/s]
Epoch 7/10:  49%|████▊     | 266/546 [01:27<01:31,  3.06it/s]
Epoch 7/10:  49%|████▉     | 267/546 [01:27<01:31,  3.06it/s]
Epoch 7/10:  49%|████▉     | 268/546 [01:27<01:30,  3.06it/s]
Epoch 7/10:  49%|████▉     | 269/546 [01:28<01:30,  3.06it/s]
Epoch 7/10:  49%|████▉     | 270/546 [01:28<01:30,  3.06it/s]
Epoch 7/10:  50%|████▉     | 271/546 [01:28<01:29,  3.06it/s]
Epoch 7/10:  50%|████▉     | 272/546 [01:29<01:29,  3.06it/s]
Epoch 7/10:  50%|█████     | 273/546 [01:29<01:29,  3.06it/s]
Epoch 7/10:  50%|█████     | 274/546 [01:29<01:29,  3.06it/s]
Epoch 7/10:  50%|█████     | 275/546 [01:30<01:28,  3.05it/s]
Epoch 7/10:  51%|█████     | 276/546 [01:30<01:28,  3.05it/s]
Epoch 7/10:  51%|█████     | 277/546 [01:30<01:28,  3.05it/s]
Epoch 7/10:  51%|█████     | 278/546 [01:31<01:27,  3.05it/s]
Epoch 7/10:  51%|█████     | 279/546 [01:31<01:27,  3.05it/s]
Epoch 7/10:  51%|█████▏    | 280/546 [01:31<01:27,  3.05it/s]
Epoch 7/10:  51%|█████▏    | 281/546 [01:32<01:26,  3.05it/s]
Epoch 7/10:  52%|█████▏    | 282/546 [01:32<01:26,  3.06it/s]
Epoch 7/10:  52%|█████▏    | 283/546 [01:32<01:26,  3.06it/s]
Epoch 7/10:  52%|█████▏    | 284/546 [01:33<01:25,  3.06it/s]
Epoch 7/10:  52%|█████▏    | 285/546 [01:33<01:25,  3.06it/s]
Epoch 7/10:  52%|█████▏    | 286/546 [01:33<01:25,  3.06it/s]
Epoch 7/10:  53%|█████▎    | 287/546 [01:34<01:24,  3.06it/s]
Epoch 7/10:  53%|█████▎    | 288/546 [01:34<01:24,  3.06it/s]
Epoch 7/10:  53%|█████▎    | 289/546 [01:34<01:24,  3.06it/s]
Epoch 7/10:  53%|█████▎    | 290/546 [01:34<01:23,  3.06it/s]
Epoch 7/10:  53%|█████▎    | 291/546 [01:35<01:23,  3.06it/s]
Epoch 7/10:  53%|█████▎    | 292/546 [01:35<01:23,  3.06it/s]
Epoch 7/10:  54%|█████▎    | 293/546 [01:35<01:22,  3.06it/s]
Epoch 7/10:  54%|█████▍    | 294/546 [01:36<01:22,  3.06it/s]
Epoch 7/10:  54%|█████▍    | 295/546 [01:36<01:22,  3.06it/s]
Epoch 7/10:  54%|█████▍    | 296/546 [01:36<01:21,  3.06it/s]
Epoch 7/10:  54%|█████▍    | 297/546 [01:37<01:21,  3.06it/s]
Epoch 7/10:  55%|█████▍    | 298/546 [01:37<01:21,  3.06it/s]
Epoch 7/10:  55%|█████▍    | 299/546 [01:37<01:20,  3.06it/s]
Epoch 7/10:  55%|█████▍    | 300/546 [01:38<01:20,  3.06it/s]
Epoch 7/10:  55%|█████▌    | 301/546 [01:38<01:20,  3.06it/s]
Epoch 7/10:  55%|█████▌    | 302/546 [01:38<01:19,  3.06it/s]
Epoch 7/10:  55%|█████▌    | 303/546 [01:39<01:19,  3.06it/s]
Epoch 7/10:  56%|█████▌    | 304/546 [01:39<01:19,  3.06it/s]
Epoch 7/10:  56%|█████▌    | 305/546 [01:39<01:18,  3.06it/s]
Epoch 7/10:  56%|█████▌    | 306/546 [01:40<01:18,  3.06it/s]
Epoch 7/10:  56%|█████▌    | 307/546 [01:40<01:18,  3.06it/s]
Epoch 7/10:  56%|█████▋    | 308/546 [01:40<01:17,  3.06it/s]
Epoch 7/10:  57%|█████▋    | 309/546 [01:41<01:17,  3.05it/s]
Epoch 7/10:  57%|█████▋    | 310/546 [01:41<01:17,  3.05it/s]
Epoch 7/10:  57%|█████▋    | 311/546 [01:41<01:16,  3.06it/s]
Epoch 7/10:  57%|█████▋    | 312/546 [01:42<01:16,  3.06it/s]
Epoch 7/10:  57%|█████▋    | 313/546 [01:42<01:16,  3.06it/s]
Epoch 7/10:  58%|█████▊    | 314/546 [01:42<01:15,  3.06it/s]
Epoch 7/10:  58%|█████▊    | 315/546 [01:43<01:15,  3.06it/s]
Epoch 7/10:  58%|█████▊    | 316/546 [01:43<01:15,  3.06it/s]
Epoch 7/10:  58%|█████▊    | 317/546 [01:43<01:14,  3.06it/s]
Epoch 7/10:  58%|█████▊    | 318/546 [01:44<01:14,  3.06it/s]
Epoch 7/10:  58%|█████▊    | 319/546 [01:44<01:14,  3.06it/s]
Epoch 7/10:  59%|█████▊    | 320/546 [01:44<01:13,  3.06it/s]
Epoch 7/10:  59%|█████▉    | 321/546 [01:45<01:13,  3.06it/s]
Epoch 7/10:  59%|█████▉    | 322/546 [01:45<01:13,  3.06it/s]
Epoch 7/10:  59%|█████▉    | 323/546 [01:45<01:12,  3.06it/s]
Epoch 7/10:  59%|█████▉    | 324/546 [01:46<01:12,  3.06it/s]
Epoch 7/10:  60%|█████▉    | 325/546 [01:46<01:12,  3.06it/s]
Epoch 7/10:  60%|█████▉    | 326/546 [01:46<01:11,  3.06it/s]
Epoch 7/10:  60%|█████▉    | 327/546 [01:47<01:11,  3.06it/s]
Epoch 7/10:  60%|██████    | 328/546 [01:47<01:11,  3.06it/s]
Epoch 7/10:  60%|██████    | 329/546 [01:47<01:10,  3.06it/s]
Epoch 7/10:  60%|██████    | 330/546 [01:48<01:10,  3.06it/s]
Epoch 7/10:  61%|██████    | 331/546 [01:48<01:10,  3.06it/s]
Epoch 7/10:  61%|██████    | 332/546 [01:48<01:10,  3.06it/s]
Epoch 7/10:  61%|██████    | 333/546 [01:49<01:09,  3.06it/s]
Epoch 7/10:  61%|██████    | 334/546 [01:49<01:09,  3.06it/s]
Epoch 7/10:  61%|██████▏   | 335/546 [01:49<01:09,  3.06it/s]
Epoch 7/10:  62%|██████▏   | 336/546 [01:50<01:08,  3.06it/s]
Epoch 7/10:  62%|██████▏   | 337/546 [01:50<01:08,  3.06it/s]
Epoch 7/10:  62%|██████▏   | 338/546 [01:50<01:08,  3.06it/s]
Epoch 7/10:  62%|██████▏   | 339/546 [01:51<01:07,  3.06it/s]
Epoch 7/10:  62%|██████▏   | 340/546 [01:51<01:07,  3.06it/s]
Epoch 7/10:  62%|██████▏   | 341/546 [01:51<01:07,  3.06it/s]
Epoch 7/10:  63%|██████▎   | 342/546 [01:51<01:06,  3.06it/s]
Epoch 7/10:  63%|██████▎   | 343/546 [01:52<01:06,  3.05it/s]
Epoch 7/10:  63%|██████▎   | 344/546 [01:52<01:06,  3.05it/s]
Epoch 7/10:  63%|██████▎   | 345/546 [01:52<01:05,  3.06it/s]
Epoch 7/10:  63%|██████▎   | 346/546 [01:53<01:05,  3.06it/s]
Epoch 7/10:  64%|██████▎   | 347/546 [01:53<01:05,  3.06it/s]
Epoch 7/10:  64%|██████▎   | 348/546 [01:53<01:04,  3.06it/s]
Epoch 7/10:  64%|██████▍   | 349/546 [01:54<01:04,  3.06it/s]
Epoch 7/10:  64%|██████▍   | 350/546 [01:54<01:04,  3.06it/s]
Epoch 7/10:  64%|██████▍   | 351/546 [01:54<01:03,  3.06it/s]
Epoch 7/10:  64%|██████▍   | 352/546 [01:55<01:03,  3.06it/s]
Epoch 7/10:  65%|██████▍   | 353/546 [01:55<01:03,  3.06it/s]
Epoch 7/10:  65%|██████▍   | 354/546 [01:55<01:02,  3.06it/s]
Epoch 7/10:  65%|██████▌   | 355/546 [01:56<01:02,  3.06it/s]
Epoch 7/10:  65%|██████▌   | 356/546 [01:56<01:02,  3.06it/s]
Epoch 7/10:  65%|██████▌   | 357/546 [01:56<01:01,  3.06it/s]
Epoch 7/10:  66%|██████▌   | 358/546 [01:57<01:01,  3.06it/s]
Epoch 7/10:  66%|██████▌   | 359/546 [01:57<01:01,  3.06it/s]
Epoch 7/10:  66%|██████▌   | 360/546 [01:57<01:00,  3.06it/s]
Epoch 7/10:  66%|██████▌   | 361/546 [01:58<01:00,  3.06it/s]
Epoch 7/10:  66%|██████▋   | 362/546 [01:58<01:00,  3.06it/s]
Epoch 7/10:  66%|██████▋   | 363/546 [01:58<00:59,  3.06it/s]
Epoch 7/10:  67%|██████▋   | 364/546 [01:59<00:59,  3.06it/s]
Epoch 7/10:  67%|██████▋   | 365/546 [01:59<00:59,  3.06it/s]
Epoch 7/10:  67%|██████▋   | 366/546 [01:59<00:58,  3.06it/s]
Epoch 7/10:  67%|██████▋   | 367/546 [02:00<00:58,  3.06it/s]
Epoch 7/10:  67%|██████▋   | 368/546 [02:00<00:58,  3.06it/s]
Epoch 7/10:  68%|██████▊   | 369/546 [02:00<00:58,  3.02it/s]
Epoch 7/10:  68%|██████▊   | 370/546 [02:01<00:58,  3.03it/s]
Epoch 7/10:  68%|██████▊   | 371/546 [02:01<00:57,  3.04it/s]
Epoch 7/10:  68%|██████▊   | 372/546 [02:01<00:57,  3.04it/s]
Epoch 7/10:  68%|██████▊   | 373/546 [02:02<00:56,  3.04it/s]
Epoch 7/10:  68%|██████▊   | 374/546 [02:02<00:56,  3.05it/s]
Epoch 7/10:  69%|██████▊   | 375/546 [02:02<00:56,  3.05it/s]
Epoch 7/10:  69%|██████▉   | 376/546 [02:03<00:55,  3.05it/s]
Epoch 7/10:  69%|██████▉   | 377/546 [02:03<00:55,  3.05it/s]
Epoch 7/10:  69%|██████▉   | 378/546 [02:03<00:55,  3.05it/s]
Epoch 7/10:  69%|██████▉   | 379/546 [02:04<00:54,  3.05it/s]
Epoch 7/10:  70%|██████▉   | 380/546 [02:04<00:54,  3.05it/s]
Epoch 7/10:  70%|██████▉   | 381/546 [02:04<00:54,  3.05it/s]
Epoch 7/10:  70%|██████▉   | 382/546 [02:05<00:53,  3.06it/s]
Epoch 7/10:  70%|███████   | 383/546 [02:05<00:53,  3.06it/s]
Epoch 7/10:  70%|███████   | 384/546 [02:05<00:52,  3.06it/s]
Epoch 7/10:  71%|███████   | 385/546 [02:06<00:52,  3.06it/s]
Epoch 7/10:  71%|███████   | 386/546 [02:06<00:52,  3.06it/s]
Epoch 7/10:  71%|███████   | 387/546 [02:06<00:52,  3.06it/s]
Epoch 7/10:  71%|███████   | 388/546 [02:07<00:51,  3.06it/s]
Epoch 7/10:  71%|███████   | 389/546 [02:07<00:51,  3.06it/s]
Epoch 7/10:  71%|███████▏  | 390/546 [02:07<00:51,  3.06it/s]
Epoch 7/10:  72%|███████▏  | 391/546 [02:08<00:50,  3.06it/s]
Epoch 7/10:  72%|███████▏  | 392/546 [02:08<00:50,  3.06it/s]
Epoch 7/10:  72%|███████▏  | 393/546 [02:08<00:50,  3.06it/s]
Epoch 7/10:  72%|███████▏  | 394/546 [02:09<00:49,  3.05it/s]
Epoch 7/10:  72%|███████▏  | 395/546 [02:09<00:49,  3.06it/s]
Epoch 7/10:  73%|███████▎  | 396/546 [02:09<00:49,  3.06it/s]
Epoch 7/10:  73%|███████▎  | 397/546 [02:10<00:48,  3.05it/s]
Epoch 7/10:  73%|███████▎  | 398/546 [02:10<00:48,  3.06it/s]
Epoch 7/10:  73%|███████▎  | 399/546 [02:10<00:48,  3.06it/s]
Epoch 7/10:  73%|███████▎  | 400/546 [02:10<00:47,  3.06it/s]
Epoch 7/10:  73%|███████▎  | 401/546 [02:11<00:47,  3.06it/s]
Epoch 7/10:  74%|███████▎  | 402/546 [02:11<00:47,  3.06it/s]
Epoch 7/10:  74%|███████▍  | 403/546 [02:11<00:46,  3.06it/s]
Epoch 7/10:  74%|███████▍  | 404/546 [02:12<00:46,  3.06it/s]
Epoch 7/10:  74%|███████▍  | 405/546 [02:12<00:46,  3.06it/s]
Epoch 7/10:  74%|███████▍  | 406/546 [02:12<00:45,  3.06it/s]
Epoch 7/10:  75%|███████▍  | 407/546 [02:13<00:45,  3.06it/s]
Epoch 7/10:  75%|███████▍  | 408/546 [02:13<00:45,  3.06it/s]
Epoch 7/10:  75%|███████▍  | 409/546 [02:13<00:44,  3.06it/s]
Epoch 7/10:  75%|███████▌  | 410/546 [02:14<00:44,  3.06it/s]
Epoch 7/10:  75%|███████▌  | 411/546 [02:14<00:44,  3.06it/s]
Epoch 7/10:  75%|███████▌  | 412/546 [02:14<00:43,  3.06it/s]
Epoch 7/10:  76%|███████▌  | 413/546 [02:15<00:43,  3.06it/s]
Epoch 7/10:  76%|███████▌  | 414/546 [02:15<00:43,  3.06it/s]
Epoch 7/10:  76%|███████▌  | 415/546 [02:15<00:42,  3.06it/s]
Epoch 7/10:  76%|███████▌  | 416/546 [02:16<00:42,  3.06it/s]
Epoch 7/10:  76%|███████▋  | 417/546 [02:16<00:42,  3.06it/s]
Epoch 7/10:  77%|███████▋  | 418/546 [02:16<00:41,  3.06it/s]
Epoch 7/10:  77%|███████▋  | 419/546 [02:17<00:41,  3.06it/s]
Epoch 7/10:  77%|███████▋  | 420/546 [02:17<00:41,  3.06it/s]
Epoch 7/10:  77%|███████▋  | 421/546 [02:17<00:40,  3.06it/s]
Epoch 7/10:  77%|███████▋  | 422/546 [02:18<00:40,  3.05it/s]
Epoch 7/10:  77%|███████▋  | 423/546 [02:18<00:40,  3.05it/s]
Epoch 7/10:  78%|███████▊  | 424/546 [02:18<00:39,  3.05it/s]
Epoch 7/10:  78%|███████▊  | 425/546 [02:19<00:39,  3.05it/s]
Epoch 7/10:  78%|███████▊  | 426/546 [02:19<00:39,  3.05it/s]
Epoch 7/10:  78%|███████▊  | 427/546 [02:19<00:38,  3.06it/s]
Epoch 7/10:  78%|███████▊  | 428/546 [02:20<00:38,  3.06it/s]
Epoch 7/10:  79%|███████▊  | 429/546 [02:20<00:38,  3.05it/s]
Epoch 7/10:  79%|███████▉  | 430/546 [02:20<00:37,  3.05it/s]
Epoch 7/10:  79%|███████▉  | 431/546 [02:21<00:37,  3.05it/s]
Epoch 7/10:  79%|███████▉  | 432/546 [02:21<00:37,  3.06it/s]
Epoch 7/10:  79%|███████▉  | 433/546 [02:21<00:36,  3.05it/s]
Epoch 7/10:  79%|███████▉  | 434/546 [02:22<00:36,  3.06it/s]
Epoch 7/10:  80%|███████▉  | 435/546 [02:22<00:36,  3.05it/s]
Epoch 7/10:  80%|███████▉  | 436/546 [02:22<00:36,  3.05it/s]
Epoch 7/10:  80%|████████  | 437/546 [02:23<00:35,  3.05it/s]
Epoch 7/10:  80%|████████  | 438/546 [02:23<00:35,  3.05it/s]
Epoch 7/10:  80%|████████  | 439/546 [02:23<00:35,  3.05it/s]
Epoch 7/10:  81%|████████  | 440/546 [02:24<00:34,  3.06it/s]
Epoch 7/10:  81%|████████  | 441/546 [02:24<00:34,  3.05it/s]
Epoch 7/10:  81%|████████  | 442/546 [02:24<00:34,  3.05it/s]
Epoch 7/10:  81%|████████  | 443/546 [02:25<00:33,  3.06it/s]
Epoch 7/10:  81%|████████▏ | 444/546 [02:25<00:33,  3.06it/s]
Epoch 7/10:  82%|████████▏ | 445/546 [02:25<00:33,  3.06it/s]
Epoch 7/10:  82%|████████▏ | 446/546 [02:26<00:32,  3.05it/s]
Epoch 7/10:  82%|████████▏ | 447/546 [02:26<00:32,  3.05it/s]
Epoch 7/10:  82%|████████▏ | 448/546 [02:26<00:32,  3.05it/s]
Epoch 7/10:  82%|████████▏ | 449/546 [02:27<00:31,  3.05it/s]
Epoch 7/10:  82%|████████▏ | 450/546 [02:27<00:31,  3.05it/s]
Epoch 7/10:  83%|████████▎ | 451/546 [02:27<00:31,  3.05it/s]
Epoch 7/10:  83%|████████▎ | 452/546 [02:28<00:30,  3.05it/s]
Epoch 7/10:  83%|████████▎ | 453/546 [02:28<00:30,  3.06it/s]
Epoch 7/10:  83%|████████▎ | 454/546 [02:28<00:30,  3.06it/s]
Epoch 7/10:  83%|████████▎ | 455/546 [02:28<00:29,  3.06it/s]
Epoch 7/10:  84%|████████▎ | 456/546 [02:29<00:29,  3.06it/s]
Epoch 7/10:  84%|████████▎ | 457/546 [02:29<00:29,  3.05it/s]
Epoch 7/10:  84%|████████▍ | 458/546 [02:29<00:28,  3.05it/s]
Epoch 7/10:  84%|████████▍ | 459/546 [02:30<00:28,  3.05it/s]
Epoch 7/10:  84%|████████▍ | 460/546 [02:30<00:28,  3.05it/s]
Epoch 7/10:  84%|████████▍ | 461/546 [02:30<00:27,  3.05it/s]
Epoch 7/10:  85%|████████▍ | 462/546 [02:31<00:27,  3.05it/s]
Epoch 7/10:  85%|████████▍ | 463/546 [02:31<00:27,  3.06it/s]
Epoch 7/10:  85%|████████▍ | 464/546 [02:31<00:26,  3.05it/s]
Epoch 7/10:  85%|████████▌ | 465/546 [02:32<00:26,  3.06it/s]
Epoch 7/10:  85%|████████▌ | 466/546 [02:32<00:26,  3.06it/s]
Epoch 7/10:  86%|████████▌ | 467/546 [02:32<00:25,  3.06it/s]
Epoch 7/10:  86%|████████▌ | 468/546 [02:33<00:25,  3.06it/s]
Epoch 7/10:  86%|████████▌ | 469/546 [02:33<00:25,  3.06it/s]
Epoch 7/10:  86%|████████▌ | 470/546 [02:33<00:24,  3.06it/s]
Epoch 7/10:  86%|████████▋ | 471/546 [02:34<00:24,  3.06it/s]
Epoch 7/10:  86%|████████▋ | 472/546 [02:34<00:24,  3.06it/s]
Epoch 7/10:  87%|████████▋ | 473/546 [02:34<00:23,  3.06it/s]
Epoch 7/10:  87%|████████▋ | 474/546 [02:35<00:23,  3.06it/s]
Epoch 7/10:  87%|████████▋ | 475/546 [02:35<00:23,  3.06it/s]
Epoch 7/10:  87%|████████▋ | 476/546 [02:35<00:22,  3.06it/s]
Epoch 7/10:  87%|████████▋ | 477/546 [02:36<00:22,  3.06it/s]
Epoch 7/10:  88%|████████▊ | 478/546 [02:36<00:22,  3.06it/s]
Epoch 7/10:  88%|████████▊ | 479/546 [02:36<00:21,  3.06it/s]
Epoch 7/10:  88%|████████▊ | 480/546 [02:37<00:21,  3.06it/s]
Epoch 7/10:  88%|████████▊ | 481/546 [02:37<00:21,  3.06it/s]
Epoch 7/10:  88%|████████▊ | 482/546 [02:37<00:20,  3.06it/s]
Epoch 7/10:  88%|████████▊ | 483/546 [02:38<00:20,  3.06it/s]
Epoch 7/10:  89%|████████▊ | 484/546 [02:38<00:20,  3.06it/s]
Epoch 7/10:  89%|████████▉ | 485/546 [02:38<00:19,  3.06it/s]
Epoch 7/10:  89%|████████▉ | 486/546 [02:39<00:19,  3.06it/s]
Epoch 7/10:  89%|████████▉ | 487/546 [02:39<00:19,  3.06it/s]
Epoch 7/10:  89%|████████▉ | 488/546 [02:39<00:18,  3.06it/s]
Epoch 7/10:  90%|████████▉ | 489/546 [02:40<00:18,  3.06it/s]
Epoch 7/10:  90%|████████▉ | 490/546 [02:40<00:18,  3.06it/s]
Epoch 7/10:  90%|████████▉ | 491/546 [02:40<00:17,  3.06it/s]
Epoch 7/10:  90%|█████████ | 492/546 [02:41<00:17,  3.06it/s]
Epoch 7/10:  90%|█████████ | 493/546 [02:41<00:17,  3.05it/s]
Epoch 7/10:  90%|█████████ | 494/546 [02:41<00:17,  3.05it/s]
Epoch 7/10:  91%|█████████ | 495/546 [02:42<00:16,  3.05it/s]
Epoch 7/10:  91%|█████████ | 496/546 [02:42<00:16,  3.05it/s]
Epoch 7/10:  91%|█████████ | 497/546 [02:42<00:16,  3.05it/s]
Epoch 7/10:  91%|█████████ | 498/546 [02:43<00:15,  3.06it/s]
Epoch 7/10:  91%|█████████▏| 499/546 [02:43<00:15,  3.06it/s]
Epoch 7/10:  92%|█████████▏| 500/546 [02:43<00:15,  3.06it/s]
Epoch 7/10:  92%|█████████▏| 501/546 [02:44<00:14,  3.05it/s]
Epoch 7/10:  92%|█████████▏| 502/546 [02:44<00:14,  3.06it/s]
Epoch 7/10:  92%|█████████▏| 503/546 [02:44<00:14,  3.05it/s]
Epoch 7/10:  92%|█████████▏| 504/546 [02:45<00:13,  3.05it/s]
Epoch 7/10:  92%|█████████▏| 505/546 [02:45<00:13,  3.06it/s]
Epoch 7/10:  93%|█████████▎| 506/546 [02:45<00:13,  3.06it/s]
Epoch 7/10:  93%|█████████▎| 507/546 [02:46<00:12,  3.06it/s]
Epoch 7/10:  93%|█████████▎| 508/546 [02:46<00:12,  3.06it/s]
Epoch 7/10:  93%|█████████▎| 509/546 [02:46<00:12,  3.06it/s]
Epoch 7/10:  93%|█████████▎| 510/546 [02:46<00:11,  3.06it/s]
Epoch 7/10:  94%|█████████▎| 511/546 [02:47<00:11,  3.06it/s]
Epoch 7/10:  94%|█████████▍| 512/546 [02:47<00:11,  3.06it/s]
Epoch 7/10:  94%|█████████▍| 513/546 [02:47<00:10,  3.05it/s]
Epoch 7/10:  94%|█████████▍| 514/546 [02:48<00:10,  3.06it/s]
Epoch 7/10:  94%|█████████▍| 515/546 [02:48<00:10,  3.06it/s]
Epoch 7/10:  95%|█████████▍| 516/546 [02:48<00:09,  3.06it/s]
Epoch 7/10:  95%|█████████▍| 517/546 [02:49<00:09,  3.06it/s]
Epoch 7/10:  95%|█████████▍| 518/546 [02:49<00:09,  3.06it/s]
Epoch 7/10:  95%|█████████▌| 519/546 [02:49<00:08,  3.05it/s]
Epoch 7/10:  95%|█████████▌| 520/546 [02:50<00:08,  3.06it/s]
Epoch 7/10:  95%|█████████▌| 521/546 [02:50<00:08,  3.06it/s]
Epoch 7/10:  96%|█████████▌| 522/546 [02:50<00:07,  3.06it/s]
Epoch 7/10:  96%|█████████▌| 523/546 [02:51<00:07,  3.06it/s]
Epoch 7/10:  96%|█████████▌| 524/546 [02:51<00:07,  3.06it/s]
Epoch 7/10:  96%|█████████▌| 525/546 [02:51<00:06,  3.06it/s]
Epoch 7/10:  96%|█████████▋| 526/546 [02:52<00:06,  3.06it/s]
Epoch 7/10:  97%|█████████▋| 527/546 [02:52<00:06,  3.06it/s]
Epoch 7/10:  97%|█████████▋| 528/546 [02:52<00:05,  3.05it/s]
Epoch 7/10:  97%|█████████▋| 529/546 [02:53<00:05,  3.05it/s]
Epoch 7/10:  97%|█████████▋| 530/546 [02:53<00:05,  3.05it/s]
Epoch 7/10:  97%|█████████▋| 531/546 [02:53<00:04,  3.05it/s]
Epoch 7/10:  97%|█████████▋| 532/546 [02:54<00:04,  3.05it/s]
Epoch 7/10:  98%|█████████▊| 533/546 [02:54<00:04,  3.05it/s]
Epoch 7/10:  98%|█████████▊| 534/546 [02:54<00:03,  3.06it/s]
Epoch 7/10:  98%|█████████▊| 535/546 [02:55<00:03,  3.05it/s]
Epoch 7/10:  98%|█████████▊| 536/546 [02:55<00:03,  3.05it/s]
Epoch 7/10:  98%|█████████▊| 537/546 [02:55<00:02,  3.06it/s]
Epoch 7/10:  99%|█████████▊| 538/546 [02:56<00:02,  3.06it/s]
Epoch 7/10:  99%|█████████▊| 539/546 [02:56<00:02,  3.06it/s]
Epoch 7/10:  99%|█████████▉| 540/546 [02:56<00:01,  3.06it/s]
Epoch 7/10:  99%|█████████▉| 541/546 [02:57<00:01,  3.06it/s]
Epoch 7/10:  99%|█████████▉| 542/546 [02:57<00:01,  3.06it/s]
Epoch 7/10:  99%|█████████▉| 543/546 [02:57<00:00,  3.05it/s]
Epoch 7/10: 100%|█████████▉| 544/546 [02:58<00:00,  3.05it/s]
Epoch 7/10: 100%|█████████▉| 545/546 [02:58<00:00,  3.05it/s]
Epoch 7/10: 100%|██████████| 546/546 [02:58<00:00,  3.05it/s]
Epoch 7/10: 100%|██████████| 546/546 [02:58<00:00,  3.05it/s]
/user/nirish.samant/u28445/.conda/envs/dnlp/lib/python3.10/site-packages/sklearn/metrics/_classification.py:407: UserWarning: A single label was found in 'y_true' and 'y_pred'. For the confusion matrix to have the correct shape, use the 'labels' parameter to pass all known labels.
  warnings.warn(

Epoch 8/10:   0%|          | 0/546 [00:00<?, ?it/s]
Epoch 8/10:   0%|          | 1/546 [00:00<03:20,  2.72it/s]
Epoch 8/10:   0%|          | 2/546 [00:00<03:07,  2.90it/s]
Epoch 8/10:   1%|          | 3/546 [00:01<03:02,  2.97it/s]
Epoch 8/10:   1%|          | 4/546 [00:01<03:00,  3.00it/s]
Epoch 8/10:   1%|          | 5/546 [00:01<02:59,  3.02it/s]
Epoch 8/10:   1%|          | 6/546 [00:02<02:58,  3.03it/s]
Epoch 8/10:   1%|▏         | 7/546 [00:02<02:57,  3.04it/s]
Epoch 8/10:   1%|▏         | 8/546 [00:02<02:56,  3.04it/s]
Epoch 8/10:   2%|▏         | 9/546 [00:02<02:56,  3.04it/s]
Epoch 8/10:   2%|▏         | 10/546 [00:03<02:55,  3.05it/s]
Epoch 8/10:   2%|▏         | 11/546 [00:03<02:55,  3.05it/s]
Epoch 8/10:   2%|▏         | 12/546 [00:03<02:55,  3.05it/s]
Epoch 8/10:   2%|▏         | 13/546 [00:04<02:54,  3.05it/s]
Epoch 8/10:   3%|▎         | 14/546 [00:04<02:54,  3.05it/s]
Epoch 8/10:   3%|▎         | 15/546 [00:04<02:54,  3.05it/s]
Epoch 8/10:   3%|▎         | 16/546 [00:05<02:53,  3.05it/s]
Epoch 8/10:   3%|▎         | 17/546 [00:05<02:53,  3.05it/s]
Epoch 8/10:   3%|▎         | 18/546 [00:05<02:52,  3.05it/s]
Epoch 8/10:   3%|▎         | 19/546 [00:06<02:52,  3.05it/s]
Epoch 8/10:   4%|▎         | 20/546 [00:06<02:52,  3.05it/s]
Epoch 8/10:   4%|▍         | 21/546 [00:06<02:51,  3.05it/s]
Epoch 8/10:   4%|▍         | 22/546 [00:07<02:51,  3.05it/s]
Epoch 8/10:   4%|▍         | 23/546 [00:07<02:51,  3.05it/s]
Epoch 8/10:   4%|▍         | 24/546 [00:07<02:50,  3.05it/s]
Epoch 8/10:   5%|▍         | 25/546 [00:08<02:50,  3.05it/s]
Epoch 8/10:   5%|▍         | 26/546 [00:08<02:50,  3.05it/s]
Epoch 8/10:   5%|▍         | 27/546 [00:08<02:49,  3.05it/s]
Epoch 8/10:   5%|▌         | 28/546 [00:09<02:49,  3.05it/s]
Epoch 8/10:   5%|▌         | 29/546 [00:09<02:49,  3.05it/s]
Epoch 8/10:   5%|▌         | 30/546 [00:09<02:49,  3.05it/s]
Epoch 8/10:   6%|▌         | 31/546 [00:10<02:48,  3.05it/s]
Epoch 8/10:   6%|▌         | 32/546 [00:10<02:48,  3.05it/s]
Epoch 8/10:   6%|▌         | 33/546 [00:10<02:47,  3.05it/s]
Epoch 8/10:   6%|▌         | 34/546 [00:11<02:47,  3.05it/s]
Epoch 8/10:   6%|▋         | 35/546 [00:11<02:47,  3.05it/s]
Epoch 8/10:   7%|▋         | 36/546 [00:11<02:47,  3.05it/s]
Epoch 8/10:   7%|▋         | 37/546 [00:12<02:46,  3.05it/s]
Epoch 8/10:   7%|▋         | 38/546 [00:12<02:46,  3.05it/s]
Epoch 8/10:   7%|▋         | 39/546 [00:12<02:46,  3.05it/s]
Epoch 8/10:   7%|▋         | 40/546 [00:13<02:45,  3.05it/s]
Epoch 8/10:   8%|▊         | 41/546 [00:13<02:45,  3.05it/s]
Epoch 8/10:   8%|▊         | 42/546 [00:13<02:45,  3.05it/s]
Epoch 8/10:   8%|▊         | 43/546 [00:14<02:44,  3.05it/s]
Epoch 8/10:   8%|▊         | 44/546 [00:14<02:44,  3.05it/s]
Epoch 8/10:   8%|▊         | 45/546 [00:14<02:44,  3.05it/s]
Epoch 8/10:   8%|▊         | 46/546 [00:15<02:43,  3.05it/s]
Epoch 8/10:   9%|▊         | 47/546 [00:15<02:43,  3.05it/s]
Epoch 8/10:   9%|▉         | 48/546 [00:15<02:43,  3.05it/s]
Epoch 8/10:   9%|▉         | 49/546 [00:16<02:42,  3.05it/s]
Epoch 8/10:   9%|▉         | 50/546 [00:16<02:42,  3.05it/s]
Epoch 8/10:   9%|▉         | 51/546 [00:16<02:42,  3.05it/s]
Epoch 8/10:  10%|▉         | 52/546 [00:17<02:41,  3.05it/s]
Epoch 8/10:  10%|▉         | 53/546 [00:17<02:41,  3.05it/s]
Epoch 8/10:  10%|▉         | 54/546 [00:17<02:41,  3.05it/s]
Epoch 8/10:  10%|█         | 55/546 [00:18<02:40,  3.05it/s]
Epoch 8/10:  10%|█         | 56/546 [00:18<02:40,  3.05it/s]
Epoch 8/10:  10%|█         | 57/546 [00:18<02:40,  3.05it/s]
Epoch 8/10:  11%|█         | 58/546 [00:19<02:39,  3.05it/s]
Epoch 8/10:  11%|█         | 59/546 [00:19<02:39,  3.05it/s]
Epoch 8/10:  11%|█         | 60/546 [00:19<02:39,  3.05it/s]
Epoch 8/10:  11%|█         | 61/546 [00:20<02:38,  3.05it/s]
Epoch 8/10:  11%|█▏        | 62/546 [00:20<02:38,  3.05it/s]
Epoch 8/10:  12%|█▏        | 63/546 [00:20<02:38,  3.05it/s]
Epoch 8/10:  12%|█▏        | 64/546 [00:21<02:37,  3.06it/s]
Epoch 8/10:  12%|█▏        | 65/546 [00:21<02:37,  3.06it/s]
Epoch 8/10:  12%|█▏        | 66/546 [00:21<02:37,  3.06it/s]
Epoch 8/10:  12%|█▏        | 67/546 [00:21<02:36,  3.05it/s]
Epoch 8/10:  12%|█▏        | 68/546 [00:22<02:36,  3.06it/s]
Epoch 8/10:  13%|█▎        | 69/546 [00:22<02:36,  3.06it/s]
Epoch 8/10:  13%|█▎        | 70/546 [00:22<02:35,  3.05it/s]
Epoch 8/10:  13%|█▎        | 71/546 [00:23<02:35,  3.05it/s]
Epoch 8/10:  13%|█▎        | 72/546 [00:23<02:35,  3.05it/s]
Epoch 8/10:  13%|█▎        | 73/546 [00:23<02:34,  3.05it/s]
Epoch 8/10:  14%|█▎        | 74/546 [00:24<02:34,  3.05it/s]
Epoch 8/10:  14%|█▎        | 75/546 [00:24<02:34,  3.05it/s]
Epoch 8/10:  14%|█▍        | 76/546 [00:24<02:33,  3.05it/s]
Epoch 8/10:  14%|█▍        | 77/546 [00:25<02:33,  3.05it/s]
Epoch 8/10:  14%|█▍        | 78/546 [00:25<02:33,  3.05it/s]
Epoch 8/10:  14%|█▍        | 79/546 [00:25<02:32,  3.05it/s]
Epoch 8/10:  15%|█▍        | 80/546 [00:26<02:32,  3.05it/s]
Epoch 8/10:  15%|█▍        | 81/546 [00:26<02:32,  3.05it/s]
Epoch 8/10:  15%|█▌        | 82/546 [00:26<02:31,  3.05it/s]
Epoch 8/10:  15%|█▌        | 83/546 [00:27<02:31,  3.06it/s]
Epoch 8/10:  15%|█▌        | 84/546 [00:27<02:31,  3.06it/s]
Epoch 8/10:  16%|█▌        | 85/546 [00:27<02:30,  3.06it/s]
Epoch 8/10:  16%|█▌        | 86/546 [00:28<02:30,  3.06it/s]
Epoch 8/10:  16%|█▌        | 87/546 [00:28<02:30,  3.05it/s]
Epoch 8/10:  16%|█▌        | 88/546 [00:28<02:29,  3.05it/s]
Epoch 8/10:  16%|█▋        | 89/546 [00:29<02:29,  3.05it/s]
Epoch 8/10:  16%|█▋        | 90/546 [00:29<02:29,  3.05it/s]
Epoch 8/10:  17%|█▋        | 91/546 [00:29<02:28,  3.05it/s]
Epoch 8/10:  17%|█▋        | 92/546 [00:30<02:28,  3.05it/s]
Epoch 8/10:  17%|█▋        | 93/546 [00:30<02:28,  3.05it/s]
Epoch 8/10:  17%|█▋        | 94/546 [00:30<02:28,  3.05it/s]
Epoch 8/10:  17%|█▋        | 95/546 [00:31<02:27,  3.05it/s]
Epoch 8/10:  18%|█▊        | 96/546 [00:31<02:27,  3.05it/s]
Epoch 8/10:  18%|█▊        | 97/546 [00:31<02:27,  3.05it/s]
Epoch 8/10:  18%|█▊        | 98/546 [00:32<02:26,  3.05it/s]
Epoch 8/10:  18%|█▊        | 99/546 [00:32<02:26,  3.05it/s]
Epoch 8/10:  18%|█▊        | 100/546 [00:32<02:26,  3.05it/s]
Epoch 8/10:  18%|█▊        | 101/546 [00:33<02:25,  3.05it/s]
Epoch 8/10:  19%|█▊        | 102/546 [00:33<02:25,  3.05it/s]
Epoch 8/10:  19%|█▉        | 103/546 [00:33<02:25,  3.05it/s]
Epoch 8/10:  19%|█▉        | 104/546 [00:34<02:24,  3.05it/s]
Epoch 8/10:  19%|█▉        | 105/546 [00:34<02:24,  3.05it/s]
Epoch 8/10:  19%|█▉        | 106/546 [00:34<02:24,  3.05it/s]
Epoch 8/10:  20%|█▉        | 107/546 [00:35<02:23,  3.05it/s]
Epoch 8/10:  20%|█▉        | 108/546 [00:35<02:23,  3.05it/s]
Epoch 8/10:  20%|█▉        | 109/546 [00:35<02:23,  3.05it/s]
Epoch 8/10:  20%|██        | 110/546 [00:36<02:22,  3.05it/s]
Epoch 8/10:  20%|██        | 111/546 [00:36<02:22,  3.05it/s]
Epoch 8/10:  21%|██        | 112/546 [00:36<02:22,  3.05it/s]
Epoch 8/10:  21%|██        | 113/546 [00:37<02:21,  3.05it/s]
Epoch 8/10:  21%|██        | 114/546 [00:37<02:21,  3.05it/s]
Epoch 8/10:  21%|██        | 115/546 [00:37<02:21,  3.05it/s]
Epoch 8/10:  21%|██        | 116/546 [00:38<02:20,  3.05it/s]
Epoch 8/10:  21%|██▏       | 117/546 [00:38<02:20,  3.05it/s]
Epoch 8/10:  22%|██▏       | 118/546 [00:38<02:20,  3.05it/s]
Epoch 8/10:  22%|██▏       | 119/546 [00:39<02:19,  3.05it/s]
Epoch 8/10:  22%|██▏       | 120/546 [00:39<02:19,  3.05it/s]
Epoch 8/10:  22%|██▏       | 121/546 [00:39<02:19,  3.05it/s]
Epoch 8/10:  22%|██▏       | 122/546 [00:39<02:18,  3.05it/s]
Epoch 8/10:  23%|██▎       | 123/546 [00:40<02:18,  3.05it/s]
Epoch 8/10:  23%|██▎       | 124/546 [00:40<02:18,  3.05it/s]
Epoch 8/10:  23%|██▎       | 125/546 [00:40<02:17,  3.05it/s]
Epoch 8/10:  23%|██▎       | 126/546 [00:41<02:17,  3.05it/s]
Epoch 8/10:  23%|██▎       | 127/546 [00:41<02:17,  3.05it/s]
Epoch 8/10:  23%|██▎       | 128/546 [00:41<02:16,  3.05it/s]
Epoch 8/10:  24%|██▎       | 129/546 [00:42<02:16,  3.05it/s]
Epoch 8/10:  24%|██▍       | 130/546 [00:42<02:16,  3.05it/s]
Epoch 8/10:  24%|██▍       | 131/546 [00:42<02:15,  3.05it/s]
Epoch 8/10:  24%|██▍       | 132/546 [00:43<02:15,  3.05it/s]
Epoch 8/10:  24%|██▍       | 133/546 [00:43<02:15,  3.05it/s]
Epoch 8/10:  25%|██▍       | 134/546 [00:43<02:14,  3.05it/s]
Epoch 8/10:  25%|██▍       | 135/546 [00:44<02:14,  3.05it/s]
Epoch 8/10:  25%|██▍       | 136/546 [00:44<02:14,  3.05it/s]
Epoch 8/10:  25%|██▌       | 137/546 [00:44<02:13,  3.05it/s]
Epoch 8/10:  25%|██▌       | 138/546 [00:45<02:13,  3.05it/s]
Epoch 8/10:  25%|██▌       | 139/546 [00:45<02:13,  3.05it/s]
Epoch 8/10:  26%|██▌       | 140/546 [00:45<02:13,  3.05it/s]
Epoch 8/10:  26%|██▌       | 141/546 [00:46<02:12,  3.05it/s]
Epoch 8/10:  26%|██▌       | 142/546 [00:46<02:12,  3.05it/s]
Epoch 8/10:  26%|██▌       | 143/546 [00:46<02:12,  3.05it/s]
Epoch 8/10:  26%|██▋       | 144/546 [00:47<02:11,  3.05it/s]
Epoch 8/10:  27%|██▋       | 145/546 [00:47<02:11,  3.05it/s]
Epoch 8/10:  27%|██▋       | 146/546 [00:47<02:10,  3.05it/s]
Epoch 8/10:  27%|██▋       | 147/546 [00:48<02:10,  3.05it/s]
Epoch 8/10:  27%|██▋       | 148/546 [00:48<02:10,  3.05it/s]
Epoch 8/10:  27%|██▋       | 149/546 [00:48<02:10,  3.05it/s]
Epoch 8/10:  27%|██▋       | 150/546 [00:49<02:09,  3.05it/s]
Epoch 8/10:  28%|██▊       | 151/546 [00:49<02:09,  3.05it/s]
Epoch 8/10:  28%|██▊       | 152/546 [00:49<02:09,  3.05it/s]
Epoch 8/10:  28%|██▊       | 153/546 [00:50<02:08,  3.05it/s]
Epoch 8/10:  28%|██▊       | 154/546 [00:50<02:08,  3.05it/s]
Epoch 8/10:  28%|██▊       | 155/546 [00:50<02:08,  3.05it/s]
Epoch 8/10:  29%|██▊       | 156/546 [00:51<02:07,  3.05it/s]
Epoch 8/10:  29%|██▉       | 157/546 [00:51<02:07,  3.05it/s]
Epoch 8/10:  29%|██▉       | 158/546 [00:51<02:07,  3.05it/s]
Epoch 8/10:  29%|██▉       | 159/546 [00:52<02:06,  3.05it/s]
Epoch 8/10:  29%|██▉       | 160/546 [00:52<02:06,  3.05it/s]
Epoch 8/10:  29%|██▉       | 161/546 [00:52<02:06,  3.05it/s]
Epoch 8/10:  30%|██▉       | 162/546 [00:53<02:05,  3.05it/s]
Epoch 8/10:  30%|██▉       | 163/546 [00:53<02:05,  3.05it/s]
Epoch 8/10:  30%|███       | 164/546 [00:53<02:05,  3.05it/s]
Epoch 8/10:  30%|███       | 165/546 [00:54<02:04,  3.05it/s]
Epoch 8/10:  30%|███       | 166/546 [00:54<02:04,  3.05it/s]
Epoch 8/10:  31%|███       | 167/546 [00:54<02:04,  3.05it/s]
Epoch 8/10:  31%|███       | 168/546 [00:55<02:03,  3.05it/s]
Epoch 8/10:  31%|███       | 169/546 [00:55<02:03,  3.05it/s]
Epoch 8/10:  31%|███       | 170/546 [00:55<02:03,  3.05it/s]
Epoch 8/10:  31%|███▏      | 171/546 [00:56<02:02,  3.05it/s]
Epoch 8/10:  32%|███▏      | 172/546 [00:56<02:02,  3.05it/s]
Epoch 8/10:  32%|███▏      | 173/546 [00:56<02:02,  3.05it/s]
Epoch 8/10:  32%|███▏      | 174/546 [00:57<02:01,  3.05it/s]
Epoch 8/10:  32%|███▏      | 175/546 [00:57<02:01,  3.05it/s]
Epoch 8/10:  32%|███▏      | 176/546 [00:57<02:01,  3.05it/s]
Epoch 8/10:  32%|███▏      | 177/546 [00:58<02:00,  3.05it/s]
Epoch 8/10:  33%|███▎      | 178/546 [00:58<02:00,  3.05it/s]
Epoch 8/10:  33%|███▎      | 179/546 [00:58<02:00,  3.05it/s]
Epoch 8/10:  33%|███▎      | 180/546 [00:58<01:59,  3.05it/s]
Epoch 8/10:  33%|███▎      | 181/546 [00:59<01:59,  3.05it/s]
Epoch 8/10:  33%|███▎      | 182/546 [00:59<01:59,  3.05it/s]
Epoch 8/10:  34%|███▎      | 183/546 [00:59<01:58,  3.05it/s]
Epoch 8/10:  34%|███▎      | 184/546 [01:00<01:58,  3.05it/s]
Epoch 8/10:  34%|███▍      | 185/546 [01:00<01:59,  3.03it/s]
Epoch 8/10:  34%|███▍      | 186/546 [01:00<01:58,  3.03it/s]
Epoch 8/10:  34%|███▍      | 187/546 [01:01<01:58,  3.04it/s]
Epoch 8/10:  34%|███▍      | 188/546 [01:01<01:57,  3.05it/s]
Epoch 8/10:  35%|███▍      | 189/546 [01:01<01:57,  3.05it/s]
Epoch 8/10:  35%|███▍      | 190/546 [01:02<01:56,  3.05it/s]
Epoch 8/10:  35%|███▍      | 191/546 [01:02<01:56,  3.05it/s]
Epoch 8/10:  35%|███▌      | 192/546 [01:02<01:55,  3.05it/s]
Epoch 8/10:  35%|███▌      | 193/546 [01:03<01:55,  3.05it/s]
Epoch 8/10:  36%|███▌      | 194/546 [01:03<01:55,  3.05it/s]
Epoch 8/10:  36%|███▌      | 195/546 [01:03<01:54,  3.05it/s]
Epoch 8/10:  36%|███▌      | 196/546 [01:04<01:55,  3.04it/s]
Epoch 8/10:  36%|███▌      | 197/546 [01:04<01:54,  3.05it/s]
Epoch 8/10:  36%|███▋      | 198/546 [01:04<01:54,  3.05it/s]
Epoch 8/10:  36%|███▋      | 199/546 [01:05<01:53,  3.05it/s]
Epoch 8/10:  37%|███▋      | 200/546 [01:05<01:53,  3.05it/s]
Epoch 8/10:  37%|███▋      | 201/546 [01:05<01:53,  3.05it/s]
Epoch 8/10:  37%|███▋      | 202/546 [01:06<01:52,  3.05it/s]
Epoch 8/10:  37%|███▋      | 203/546 [01:06<01:52,  3.05it/s]
Epoch 8/10:  37%|███▋      | 204/546 [01:06<01:51,  3.05it/s]
Epoch 8/10:  38%|███▊      | 205/546 [01:07<01:51,  3.05it/s]
Epoch 8/10:  38%|███▊      | 206/546 [01:07<01:51,  3.05it/s]
Epoch 8/10:  38%|███▊      | 207/546 [01:07<01:50,  3.05it/s]
Epoch 8/10:  38%|███▊      | 208/546 [01:08<01:50,  3.05it/s]
Epoch 8/10:  38%|███▊      | 209/546 [01:08<01:50,  3.05it/s]
Epoch 8/10:  38%|███▊      | 210/546 [01:08<01:50,  3.05it/s]
Epoch 8/10:  39%|███▊      | 211/546 [01:09<01:49,  3.05it/s]
Epoch 8/10:  39%|███▉      | 212/546 [01:09<01:49,  3.06it/s]
Epoch 8/10:  39%|███▉      | 213/546 [01:09<01:48,  3.06it/s]
Epoch 8/10:  39%|███▉      | 214/546 [01:10<01:48,  3.05it/s]
Epoch 8/10:  39%|███▉      | 215/546 [01:10<01:48,  3.06it/s]
Epoch 8/10:  40%|███▉      | 216/546 [01:10<01:48,  3.06it/s]
Epoch 8/10:  40%|███▉      | 217/546 [01:11<01:47,  3.06it/s]
Epoch 8/10:  40%|███▉      | 218/546 [01:11<01:47,  3.05it/s]
Epoch 8/10:  40%|████      | 219/546 [01:11<01:47,  3.05it/s]
Epoch 8/10:  40%|████      | 220/546 [01:12<01:46,  3.05it/s]
Epoch 8/10:  40%|████      | 221/546 [01:12<01:46,  3.05it/s]
Epoch 8/10:  41%|████      | 222/546 [01:12<01:46,  3.05it/s]
Epoch 8/10:  41%|████      | 223/546 [01:13<01:45,  3.06it/s]
Epoch 8/10:  41%|████      | 224/546 [01:13<01:45,  3.06it/s]
Epoch 8/10:  41%|████      | 225/546 [01:13<01:45,  3.05it/s]
Epoch 8/10:  41%|████▏     | 226/546 [01:14<01:44,  3.05it/s]
Epoch 8/10:  42%|████▏     | 227/546 [01:14<01:44,  3.06it/s]
Epoch 8/10:  42%|████▏     | 228/546 [01:14<01:44,  3.06it/s]
Epoch 8/10:  42%|████▏     | 229/546 [01:15<01:43,  3.06it/s]
Epoch 8/10:  42%|████▏     | 230/546 [01:15<01:43,  3.06it/s]
Epoch 8/10:  42%|████▏     | 231/546 [01:15<01:43,  3.06it/s]
Epoch 8/10:  42%|████▏     | 232/546 [01:16<01:42,  3.06it/s]
Epoch 8/10:  43%|████▎     | 233/546 [01:16<01:42,  3.06it/s]
Epoch 8/10:  43%|████▎     | 234/546 [01:16<01:42,  3.06it/s]
Epoch 8/10:  43%|████▎     | 235/546 [01:17<01:41,  3.06it/s]
Epoch 8/10:  43%|████▎     | 236/546 [01:17<01:41,  3.06it/s]
Epoch 8/10:  43%|████▎     | 237/546 [01:17<01:41,  3.06it/s]
Epoch 8/10:  44%|████▎     | 238/546 [01:17<01:40,  3.06it/s]
Epoch 8/10:  44%|████▍     | 239/546 [01:18<01:40,  3.06it/s]
Epoch 8/10:  44%|████▍     | 240/546 [01:18<01:40,  3.06it/s]
Epoch 8/10:  44%|████▍     | 241/546 [01:18<01:39,  3.06it/s]
Epoch 8/10:  44%|████▍     | 242/546 [01:19<01:39,  3.06it/s]
Epoch 8/10:  45%|████▍     | 243/546 [01:19<01:39,  3.06it/s]
Epoch 8/10:  45%|████▍     | 244/546 [01:19<01:38,  3.06it/s]
Epoch 8/10:  45%|████▍     | 245/546 [01:20<01:38,  3.06it/s]
Epoch 8/10:  45%|████▌     | 246/546 [01:20<01:38,  3.06it/s]
Epoch 8/10:  45%|████▌     | 247/546 [01:20<01:37,  3.06it/s]
Epoch 8/10:  45%|████▌     | 248/546 [01:21<01:37,  3.06it/s]
Epoch 8/10:  46%|████▌     | 249/546 [01:21<01:37,  3.06it/s]
Epoch 8/10:  46%|████▌     | 250/546 [01:21<01:36,  3.06it/s]
Epoch 8/10:  46%|████▌     | 251/546 [01:22<01:36,  3.06it/s]
Epoch 8/10:  46%|████▌     | 252/546 [01:22<01:36,  3.06it/s]
Epoch 8/10:  46%|████▋     | 253/546 [01:22<01:35,  3.05it/s]
Epoch 8/10:  47%|████▋     | 254/546 [01:23<01:35,  3.05it/s]
Epoch 8/10:  47%|████▋     | 255/546 [01:23<01:35,  3.06it/s]
Epoch 8/10:  47%|████▋     | 256/546 [01:23<01:34,  3.06it/s]
Epoch 8/10:  47%|████▋     | 257/546 [01:24<01:34,  3.05it/s]
Epoch 8/10:  47%|████▋     | 258/546 [01:24<01:34,  3.06it/s]
Epoch 8/10:  47%|████▋     | 259/546 [01:24<01:33,  3.06it/s]
Epoch 8/10:  48%|████▊     | 260/546 [01:25<01:33,  3.05it/s]
Epoch 8/10:  48%|████▊     | 261/546 [01:25<01:33,  3.05it/s]
Epoch 8/10:  48%|████▊     | 262/546 [01:25<01:32,  3.06it/s]
Epoch 8/10:  48%|████▊     | 263/546 [01:26<01:32,  3.06it/s]
Epoch 8/10:  48%|████▊     | 264/546 [01:26<01:32,  3.06it/s]
Epoch 8/10:  49%|████▊     | 265/546 [01:26<01:31,  3.05it/s]
Epoch 8/10:  49%|████▊     | 266/546 [01:27<01:31,  3.05it/s]
Epoch 8/10:  49%|████▉     | 267/546 [01:27<01:31,  3.06it/s]
Epoch 8/10:  49%|████▉     | 268/546 [01:27<01:30,  3.05it/s]
Epoch 8/10:  49%|████▉     | 269/546 [01:28<01:30,  3.05it/s]
Epoch 8/10:  49%|████▉     | 270/546 [01:28<01:30,  3.06it/s]
Epoch 8/10:  50%|████▉     | 271/546 [01:28<01:29,  3.06it/s]
Epoch 8/10:  50%|████▉     | 272/546 [01:29<01:29,  3.06it/s]
Epoch 8/10:  50%|█████     | 273/546 [01:29<01:29,  3.06it/s]
Epoch 8/10:  50%|█████     | 274/546 [01:29<01:29,  3.05it/s]
Epoch 8/10:  50%|█████     | 275/546 [01:30<01:28,  3.05it/s]
Epoch 8/10:  51%|█████     | 276/546 [01:30<01:28,  3.05it/s]
Epoch 8/10:  51%|█████     | 277/546 [01:30<01:28,  3.05it/s]
Epoch 8/10:  51%|█████     | 278/546 [01:31<01:27,  3.05it/s]
Epoch 8/10:  51%|█████     | 279/546 [01:31<01:27,  3.05it/s]
Epoch 8/10:  51%|█████▏    | 280/546 [01:31<01:27,  3.05it/s]
Epoch 8/10:  51%|█████▏    | 281/546 [01:32<01:26,  3.05it/s]
Epoch 8/10:  52%|█████▏    | 282/546 [01:32<01:26,  3.05it/s]
Epoch 8/10:  52%|█████▏    | 283/546 [01:32<01:26,  3.05it/s]
Epoch 8/10:  52%|█████▏    | 284/546 [01:33<01:25,  3.05it/s]
Epoch 8/10:  52%|█████▏    | 285/546 [01:33<01:25,  3.05it/s]
Epoch 8/10:  52%|█████▏    | 286/546 [01:33<01:25,  3.06it/s]
Epoch 8/10:  53%|█████▎    | 287/546 [01:34<01:24,  3.06it/s]
Epoch 8/10:  53%|█████▎    | 288/546 [01:34<01:24,  3.05it/s]
Epoch 8/10:  53%|█████▎    | 289/546 [01:34<01:24,  3.05it/s]
Epoch 8/10:  53%|█████▎    | 290/546 [01:35<01:23,  3.06it/s]
Epoch 8/10:  53%|█████▎    | 291/546 [01:35<01:23,  3.05it/s]
Epoch 8/10:  53%|█████▎    | 292/546 [01:35<01:23,  3.05it/s]
Epoch 8/10:  54%|█████▎    | 293/546 [01:35<01:22,  3.05it/s]
Epoch 8/10:  54%|█████▍    | 294/546 [01:36<01:22,  3.05it/s]
Epoch 8/10:  54%|█████▍    | 295/546 [01:36<01:22,  3.05it/s]
Epoch 8/10:  54%|█████▍    | 296/546 [01:36<01:21,  3.05it/s]
Epoch 8/10:  54%|█████▍    | 297/546 [01:37<01:21,  3.05it/s]
Epoch 8/10:  55%|█████▍    | 298/546 [01:37<01:21,  3.05it/s]
Epoch 8/10:  55%|█████▍    | 299/546 [01:37<01:20,  3.05it/s]
Epoch 8/10:  55%|█████▍    | 300/546 [01:38<01:20,  3.05it/s]
Epoch 8/10:  55%|█████▌    | 301/546 [01:38<01:20,  3.05it/s]
Epoch 8/10:  55%|█████▌    | 302/546 [01:38<01:19,  3.05it/s]
Epoch 8/10:  55%|█████▌    | 303/546 [01:39<01:19,  3.06it/s]
Epoch 8/10:  56%|█████▌    | 304/546 [01:39<01:19,  3.05it/s]
Epoch 8/10:  56%|█████▌    | 305/546 [01:39<01:18,  3.05it/s]
Epoch 8/10:  56%|█████▌    | 306/546 [01:40<01:18,  3.06it/s]
Epoch 8/10:  56%|█████▌    | 307/546 [01:40<01:18,  3.06it/s]
Epoch 8/10:  56%|█████▋    | 308/546 [01:40<01:17,  3.05it/s]
Epoch 8/10:  57%|█████▋    | 309/546 [01:41<01:17,  3.05it/s]
Epoch 8/10:  57%|█████▋    | 310/546 [01:41<01:17,  3.06it/s]
Epoch 8/10:  57%|█████▋    | 311/546 [01:41<01:16,  3.06it/s]
Epoch 8/10:  57%|█████▋    | 312/546 [01:42<01:16,  3.06it/s]
Epoch 8/10:  57%|█████▋    | 313/546 [01:42<01:16,  3.06it/s]
Epoch 8/10:  58%|█████▊    | 314/546 [01:42<01:15,  3.06it/s]
Epoch 8/10:  58%|█████▊    | 315/546 [01:43<01:15,  3.06it/s]
Epoch 8/10:  58%|█████▊    | 316/546 [01:43<01:15,  3.05it/s]
Epoch 8/10:  58%|█████▊    | 317/546 [01:43<01:14,  3.06it/s]
Epoch 8/10:  58%|█████▊    | 318/546 [01:44<01:14,  3.06it/s]
Epoch 8/10:  58%|█████▊    | 319/546 [01:44<01:14,  3.06it/s]
Epoch 8/10:  59%|█████▊    | 320/546 [01:44<01:13,  3.06it/s]
Epoch 8/10:  59%|█████▉    | 321/546 [01:45<01:13,  3.05it/s]
Epoch 8/10:  59%|█████▉    | 322/546 [01:45<01:13,  3.05it/s]
Epoch 8/10:  59%|█████▉    | 323/546 [01:45<01:12,  3.05it/s]
Epoch 8/10:  59%|█████▉    | 324/546 [01:46<01:12,  3.05it/s]
Epoch 8/10:  60%|█████▉    | 325/546 [01:46<01:12,  3.06it/s]
Epoch 8/10:  60%|█████▉    | 326/546 [01:46<01:11,  3.06it/s]
Epoch 8/10:  60%|█████▉    | 327/546 [01:47<01:11,  3.06it/s]
Epoch 8/10:  60%|██████    | 328/546 [01:47<01:11,  3.06it/s]
Epoch 8/10:  60%|██████    | 329/546 [01:47<01:11,  3.06it/s]
Epoch 8/10:  60%|██████    | 330/546 [01:48<01:10,  3.05it/s]
Epoch 8/10:  61%|██████    | 331/546 [01:48<01:10,  3.05it/s]
Epoch 8/10:  61%|██████    | 332/546 [01:48<01:10,  3.06it/s]
Epoch 8/10:  61%|██████    | 333/546 [01:49<01:09,  3.05it/s]
Epoch 8/10:  61%|██████    | 334/546 [01:49<01:09,  3.05it/s]
Epoch 8/10:  61%|██████▏   | 335/546 [01:49<01:09,  3.05it/s]
Epoch 8/10:  62%|██████▏   | 336/546 [01:50<01:08,  3.05it/s]
Epoch 8/10:  62%|██████▏   | 337/546 [01:50<01:08,  3.06it/s]
Epoch 8/10:  62%|██████▏   | 338/546 [01:50<01:08,  3.05it/s]
Epoch 8/10:  62%|██████▏   | 339/546 [01:51<01:07,  3.05it/s]
Epoch 8/10:  62%|██████▏   | 340/546 [01:51<01:07,  3.05it/s]
Epoch 8/10:  62%|██████▏   | 341/546 [01:51<01:07,  3.06it/s]
Epoch 8/10:  63%|██████▎   | 342/546 [01:52<01:06,  3.06it/s]
Epoch 8/10:  63%|██████▎   | 343/546 [01:52<01:06,  3.05it/s]
Epoch 8/10:  63%|██████▎   | 344/546 [01:52<01:06,  3.06it/s]
Epoch 8/10:  63%|██████▎   | 345/546 [01:53<01:05,  3.06it/s]
Epoch 8/10:  63%|██████▎   | 346/546 [01:53<01:05,  3.06it/s]
Epoch 8/10:  64%|██████▎   | 347/546 [01:53<01:05,  3.05it/s]
Epoch 8/10:  64%|██████▎   | 348/546 [01:53<01:04,  3.05it/s]
Epoch 8/10:  64%|██████▍   | 349/546 [01:54<01:04,  3.06it/s]
Epoch 8/10:  64%|██████▍   | 350/546 [01:54<01:04,  3.05it/s]
Epoch 8/10:  64%|██████▍   | 351/546 [01:54<01:03,  3.06it/s]
Epoch 8/10:  64%|██████▍   | 352/546 [01:55<01:03,  3.06it/s]
Epoch 8/10:  65%|██████▍   | 353/546 [01:55<01:03,  3.06it/s]
Epoch 8/10:  65%|██████▍   | 354/546 [01:55<01:02,  3.06it/s]
Epoch 8/10:  65%|██████▌   | 355/546 [01:56<01:02,  3.05it/s]
Epoch 8/10:  65%|██████▌   | 356/546 [01:56<01:02,  3.06it/s]
Epoch 8/10:  65%|██████▌   | 357/546 [01:56<01:01,  3.06it/s]
Epoch 8/10:  66%|██████▌   | 358/546 [01:57<01:01,  3.06it/s]
Epoch 8/10:  66%|██████▌   | 359/546 [01:57<01:01,  3.05it/s]
Epoch 8/10:  66%|██████▌   | 360/546 [01:57<01:00,  3.06it/s]
Epoch 8/10:  66%|██████▌   | 361/546 [01:58<01:00,  3.06it/s]
Epoch 8/10:  66%|██████▋   | 362/546 [01:58<01:00,  3.05it/s]
Epoch 8/10:  66%|██████▋   | 363/546 [01:58<00:59,  3.05it/s]
Epoch 8/10:  67%|██████▋   | 364/546 [01:59<00:59,  3.05it/s]
Epoch 8/10:  67%|██████▋   | 365/546 [01:59<00:59,  3.06it/s]
Epoch 8/10:  67%|██████▋   | 366/546 [01:59<00:58,  3.05it/s]
Epoch 8/10:  67%|██████▋   | 367/546 [02:00<00:58,  3.05it/s]
Epoch 8/10:  67%|██████▋   | 368/546 [02:00<00:58,  3.05it/s]
Epoch 8/10:  68%|██████▊   | 369/546 [02:00<00:58,  3.02it/s]
Epoch 8/10:  68%|██████▊   | 370/546 [02:01<00:58,  3.03it/s]
Epoch 8/10:  68%|██████▊   | 371/546 [02:01<00:57,  3.04it/s]
Epoch 8/10:  68%|██████▊   | 372/546 [02:01<00:57,  3.04it/s]
Epoch 8/10:  68%|██████▊   | 373/546 [02:02<00:56,  3.04it/s]
Epoch 8/10:  68%|██████▊   | 374/546 [02:02<00:56,  3.05it/s]
Epoch 8/10:  69%|██████▊   | 375/546 [02:02<00:56,  3.05it/s]
Epoch 8/10:  69%|██████▉   | 376/546 [02:03<00:55,  3.05it/s]
Epoch 8/10:  69%|██████▉   | 377/546 [02:03<00:55,  3.05it/s]
Epoch 8/10:  69%|██████▉   | 378/546 [02:03<00:55,  3.05it/s]
Epoch 8/10:  69%|██████▉   | 379/546 [02:04<00:54,  3.05it/s]
Epoch 8/10:  70%|██████▉   | 380/546 [02:04<00:54,  3.05it/s]
Epoch 8/10:  70%|██████▉   | 381/546 [02:04<00:54,  3.05it/s]
Epoch 8/10:  70%|██████▉   | 382/546 [02:05<00:53,  3.05it/s]
Epoch 8/10:  70%|███████   | 383/546 [02:05<00:53,  3.05it/s]
Epoch 8/10:  70%|███████   | 384/546 [02:05<00:53,  3.05it/s]
Epoch 8/10:  71%|███████   | 385/546 [02:06<00:52,  3.05it/s]
Epoch 8/10:  71%|███████   | 386/546 [02:06<00:52,  3.06it/s]
Epoch 8/10:  71%|███████   | 387/546 [02:06<00:52,  3.05it/s]
Epoch 8/10:  71%|███████   | 388/546 [02:07<00:51,  3.05it/s]
Epoch 8/10:  71%|███████   | 389/546 [02:07<00:51,  3.05it/s]
Epoch 8/10:  71%|███████▏  | 390/546 [02:07<00:51,  3.05it/s]
Epoch 8/10:  72%|███████▏  | 391/546 [02:08<00:50,  3.06it/s]
Epoch 8/10:  72%|███████▏  | 392/546 [02:08<00:50,  3.05it/s]
Epoch 8/10:  72%|███████▏  | 393/546 [02:08<00:50,  3.05it/s]
Epoch 8/10:  72%|███████▏  | 394/546 [02:09<00:49,  3.06it/s]
Epoch 8/10:  72%|███████▏  | 395/546 [02:09<00:49,  3.06it/s]
Epoch 8/10:  73%|███████▎  | 396/546 [02:09<00:49,  3.05it/s]
Epoch 8/10:  73%|███████▎  | 397/546 [02:10<00:48,  3.05it/s]
Epoch 8/10:  73%|███████▎  | 398/546 [02:10<00:48,  3.05it/s]
Epoch 8/10:  73%|███████▎  | 399/546 [02:10<00:48,  3.05it/s]
Epoch 8/10:  73%|███████▎  | 400/546 [02:11<00:47,  3.05it/s]
Epoch 8/10:  73%|███████▎  | 401/546 [02:11<00:47,  3.05it/s]
Epoch 8/10:  74%|███████▎  | 402/546 [02:11<00:47,  3.05it/s]
Epoch 8/10:  74%|███████▍  | 403/546 [02:12<00:46,  3.06it/s]
Epoch 8/10:  74%|███████▍  | 404/546 [02:12<00:46,  3.05it/s]
Epoch 8/10:  74%|███████▍  | 405/546 [02:12<00:46,  3.05it/s]
Epoch 8/10:  74%|███████▍  | 406/546 [02:12<00:45,  3.05it/s]
Epoch 8/10:  75%|███████▍  | 407/546 [02:13<00:45,  3.06it/s]
Epoch 8/10:  75%|███████▍  | 408/546 [02:13<00:45,  3.05it/s]
Epoch 8/10:  75%|███████▍  | 409/546 [02:13<00:44,  3.05it/s]
Epoch 8/10:  75%|███████▌  | 410/546 [02:14<00:44,  3.05it/s]
Epoch 8/10:  75%|███████▌  | 411/546 [02:14<00:44,  3.06it/s]
Epoch 8/10:  75%|███████▌  | 412/546 [02:14<00:43,  3.06it/s]
Epoch 8/10:  76%|███████▌  | 413/546 [02:15<00:43,  3.05it/s]
Epoch 8/10:  76%|███████▌  | 414/546 [02:15<00:43,  3.05it/s]
Epoch 8/10:  76%|███████▌  | 415/546 [02:15<00:42,  3.05it/s]
Epoch 8/10:  76%|███████▌  | 416/546 [02:16<00:42,  3.05it/s]
Epoch 8/10:  76%|███████▋  | 417/546 [02:16<00:42,  3.05it/s]
Epoch 8/10:  77%|███████▋  | 418/546 [02:16<00:41,  3.06it/s]
Epoch 8/10:  77%|███████▋  | 419/546 [02:17<00:41,  3.06it/s]
Epoch 8/10:  77%|███████▋  | 420/546 [02:17<00:41,  3.05it/s]
Epoch 8/10:  77%|███████▋  | 421/546 [02:17<00:40,  3.05it/s]
Epoch 8/10:  77%|███████▋  | 422/546 [02:18<00:40,  3.06it/s]
Epoch 8/10:  77%|███████▋  | 423/546 [02:18<00:40,  3.06it/s]
Epoch 8/10:  78%|███████▊  | 424/546 [02:18<00:39,  3.06it/s]
Epoch 8/10:  78%|███████▊  | 425/546 [02:19<00:39,  3.06it/s]
Epoch 8/10:  78%|███████▊  | 426/546 [02:19<00:39,  3.06it/s]
Epoch 8/10:  78%|███████▊  | 427/546 [02:19<00:38,  3.06it/s]
Epoch 8/10:  78%|███████▊  | 428/546 [02:20<00:38,  3.06it/s]
Epoch 8/10:  79%|███████▊  | 429/546 [02:20<00:38,  3.06it/s]
Epoch 8/10:  79%|███████▉  | 430/546 [02:20<00:37,  3.06it/s]
Epoch 8/10:  79%|███████▉  | 431/546 [02:21<00:37,  3.06it/s]
Epoch 8/10:  79%|███████▉  | 432/546 [02:21<00:37,  3.06it/s]
Epoch 8/10:  79%|███████▉  | 433/546 [02:21<00:36,  3.06it/s]
Epoch 8/10:  79%|███████▉  | 434/546 [02:22<00:36,  3.06it/s]
Epoch 8/10:  80%|███████▉  | 435/546 [02:22<00:36,  3.05it/s]
Epoch 8/10:  80%|███████▉  | 436/546 [02:22<00:36,  3.05it/s]
Epoch 8/10:  80%|████████  | 437/546 [02:23<00:35,  3.05it/s]
Epoch 8/10:  80%|████████  | 438/546 [02:23<00:35,  3.05it/s]
Epoch 8/10:  80%|████████  | 439/546 [02:23<00:35,  3.05it/s]
Epoch 8/10:  81%|████████  | 440/546 [02:24<00:34,  3.05it/s]
Epoch 8/10:  81%|████████  | 441/546 [02:24<00:34,  3.05it/s]
Epoch 8/10:  81%|████████  | 442/546 [02:24<00:34,  3.05it/s]
Epoch 8/10:  81%|████████  | 443/546 [02:25<00:33,  3.05it/s]
Epoch 8/10:  81%|████████▏ | 444/546 [02:25<00:33,  3.05it/s]
Epoch 8/10:  82%|████████▏ | 445/546 [02:25<00:33,  3.05it/s]
Epoch 8/10:  82%|████████▏ | 446/546 [02:26<00:32,  3.06it/s]
Epoch 8/10:  82%|████████▏ | 447/546 [02:26<00:32,  3.06it/s]
Epoch 8/10:  82%|████████▏ | 448/546 [02:26<00:32,  3.05it/s]
Epoch 8/10:  82%|████████▏ | 449/546 [02:27<00:31,  3.05it/s]
Epoch 8/10:  82%|████████▏ | 450/546 [02:27<00:31,  3.05it/s]
Epoch 8/10:  83%|████████▎ | 451/546 [02:27<00:31,  3.05it/s]
Epoch 8/10:  83%|████████▎ | 452/546 [02:28<00:30,  3.05it/s]
Epoch 8/10:  83%|████████▎ | 453/546 [02:28<00:30,  3.05it/s]
Epoch 8/10:  83%|████████▎ | 454/546 [02:28<00:30,  3.05it/s]
Epoch 8/10:  83%|████████▎ | 455/546 [02:29<00:29,  3.05it/s]
Epoch 8/10:  84%|████████▎ | 456/546 [02:29<00:29,  3.05it/s]
Epoch 8/10:  84%|████████▎ | 457/546 [02:29<00:29,  3.05it/s]
Epoch 8/10:  84%|████████▍ | 458/546 [02:30<00:28,  3.05it/s]
Epoch 8/10:  84%|████████▍ | 459/546 [02:30<00:28,  3.05it/s]
Epoch 8/10:  84%|████████▍ | 460/546 [02:30<00:28,  3.05it/s]
Epoch 8/10:  84%|████████▍ | 461/546 [02:31<00:27,  3.06it/s]
Epoch 8/10:  85%|████████▍ | 462/546 [02:31<00:27,  3.06it/s]
Epoch 8/10:  85%|████████▍ | 463/546 [02:31<00:27,  3.05it/s]
Epoch 8/10:  85%|████████▍ | 464/546 [02:31<00:26,  3.05it/s]
Epoch 8/10:  85%|████████▌ | 465/546 [02:32<00:26,  3.05it/s]
Epoch 8/10:  85%|████████▌ | 466/546 [02:32<00:26,  3.05it/s]
Epoch 8/10:  86%|████████▌ | 467/546 [02:32<00:25,  3.05it/s]
Epoch 8/10:  86%|████████▌ | 468/546 [02:33<00:25,  3.05it/s]
Epoch 8/10:  86%|████████▌ | 469/546 [02:33<00:25,  3.05it/s]
Epoch 8/10:  86%|████████▌ | 470/546 [02:33<00:24,  3.05it/s]
Epoch 8/10:  86%|████████▋ | 471/546 [02:34<00:24,  3.05it/s]
Epoch 8/10:  86%|████████▋ | 472/546 [02:34<00:24,  3.05it/s]
Epoch 8/10:  87%|████████▋ | 473/546 [02:34<00:23,  3.05it/s]
Epoch 8/10:  87%|████████▋ | 474/546 [02:35<00:23,  3.05it/s]
Epoch 8/10:  87%|████████▋ | 475/546 [02:35<00:23,  3.05it/s]
Epoch 8/10:  87%|████████▋ | 476/546 [02:35<00:22,  3.05it/s]
Epoch 8/10:  87%|████████▋ | 477/546 [02:36<00:22,  3.05it/s]
Epoch 8/10:  88%|████████▊ | 478/546 [02:36<00:22,  3.05it/s]
Epoch 8/10:  88%|████████▊ | 479/546 [02:36<00:21,  3.05it/s]
Epoch 8/10:  88%|████████▊ | 480/546 [02:37<00:21,  3.05it/s]
Epoch 8/10:  88%|████████▊ | 481/546 [02:37<00:21,  3.05it/s]
Epoch 8/10:  88%|████████▊ | 482/546 [02:37<00:20,  3.05it/s]
Epoch 8/10:  88%|████████▊ | 483/546 [02:38<00:20,  3.05it/s]
Epoch 8/10:  89%|████████▊ | 484/546 [02:38<00:20,  3.05it/s]
Epoch 8/10:  89%|████████▉ | 485/546 [02:38<00:19,  3.05it/s]
Epoch 8/10:  89%|████████▉ | 486/546 [02:39<00:19,  3.05it/s]
Epoch 8/10:  89%|████████▉ | 487/546 [02:39<00:19,  3.05it/s]
Epoch 8/10:  89%|████████▉ | 488/546 [02:39<00:19,  3.05it/s]
Epoch 8/10:  90%|████████▉ | 489/546 [02:40<00:18,  3.05it/s]
Epoch 8/10:  90%|████████▉ | 490/546 [02:40<00:18,  3.05it/s]
Epoch 8/10:  90%|████████▉ | 491/546 [02:40<00:18,  3.05it/s]
Epoch 8/10:  90%|█████████ | 492/546 [02:41<00:17,  3.05it/s]
Epoch 8/10:  90%|█████████ | 493/546 [02:41<00:17,  3.05it/s]
Epoch 8/10:  90%|█████████ | 494/546 [02:41<00:17,  3.05it/s]
Epoch 8/10:  91%|█████████ | 495/546 [02:42<00:16,  3.05it/s]
Epoch 8/10:  91%|█████████ | 496/546 [02:42<00:16,  3.05it/s]
Epoch 8/10:  91%|█████████ | 497/546 [02:42<00:16,  3.05it/s]
Epoch 8/10:  91%|█████████ | 498/546 [02:43<00:15,  3.05it/s]
Epoch 8/10:  91%|█████████▏| 499/546 [02:43<00:15,  3.05it/s]
Epoch 8/10:  92%|█████████▏| 500/546 [02:43<00:15,  3.05it/s]
Epoch 8/10:  92%|█████████▏| 501/546 [02:44<00:14,  3.05it/s]
Epoch 8/10:  92%|█████████▏| 502/546 [02:44<00:14,  3.05it/s]
Epoch 8/10:  92%|█████████▏| 503/546 [02:44<00:14,  3.05it/s]
Epoch 8/10:  92%|█████████▏| 504/546 [02:45<00:13,  3.05it/s]
Epoch 8/10:  92%|█████████▏| 505/546 [02:45<00:13,  3.05it/s]
Epoch 8/10:  93%|█████████▎| 506/546 [02:45<00:13,  3.05it/s]
Epoch 8/10:  93%|█████████▎| 507/546 [02:46<00:12,  3.05it/s]
Epoch 8/10:  93%|█████████▎| 508/546 [02:46<00:12,  3.05it/s]
Epoch 8/10:  93%|█████████▎| 509/546 [02:46<00:12,  3.05it/s]
Epoch 8/10:  93%|█████████▎| 510/546 [02:47<00:11,  3.05it/s]
Epoch 8/10:  94%|█████████▎| 511/546 [02:47<00:11,  3.05it/s]
Epoch 8/10:  94%|█████████▍| 512/546 [02:47<00:11,  3.05it/s]
Epoch 8/10:  94%|█████████▍| 513/546 [02:48<00:10,  3.05it/s]
Epoch 8/10:  94%|█████████▍| 514/546 [02:48<00:10,  3.05it/s]
Epoch 8/10:  94%|█████████▍| 515/546 [02:48<00:10,  3.05it/s]
Epoch 8/10:  95%|█████████▍| 516/546 [02:49<00:09,  3.05it/s]
Epoch 8/10:  95%|█████████▍| 517/546 [02:49<00:09,  3.05it/s]
Epoch 8/10:  95%|█████████▍| 518/546 [02:49<00:09,  3.05it/s]
Epoch 8/10:  95%|█████████▌| 519/546 [02:50<00:08,  3.05it/s]
Epoch 8/10:  95%|█████████▌| 520/546 [02:50<00:08,  3.05it/s]
Epoch 8/10:  95%|█████████▌| 521/546 [02:50<00:08,  3.05it/s]
Epoch 8/10:  96%|█████████▌| 522/546 [02:50<00:07,  3.05it/s]
Epoch 8/10:  96%|█████████▌| 523/546 [02:51<00:07,  3.05it/s]
Epoch 8/10:  96%|█████████▌| 524/546 [02:51<00:07,  3.05it/s]
Epoch 8/10:  96%|█████████▌| 525/546 [02:51<00:06,  3.05it/s]
Epoch 8/10:  96%|█████████▋| 526/546 [02:52<00:06,  3.05it/s]
Epoch 8/10:  97%|█████████▋| 527/546 [02:52<00:06,  3.05it/s]
Epoch 8/10:  97%|█████████▋| 528/546 [02:52<00:05,  3.05it/s]
Epoch 8/10:  97%|█████████▋| 529/546 [02:53<00:05,  3.05it/s]
Epoch 8/10:  97%|█████████▋| 530/546 [02:53<00:05,  3.05it/s]
Epoch 8/10:  97%|█████████▋| 531/546 [02:53<00:04,  3.05it/s]
Epoch 8/10:  97%|█████████▋| 532/546 [02:54<00:04,  3.05it/s]
Epoch 8/10:  98%|█████████▊| 533/546 [02:54<00:04,  3.05it/s]
Epoch 8/10:  98%|█████████▊| 534/546 [02:54<00:03,  3.05it/s]
Epoch 8/10:  98%|█████████▊| 535/546 [02:55<00:03,  3.05it/s]
Epoch 8/10:  98%|█████████▊| 536/546 [02:55<00:03,  3.05it/s]
Epoch 8/10:  98%|█████████▊| 537/546 [02:55<00:02,  3.05it/s]
Epoch 8/10:  99%|█████████▊| 538/546 [02:56<00:02,  3.05it/s]
Epoch 8/10:  99%|█████████▊| 539/546 [02:56<00:02,  3.05it/s]
Epoch 8/10:  99%|█████████▉| 540/546 [02:56<00:01,  3.05it/s]
Epoch 8/10:  99%|█████████▉| 541/546 [02:57<00:01,  3.05it/s]
Epoch 8/10:  99%|█████████▉| 542/546 [02:57<00:01,  3.05it/s]
Epoch 8/10:  99%|█████████▉| 543/546 [02:57<00:00,  3.05it/s]
Epoch 8/10: 100%|█████████▉| 544/546 [02:58<00:00,  3.05it/s]
Epoch 8/10: 100%|█████████▉| 545/546 [02:58<00:00,  3.05it/s]
Epoch 8/10: 100%|██████████| 546/546 [02:58<00:00,  3.06it/s]
Epoch 8/10: 100%|██████████| 546/546 [02:58<00:00,  3.05it/s]
/user/nirish.samant/u28445/.conda/envs/dnlp/lib/python3.10/site-packages/sklearn/metrics/_classification.py:407: UserWarning: A single label was found in 'y_true' and 'y_pred'. For the confusion matrix to have the correct shape, use the 'labels' parameter to pass all known labels.
  warnings.warn(

Epoch 9/10:   0%|          | 0/546 [00:00<?, ?it/s]
Epoch 9/10:   0%|          | 1/546 [00:00<03:13,  2.81it/s]
Epoch 9/10:   0%|          | 2/546 [00:00<03:04,  2.95it/s]
Epoch 9/10:   1%|          | 3/546 [00:01<03:01,  3.00it/s]
Epoch 9/10:   1%|          | 4/546 [00:01<02:59,  3.02it/s]
Epoch 9/10:   1%|          | 5/546 [00:01<02:58,  3.03it/s]
Epoch 9/10:   1%|          | 6/546 [00:01<02:57,  3.04it/s]
Epoch 9/10:   1%|▏         | 7/546 [00:02<02:57,  3.04it/s]
Epoch 9/10:   1%|▏         | 8/546 [00:02<02:56,  3.05it/s]
Epoch 9/10:   2%|▏         | 9/546 [00:02<02:56,  3.05it/s]
Epoch 9/10:   2%|▏         | 10/546 [00:03<02:55,  3.05it/s]
Epoch 9/10:   2%|▏         | 11/546 [00:03<02:55,  3.05it/s]
Epoch 9/10:   2%|▏         | 12/546 [00:03<02:54,  3.05it/s]
Epoch 9/10:   2%|▏         | 13/546 [00:04<02:54,  3.05it/s]
Epoch 9/10:   3%|▎         | 14/546 [00:04<02:54,  3.05it/s]
Epoch 9/10:   3%|▎         | 15/546 [00:04<02:54,  3.05it/s]
Epoch 9/10:   3%|▎         | 16/546 [00:05<02:53,  3.05it/s]
Epoch 9/10:   3%|▎         | 17/546 [00:05<02:53,  3.05it/s]
Epoch 9/10:   3%|▎         | 18/546 [00:05<02:53,  3.05it/s]
Epoch 9/10:   3%|▎         | 19/546 [00:06<02:52,  3.05it/s]
Epoch 9/10:   4%|▎         | 20/546 [00:06<02:52,  3.05it/s]
Epoch 9/10:   4%|▍         | 21/546 [00:06<02:52,  3.05it/s]
Epoch 9/10:   4%|▍         | 22/546 [00:07<02:51,  3.05it/s]
Epoch 9/10:   4%|▍         | 23/546 [00:07<02:51,  3.05it/s]
Epoch 9/10:   4%|▍         | 24/546 [00:07<02:50,  3.05it/s]
Epoch 9/10:   5%|▍         | 25/546 [00:08<02:50,  3.05it/s]
Epoch 9/10:   5%|▍         | 26/546 [00:08<02:50,  3.05it/s]
Epoch 9/10:   5%|▍         | 27/546 [00:08<02:49,  3.05it/s]
Epoch 9/10:   5%|▌         | 28/546 [00:09<02:49,  3.05it/s]
Epoch 9/10:   5%|▌         | 29/546 [00:09<02:49,  3.05it/s]
Epoch 9/10:   5%|▌         | 30/546 [00:09<02:49,  3.05it/s]
Epoch 9/10:   6%|▌         | 31/546 [00:10<02:48,  3.05it/s]
Epoch 9/10:   6%|▌         | 32/546 [00:10<02:48,  3.05it/s]
Epoch 9/10:   6%|▌         | 33/546 [00:10<02:48,  3.05it/s]
Epoch 9/10:   6%|▌         | 34/546 [00:11<02:47,  3.05it/s]
Epoch 9/10:   6%|▋         | 35/546 [00:11<02:47,  3.05it/s]
Epoch 9/10:   7%|▋         | 36/546 [00:11<02:47,  3.05it/s]
Epoch 9/10:   7%|▋         | 37/546 [00:12<02:46,  3.05it/s]
Epoch 9/10:   7%|▋         | 38/546 [00:12<02:46,  3.05it/s]
Epoch 9/10:   7%|▋         | 39/546 [00:12<02:45,  3.06it/s]
Epoch 9/10:   7%|▋         | 40/546 [00:13<02:45,  3.06it/s]
Epoch 9/10:   8%|▊         | 41/546 [00:13<02:45,  3.06it/s]
Epoch 9/10:   8%|▊         | 42/546 [00:13<02:44,  3.06it/s]
Epoch 9/10:   8%|▊         | 43/546 [00:14<02:44,  3.06it/s]
Epoch 9/10:   8%|▊         | 44/546 [00:14<02:44,  3.05it/s]
Epoch 9/10:   8%|▊         | 45/546 [00:14<02:44,  3.05it/s]
Epoch 9/10:   8%|▊         | 46/546 [00:15<02:43,  3.05it/s]
Epoch 9/10:   9%|▊         | 47/546 [00:15<02:43,  3.05it/s]
Epoch 9/10:   9%|▉         | 48/546 [00:15<02:43,  3.05it/s]
Epoch 9/10:   9%|▉         | 49/546 [00:16<02:42,  3.05it/s]
Epoch 9/10:   9%|▉         | 50/546 [00:16<02:42,  3.05it/s]
Epoch 9/10:   9%|▉         | 51/546 [00:16<02:42,  3.05it/s]
Epoch 9/10:  10%|▉         | 52/546 [00:17<02:41,  3.05it/s]
Epoch 9/10:  10%|▉         | 53/546 [00:17<02:41,  3.05it/s]
Epoch 9/10:  10%|▉         | 54/546 [00:17<02:41,  3.05it/s]
Epoch 9/10:  10%|█         | 55/546 [00:18<02:40,  3.05it/s]
Epoch 9/10:  10%|█         | 56/546 [00:18<02:40,  3.05it/s]
Epoch 9/10:  10%|█         | 57/546 [00:18<02:40,  3.06it/s]
Epoch 9/10:  11%|█         | 58/546 [00:19<02:39,  3.06it/s]
Epoch 9/10:  11%|█         | 59/546 [00:19<02:39,  3.06it/s]
Epoch 9/10:  11%|█         | 60/546 [00:19<02:39,  3.05it/s]
Epoch 9/10:  11%|█         | 61/546 [00:20<02:38,  3.06it/s]
Epoch 9/10:  11%|█▏        | 62/546 [00:20<02:38,  3.06it/s]
Epoch 9/10:  12%|█▏        | 63/546 [00:20<02:38,  3.05it/s]
Epoch 9/10:  12%|█▏        | 64/546 [00:20<02:37,  3.05it/s]
Epoch 9/10:  12%|█▏        | 65/546 [00:21<02:37,  3.06it/s]
Epoch 9/10:  12%|█▏        | 66/546 [00:21<02:37,  3.06it/s]
Epoch 9/10:  12%|█▏        | 67/546 [00:21<02:36,  3.06it/s]
Epoch 9/10:  12%|█▏        | 68/546 [00:22<02:36,  3.05it/s]
Epoch 9/10:  13%|█▎        | 69/546 [00:22<02:36,  3.05it/s]
Epoch 9/10:  13%|█▎        | 70/546 [00:22<02:35,  3.05it/s]
Epoch 9/10:  13%|█▎        | 71/546 [00:23<02:35,  3.05it/s]
Epoch 9/10:  13%|█▎        | 72/546 [00:23<02:35,  3.05it/s]
Epoch 9/10:  13%|█▎        | 73/546 [00:23<02:34,  3.05it/s]
Epoch 9/10:  14%|█▎        | 74/546 [00:24<02:34,  3.06it/s]
Epoch 9/10:  14%|█▎        | 75/546 [00:24<02:34,  3.06it/s]
Epoch 9/10:  14%|█▍        | 76/546 [00:24<02:33,  3.05it/s]
Epoch 9/10:  14%|█▍        | 77/546 [00:25<02:33,  3.05it/s]
Epoch 9/10:  14%|█▍        | 78/546 [00:25<02:33,  3.05it/s]
Epoch 9/10:  14%|█▍        | 79/546 [00:25<02:32,  3.05it/s]
Epoch 9/10:  15%|█▍        | 80/546 [00:26<02:32,  3.05it/s]
Epoch 9/10:  15%|█▍        | 81/546 [00:26<02:32,  3.05it/s]
Epoch 9/10:  15%|█▌        | 82/546 [00:26<02:31,  3.05it/s]
Epoch 9/10:  15%|█▌        | 83/546 [00:27<02:31,  3.05it/s]
Epoch 9/10:  15%|█▌        | 84/546 [00:27<02:31,  3.05it/s]
Epoch 9/10:  16%|█▌        | 85/546 [00:27<02:30,  3.05it/s]
Epoch 9/10:  16%|█▌        | 86/546 [00:28<02:30,  3.05it/s]
Epoch 9/10:  16%|█▌        | 87/546 [00:28<02:30,  3.05it/s]
Epoch 9/10:  16%|█▌        | 88/546 [00:28<02:30,  3.05it/s]
Epoch 9/10:  16%|█▋        | 89/546 [00:29<02:29,  3.05it/s]
Epoch 9/10:  16%|█▋        | 90/546 [00:29<02:29,  3.05it/s]
Epoch 9/10:  17%|█▋        | 91/546 [00:29<02:29,  3.05it/s]
Epoch 9/10:  17%|█▋        | 92/546 [00:30<02:28,  3.05it/s]
Epoch 9/10:  17%|█▋        | 93/546 [00:30<02:28,  3.05it/s]
Epoch 9/10:  17%|█▋        | 94/546 [00:30<02:28,  3.05it/s]
Epoch 9/10:  17%|█▋        | 95/546 [00:31<02:27,  3.05it/s]
Epoch 9/10:  18%|█▊        | 96/546 [00:31<02:27,  3.05it/s]
Epoch 9/10:  18%|█▊        | 97/546 [00:31<02:27,  3.05it/s]
Epoch 9/10:  18%|█▊        | 98/546 [00:32<02:26,  3.05it/s]
Epoch 9/10:  18%|█▊        | 99/546 [00:32<02:26,  3.05it/s]
Epoch 9/10:  18%|█▊        | 100/546 [00:32<02:26,  3.05it/s]
Epoch 9/10:  18%|█▊        | 101/546 [00:33<02:25,  3.05it/s]
Epoch 9/10:  19%|█▊        | 102/546 [00:33<02:25,  3.05it/s]
Epoch 9/10:  19%|█▉        | 103/546 [00:33<02:25,  3.05it/s]
Epoch 9/10:  19%|█▉        | 104/546 [00:34<02:24,  3.06it/s]
Epoch 9/10:  19%|█▉        | 105/546 [00:34<02:24,  3.06it/s]
Epoch 9/10:  19%|█▉        | 106/546 [00:34<02:23,  3.06it/s]
Epoch 9/10:  20%|█▉        | 107/546 [00:35<02:23,  3.06it/s]
Epoch 9/10:  20%|█▉        | 108/546 [00:35<02:23,  3.06it/s]
Epoch 9/10:  20%|█▉        | 109/546 [00:35<02:22,  3.06it/s]
Epoch 9/10:  20%|██        | 110/546 [00:36<02:22,  3.06it/s]
Epoch 9/10:  20%|██        | 111/546 [00:36<02:22,  3.05it/s]
Epoch 9/10:  21%|██        | 112/546 [00:36<02:22,  3.05it/s]
Epoch 9/10:  21%|██        | 113/546 [00:37<02:21,  3.06it/s]
Epoch 9/10:  21%|██        | 114/546 [00:37<02:21,  3.06it/s]
Epoch 9/10:  21%|██        | 115/546 [00:37<02:21,  3.05it/s]
Epoch 9/10:  21%|██        | 116/546 [00:38<02:20,  3.06it/s]
Epoch 9/10:  21%|██▏       | 117/546 [00:38<02:20,  3.06it/s]
Epoch 9/10:  22%|██▏       | 118/546 [00:38<02:20,  3.06it/s]
Epoch 9/10:  22%|██▏       | 119/546 [00:38<02:19,  3.06it/s]
Epoch 9/10:  22%|██▏       | 120/546 [00:39<02:19,  3.05it/s]
Epoch 9/10:  22%|██▏       | 121/546 [00:39<02:19,  3.05it/s]
Epoch 9/10:  22%|██▏       | 122/546 [00:39<02:18,  3.05it/s]
Epoch 9/10:  23%|██▎       | 123/546 [00:40<02:18,  3.05it/s]
Epoch 9/10:  23%|██▎       | 124/546 [00:40<02:18,  3.05it/s]
Epoch 9/10:  23%|██▎       | 125/546 [00:40<02:17,  3.05it/s]
Epoch 9/10:  23%|██▎       | 126/546 [00:41<02:17,  3.05it/s]
Epoch 9/10:  23%|██▎       | 127/546 [00:41<02:17,  3.05it/s]
Epoch 9/10:  23%|██▎       | 128/546 [00:41<02:16,  3.05it/s]
Epoch 9/10:  24%|██▎       | 129/546 [00:42<02:16,  3.06it/s]
Epoch 9/10:  24%|██▍       | 130/546 [00:42<02:16,  3.05it/s]
Epoch 9/10:  24%|██▍       | 131/546 [00:42<02:15,  3.05it/s]
Epoch 9/10:  24%|██▍       | 132/546 [00:43<02:15,  3.06it/s]
Epoch 9/10:  24%|██▍       | 133/546 [00:43<02:15,  3.05it/s]
Epoch 9/10:  25%|██▍       | 134/546 [00:43<02:14,  3.05it/s]
Epoch 9/10:  25%|██▍       | 135/546 [00:44<02:14,  3.05it/s]
Epoch 9/10:  25%|██▍       | 136/546 [00:44<02:14,  3.05it/s]
Epoch 9/10:  25%|██▌       | 137/546 [00:44<02:13,  3.05it/s]
Epoch 9/10:  25%|██▌       | 138/546 [00:45<02:13,  3.05it/s]
Epoch 9/10:  25%|██▌       | 139/546 [00:45<02:13,  3.05it/s]
Epoch 9/10:  26%|██▌       | 140/546 [00:45<02:12,  3.05it/s]
Epoch 9/10:  26%|██▌       | 141/546 [00:46<02:12,  3.05it/s]
Epoch 9/10:  26%|██▌       | 142/546 [00:46<02:12,  3.05it/s]
Epoch 9/10:  26%|██▌       | 143/546 [00:46<02:11,  3.05it/s]
Epoch 9/10:  26%|██▋       | 144/546 [00:47<02:11,  3.06it/s]
Epoch 9/10:  27%|██▋       | 145/546 [00:47<02:11,  3.05it/s]
Epoch 9/10:  27%|██▋       | 146/546 [00:47<02:10,  3.06it/s]
Epoch 9/10:  27%|██▋       | 147/546 [00:48<02:10,  3.05it/s]
Epoch 9/10:  27%|██▋       | 148/546 [00:48<02:10,  3.06it/s]
Epoch 9/10:  27%|██▋       | 149/546 [00:48<02:09,  3.05it/s]
Epoch 9/10:  27%|██▋       | 150/546 [00:49<02:09,  3.05it/s]
Epoch 9/10:  28%|██▊       | 151/546 [00:49<02:09,  3.05it/s]
Epoch 9/10:  28%|██▊       | 152/546 [00:49<02:08,  3.05it/s]
Epoch 9/10:  28%|██▊       | 153/546 [00:50<02:08,  3.05it/s]
Epoch 9/10:  28%|██▊       | 154/546 [00:50<02:08,  3.05it/s]
Epoch 9/10:  28%|██▊       | 155/546 [00:50<02:08,  3.05it/s]
Epoch 9/10:  29%|██▊       | 156/546 [00:51<02:07,  3.05it/s]
Epoch 9/10:  29%|██▉       | 157/546 [00:51<02:07,  3.05it/s]
Epoch 9/10:  29%|██▉       | 158/546 [00:51<02:07,  3.05it/s]
Epoch 9/10:  29%|██▉       | 159/546 [00:52<02:06,  3.05it/s]
Epoch 9/10:  29%|██▉       | 160/546 [00:52<02:06,  3.05it/s]
Epoch 9/10:  29%|██▉       | 161/546 [00:52<02:06,  3.05it/s]
Epoch 9/10:  30%|██▉       | 162/546 [00:53<02:05,  3.05it/s]
Epoch 9/10:  30%|██▉       | 163/546 [00:53<02:05,  3.05it/s]
Epoch 9/10:  30%|███       | 164/546 [00:53<02:05,  3.05it/s]
Epoch 9/10:  30%|███       | 165/546 [00:54<02:04,  3.05it/s]
Epoch 9/10:  30%|███       | 166/546 [00:54<02:04,  3.05it/s]
Epoch 9/10:  31%|███       | 167/546 [00:54<02:04,  3.05it/s]
Epoch 9/10:  31%|███       | 168/546 [00:55<02:03,  3.05it/s]
Epoch 9/10:  31%|███       | 169/546 [00:55<02:03,  3.05it/s]
Epoch 9/10:  31%|███       | 170/546 [00:55<02:03,  3.05it/s]
Epoch 9/10:  31%|███▏      | 171/546 [00:56<02:02,  3.05it/s]
Epoch 9/10:  32%|███▏      | 172/546 [00:56<02:02,  3.05it/s]
Epoch 9/10:  32%|███▏      | 173/546 [00:56<02:02,  3.05it/s]
Epoch 9/10:  32%|███▏      | 174/546 [00:57<02:01,  3.05it/s]
Epoch 9/10:  32%|███▏      | 175/546 [00:57<02:01,  3.05it/s]
Epoch 9/10:  32%|███▏      | 176/546 [00:57<02:01,  3.05it/s]
Epoch 9/10:  32%|███▏      | 177/546 [00:57<02:00,  3.05it/s]
Epoch 9/10:  33%|███▎      | 178/546 [00:58<02:00,  3.05it/s]
Epoch 9/10:  33%|███▎      | 179/546 [00:58<02:00,  3.05it/s]
Epoch 9/10:  33%|███▎      | 180/546 [00:58<01:59,  3.05it/s]
Epoch 9/10:  33%|███▎      | 181/546 [00:59<01:59,  3.05it/s]
Epoch 9/10:  33%|███▎      | 182/546 [00:59<01:59,  3.05it/s]
Epoch 9/10:  34%|███▎      | 183/546 [00:59<01:58,  3.05it/s]
Epoch 9/10:  34%|███▎      | 184/546 [01:00<01:58,  3.05it/s]
Epoch 9/10:  34%|███▍      | 185/546 [01:00<01:58,  3.04it/s]
Epoch 9/10:  34%|███▍      | 186/546 [01:00<01:58,  3.04it/s]
Epoch 9/10:  34%|███▍      | 187/546 [01:01<01:57,  3.05it/s]
Epoch 9/10:  34%|███▍      | 188/546 [01:01<01:57,  3.05it/s]
Epoch 9/10:  35%|███▍      | 189/546 [01:01<01:57,  3.05it/s]
Epoch 9/10:  35%|███▍      | 190/546 [01:02<01:56,  3.05it/s]
Epoch 9/10:  35%|███▍      | 191/546 [01:02<01:56,  3.05it/s]
Epoch 9/10:  35%|███▌      | 192/546 [01:02<01:55,  3.05it/s]
Epoch 9/10:  35%|███▌      | 193/546 [01:03<01:55,  3.05it/s]
Epoch 9/10:  36%|███▌      | 194/546 [01:03<01:55,  3.05it/s]
Epoch 9/10:  36%|███▌      | 195/546 [01:03<01:55,  3.05it/s]
Epoch 9/10:  36%|███▌      | 196/546 [01:04<01:54,  3.05it/s]
Epoch 9/10:  36%|███▌      | 197/546 [01:04<01:54,  3.05it/s]
Epoch 9/10:  36%|███▋      | 198/546 [01:04<01:53,  3.05it/s]
Epoch 9/10:  36%|███▋      | 199/546 [01:05<01:53,  3.05it/s]
Epoch 9/10:  37%|███▋      | 200/546 [01:05<01:53,  3.05it/s]
Epoch 9/10:  37%|███▋      | 201/546 [01:05<01:52,  3.05it/s]
Epoch 9/10:  37%|███▋      | 202/546 [01:06<01:52,  3.05it/s]
Epoch 9/10:  37%|███▋      | 203/546 [01:06<01:52,  3.05it/s]
Epoch 9/10:  37%|███▋      | 204/546 [01:06<01:52,  3.05it/s]
Epoch 9/10:  38%|███▊      | 205/546 [01:07<01:51,  3.05it/s]
Epoch 9/10:  38%|███▊      | 206/546 [01:07<01:51,  3.06it/s]
Epoch 9/10:  38%|███▊      | 207/546 [01:07<01:50,  3.05it/s]
Epoch 9/10:  38%|███▊      | 208/546 [01:08<01:50,  3.05it/s]
Epoch 9/10:  38%|███▊      | 209/546 [01:08<01:50,  3.06it/s]
Epoch 9/10:  38%|███▊      | 210/546 [01:08<01:49,  3.06it/s]
Epoch 9/10:  39%|███▊      | 211/546 [01:09<01:49,  3.06it/s]
Epoch 9/10:  39%|███▉      | 212/546 [01:09<01:49,  3.05it/s]
Epoch 9/10:  39%|███▉      | 213/546 [01:09<01:49,  3.05it/s]
Epoch 9/10:  39%|███▉      | 214/546 [01:10<01:48,  3.05it/s]
Epoch 9/10:  39%|███▉      | 215/546 [01:10<01:48,  3.05it/s]
Epoch 9/10:  40%|███▉      | 216/546 [01:10<01:48,  3.05it/s]
Epoch 9/10:  40%|███▉      | 217/546 [01:11<01:47,  3.05it/s]
Epoch 9/10:  40%|███▉      | 218/546 [01:11<01:47,  3.05it/s]
Epoch 9/10:  40%|████      | 219/546 [01:11<01:47,  3.05it/s]
Epoch 9/10:  40%|████      | 220/546 [01:12<01:46,  3.05it/s]
Epoch 9/10:  40%|████      | 221/546 [01:12<01:46,  3.05it/s]
Epoch 9/10:  41%|████      | 222/546 [01:12<01:46,  3.05it/s]
Epoch 9/10:  41%|████      | 223/546 [01:13<01:45,  3.05it/s]
Epoch 9/10:  41%|████      | 224/546 [01:13<01:45,  3.05it/s]
Epoch 9/10:  41%|████      | 225/546 [01:13<01:45,  3.05it/s]
Epoch 9/10:  41%|████▏     | 226/546 [01:14<01:44,  3.05it/s]
Epoch 9/10:  42%|████▏     | 227/546 [01:14<01:44,  3.05it/s]
Epoch 9/10:  42%|████▏     | 228/546 [01:14<01:44,  3.05it/s]
Epoch 9/10:  42%|████▏     | 229/546 [01:15<01:43,  3.05it/s]
Epoch 9/10:  42%|████▏     | 230/546 [01:15<01:43,  3.05it/s]
Epoch 9/10:  42%|████▏     | 231/546 [01:15<01:43,  3.05it/s]
Epoch 9/10:  42%|████▏     | 232/546 [01:16<01:42,  3.05it/s]
Epoch 9/10:  43%|████▎     | 233/546 [01:16<01:42,  3.05it/s]
Epoch 9/10:  43%|████▎     | 234/546 [01:16<01:42,  3.05it/s]
Epoch 9/10:  43%|████▎     | 235/546 [01:16<01:41,  3.05it/s]
Epoch 9/10:  43%|████▎     | 236/546 [01:17<01:41,  3.05it/s]
Epoch 9/10:  43%|████▎     | 237/546 [01:17<01:41,  3.05it/s]
Epoch 9/10:  44%|████▎     | 238/546 [01:17<01:40,  3.05it/s]
Epoch 9/10:  44%|████▍     | 239/546 [01:18<01:40,  3.05it/s]
Epoch 9/10:  44%|████▍     | 240/546 [01:18<01:40,  3.05it/s]
Epoch 9/10:  44%|████▍     | 241/546 [01:18<01:39,  3.05it/s]
Epoch 9/10:  44%|████▍     | 242/546 [01:19<01:39,  3.05it/s]
Epoch 9/10:  45%|████▍     | 243/546 [01:19<01:39,  3.05it/s]
Epoch 9/10:  45%|████▍     | 244/546 [01:19<01:38,  3.05it/s]
Epoch 9/10:  45%|████▍     | 245/546 [01:20<01:38,  3.05it/s]
Epoch 9/10:  45%|████▌     | 246/546 [01:20<01:38,  3.05it/s]
Epoch 9/10:  45%|████▌     | 247/546 [01:20<01:37,  3.05it/s]
Epoch 9/10:  45%|████▌     | 248/546 [01:21<01:37,  3.05it/s]
Epoch 9/10:  46%|████▌     | 249/546 [01:21<01:37,  3.05it/s]
Epoch 9/10:  46%|████▌     | 250/546 [01:21<01:36,  3.05it/s]
Epoch 9/10:  46%|████▌     | 251/546 [01:22<01:36,  3.05it/s]
Epoch 9/10:  46%|████▌     | 252/546 [01:22<01:36,  3.05it/s]
Epoch 9/10:  46%|████▋     | 253/546 [01:22<01:35,  3.05it/s]
Epoch 9/10:  47%|████▋     | 254/546 [01:23<01:35,  3.05it/s]
Epoch 9/10:  47%|████▋     | 255/546 [01:23<01:35,  3.05it/s]
Epoch 9/10:  47%|████▋     | 256/546 [01:23<01:35,  3.05it/s]
Epoch 9/10:  47%|████▋     | 257/546 [01:24<01:34,  3.05it/s]
Epoch 9/10:  47%|████▋     | 258/546 [01:24<01:34,  3.05it/s]
Epoch 9/10:  47%|████▋     | 259/546 [01:24<01:34,  3.05it/s]
Epoch 9/10:  48%|████▊     | 260/546 [01:25<01:33,  3.05it/s]
Epoch 9/10:  48%|████▊     | 261/546 [01:25<01:33,  3.05it/s]
Epoch 9/10:  48%|████▊     | 262/546 [01:25<01:33,  3.05it/s]
Epoch 9/10:  48%|████▊     | 263/546 [01:26<01:32,  3.05it/s]
Epoch 9/10:  48%|████▊     | 264/546 [01:26<01:32,  3.05it/s]
Epoch 9/10:  49%|████▊     | 265/546 [01:26<01:31,  3.05it/s]
Epoch 9/10:  49%|████▊     | 266/546 [01:27<01:31,  3.05it/s]
Epoch 9/10:  49%|████▉     | 267/546 [01:27<01:31,  3.06it/s]
Epoch 9/10:  49%|████▉     | 268/546 [01:27<01:30,  3.06it/s]
Epoch 9/10:  49%|████▉     | 269/546 [01:28<01:30,  3.05it/s]
Epoch 9/10:  49%|████▉     | 270/546 [01:28<01:30,  3.05it/s]
Epoch 9/10:  50%|████▉     | 271/546 [01:28<01:30,  3.05it/s]
Epoch 9/10:  50%|████▉     | 272/546 [01:29<01:29,  3.05it/s]
Epoch 9/10:  50%|█████     | 273/546 [01:29<01:29,  3.05it/s]
Epoch 9/10:  50%|█████     | 274/546 [01:29<01:29,  3.05it/s]
Epoch 9/10:  50%|█████     | 275/546 [01:30<01:28,  3.05it/s]
Epoch 9/10:  51%|█████     | 276/546 [01:30<01:28,  3.05it/s]
Epoch 9/10:  51%|█████     | 277/546 [01:30<01:28,  3.05it/s]
Epoch 9/10:  51%|█████     | 278/546 [01:31<01:27,  3.05it/s]
Epoch 9/10:  51%|█████     | 279/546 [01:31<01:27,  3.05it/s]
Epoch 9/10:  51%|█████▏    | 280/546 [01:31<01:27,  3.05it/s]
Epoch 9/10:  51%|█████▏    | 281/546 [01:32<01:26,  3.05it/s]
Epoch 9/10:  52%|█████▏    | 282/546 [01:32<01:26,  3.05it/s]
Epoch 9/10:  52%|█████▏    | 283/546 [01:32<01:26,  3.06it/s]
Epoch 9/10:  52%|█████▏    | 284/546 [01:33<01:25,  3.06it/s]
Epoch 9/10:  52%|█████▏    | 285/546 [01:33<01:25,  3.05it/s]
Epoch 9/10:  52%|█████▏    | 286/546 [01:33<01:25,  3.05it/s]
Epoch 9/10:  53%|█████▎    | 287/546 [01:34<01:24,  3.05it/s]
Epoch 9/10:  53%|█████▎    | 288/546 [01:34<01:24,  3.05it/s]
Epoch 9/10:  53%|█████▎    | 289/546 [01:34<01:24,  3.05it/s]
Epoch 9/10:  53%|█████▎    | 290/546 [01:35<01:23,  3.05it/s]
Epoch 9/10:  53%|█████▎    | 291/546 [01:35<01:23,  3.06it/s]
Epoch 9/10:  53%|█████▎    | 292/546 [01:35<01:23,  3.05it/s]
Epoch 9/10:  54%|█████▎    | 293/546 [01:35<01:22,  3.05it/s]
Epoch 9/10:  54%|█████▍    | 294/546 [01:36<01:22,  3.05it/s]
Epoch 9/10:  54%|█████▍    | 295/546 [01:36<01:22,  3.05it/s]
Epoch 9/10:  54%|█████▍    | 296/546 [01:36<01:21,  3.05it/s]
Epoch 9/10:  54%|█████▍    | 297/546 [01:37<01:21,  3.05it/s]
Epoch 9/10:  55%|█████▍    | 298/546 [01:37<01:21,  3.05it/s]
Epoch 9/10:  55%|█████▍    | 299/546 [01:37<01:20,  3.05it/s]
Epoch 9/10:  55%|█████▍    | 300/546 [01:38<01:20,  3.05it/s]
Epoch 9/10:  55%|█████▌    | 301/546 [01:38<01:20,  3.05it/s]
Epoch 9/10:  55%|█████▌    | 302/546 [01:38<01:19,  3.05it/s]
Epoch 9/10:  55%|█████▌    | 303/546 [01:39<01:19,  3.05it/s]
Epoch 9/10:  56%|█████▌    | 304/546 [01:39<01:19,  3.05it/s]
Epoch 9/10:  56%|█████▌    | 305/546 [01:39<01:18,  3.05it/s]
Epoch 9/10:  56%|█████▌    | 306/546 [01:40<01:18,  3.05it/s]
Epoch 9/10:  56%|█████▌    | 307/546 [01:40<01:18,  3.05it/s]
Epoch 9/10:  56%|█████▋    | 308/546 [01:40<01:17,  3.05it/s]
Epoch 9/10:  57%|█████▋    | 309/546 [01:41<01:17,  3.05it/s]
Epoch 9/10:  57%|█████▋    | 310/546 [01:41<01:17,  3.05it/s]
Epoch 9/10:  57%|█████▋    | 311/546 [01:41<01:16,  3.05it/s]
Epoch 9/10:  57%|█████▋    | 312/546 [01:42<01:16,  3.05it/s]
Epoch 9/10:  57%|█████▋    | 313/546 [01:42<01:16,  3.05it/s]
Epoch 9/10:  58%|█████▊    | 314/546 [01:42<01:15,  3.06it/s]
Epoch 9/10:  58%|█████▊    | 315/546 [01:43<01:15,  3.05it/s]
Epoch 9/10:  58%|█████▊    | 316/546 [01:43<01:15,  3.05it/s]
Epoch 9/10:  58%|█████▊    | 317/546 [01:43<01:14,  3.05it/s]
Epoch 9/10:  58%|█████▊    | 318/546 [01:44<01:14,  3.05it/s]
Epoch 9/10:  58%|█████▊    | 319/546 [01:44<01:14,  3.05it/s]
Epoch 9/10:  59%|█████▊    | 320/546 [01:44<01:14,  3.05it/s]
Epoch 9/10:  59%|█████▉    | 321/546 [01:45<01:13,  3.05it/s]
Epoch 9/10:  59%|█████▉    | 322/546 [01:45<01:13,  3.06it/s]
Epoch 9/10:  59%|█████▉    | 323/546 [01:45<01:12,  3.06it/s]
Epoch 9/10:  59%|█████▉    | 324/546 [01:46<01:12,  3.05it/s]
Epoch 9/10:  60%|█████▉    | 325/546 [01:46<01:12,  3.05it/s]
Epoch 9/10:  60%|█████▉    | 326/546 [01:46<01:12,  3.05it/s]
Epoch 9/10:  60%|█████▉    | 327/546 [01:47<01:11,  3.05it/s]
Epoch 9/10:  60%|██████    | 328/546 [01:47<01:11,  3.05it/s]
Epoch 9/10:  60%|██████    | 329/546 [01:47<01:11,  3.05it/s]
Epoch 9/10:  60%|██████    | 330/546 [01:48<01:10,  3.05it/s]
Epoch 9/10:  61%|██████    | 331/546 [01:48<01:10,  3.05it/s]
Epoch 9/10:  61%|██████    | 332/546 [01:48<01:10,  3.05it/s]
Epoch 9/10:  61%|██████    | 333/546 [01:49<01:09,  3.05it/s]
Epoch 9/10:  61%|██████    | 334/546 [01:49<01:09,  3.05it/s]
Epoch 9/10:  61%|██████▏   | 335/546 [01:49<01:09,  3.05it/s]
Epoch 9/10:  62%|██████▏   | 336/546 [01:50<01:08,  3.05it/s]
Epoch 9/10:  62%|██████▏   | 337/546 [01:50<01:08,  3.05it/s]
Epoch 9/10:  62%|██████▏   | 338/546 [01:50<01:08,  3.05it/s]
Epoch 9/10:  62%|██████▏   | 339/546 [01:51<01:07,  3.05it/s]
Epoch 9/10:  62%|██████▏   | 340/546 [01:51<01:07,  3.05it/s]
Epoch 9/10:  62%|██████▏   | 341/546 [01:51<01:07,  3.05it/s]
Epoch 9/10:  63%|██████▎   | 342/546 [01:52<01:06,  3.05it/s]
Epoch 9/10:  63%|██████▎   | 343/546 [01:52<01:06,  3.05it/s]
Epoch 9/10:  63%|██████▎   | 344/546 [01:52<01:06,  3.05it/s]
Epoch 9/10:  63%|██████▎   | 345/546 [01:53<01:05,  3.05it/s]
Epoch 9/10:  63%|██████▎   | 346/546 [01:53<01:05,  3.05it/s]
Epoch 9/10:  64%|██████▎   | 347/546 [01:53<01:05,  3.05it/s]
Epoch 9/10:  64%|██████▎   | 348/546 [01:54<01:04,  3.05it/s]
Epoch 9/10:  64%|██████▍   | 349/546 [01:54<01:04,  3.05it/s]
Epoch 9/10:  64%|██████▍   | 350/546 [01:54<01:04,  3.05it/s]
Epoch 9/10:  64%|██████▍   | 351/546 [01:54<01:03,  3.05it/s]
Epoch 9/10:  64%|██████▍   | 352/546 [01:55<01:03,  3.05it/s]
Epoch 9/10:  65%|██████▍   | 353/546 [01:55<01:03,  3.06it/s]
Epoch 9/10:  65%|██████▍   | 354/546 [01:55<01:02,  3.06it/s]
Epoch 9/10:  65%|██████▌   | 355/546 [01:56<01:02,  3.05it/s]
Epoch 9/10:  65%|██████▌   | 356/546 [01:56<01:02,  3.06it/s]
Epoch 9/10:  65%|██████▌   | 357/546 [01:56<01:01,  3.06it/s]
Epoch 9/10:  66%|██████▌   | 358/546 [01:57<01:01,  3.05it/s]
Epoch 9/10:  66%|██████▌   | 359/546 [01:57<01:01,  3.05it/s]
Epoch 9/10:  66%|██████▌   | 360/546 [01:57<01:00,  3.05it/s]
Epoch 9/10:  66%|██████▌   | 361/546 [01:58<01:00,  3.05it/s]
Epoch 9/10:  66%|██████▋   | 362/546 [01:58<01:00,  3.05it/s]
Epoch 9/10:  66%|██████▋   | 363/546 [01:58<00:59,  3.05it/s]
Epoch 9/10:  67%|██████▋   | 364/546 [01:59<00:59,  3.05it/s]
Epoch 9/10:  67%|██████▋   | 365/546 [01:59<00:59,  3.05it/s]
Epoch 9/10:  67%|██████▋   | 366/546 [01:59<00:59,  3.05it/s]
Epoch 9/10:  67%|██████▋   | 367/546 [02:00<00:58,  3.05it/s]
Epoch 9/10:  67%|██████▋   | 368/546 [02:00<00:58,  3.05it/s]
Epoch 9/10:  68%|██████▊   | 369/546 [02:00<00:58,  3.02it/s]
Epoch 9/10:  68%|██████▊   | 370/546 [02:01<00:58,  3.03it/s]
Epoch 9/10:  68%|██████▊   | 371/546 [02:01<00:57,  3.04it/s]
Epoch 9/10:  68%|██████▊   | 372/546 [02:01<00:57,  3.05it/s]
Epoch 9/10:  68%|██████▊   | 373/546 [02:02<00:56,  3.05it/s]
Epoch 9/10:  68%|██████▊   | 374/546 [02:02<00:56,  3.05it/s]
Epoch 9/10:  69%|██████▊   | 375/546 [02:02<00:56,  3.05it/s]
Epoch 9/10:  69%|██████▉   | 376/546 [02:03<00:55,  3.05it/s]
Epoch 9/10:  69%|██████▉   | 377/546 [02:03<00:55,  3.05it/s]
Epoch 9/10:  69%|██████▉   | 378/546 [02:03<00:55,  3.05it/s]
Epoch 9/10:  69%|██████▉   | 379/546 [02:04<00:54,  3.06it/s]
Epoch 9/10:  70%|██████▉   | 380/546 [02:04<00:54,  3.06it/s]
Epoch 9/10:  70%|██████▉   | 381/546 [02:04<00:53,  3.06it/s]
Epoch 9/10:  70%|██████▉   | 382/546 [02:05<00:53,  3.06it/s]
Epoch 9/10:  70%|███████   | 383/546 [02:05<00:53,  3.06it/s]
Epoch 9/10:  70%|███████   | 384/546 [02:05<00:53,  3.06it/s]
Epoch 9/10:  71%|███████   | 385/546 [02:06<00:52,  3.06it/s]
Epoch 9/10:  71%|███████   | 386/546 [02:06<00:52,  3.06it/s]
Epoch 9/10:  71%|███████   | 387/546 [02:06<00:52,  3.06it/s]
Epoch 9/10:  71%|███████   | 388/546 [02:07<00:51,  3.06it/s]
Epoch 9/10:  71%|███████   | 389/546 [02:07<00:51,  3.06it/s]
Epoch 9/10:  71%|███████▏  | 390/546 [02:07<00:51,  3.06it/s]
Epoch 9/10:  72%|███████▏  | 391/546 [02:08<00:50,  3.06it/s]
Epoch 9/10:  72%|███████▏  | 392/546 [02:08<00:50,  3.06it/s]
Epoch 9/10:  72%|███████▏  | 393/546 [02:08<00:50,  3.06it/s]
Epoch 9/10:  72%|███████▏  | 394/546 [02:09<00:49,  3.05it/s]
Epoch 9/10:  72%|███████▏  | 395/546 [02:09<00:49,  3.06it/s]
Epoch 9/10:  73%|███████▎  | 396/546 [02:09<00:49,  3.06it/s]
Epoch 9/10:  73%|███████▎  | 397/546 [02:10<00:48,  3.06it/s]
Epoch 9/10:  73%|███████▎  | 398/546 [02:10<00:48,  3.06it/s]
Epoch 9/10:  73%|███████▎  | 399/546 [02:10<00:48,  3.06it/s]
Epoch 9/10:  73%|███████▎  | 400/546 [02:11<00:47,  3.06it/s]
Epoch 9/10:  73%|███████▎  | 401/546 [02:11<00:47,  3.05it/s]
Epoch 9/10:  74%|███████▎  | 402/546 [02:11<00:47,  3.06it/s]
Epoch 9/10:  74%|███████▍  | 403/546 [02:12<00:46,  3.06it/s]
Epoch 9/10:  74%|███████▍  | 404/546 [02:12<00:46,  3.06it/s]
Epoch 9/10:  74%|███████▍  | 405/546 [02:12<00:46,  3.06it/s]
Epoch 9/10:  74%|███████▍  | 406/546 [02:13<00:45,  3.06it/s]
Epoch 9/10:  75%|███████▍  | 407/546 [02:13<00:45,  3.06it/s]
Epoch 9/10:  75%|███████▍  | 408/546 [02:13<00:45,  3.06it/s]
Epoch 9/10:  75%|███████▍  | 409/546 [02:13<00:44,  3.06it/s]
Epoch 9/10:  75%|███████▌  | 410/546 [02:14<00:44,  3.06it/s]
Epoch 9/10:  75%|███████▌  | 411/546 [02:14<00:44,  3.06it/s]
Epoch 9/10:  75%|███████▌  | 412/546 [02:14<00:43,  3.06it/s]
Epoch 9/10:  76%|███████▌  | 413/546 [02:15<00:43,  3.06it/s]
Epoch 9/10:  76%|███████▌  | 414/546 [02:15<00:43,  3.06it/s]
Epoch 9/10:  76%|███████▌  | 415/546 [02:15<00:42,  3.06it/s]
Epoch 9/10:  76%|███████▌  | 416/546 [02:16<00:42,  3.06it/s]
Epoch 9/10:  76%|███████▋  | 417/546 [02:16<00:42,  3.06it/s]
Epoch 9/10:  77%|███████▋  | 418/546 [02:16<00:41,  3.06it/s]
Epoch 9/10:  77%|███████▋  | 419/546 [02:17<00:41,  3.06it/s]
Epoch 9/10:  77%|███████▋  | 420/546 [02:17<00:41,  3.06it/s]
Epoch 9/10:  77%|███████▋  | 421/546 [02:17<00:40,  3.05it/s]
Epoch 9/10:  77%|███████▋  | 422/546 [02:18<00:40,  3.05it/s]
Epoch 9/10:  77%|███████▋  | 423/546 [02:18<00:40,  3.05it/s]
Epoch 9/10:  78%|███████▊  | 424/546 [02:18<00:39,  3.05it/s]
Epoch 9/10:  78%|███████▊  | 425/546 [02:19<00:39,  3.05it/s]
Epoch 9/10:  78%|███████▊  | 426/546 [02:19<00:39,  3.05it/s]
Epoch 9/10:  78%|███████▊  | 427/546 [02:19<00:38,  3.05it/s]
Epoch 9/10:  78%|███████▊  | 428/546 [02:20<00:38,  3.05it/s]
Epoch 9/10:  79%|███████▊  | 429/546 [02:20<00:38,  3.05it/s]
Epoch 9/10:  79%|███████▉  | 430/546 [02:20<00:37,  3.05it/s]
Epoch 9/10:  79%|███████▉  | 431/546 [02:21<00:37,  3.05it/s]
Epoch 9/10:  79%|███████▉  | 432/546 [02:21<00:37,  3.05it/s]
Epoch 9/10:  79%|███████▉  | 433/546 [02:21<00:36,  3.05it/s]
Epoch 9/10:  79%|███████▉  | 434/546 [02:22<00:36,  3.05it/s]
Epoch 9/10:  80%|███████▉  | 435/546 [02:22<00:36,  3.06it/s]
Epoch 9/10:  80%|███████▉  | 436/546 [02:22<00:36,  3.06it/s]
Epoch 9/10:  80%|████████  | 437/546 [02:23<00:35,  3.06it/s]
Epoch 9/10:  80%|████████  | 438/546 [02:23<00:35,  3.05it/s]
Epoch 9/10:  80%|████████  | 439/546 [02:23<00:35,  3.06it/s]
Epoch 9/10:  81%|████████  | 440/546 [02:24<00:34,  3.06it/s]
Epoch 9/10:  81%|████████  | 441/546 [02:24<00:34,  3.05it/s]
Epoch 9/10:  81%|████████  | 442/546 [02:24<00:34,  3.06it/s]
Epoch 9/10:  81%|████████  | 443/546 [02:25<00:33,  3.06it/s]
Epoch 9/10:  81%|████████▏ | 444/546 [02:25<00:33,  3.05it/s]
Epoch 9/10:  82%|████████▏ | 445/546 [02:25<00:33,  3.06it/s]
Epoch 9/10:  82%|████████▏ | 446/546 [02:26<00:32,  3.06it/s]
Epoch 9/10:  82%|████████▏ | 447/546 [02:26<00:32,  3.06it/s]
Epoch 9/10:  82%|████████▏ | 448/546 [02:26<00:32,  3.06it/s]
Epoch 9/10:  82%|████████▏ | 449/546 [02:27<00:31,  3.06it/s]
Epoch 9/10:  82%|████████▏ | 450/546 [02:27<00:31,  3.06it/s]
Epoch 9/10:  83%|████████▎ | 451/546 [02:27<00:31,  3.06it/s]
Epoch 9/10:  83%|████████▎ | 452/546 [02:28<00:30,  3.06it/s]
Epoch 9/10:  83%|████████▎ | 453/546 [02:28<00:30,  3.05it/s]
Epoch 9/10:  83%|████████▎ | 454/546 [02:28<00:30,  3.06it/s]
Epoch 9/10:  83%|████████▎ | 455/546 [02:29<00:29,  3.05it/s]
Epoch 9/10:  84%|████████▎ | 456/546 [02:29<00:29,  3.05it/s]
Epoch 9/10:  84%|████████▎ | 457/546 [02:29<00:29,  3.05it/s]
Epoch 9/10:  84%|████████▍ | 458/546 [02:30<00:28,  3.05it/s]
Epoch 9/10:  84%|████████▍ | 459/546 [02:30<00:28,  3.05it/s]
Epoch 9/10:  84%|████████▍ | 460/546 [02:30<00:28,  3.05it/s]
Epoch 9/10:  84%|████████▍ | 461/546 [02:31<00:27,  3.06it/s]
Epoch 9/10:  85%|████████▍ | 462/546 [02:31<00:27,  3.06it/s]
Epoch 9/10:  85%|████████▍ | 463/546 [02:31<00:27,  3.05it/s]
Epoch 9/10:  85%|████████▍ | 464/546 [02:31<00:26,  3.05it/s]
Epoch 9/10:  85%|████████▌ | 465/546 [02:32<00:26,  3.05it/s]
Epoch 9/10:  85%|████████▌ | 466/546 [02:32<00:26,  3.05it/s]
Epoch 9/10:  86%|████████▌ | 467/546 [02:32<00:25,  3.05it/s]
Epoch 9/10:  86%|████████▌ | 468/546 [02:33<00:25,  3.05it/s]
Epoch 9/10:  86%|████████▌ | 469/546 [02:33<00:25,  3.05it/s]
Epoch 9/10:  86%|████████▌ | 470/546 [02:33<00:24,  3.06it/s]
Epoch 9/10:  86%|████████▋ | 471/546 [02:34<00:24,  3.05it/s]
Epoch 9/10:  86%|████████▋ | 472/546 [02:34<00:24,  3.05it/s]
Epoch 9/10:  87%|████████▋ | 473/546 [02:34<00:23,  3.05it/s]
Epoch 9/10:  87%|████████▋ | 474/546 [02:35<00:23,  3.06it/s]
Epoch 9/10:  87%|████████▋ | 475/546 [02:35<00:23,  3.05it/s]
Epoch 9/10:  87%|████████▋ | 476/546 [02:35<00:22,  3.05it/s]
Epoch 9/10:  87%|████████▋ | 477/546 [02:36<00:22,  3.05it/s]
Epoch 9/10:  88%|████████▊ | 478/546 [02:36<00:22,  3.05it/s]
Epoch 9/10:  88%|████████▊ | 479/546 [02:36<00:21,  3.05it/s]
Epoch 9/10:  88%|████████▊ | 480/546 [02:37<00:21,  3.05it/s]
Epoch 9/10:  88%|████████▊ | 481/546 [02:37<00:21,  3.06it/s]
Epoch 9/10:  88%|████████▊ | 482/546 [02:37<00:20,  3.06it/s]
Epoch 9/10:  88%|████████▊ | 483/546 [02:38<00:20,  3.06it/s]
Epoch 9/10:  89%|████████▊ | 484/546 [02:38<00:20,  3.06it/s]
Epoch 9/10:  89%|████████▉ | 485/546 [02:38<00:19,  3.06it/s]
Epoch 9/10:  89%|████████▉ | 486/546 [02:39<00:19,  3.06it/s]
Epoch 9/10:  89%|████████▉ | 487/546 [02:39<00:19,  3.06it/s]
Epoch 9/10:  89%|████████▉ | 488/546 [02:39<00:18,  3.06it/s]
Epoch 9/10:  90%|████████▉ | 489/546 [02:40<00:18,  3.06it/s]
Epoch 9/10:  90%|████████▉ | 490/546 [02:40<00:18,  3.06it/s]
Epoch 9/10:  90%|████████▉ | 491/546 [02:40<00:17,  3.06it/s]
Epoch 9/10:  90%|█████████ | 492/546 [02:41<00:17,  3.06it/s]
Epoch 9/10:  90%|█████████ | 493/546 [02:41<00:17,  3.06it/s]
Epoch 9/10:  90%|█████████ | 494/546 [02:41<00:17,  3.06it/s]
Epoch 9/10:  91%|█████████ | 495/546 [02:42<00:16,  3.06it/s]
Epoch 9/10:  91%|█████████ | 496/546 [02:42<00:16,  3.06it/s]
Epoch 9/10:  91%|█████████ | 497/546 [02:42<00:16,  3.06it/s]
Epoch 9/10:  91%|█████████ | 498/546 [02:43<00:15,  3.06it/s]
Epoch 9/10:  91%|█████████▏| 499/546 [02:43<00:15,  3.06it/s]
Epoch 9/10:  92%|█████████▏| 500/546 [02:43<00:15,  3.05it/s]
Epoch 9/10:  92%|█████████▏| 501/546 [02:44<00:14,  3.05it/s]
Epoch 9/10:  92%|█████████▏| 502/546 [02:44<00:14,  3.05it/s]
Epoch 9/10:  92%|█████████▏| 503/546 [02:44<00:14,  3.05it/s]
Epoch 9/10:  92%|█████████▏| 504/546 [02:45<00:13,  3.05it/s]
Epoch 9/10:  92%|█████████▏| 505/546 [02:45<00:13,  3.06it/s]
Epoch 9/10:  93%|█████████▎| 506/546 [02:45<00:13,  3.06it/s]
Epoch 9/10:  93%|█████████▎| 507/546 [02:46<00:12,  3.06it/s]
Epoch 9/10:  93%|█████████▎| 508/546 [02:46<00:12,  3.06it/s]
Epoch 9/10:  93%|█████████▎| 509/546 [02:46<00:12,  3.06it/s]
Epoch 9/10:  93%|█████████▎| 510/546 [02:47<00:11,  3.06it/s]
Epoch 9/10:  94%|█████████▎| 511/546 [02:47<00:11,  3.06it/s]
Epoch 9/10:  94%|█████████▍| 512/546 [02:47<00:11,  3.06it/s]
Epoch 9/10:  94%|█████████▍| 513/546 [02:48<00:10,  3.06it/s]
Epoch 9/10:  94%|█████████▍| 514/546 [02:48<00:10,  3.06it/s]
Epoch 9/10:  94%|█████████▍| 515/546 [02:48<00:10,  3.05it/s]
Epoch 9/10:  95%|█████████▍| 516/546 [02:49<00:09,  3.06it/s]
Epoch 9/10:  95%|█████████▍| 517/546 [02:49<00:09,  3.06it/s]
Epoch 9/10:  95%|█████████▍| 518/546 [02:49<00:09,  3.06it/s]
Epoch 9/10:  95%|█████████▌| 519/546 [02:49<00:08,  3.06it/s]
Epoch 9/10:  95%|█████████▌| 520/546 [02:50<00:08,  3.06it/s]
Epoch 9/10:  95%|█████████▌| 521/546 [02:50<00:08,  3.06it/s]
Epoch 9/10:  96%|█████████▌| 522/546 [02:50<00:07,  3.06it/s]
Epoch 9/10:  96%|█████████▌| 523/546 [02:51<00:07,  3.06it/s]
Epoch 9/10:  96%|█████████▌| 524/546 [02:51<00:07,  3.05it/s]
Epoch 9/10:  96%|█████████▌| 525/546 [02:51<00:06,  3.05it/s]
Epoch 9/10:  96%|█████████▋| 526/546 [02:52<00:06,  3.05it/s]
Epoch 9/10:  97%|█████████▋| 527/546 [02:52<00:06,  3.05it/s]
Epoch 9/10:  97%|█████████▋| 528/546 [02:52<00:05,  3.05it/s]
Epoch 9/10:  97%|█████████▋| 529/546 [02:53<00:05,  3.05it/s]
Epoch 9/10:  97%|█████████▋| 530/546 [02:53<00:05,  3.05it/s]
Epoch 9/10:  97%|█████████▋| 531/546 [02:53<00:04,  3.05it/s]
Epoch 9/10:  97%|█████████▋| 532/546 [02:54<00:04,  3.05it/s]
Epoch 9/10:  98%|█████████▊| 533/546 [02:54<00:04,  3.05it/s]
Epoch 9/10:  98%|█████████▊| 534/546 [02:54<00:03,  3.05it/s]
Epoch 9/10:  98%|█████████▊| 535/546 [02:55<00:03,  3.05it/s]
Epoch 9/10:  98%|█████████▊| 536/546 [02:55<00:03,  3.05it/s]
Epoch 9/10:  98%|█████████▊| 537/546 [02:55<00:02,  3.05it/s]
Epoch 9/10:  99%|█████████▊| 538/546 [02:56<00:02,  3.05it/s]
Epoch 9/10:  99%|█████████▊| 539/546 [02:56<00:02,  3.05it/s]
Epoch 9/10:  99%|█████████▉| 540/546 [02:56<00:01,  3.05it/s]
Epoch 9/10:  99%|█████████▉| 541/546 [02:57<00:01,  3.05it/s]
Epoch 9/10:  99%|█████████▉| 542/546 [02:57<00:01,  3.05it/s]
Epoch 9/10:  99%|█████████▉| 543/546 [02:57<00:00,  3.05it/s]
Epoch 9/10: 100%|█████████▉| 544/546 [02:58<00:00,  3.05it/s]
Epoch 9/10: 100%|█████████▉| 545/546 [02:58<00:00,  3.05it/s]
Epoch 9/10: 100%|██████████| 546/546 [02:58<00:00,  3.05it/s]
Epoch 9/10: 100%|██████████| 546/546 [02:58<00:00,  3.05it/s]
/user/nirish.samant/u28445/.conda/envs/dnlp/lib/python3.10/site-packages/sklearn/metrics/_classification.py:407: UserWarning: A single label was found in 'y_true' and 'y_pred'. For the confusion matrix to have the correct shape, use the 'labels' parameter to pass all known labels.
  warnings.warn(

Epoch 10/10:   0%|          | 0/546 [00:00<?, ?it/s]
Epoch 10/10:   0%|          | 1/546 [00:00<03:18,  2.74it/s]
Epoch 10/10:   0%|          | 2/546 [00:00<03:06,  2.92it/s]
Epoch 10/10:   1%|          | 3/546 [00:01<03:02,  2.98it/s]
Epoch 10/10:   1%|          | 4/546 [00:01<03:00,  3.01it/s]
Epoch 10/10:   1%|          | 5/546 [00:01<02:58,  3.03it/s]
Epoch 10/10:   1%|          | 6/546 [00:02<02:57,  3.04it/s]
Epoch 10/10:   1%|▏         | 7/546 [00:02<02:57,  3.04it/s]
Epoch 10/10:   1%|▏         | 8/546 [00:02<02:56,  3.04it/s]
Epoch 10/10:   2%|▏         | 9/546 [00:02<02:56,  3.05it/s]
Epoch 10/10:   2%|▏         | 10/546 [00:03<02:55,  3.05it/s]
Epoch 10/10:   2%|▏         | 11/546 [00:03<02:55,  3.05it/s]
Epoch 10/10:   2%|▏         | 12/546 [00:03<02:55,  3.05it/s]
Epoch 10/10:   2%|▏         | 13/546 [00:04<02:54,  3.05it/s]
Epoch 10/10:   3%|▎         | 14/546 [00:04<02:54,  3.05it/s]
Epoch 10/10:   3%|▎         | 15/546 [00:04<02:53,  3.05it/s]
Epoch 10/10:   3%|▎         | 16/546 [00:05<02:53,  3.06it/s]
Epoch 10/10:   3%|▎         | 17/546 [00:05<02:53,  3.06it/s]
Epoch 10/10:   3%|▎         | 18/546 [00:05<02:52,  3.06it/s]
Epoch 10/10:   3%|▎         | 19/546 [00:06<02:52,  3.06it/s]
Epoch 10/10:   4%|▎         | 20/546 [00:06<02:52,  3.05it/s]
Epoch 10/10:   4%|▍         | 21/546 [00:06<02:51,  3.05it/s]
Epoch 10/10:   4%|▍         | 22/546 [00:07<02:51,  3.06it/s]
Epoch 10/10:   4%|▍         | 23/546 [00:07<02:51,  3.05it/s]
Epoch 10/10:   4%|▍         | 24/546 [00:07<02:50,  3.05it/s]
Epoch 10/10:   5%|▍         | 25/546 [00:08<02:50,  3.06it/s]
Epoch 10/10:   5%|▍         | 26/546 [00:08<02:50,  3.05it/s]
Epoch 10/10:   5%|▍         | 27/546 [00:08<02:49,  3.05it/s]
Epoch 10/10:   5%|▌         | 28/546 [00:09<02:49,  3.05it/s]
Epoch 10/10:   5%|▌         | 29/546 [00:09<02:49,  3.05it/s]
Epoch 10/10:   5%|▌         | 30/546 [00:09<02:49,  3.05it/s]
Epoch 10/10:   6%|▌         | 31/546 [00:10<02:48,  3.05it/s]
Epoch 10/10:   6%|▌         | 32/546 [00:10<02:48,  3.05it/s]
Epoch 10/10:   6%|▌         | 33/546 [00:10<02:48,  3.05it/s]
Epoch 10/10:   6%|▌         | 34/546 [00:11<02:47,  3.05it/s]
Epoch 10/10:   6%|▋         | 35/546 [00:11<02:47,  3.05it/s]
Epoch 10/10:   7%|▋         | 36/546 [00:11<02:47,  3.05it/s]
Epoch 10/10:   7%|▋         | 37/546 [00:12<02:46,  3.06it/s]
Epoch 10/10:   7%|▋         | 38/546 [00:12<02:46,  3.06it/s]
Epoch 10/10:   7%|▋         | 39/546 [00:12<02:45,  3.06it/s]
Epoch 10/10:   7%|▋         | 40/546 [00:13<02:45,  3.06it/s]
Epoch 10/10:   8%|▊         | 41/546 [00:13<02:45,  3.06it/s]
Epoch 10/10:   8%|▊         | 42/546 [00:13<02:44,  3.06it/s]
Epoch 10/10:   8%|▊         | 43/546 [00:14<02:44,  3.06it/s]
Epoch 10/10:   8%|▊         | 44/546 [00:14<02:44,  3.06it/s]
Epoch 10/10:   8%|▊         | 45/546 [00:14<02:43,  3.06it/s]
Epoch 10/10:   8%|▊         | 46/546 [00:15<02:43,  3.06it/s]
Epoch 10/10:   9%|▊         | 47/546 [00:15<02:43,  3.06it/s]
Epoch 10/10:   9%|▉         | 48/546 [00:15<02:42,  3.06it/s]
Epoch 10/10:   9%|▉         | 49/546 [00:16<02:42,  3.06it/s]
Epoch 10/10:   9%|▉         | 50/546 [00:16<02:42,  3.06it/s]
Epoch 10/10:   9%|▉         | 51/546 [00:16<02:42,  3.05it/s]
Epoch 10/10:  10%|▉         | 52/546 [00:17<02:41,  3.05it/s]
Epoch 10/10:  10%|▉         | 53/546 [00:17<02:41,  3.05it/s]
Epoch 10/10:  10%|▉         | 54/546 [00:17<02:41,  3.05it/s]
Epoch 10/10:  10%|█         | 55/546 [00:18<02:40,  3.06it/s]
Epoch 10/10:  10%|█         | 56/546 [00:18<02:40,  3.06it/s]
Epoch 10/10:  10%|█         | 57/546 [00:18<02:40,  3.05it/s]
Epoch 10/10:  11%|█         | 58/546 [00:19<02:39,  3.06it/s]
Epoch 10/10:  11%|█         | 59/546 [00:19<02:39,  3.06it/s]
Epoch 10/10:  11%|█         | 60/546 [00:19<02:38,  3.06it/s]
Epoch 10/10:  11%|█         | 61/546 [00:20<02:38,  3.06it/s]
Epoch 10/10:  11%|█▏        | 62/546 [00:20<02:38,  3.06it/s]
Epoch 10/10:  12%|█▏        | 63/546 [00:20<02:38,  3.06it/s]
Epoch 10/10:  12%|█▏        | 64/546 [00:20<02:37,  3.05it/s]
Epoch 10/10:  12%|█▏        | 65/546 [00:21<02:37,  3.06it/s]
Epoch 10/10:  12%|█▏        | 66/546 [00:21<02:37,  3.06it/s]
Epoch 10/10:  12%|█▏        | 67/546 [00:21<02:36,  3.06it/s]
Epoch 10/10:  12%|█▏        | 68/546 [00:22<02:36,  3.06it/s]
Epoch 10/10:  13%|█▎        | 69/546 [00:22<02:36,  3.06it/s]
Epoch 10/10:  13%|█▎        | 70/546 [00:22<02:35,  3.06it/s]
Epoch 10/10:  13%|█▎        | 71/546 [00:23<02:35,  3.05it/s]
Epoch 10/10:  13%|█▎        | 72/546 [00:23<02:35,  3.05it/s]
Epoch 10/10:  13%|█▎        | 73/546 [00:23<02:34,  3.06it/s]
Epoch 10/10:  14%|█▎        | 74/546 [00:24<02:34,  3.06it/s]
Epoch 10/10:  14%|█▎        | 75/546 [00:24<02:34,  3.06it/s]
Epoch 10/10:  14%|█▍        | 76/546 [00:24<02:33,  3.06it/s]
Epoch 10/10:  14%|█▍        | 77/546 [00:25<02:33,  3.06it/s]
Epoch 10/10:  14%|█▍        | 78/546 [00:25<02:33,  3.06it/s]
Epoch 10/10:  14%|█▍        | 79/546 [00:25<02:32,  3.06it/s]
Epoch 10/10:  15%|█▍        | 80/546 [00:26<02:32,  3.06it/s]
Epoch 10/10:  15%|█▍        | 81/546 [00:26<02:32,  3.06it/s]
Epoch 10/10:  15%|█▌        | 82/546 [00:26<02:31,  3.06it/s]
Epoch 10/10:  15%|█▌        | 83/546 [00:27<02:31,  3.06it/s]
Epoch 10/10:  15%|█▌        | 84/546 [00:27<02:31,  3.06it/s]
Epoch 10/10:  16%|█▌        | 85/546 [00:27<02:30,  3.06it/s]
Epoch 10/10:  16%|█▌        | 86/546 [00:28<02:30,  3.06it/s]
Epoch 10/10:  16%|█▌        | 87/546 [00:28<02:30,  3.06it/s]
Epoch 10/10:  16%|█▌        | 88/546 [00:28<02:29,  3.06it/s]
Epoch 10/10:  16%|█▋        | 89/546 [00:29<02:29,  3.06it/s]
Epoch 10/10:  16%|█▋        | 90/546 [00:29<02:29,  3.06it/s]
Epoch 10/10:  17%|█▋        | 91/546 [00:29<02:28,  3.06it/s]
Epoch 10/10:  17%|█▋        | 92/546 [00:30<02:28,  3.06it/s]
Epoch 10/10:  17%|█▋        | 93/546 [00:30<02:28,  3.06it/s]
Epoch 10/10:  17%|█▋        | 94/546 [00:30<02:27,  3.06it/s]
Epoch 10/10:  17%|█▋        | 95/546 [00:31<02:27,  3.06it/s]
Epoch 10/10:  18%|█▊        | 96/546 [00:31<02:27,  3.06it/s]
Epoch 10/10:  18%|█▊        | 97/546 [00:31<02:26,  3.06it/s]
Epoch 10/10:  18%|█▊        | 98/546 [00:32<02:26,  3.06it/s]
Epoch 10/10:  18%|█▊        | 99/546 [00:32<02:26,  3.06it/s]
Epoch 10/10:  18%|█▊        | 100/546 [00:32<02:25,  3.06it/s]
Epoch 10/10:  18%|█▊        | 101/546 [00:33<02:25,  3.06it/s]
Epoch 10/10:  19%|█▊        | 102/546 [00:33<02:25,  3.06it/s]
Epoch 10/10:  19%|█▉        | 103/546 [00:33<02:24,  3.06it/s]
Epoch 10/10:  19%|█▉        | 104/546 [00:34<02:24,  3.06it/s]
Epoch 10/10:  19%|█▉        | 105/546 [00:34<02:24,  3.06it/s]
Epoch 10/10:  19%|█▉        | 106/546 [00:34<02:24,  3.06it/s]
Epoch 10/10:  20%|█▉        | 107/546 [00:35<02:23,  3.06it/s]
Epoch 10/10:  20%|█▉        | 108/546 [00:35<02:23,  3.06it/s]
Epoch 10/10:  20%|█▉        | 109/546 [00:35<02:22,  3.06it/s]
Epoch 10/10:  20%|██        | 110/546 [00:36<02:22,  3.06it/s]
Epoch 10/10:  20%|██        | 111/546 [00:36<02:22,  3.06it/s]
Epoch 10/10:  21%|██        | 112/546 [00:36<02:21,  3.06it/s]
Epoch 10/10:  21%|██        | 113/546 [00:37<02:21,  3.06it/s]
Epoch 10/10:  21%|██        | 114/546 [00:37<02:21,  3.06it/s]
Epoch 10/10:  21%|██        | 115/546 [00:37<02:21,  3.06it/s]
Epoch 10/10:  21%|██        | 116/546 [00:37<02:20,  3.06it/s]
Epoch 10/10:  21%|██▏       | 117/546 [00:38<02:20,  3.06it/s]
Epoch 10/10:  22%|██▏       | 118/546 [00:38<02:19,  3.06it/s]
Epoch 10/10:  22%|██▏       | 119/546 [00:38<02:19,  3.06it/s]
Epoch 10/10:  22%|██▏       | 120/546 [00:39<02:19,  3.06it/s]
Epoch 10/10:  22%|██▏       | 121/546 [00:39<02:18,  3.06it/s]
Epoch 10/10:  22%|██▏       | 122/546 [00:39<02:18,  3.06it/s]
Epoch 10/10:  23%|██▎       | 123/546 [00:40<02:18,  3.06it/s]
Epoch 10/10:  23%|██▎       | 124/546 [00:40<02:18,  3.06it/s]
Epoch 10/10:  23%|██▎       | 125/546 [00:40<02:17,  3.06it/s]
Epoch 10/10:  23%|██▎       | 126/546 [00:41<02:17,  3.05it/s]
Epoch 10/10:  23%|██▎       | 127/546 [00:41<02:17,  3.05it/s]
Epoch 10/10:  23%|██▎       | 128/546 [00:41<02:16,  3.06it/s]
Epoch 10/10:  24%|██▎       | 129/546 [00:42<02:16,  3.06it/s]
Epoch 10/10:  24%|██▍       | 130/546 [00:42<02:16,  3.06it/s]
Epoch 10/10:  24%|██▍       | 131/546 [00:42<02:15,  3.06it/s]
Epoch 10/10:  24%|██▍       | 132/546 [00:43<02:15,  3.06it/s]
Epoch 10/10:  24%|██▍       | 133/546 [00:43<02:15,  3.06it/s]
Epoch 10/10:  25%|██▍       | 134/546 [00:43<02:14,  3.06it/s]
Epoch 10/10:  25%|██▍       | 135/546 [00:44<02:14,  3.06it/s]
Epoch 10/10:  25%|██▍       | 136/546 [00:44<02:14,  3.06it/s]
Epoch 10/10:  25%|██▌       | 137/546 [00:44<02:13,  3.06it/s]
Epoch 10/10:  25%|██▌       | 138/546 [00:45<02:13,  3.05it/s]
Epoch 10/10:  25%|██▌       | 139/546 [00:45<02:13,  3.06it/s]
Epoch 10/10:  26%|██▌       | 140/546 [00:45<02:12,  3.06it/s]
Epoch 10/10:  26%|██▌       | 141/546 [00:46<02:12,  3.05it/s]
Epoch 10/10:  26%|██▌       | 142/546 [00:46<02:12,  3.05it/s]
Epoch 10/10:  26%|██▌       | 143/546 [00:46<02:12,  3.05it/s]
Epoch 10/10:  26%|██▋       | 144/546 [00:47<02:11,  3.05it/s]
Epoch 10/10:  27%|██▋       | 145/546 [00:47<02:11,  3.05it/s]
Epoch 10/10:  27%|██▋       | 146/546 [00:47<02:11,  3.05it/s]
Epoch 10/10:  27%|██▋       | 147/546 [00:48<02:10,  3.05it/s]
Epoch 10/10:  27%|██▋       | 148/546 [00:48<02:10,  3.05it/s]
Epoch 10/10:  27%|██▋       | 149/546 [00:48<02:10,  3.05it/s]
Epoch 10/10:  27%|██▋       | 150/546 [00:49<02:09,  3.05it/s]
Epoch 10/10:  28%|██▊       | 151/546 [00:49<02:09,  3.05it/s]
Epoch 10/10:  28%|██▊       | 152/546 [00:49<02:08,  3.05it/s]
Epoch 10/10:  28%|██▊       | 153/546 [00:50<02:08,  3.05it/s]
Epoch 10/10:  28%|██▊       | 154/546 [00:50<02:08,  3.05it/s]
Epoch 10/10:  28%|██▊       | 155/546 [00:50<02:07,  3.06it/s]
Epoch 10/10:  29%|██▊       | 156/546 [00:51<02:07,  3.06it/s]
Epoch 10/10:  29%|██▉       | 157/546 [00:51<02:07,  3.06it/s]
Epoch 10/10:  29%|██▉       | 158/546 [00:51<02:07,  3.05it/s]
Epoch 10/10:  29%|██▉       | 159/546 [00:52<02:06,  3.05it/s]
Epoch 10/10:  29%|██▉       | 160/546 [00:52<02:06,  3.06it/s]
Epoch 10/10:  29%|██▉       | 161/546 [00:52<02:06,  3.06it/s]
Epoch 10/10:  30%|██▉       | 162/546 [00:53<02:05,  3.05it/s]
Epoch 10/10:  30%|██▉       | 163/546 [00:53<02:05,  3.06it/s]
Epoch 10/10:  30%|███       | 164/546 [00:53<02:05,  3.06it/s]
Epoch 10/10:  30%|███       | 165/546 [00:54<02:04,  3.05it/s]
Epoch 10/10:  30%|███       | 166/546 [00:54<02:04,  3.05it/s]
Epoch 10/10:  31%|███       | 167/546 [00:54<02:04,  3.06it/s]
Epoch 10/10:  31%|███       | 168/546 [00:55<02:03,  3.06it/s]
Epoch 10/10:  31%|███       | 169/546 [00:55<02:03,  3.06it/s]
Epoch 10/10:  31%|███       | 170/546 [00:55<02:02,  3.06it/s]
Epoch 10/10:  31%|███▏      | 171/546 [00:55<02:02,  3.06it/s]
Epoch 10/10:  32%|███▏      | 172/546 [00:56<02:02,  3.06it/s]
Epoch 10/10:  32%|███▏      | 173/546 [00:56<02:02,  3.06it/s]
Epoch 10/10:  32%|███▏      | 174/546 [00:56<02:01,  3.06it/s]
Epoch 10/10:  32%|███▏      | 175/546 [00:57<02:01,  3.06it/s]
Epoch 10/10:  32%|███▏      | 176/546 [00:57<02:00,  3.06it/s]
Epoch 10/10:  32%|███▏      | 177/546 [00:57<02:00,  3.06it/s]
Epoch 10/10:  33%|███▎      | 178/546 [00:58<02:00,  3.06it/s]
Epoch 10/10:  33%|███▎      | 179/546 [00:58<02:00,  3.06it/s]
Epoch 10/10:  33%|███▎      | 180/546 [00:58<01:59,  3.06it/s]
Epoch 10/10:  33%|███▎      | 181/546 [00:59<01:59,  3.06it/s]
Epoch 10/10:  33%|███▎      | 182/546 [00:59<01:59,  3.06it/s]
Epoch 10/10:  34%|███▎      | 183/546 [00:59<01:58,  3.06it/s]
Epoch 10/10:  34%|███▎      | 184/546 [01:00<01:58,  3.06it/s]
Epoch 10/10:  34%|███▍      | 185/546 [01:00<01:59,  3.03it/s]
Epoch 10/10:  34%|███▍      | 186/546 [01:00<01:58,  3.04it/s]
Epoch 10/10:  34%|███▍      | 187/546 [01:01<01:57,  3.04it/s]
Epoch 10/10:  34%|███▍      | 188/546 [01:01<01:57,  3.05it/s]
Epoch 10/10:  35%|███▍      | 189/546 [01:01<01:57,  3.05it/s]
Epoch 10/10:  35%|███▍      | 190/546 [01:02<01:56,  3.05it/s]
Epoch 10/10:  35%|███▍      | 191/546 [01:02<01:56,  3.05it/s]
Epoch 10/10:  35%|███▌      | 192/546 [01:02<01:55,  3.06it/s]
Epoch 10/10:  35%|███▌      | 193/546 [01:03<01:55,  3.05it/s]
Epoch 10/10:  36%|███▌      | 194/546 [01:03<01:55,  3.06it/s]
Epoch 10/10:  36%|███▌      | 195/546 [01:03<01:54,  3.06it/s]
Epoch 10/10:  36%|███▌      | 196/546 [01:04<01:54,  3.05it/s]
Epoch 10/10:  36%|███▌      | 197/546 [01:04<01:54,  3.06it/s]
Epoch 10/10:  36%|███▋      | 198/546 [01:04<01:53,  3.06it/s]
Epoch 10/10:  36%|███▋      | 199/546 [01:05<01:53,  3.06it/s]
Epoch 10/10:  37%|███▋      | 200/546 [01:05<01:53,  3.06it/s]
Epoch 10/10:  37%|███▋      | 201/546 [01:05<01:52,  3.06it/s]
Epoch 10/10:  37%|███▋      | 202/546 [01:06<01:52,  3.06it/s]
Epoch 10/10:  37%|███▋      | 203/546 [01:06<01:52,  3.06it/s]
Epoch 10/10:  37%|███▋      | 204/546 [01:06<01:51,  3.05it/s]
Epoch 10/10:  38%|███▊      | 205/546 [01:07<01:51,  3.05it/s]
Epoch 10/10:  38%|███▊      | 206/546 [01:07<01:51,  3.06it/s]
Epoch 10/10:  38%|███▊      | 207/546 [01:07<01:50,  3.06it/s]
Epoch 10/10:  38%|███▊      | 208/546 [01:08<01:50,  3.06it/s]
Epoch 10/10:  38%|███▊      | 209/546 [01:08<01:50,  3.06it/s]
Epoch 10/10:  38%|███▊      | 210/546 [01:08<01:49,  3.06it/s]
Epoch 10/10:  39%|███▊      | 211/546 [01:09<01:49,  3.06it/s]
Epoch 10/10:  39%|███▉      | 212/546 [01:09<01:49,  3.06it/s]
Epoch 10/10:  39%|███▉      | 213/546 [01:09<01:48,  3.06it/s]
Epoch 10/10:  39%|███▉      | 214/546 [01:10<01:48,  3.06it/s]
Epoch 10/10:  39%|███▉      | 215/546 [01:10<01:48,  3.06it/s]
Epoch 10/10:  40%|███▉      | 216/546 [01:10<01:47,  3.06it/s]
Epoch 10/10:  40%|███▉      | 217/546 [01:11<01:47,  3.06it/s]
Epoch 10/10:  40%|███▉      | 218/546 [01:11<01:47,  3.06it/s]
Epoch 10/10:  40%|████      | 219/546 [01:11<01:46,  3.06it/s]
Epoch 10/10:  40%|████      | 220/546 [01:12<01:46,  3.06it/s]
Epoch 10/10:  40%|████      | 221/546 [01:12<01:46,  3.06it/s]
Epoch 10/10:  41%|████      | 222/546 [01:12<01:45,  3.06it/s]
Epoch 10/10:  41%|████      | 223/546 [01:13<01:45,  3.06it/s]
Epoch 10/10:  41%|████      | 224/546 [01:13<01:45,  3.06it/s]
Epoch 10/10:  41%|████      | 225/546 [01:13<01:45,  3.06it/s]
Epoch 10/10:  41%|████▏     | 226/546 [01:14<01:44,  3.06it/s]
Epoch 10/10:  42%|████▏     | 227/546 [01:14<01:44,  3.06it/s]
Epoch 10/10:  42%|████▏     | 228/546 [01:14<01:44,  3.05it/s]
Epoch 10/10:  42%|████▏     | 229/546 [01:14<01:43,  3.05it/s]
Epoch 10/10:  42%|████▏     | 230/546 [01:15<01:43,  3.05it/s]
Epoch 10/10:  42%|████▏     | 231/546 [01:15<01:43,  3.06it/s]
Epoch 10/10:  42%|████▏     | 232/546 [01:15<01:42,  3.06it/s]
Epoch 10/10:  43%|████▎     | 233/546 [01:16<01:42,  3.05it/s]
Epoch 10/10:  43%|████▎     | 234/546 [01:16<01:42,  3.05it/s]
Epoch 10/10:  43%|████▎     | 235/546 [01:16<01:41,  3.05it/s]
Epoch 10/10:  43%|████▎     | 236/546 [01:17<01:41,  3.05it/s]
Epoch 10/10:  43%|████▎     | 237/546 [01:17<01:41,  3.05it/s]
Epoch 10/10:  44%|████▎     | 238/546 [01:17<01:40,  3.05it/s]
Epoch 10/10:  44%|████▍     | 239/546 [01:18<01:40,  3.06it/s]
Epoch 10/10:  44%|████▍     | 240/546 [01:18<01:40,  3.05it/s]
Epoch 10/10:  44%|████▍     | 241/546 [01:18<01:39,  3.05it/s]
Epoch 10/10:  44%|████▍     | 242/546 [01:19<01:39,  3.05it/s]
Epoch 10/10:  45%|████▍     | 243/546 [01:19<01:39,  3.05it/s]
Epoch 10/10:  45%|████▍     | 244/546 [01:19<01:38,  3.05it/s]
Epoch 10/10:  45%|████▍     | 245/546 [01:20<01:38,  3.05it/s]
Epoch 10/10:  45%|████▌     | 246/546 [01:20<01:38,  3.05it/s]
Epoch 10/10:  45%|████▌     | 247/546 [01:20<01:38,  3.05it/s]
Epoch 10/10:  45%|████▌     | 248/546 [01:21<01:37,  3.05it/s]
Epoch 10/10:  46%|████▌     | 249/546 [01:21<01:37,  3.05it/s]
Epoch 10/10:  46%|████▌     | 250/546 [01:21<01:36,  3.05it/s]
Epoch 10/10:  46%|████▌     | 251/546 [01:22<01:36,  3.05it/s]
Epoch 10/10:  46%|████▌     | 252/546 [01:22<01:36,  3.05it/s]
Epoch 10/10:  46%|████▋     | 253/546 [01:22<01:35,  3.05it/s]
Epoch 10/10:  47%|████▋     | 254/546 [01:23<01:35,  3.06it/s]
Epoch 10/10:  47%|████▋     | 255/546 [01:23<01:35,  3.05it/s]
Epoch 10/10:  47%|████▋     | 256/546 [01:23<01:34,  3.05it/s]
Epoch 10/10:  47%|████▋     | 257/546 [01:24<01:34,  3.05it/s]
Epoch 10/10:  47%|████▋     | 258/546 [01:24<01:34,  3.06it/s]
Epoch 10/10:  47%|████▋     | 259/546 [01:24<01:33,  3.05it/s]
Epoch 10/10:  48%|████▊     | 260/546 [01:25<01:33,  3.05it/s]
Epoch 10/10:  48%|████▊     | 261/546 [01:25<01:33,  3.05it/s]
Epoch 10/10:  48%|████▊     | 262/546 [01:25<01:32,  3.06it/s]
Epoch 10/10:  48%|████▊     | 263/546 [01:26<01:32,  3.05it/s]
Epoch 10/10:  48%|████▊     | 264/546 [01:26<01:32,  3.06it/s]
Epoch 10/10:  49%|████▊     | 265/546 [01:26<01:31,  3.06it/s]
Epoch 10/10:  49%|████▊     | 266/546 [01:27<01:31,  3.06it/s]
Epoch 10/10:  49%|████▉     | 267/546 [01:27<01:31,  3.06it/s]
Epoch 10/10:  49%|████▉     | 268/546 [01:27<01:30,  3.06it/s]
Epoch 10/10:  49%|████▉     | 269/546 [01:28<01:30,  3.06it/s]
Epoch 10/10:  49%|████▉     | 270/546 [01:28<01:30,  3.06it/s]
Epoch 10/10:  50%|████▉     | 271/546 [01:28<01:29,  3.06it/s]
Epoch 10/10:  50%|████▉     | 272/546 [01:29<01:29,  3.06it/s]
Epoch 10/10:  50%|█████     | 273/546 [01:29<01:29,  3.06it/s]
Epoch 10/10:  50%|█████     | 274/546 [01:29<01:28,  3.06it/s]
Epoch 10/10:  50%|█████     | 275/546 [01:30<01:28,  3.06it/s]
Epoch 10/10:  51%|█████     | 276/546 [01:30<01:28,  3.06it/s]
Epoch 10/10:  51%|█████     | 277/546 [01:30<01:27,  3.06it/s]
Epoch 10/10:  51%|█████     | 278/546 [01:31<01:27,  3.06it/s]
Epoch 10/10:  51%|█████     | 279/546 [01:31<01:27,  3.06it/s]
Epoch 10/10:  51%|█████▏    | 280/546 [01:31<01:27,  3.06it/s]
Epoch 10/10:  51%|█████▏    | 281/546 [01:32<01:26,  3.06it/s]
Epoch 10/10:  52%|█████▏    | 282/546 [01:32<01:26,  3.06it/s]
Epoch 10/10:  52%|█████▏    | 283/546 [01:32<01:26,  3.06it/s]
Epoch 10/10:  52%|█████▏    | 284/546 [01:32<01:25,  3.06it/s]
Epoch 10/10:  52%|█████▏    | 285/546 [01:33<01:25,  3.06it/s]
Epoch 10/10:  52%|█████▏    | 286/546 [01:33<01:25,  3.06it/s]
Epoch 10/10:  53%|█████▎    | 287/546 [01:33<01:24,  3.06it/s]
Epoch 10/10:  53%|█████▎    | 288/546 [01:34<01:24,  3.06it/s]
Epoch 10/10:  53%|█████▎    | 289/546 [01:34<01:24,  3.06it/s]
Epoch 10/10:  53%|█████▎    | 290/546 [01:34<01:23,  3.06it/s]
Epoch 10/10:  53%|█████▎    | 291/546 [01:35<01:23,  3.06it/s]
Epoch 10/10:  53%|█████▎    | 292/546 [01:35<01:23,  3.06it/s]
Epoch 10/10:  54%|█████▎    | 293/546 [01:35<01:22,  3.06it/s]
Epoch 10/10:  54%|█████▍    | 294/546 [01:36<01:22,  3.06it/s]
Epoch 10/10:  54%|█████▍    | 295/546 [01:36<01:22,  3.05it/s]
Epoch 10/10:  54%|█████▍    | 296/546 [01:36<01:21,  3.05it/s]
Epoch 10/10:  54%|█████▍    | 297/546 [01:37<01:21,  3.06it/s]
Epoch 10/10:  55%|█████▍    | 298/546 [01:37<01:21,  3.06it/s]
Epoch 10/10:  55%|█████▍    | 299/546 [01:37<01:20,  3.05it/s]
Epoch 10/10:  55%|█████▍    | 300/546 [01:38<01:20,  3.06it/s]
Epoch 10/10:  55%|█████▌    | 301/546 [01:38<01:20,  3.06it/s]
Epoch 10/10:  55%|█████▌    | 302/546 [01:38<01:19,  3.06it/s]
Epoch 10/10:  55%|█████▌    | 303/546 [01:39<01:19,  3.06it/s]
Epoch 10/10:  56%|█████▌    | 304/546 [01:39<01:19,  3.05it/s]
Epoch 10/10:  56%|█████▌    | 305/546 [01:39<01:18,  3.06it/s]
Epoch 10/10:  56%|█████▌    | 306/546 [01:40<01:18,  3.06it/s]
Epoch 10/10:  56%|█████▌    | 307/546 [01:40<01:18,  3.05it/s]
Epoch 10/10:  56%|█████▋    | 308/546 [01:40<01:17,  3.05it/s]
Epoch 10/10:  57%|█████▋    | 309/546 [01:41<01:17,  3.06it/s]
Epoch 10/10:  57%|█████▋    | 310/546 [01:41<01:17,  3.05it/s]
Epoch 10/10:  57%|█████▋    | 311/546 [01:41<01:16,  3.05it/s]
Epoch 10/10:  57%|█████▋    | 312/546 [01:42<01:16,  3.05it/s]
Epoch 10/10:  57%|█████▋    | 313/546 [01:42<01:16,  3.06it/s]
Epoch 10/10:  58%|█████▊    | 314/546 [01:42<01:15,  3.06it/s]
Epoch 10/10:  58%|█████▊    | 315/546 [01:43<01:15,  3.05it/s]
Epoch 10/10:  58%|█████▊    | 316/546 [01:43<01:15,  3.05it/s]
Epoch 10/10:  58%|█████▊    | 317/546 [01:43<01:14,  3.06it/s]
Epoch 10/10:  58%|█████▊    | 318/546 [01:44<01:14,  3.05it/s]
Epoch 10/10:  58%|█████▊    | 319/546 [01:44<01:14,  3.05it/s]
Epoch 10/10:  59%|█████▊    | 320/546 [01:44<01:14,  3.05it/s]
Epoch 10/10:  59%|█████▉    | 321/546 [01:45<01:13,  3.05it/s]
Epoch 10/10:  59%|█████▉    | 322/546 [01:45<01:13,  3.05it/s]
Epoch 10/10:  59%|█████▉    | 323/546 [01:45<01:13,  3.05it/s]
Epoch 10/10:  59%|█████▉    | 324/546 [01:46<01:12,  3.05it/s]
Epoch 10/10:  60%|█████▉    | 325/546 [01:46<01:12,  3.05it/s]
Epoch 10/10:  60%|█████▉    | 326/546 [01:46<01:12,  3.05it/s]
Epoch 10/10:  60%|█████▉    | 327/546 [01:47<01:11,  3.05it/s]
Epoch 10/10:  60%|██████    | 328/546 [01:47<01:11,  3.05it/s]
Epoch 10/10:  60%|██████    | 329/546 [01:47<01:11,  3.05it/s]
Epoch 10/10:  60%|██████    | 330/546 [01:48<01:10,  3.05it/s]
Epoch 10/10:  61%|██████    | 331/546 [01:48<01:10,  3.05it/s]
Epoch 10/10:  61%|██████    | 332/546 [01:48<01:10,  3.05it/s]
Epoch 10/10:  61%|██████    | 333/546 [01:49<01:09,  3.05it/s]
Epoch 10/10:  61%|██████    | 334/546 [01:49<01:09,  3.05it/s]
Epoch 10/10:  61%|██████▏   | 335/546 [01:49<01:09,  3.05it/s]
Epoch 10/10:  62%|██████▏   | 336/546 [01:50<01:08,  3.05it/s]
Epoch 10/10:  62%|██████▏   | 337/546 [01:50<01:08,  3.05it/s]
Epoch 10/10:  62%|██████▏   | 338/546 [01:50<01:08,  3.05it/s]
Epoch 10/10:  62%|██████▏   | 339/546 [01:50<01:07,  3.05it/s]
Epoch 10/10:  62%|██████▏   | 340/546 [01:51<01:07,  3.05it/s]
Epoch 10/10:  62%|██████▏   | 341/546 [01:51<01:07,  3.05it/s]
Epoch 10/10:  63%|██████▎   | 342/546 [01:51<01:06,  3.05it/s]
Epoch 10/10:  63%|██████▎   | 343/546 [01:52<01:06,  3.06it/s]
Epoch 10/10:  63%|██████▎   | 344/546 [01:52<01:06,  3.06it/s]
Epoch 10/10:  63%|██████▎   | 345/546 [01:52<01:05,  3.06it/s]
Epoch 10/10:  63%|██████▎   | 346/546 [01:53<01:05,  3.06it/s]
Epoch 10/10:  64%|██████▎   | 347/546 [01:53<01:05,  3.05it/s]
Epoch 10/10:  64%|██████▎   | 348/546 [01:53<01:04,  3.05it/s]
Epoch 10/10:  64%|██████▍   | 349/546 [01:54<01:04,  3.05it/s]
Epoch 10/10:  64%|██████▍   | 350/546 [01:54<01:04,  3.05it/s]
Epoch 10/10:  64%|██████▍   | 351/546 [01:54<01:03,  3.05it/s]
Epoch 10/10:  64%|██████▍   | 352/546 [01:55<01:03,  3.05it/s]
Epoch 10/10:  65%|██████▍   | 353/546 [01:55<01:03,  3.05it/s]
Epoch 10/10:  65%|██████▍   | 354/546 [01:55<01:02,  3.05it/s]
Epoch 10/10:  65%|██████▌   | 355/546 [01:56<01:02,  3.05it/s]
Epoch 10/10:  65%|██████▌   | 356/546 [01:56<01:02,  3.05it/s]
Epoch 10/10:  65%|██████▌   | 357/546 [01:56<01:01,  3.05it/s]
Epoch 10/10:  66%|██████▌   | 358/546 [01:57<01:01,  3.05it/s]
Epoch 10/10:  66%|██████▌   | 359/546 [01:57<01:01,  3.06it/s]
Epoch 10/10:  66%|██████▌   | 360/546 [01:57<01:00,  3.06it/s]
Epoch 10/10:  66%|██████▌   | 361/546 [01:58<01:00,  3.06it/s]
Epoch 10/10:  66%|██████▋   | 362/546 [01:58<01:00,  3.06it/s]
Epoch 10/10:  66%|██████▋   | 363/546 [01:58<00:59,  3.06it/s]
Epoch 10/10:  67%|██████▋   | 364/546 [01:59<00:59,  3.06it/s]
Epoch 10/10:  67%|██████▋   | 365/546 [01:59<00:59,  3.05it/s]
Epoch 10/10:  67%|██████▋   | 366/546 [01:59<00:58,  3.05it/s]
Epoch 10/10:  67%|██████▋   | 367/546 [02:00<00:58,  3.05it/s]
Epoch 10/10:  67%|██████▋   | 368/546 [02:00<00:58,  3.05it/s]
Epoch 10/10:  68%|██████▊   | 369/546 [02:00<00:58,  3.04it/s]
Epoch 10/10:  68%|██████▊   | 370/546 [02:01<00:57,  3.04it/s]
Epoch 10/10:  68%|██████▊   | 371/546 [02:01<00:57,  3.05it/s]
Epoch 10/10:  68%|██████▊   | 372/546 [02:01<00:57,  3.05it/s]
Epoch 10/10:  68%|██████▊   | 373/546 [02:02<00:56,  3.05it/s]
Epoch 10/10:  68%|██████▊   | 374/546 [02:02<00:56,  3.05it/s]
Epoch 10/10:  69%|██████▊   | 375/546 [02:02<00:56,  3.05it/s]
Epoch 10/10:  69%|██████▉   | 376/546 [02:03<00:55,  3.05it/s]
Epoch 10/10:  69%|██████▉   | 377/546 [02:03<00:55,  3.05it/s]
Epoch 10/10:  69%|██████▉   | 378/546 [02:03<00:55,  3.05it/s]
Epoch 10/10:  69%|██████▉   | 379/546 [02:04<00:54,  3.05it/s]
Epoch 10/10:  70%|██████▉   | 380/546 [02:04<00:54,  3.05it/s]
Epoch 10/10:  70%|██████▉   | 381/546 [02:04<00:54,  3.05it/s]
Epoch 10/10:  70%|██████▉   | 382/546 [02:05<00:53,  3.05it/s]
Epoch 10/10:  70%|███████   | 383/546 [02:05<00:53,  3.05it/s]
Epoch 10/10:  70%|███████   | 384/546 [02:05<00:53,  3.05it/s]
Epoch 10/10:  71%|███████   | 385/546 [02:06<00:52,  3.05it/s]
Epoch 10/10:  71%|███████   | 386/546 [02:06<00:52,  3.05it/s]
Epoch 10/10:  71%|███████   | 387/546 [02:06<00:52,  3.05it/s]
Epoch 10/10:  71%|███████   | 388/546 [02:07<00:51,  3.05it/s]
Epoch 10/10:  71%|███████   | 389/546 [02:07<00:51,  3.05it/s]
Epoch 10/10:  71%|███████▏  | 390/546 [02:07<00:51,  3.05it/s]
Epoch 10/10:  72%|███████▏  | 391/546 [02:08<00:50,  3.05it/s]
Epoch 10/10:  72%|███████▏  | 392/546 [02:08<00:50,  3.05it/s]
Epoch 10/10:  72%|███████▏  | 393/546 [02:08<00:50,  3.05it/s]
Epoch 10/10:  72%|███████▏  | 394/546 [02:09<00:49,  3.05it/s]
Epoch 10/10:  72%|███████▏  | 395/546 [02:09<00:49,  3.05it/s]
Epoch 10/10:  73%|███████▎  | 396/546 [02:09<00:49,  3.05it/s]
Epoch 10/10:  73%|███████▎  | 397/546 [02:09<00:48,  3.05it/s]
Epoch 10/10:  73%|███████▎  | 398/546 [02:10<00:48,  3.05it/s]
Epoch 10/10:  73%|███████▎  | 399/546 [02:10<00:48,  3.05it/s]
Epoch 10/10:  73%|███████▎  | 400/546 [02:10<00:47,  3.05it/s]
Epoch 10/10:  73%|███████▎  | 401/546 [02:11<00:47,  3.05it/s]
Epoch 10/10:  74%|███████▎  | 402/546 [02:11<00:47,  3.05it/s]
Epoch 10/10:  74%|███████▍  | 403/546 [02:11<00:46,  3.05it/s]
Epoch 10/10:  74%|███████▍  | 404/546 [02:12<00:46,  3.05it/s]
Epoch 10/10:  74%|███████▍  | 405/546 [02:12<00:46,  3.05it/s]
Epoch 10/10:  74%|███████▍  | 406/546 [02:12<00:45,  3.05it/s]
Epoch 10/10:  75%|███████▍  | 407/546 [02:13<00:45,  3.05it/s]
Epoch 10/10:  75%|███████▍  | 408/546 [02:13<00:45,  3.05it/s]
Epoch 10/10:  75%|███████▍  | 409/546 [02:13<00:44,  3.06it/s]
Epoch 10/10:  75%|███████▌  | 410/546 [02:14<00:44,  3.06it/s]
Epoch 10/10:  75%|███████▌  | 411/546 [02:14<00:44,  3.06it/s]
Epoch 10/10:  75%|███████▌  | 412/546 [02:14<00:43,  3.06it/s]
Epoch 10/10:  76%|███████▌  | 413/546 [02:15<00:43,  3.05it/s]
Epoch 10/10:  76%|███████▌  | 414/546 [02:15<00:43,  3.06it/s]
Epoch 10/10:  76%|███████▌  | 415/546 [02:15<00:42,  3.06it/s]
Epoch 10/10:  76%|███████▌  | 416/546 [02:16<00:42,  3.05it/s]
Epoch 10/10:  76%|███████▋  | 417/546 [02:16<00:42,  3.05it/s]
Epoch 10/10:  77%|███████▋  | 418/546 [02:16<00:41,  3.05it/s]
Epoch 10/10:  77%|███████▋  | 419/546 [02:17<00:41,  3.05it/s]
Epoch 10/10:  77%|███████▋  | 420/546 [02:17<00:41,  3.05it/s]
Epoch 10/10:  77%|███████▋  | 421/546 [02:17<00:40,  3.05it/s]
Epoch 10/10:  77%|███████▋  | 422/546 [02:18<00:40,  3.05it/s]
Epoch 10/10:  77%|███████▋  | 423/546 [02:18<00:40,  3.05it/s]
Epoch 10/10:  78%|███████▊  | 424/546 [02:18<00:39,  3.05it/s]
Epoch 10/10:  78%|███████▊  | 425/546 [02:19<00:39,  3.05it/s]
Epoch 10/10:  78%|███████▊  | 426/546 [02:19<00:39,  3.05it/s]
Epoch 10/10:  78%|███████▊  | 427/546 [02:19<00:38,  3.05it/s]
Epoch 10/10:  78%|███████▊  | 428/546 [02:20<00:38,  3.05it/s]
Epoch 10/10:  79%|███████▊  | 429/546 [02:20<00:38,  3.06it/s]
Epoch 10/10:  79%|███████▉  | 430/546 [02:20<00:37,  3.06it/s]
Epoch 10/10:  79%|███████▉  | 431/546 [02:21<00:37,  3.05it/s]
Epoch 10/10:  79%|███████▉  | 432/546 [02:21<00:37,  3.05it/s]
Epoch 10/10:  79%|███████▉  | 433/546 [02:21<00:36,  3.05it/s]
Epoch 10/10:  79%|███████▉  | 434/546 [02:22<00:36,  3.05it/s]
Epoch 10/10:  80%|███████▉  | 435/546 [02:22<00:36,  3.05it/s]
Epoch 10/10:  80%|███████▉  | 436/546 [02:22<00:36,  3.05it/s]
Epoch 10/10:  80%|████████  | 437/546 [02:23<00:35,  3.05it/s]
Epoch 10/10:  80%|████████  | 438/546 [02:23<00:35,  3.05it/s]
Epoch 10/10:  80%|████████  | 439/546 [02:23<00:35,  3.06it/s]
Epoch 10/10:  81%|████████  | 440/546 [02:24<00:34,  3.06it/s]
Epoch 10/10:  81%|████████  | 441/546 [02:24<00:34,  3.05it/s]
Epoch 10/10:  81%|████████  | 442/546 [02:24<00:34,  3.05it/s]
Epoch 10/10:  81%|████████  | 443/546 [02:25<00:33,  3.05it/s]
Epoch 10/10:  81%|████████▏ | 444/546 [02:25<00:33,  3.05it/s]
Epoch 10/10:  82%|████████▏ | 445/546 [02:25<00:33,  3.05it/s]
Epoch 10/10:  82%|████████▏ | 446/546 [02:26<00:32,  3.05it/s]
Epoch 10/10:  82%|████████▏ | 447/546 [02:26<00:32,  3.05it/s]
Epoch 10/10:  82%|████████▏ | 448/546 [02:26<00:32,  3.05it/s]
Epoch 10/10:  82%|████████▏ | 449/546 [02:27<00:31,  3.06it/s]
Epoch 10/10:  82%|████████▏ | 450/546 [02:27<00:31,  3.06it/s]
Epoch 10/10:  83%|████████▎ | 451/546 [02:27<00:31,  3.05it/s]
Epoch 10/10:  83%|████████▎ | 452/546 [02:28<00:30,  3.06it/s]
Epoch 10/10:  83%|████████▎ | 453/546 [02:28<00:30,  3.06it/s]
Epoch 10/10:  83%|████████▎ | 454/546 [02:28<00:30,  3.06it/s]
Epoch 10/10:  83%|████████▎ | 455/546 [02:28<00:29,  3.06it/s]
Epoch 10/10:  84%|████████▎ | 456/546 [02:29<00:29,  3.06it/s]
Epoch 10/10:  84%|████████▎ | 457/546 [02:29<00:29,  3.06it/s]
Epoch 10/10:  84%|████████▍ | 458/546 [02:29<00:28,  3.06it/s]
Epoch 10/10:  84%|████████▍ | 459/546 [02:30<00:28,  3.06it/s]
Epoch 10/10:  84%|████████▍ | 460/546 [02:30<00:28,  3.06it/s]
Epoch 10/10:  84%|████████▍ | 461/546 [02:30<00:27,  3.06it/s]
Epoch 10/10:  85%|████████▍ | 462/546 [02:31<00:27,  3.05it/s]
Epoch 10/10:  85%|████████▍ | 463/546 [02:31<00:27,  3.05it/s]
Epoch 10/10:  85%|████████▍ | 464/546 [02:31<00:26,  3.06it/s]
Epoch 10/10:  85%|████████▌ | 465/546 [02:32<00:26,  3.05it/s]
Epoch 10/10:  85%|████████▌ | 466/546 [02:32<00:26,  3.05it/s]
Epoch 10/10:  86%|████████▌ | 467/546 [02:32<00:25,  3.06it/s]
Epoch 10/10:  86%|████████▌ | 468/546 [02:33<00:25,  3.05it/s]
Epoch 10/10:  86%|████████▌ | 469/546 [02:33<00:25,  3.05it/s]
Epoch 10/10:  86%|████████▌ | 470/546 [02:33<00:24,  3.05it/s]
Epoch 10/10:  86%|████████▋ | 471/546 [02:34<00:24,  3.05it/s]
Epoch 10/10:  86%|████████▋ | 472/546 [02:34<00:24,  3.05it/s]
Epoch 10/10:  87%|████████▋ | 473/546 [02:34<00:23,  3.05it/s]
Epoch 10/10:  87%|████████▋ | 474/546 [02:35<00:23,  3.05it/s]
Epoch 10/10:  87%|████████▋ | 475/546 [02:35<00:23,  3.05it/s]
Epoch 10/10:  87%|████████▋ | 476/546 [02:35<00:22,  3.05it/s]
Epoch 10/10:  87%|████████▋ | 477/546 [02:36<00:22,  3.05it/s]
Epoch 10/10:  88%|████████▊ | 478/546 [02:36<00:22,  3.05it/s]
Epoch 10/10:  88%|████████▊ | 479/546 [02:36<00:21,  3.05it/s]
Epoch 10/10:  88%|████████▊ | 480/546 [02:37<00:21,  3.05it/s]
Epoch 10/10:  88%|████████▊ | 481/546 [02:37<00:21,  3.05it/s]
Epoch 10/10:  88%|████████▊ | 482/546 [02:37<00:20,  3.05it/s]
Epoch 10/10:  88%|████████▊ | 483/546 [02:38<00:20,  3.06it/s]
Epoch 10/10:  89%|████████▊ | 484/546 [02:38<00:20,  3.06it/s]
Epoch 10/10:  89%|████████▉ | 485/546 [02:38<00:19,  3.06it/s]
Epoch 10/10:  89%|████████▉ | 486/546 [02:39<00:19,  3.06it/s]
Epoch 10/10:  89%|████████▉ | 487/546 [02:39<00:19,  3.05it/s]
Epoch 10/10:  89%|████████▉ | 488/546 [02:39<00:18,  3.05it/s]
Epoch 10/10:  90%|████████▉ | 489/546 [02:40<00:18,  3.05it/s]
Epoch 10/10:  90%|████████▉ | 490/546 [02:40<00:18,  3.05it/s]
Epoch 10/10:  90%|████████▉ | 491/546 [02:40<00:18,  3.05it/s]
Epoch 10/10:  90%|█████████ | 492/546 [02:41<00:17,  3.05it/s]
Epoch 10/10:  90%|█████████ | 493/546 [02:41<00:17,  3.05it/s]
Epoch 10/10:  90%|█████████ | 494/546 [02:41<00:17,  3.05it/s]
Epoch 10/10:  91%|█████████ | 495/546 [02:42<00:16,  3.05it/s]
Epoch 10/10:  91%|█████████ | 496/546 [02:42<00:16,  3.05it/s]
Epoch 10/10:  91%|█████████ | 497/546 [02:42<00:16,  3.05it/s]
Epoch 10/10:  91%|█████████ | 498/546 [02:43<00:15,  3.05it/s]
Epoch 10/10:  91%|█████████▏| 499/546 [02:43<00:15,  3.05it/s]
Epoch 10/10:  92%|█████████▏| 500/546 [02:43<00:15,  3.06it/s]
Epoch 10/10:  92%|█████████▏| 501/546 [02:44<00:14,  3.06it/s]
Epoch 10/10:  92%|█████████▏| 502/546 [02:44<00:14,  3.06it/s]
Epoch 10/10:  92%|█████████▏| 503/546 [02:44<00:14,  3.06it/s]
Epoch 10/10:  92%|█████████▏| 504/546 [02:45<00:13,  3.06it/s]
Epoch 10/10:  92%|█████████▏| 505/546 [02:45<00:13,  3.06it/s]
Epoch 10/10:  93%|█████████▎| 506/546 [02:45<00:13,  3.06it/s]
Epoch 10/10:  93%|█████████▎| 507/546 [02:46<00:12,  3.06it/s]
Epoch 10/10:  93%|█████████▎| 508/546 [02:46<00:12,  3.06it/s]
Epoch 10/10:  93%|█████████▎| 509/546 [02:46<00:12,  3.05it/s]
Epoch 10/10:  93%|█████████▎| 510/546 [02:46<00:11,  3.05it/s]
Epoch 10/10:  94%|█████████▎| 511/546 [02:47<00:11,  3.05it/s]
Epoch 10/10:  94%|█████████▍| 512/546 [02:47<00:11,  3.05it/s]
Epoch 10/10:  94%|█████████▍| 513/546 [02:47<00:10,  3.05it/s]
Epoch 10/10:  94%|█████████▍| 514/546 [02:48<00:10,  3.05it/s]
Epoch 10/10:  94%|█████████▍| 515/546 [02:48<00:10,  3.05it/s]
Epoch 10/10:  95%|█████████▍| 516/546 [02:48<00:09,  3.05it/s]
Epoch 10/10:  95%|█████████▍| 517/546 [02:49<00:09,  3.05it/s]
Epoch 10/10:  95%|█████████▍| 518/546 [02:49<00:09,  3.05it/s]
Epoch 10/10:  95%|█████████▌| 519/546 [02:49<00:08,  3.05it/s]
Epoch 10/10:  95%|█████████▌| 520/546 [02:50<00:08,  3.05it/s]
Epoch 10/10:  95%|█████████▌| 521/546 [02:50<00:08,  3.05it/s]
Epoch 10/10:  96%|█████████▌| 522/546 [02:50<00:07,  3.06it/s]
Epoch 10/10:  96%|█████████▌| 523/546 [02:51<00:07,  3.06it/s]
Epoch 10/10:  96%|█████████▌| 524/546 [02:51<00:07,  3.06it/s]
Epoch 10/10:  96%|█████████▌| 525/546 [02:51<00:06,  3.06it/s]
Epoch 10/10:  96%|█████████▋| 526/546 [02:52<00:06,  3.05it/s]
Epoch 10/10:  97%|█████████▋| 527/546 [02:52<00:06,  3.05it/s]
Epoch 10/10:  97%|█████████▋| 528/546 [02:52<00:05,  3.05it/s]
Epoch 10/10:  97%|█████████▋| 529/546 [02:53<00:05,  3.05it/s]
Epoch 10/10:  97%|█████████▋| 530/546 [02:53<00:05,  3.05it/s]
Epoch 10/10:  97%|█████████▋| 531/546 [02:53<00:04,  3.05it/s]
Epoch 10/10:  97%|█████████▋| 532/546 [02:54<00:04,  3.05it/s]
Epoch 10/10:  98%|█████████▊| 533/546 [02:54<00:04,  3.05it/s]
Epoch 10/10:  98%|█████████▊| 534/546 [02:54<00:03,  3.05it/s]
Epoch 10/10:  98%|█████████▊| 535/546 [02:55<00:03,  3.05it/s]
Epoch 10/10:  98%|█████████▊| 536/546 [02:55<00:03,  3.05it/s]
Epoch 10/10:  98%|█████████▊| 537/546 [02:55<00:02,  3.05it/s]
Epoch 10/10:  99%|█████████▊| 538/546 [02:56<00:02,  3.05it/s]
Epoch 10/10:  99%|█████████▊| 539/546 [02:56<00:02,  3.05it/s]
Epoch 10/10:  99%|█████████▉| 540/546 [02:56<00:01,  3.05it/s]
Epoch 10/10:  99%|█████████▉| 541/546 [02:57<00:01,  3.05it/s]
Epoch 10/10:  99%|█████████▉| 542/546 [02:57<00:01,  3.05it/s]
Epoch 10/10:  99%|█████████▉| 543/546 [02:57<00:00,  3.05it/s]
Epoch 10/10: 100%|█████████▉| 544/546 [02:58<00:00,  3.06it/s]
Epoch 10/10: 100%|█████████▉| 545/546 [02:58<00:00,  3.06it/s]
Epoch 10/10: 100%|██████████| 546/546 [02:58<00:00,  3.06it/s]
Epoch 10/10: 100%|██████████| 546/546 [02:58<00:00,  3.05it/s]
/user/nirish.samant/u28445/.conda/envs/dnlp/lib/python3.10/site-packages/sklearn/metrics/_classification.py:407: UserWarning: A single label was found in 'y_true' and 'y_pred'. For the confusion matrix to have the correct shape, use the 'labels' parameter to pass all known labels.
  warnings.warn(
/user/nirish.samant/u28445/.conda/envs/dnlp/lib/python3.10/site-packages/sklearn/metrics/_classification.py:407: UserWarning: A single label was found in 'y_true' and 'y_pred'. For the confusion matrix to have the correct shape, use the 'labels' parameter to pass all known labels.
  warnings.warn(

Testing:   0%|          | 0/147 [00:00<?, ?it/s]
Testing:   1%|          | 1/147 [00:00<00:15,  9.60it/s]
Testing:   1%|▏         | 2/147 [00:00<00:15,  9.62it/s]
Testing:   2%|▏         | 3/147 [00:00<00:14,  9.63it/s]
Testing:   3%|▎         | 4/147 [00:00<00:14,  9.62it/s]
Testing:   3%|▎         | 5/147 [00:00<00:14,  9.64it/s]
Testing:   4%|▍         | 6/147 [00:00<00:14,  9.64it/s]
Testing:   5%|▍         | 7/147 [00:00<00:14,  9.64it/s]
Testing:   5%|▌         | 8/147 [00:00<00:14,  9.64it/s]
Testing:   6%|▌         | 9/147 [00:00<00:14,  9.64it/s]
Testing:   7%|▋         | 10/147 [00:01<00:14,  9.64it/s]
Testing:   7%|▋         | 11/147 [00:01<00:14,  9.64it/s]
Testing:   8%|▊         | 12/147 [00:01<00:14,  9.64it/s]
Testing:   9%|▉         | 13/147 [00:01<00:13,  9.64it/s]
Testing:  10%|▉         | 14/147 [00:01<00:13,  9.64it/s]
Testing:  10%|█         | 15/147 [00:01<00:13,  9.64it/s]
Testing:  11%|█         | 16/147 [00:01<00:13,  9.64it/s]
Testing:  12%|█▏        | 17/147 [00:01<00:13,  9.64it/s]
Testing:  12%|█▏        | 18/147 [00:01<00:13,  9.64it/s]
Testing:  13%|█▎        | 19/147 [00:01<00:13,  9.64it/s]
Testing:  14%|█▎        | 20/147 [00:02<00:13,  9.64it/s]
Testing:  14%|█▍        | 21/147 [00:02<00:13,  9.64it/s]
Testing:  15%|█▍        | 22/147 [00:02<00:12,  9.65it/s]
Testing:  16%|█▌        | 23/147 [00:02<00:12,  9.65it/s]
Testing:  16%|█▋        | 24/147 [00:02<00:12,  9.65it/s]
Testing:  17%|█▋        | 25/147 [00:02<00:12,  9.65it/s]
Testing:  18%|█▊        | 26/147 [00:02<00:12,  9.65it/s]
Testing:  18%|█▊        | 27/147 [00:02<00:12,  9.64it/s]
Testing:  19%|█▉        | 28/147 [00:02<00:12,  9.64it/s]
Testing:  20%|█▉        | 29/147 [00:03<00:12,  9.65it/s]
Testing:  20%|██        | 30/147 [00:03<00:12,  9.65it/s]
Testing:  21%|██        | 31/147 [00:03<00:12,  9.65it/s]
Testing:  22%|██▏       | 32/147 [00:03<00:11,  9.65it/s]
Testing:  22%|██▏       | 33/147 [00:03<00:11,  9.65it/s]
Testing:  23%|██▎       | 34/147 [00:03<00:11,  9.65it/s]
Testing:  24%|██▍       | 35/147 [00:03<00:11,  9.65it/s]
Testing:  24%|██▍       | 36/147 [00:03<00:11,  9.64it/s]
Testing:  25%|██▌       | 37/147 [00:03<00:11,  9.64it/s]
Testing:  26%|██▌       | 38/147 [00:03<00:11,  9.64it/s]
Testing:  27%|██▋       | 39/147 [00:04<00:11,  9.64it/s]
Testing:  27%|██▋       | 40/147 [00:04<00:11,  9.64it/s]
Testing:  28%|██▊       | 41/147 [00:04<00:11,  9.63it/s]
Testing:  29%|██▊       | 42/147 [00:04<00:10,  9.64it/s]
Testing:  29%|██▉       | 43/147 [00:04<00:10,  9.64it/s]
Testing:  30%|██▉       | 44/147 [00:04<00:10,  9.65it/s]
Testing:  31%|███       | 45/147 [00:04<00:10,  9.64it/s]
Testing:  31%|███▏      | 46/147 [00:04<00:10,  9.64it/s]
Testing:  32%|███▏      | 47/147 [00:04<00:10,  9.64it/s]
Testing:  33%|███▎      | 48/147 [00:04<00:10,  9.64it/s]
Testing:  33%|███▎      | 49/147 [00:05<00:10,  9.65it/s]
Testing:  34%|███▍      | 50/147 [00:05<00:10,  9.65it/s]
Testing:  35%|███▍      | 51/147 [00:05<00:09,  9.65it/s]
Testing:  35%|███▌      | 52/147 [00:05<00:09,  9.65it/s]
Testing:  36%|███▌      | 53/147 [00:05<00:09,  9.65it/s]
Testing:  37%|███▋      | 54/147 [00:05<00:09,  9.66it/s]
Testing:  37%|███▋      | 55/147 [00:05<00:09,  9.65it/s]
Testing:  38%|███▊      | 56/147 [00:05<00:09,  9.65it/s]
Testing:  39%|███▉      | 57/147 [00:05<00:09,  9.65it/s]
Testing:  39%|███▉      | 58/147 [00:06<00:09,  9.65it/s]
Testing:  40%|████      | 59/147 [00:06<00:09,  9.65it/s]
Testing:  41%|████      | 60/147 [00:06<00:09,  9.65it/s]
Testing:  41%|████▏     | 61/147 [00:06<00:08,  9.65it/s]
Testing:  42%|████▏     | 62/147 [00:06<00:08,  9.65it/s]
Testing:  43%|████▎     | 63/147 [00:06<00:08,  9.64it/s]
Testing:  44%|████▎     | 64/147 [00:06<00:08,  9.64it/s]
Testing:  44%|████▍     | 65/147 [00:06<00:08,  9.64it/s]
Testing:  45%|████▍     | 66/147 [00:06<00:08,  9.65it/s]
Testing:  46%|████▌     | 67/147 [00:06<00:08,  9.65it/s]
Testing:  46%|████▋     | 68/147 [00:07<00:08,  9.65it/s]
Testing:  47%|████▋     | 69/147 [00:07<00:08,  9.65it/s]
Testing:  48%|████▊     | 70/147 [00:07<00:07,  9.65it/s]
Testing:  48%|████▊     | 71/147 [00:07<00:07,  9.64it/s]
Testing:  49%|████▉     | 72/147 [00:07<00:07,  9.64it/s]
Testing:  50%|████▉     | 73/147 [00:07<00:07,  9.64it/s]
Testing:  50%|█████     | 74/147 [00:07<00:07,  9.64it/s]
Testing:  51%|█████     | 75/147 [00:07<00:07,  9.64it/s]
Testing:  52%|█████▏    | 76/147 [00:07<00:07,  9.64it/s]
Testing:  52%|█████▏    | 77/147 [00:07<00:07,  9.64it/s]
Testing:  53%|█████▎    | 78/147 [00:08<00:07,  9.63it/s]
Testing:  54%|█████▎    | 79/147 [00:08<00:07,  9.64it/s]
Testing:  54%|█████▍    | 80/147 [00:08<00:06,  9.63it/s]
Testing:  55%|█████▌    | 81/147 [00:08<00:06,  9.64it/s]
Testing:  56%|█████▌    | 82/147 [00:08<00:06,  9.63it/s]
Testing:  56%|█████▋    | 83/147 [00:08<00:06,  9.63it/s]
Testing:  57%|█████▋    | 84/147 [00:08<00:06,  9.63it/s]
Testing:  58%|█████▊    | 85/147 [00:08<00:06,  9.64it/s]
Testing:  59%|█████▊    | 86/147 [00:08<00:06,  9.63it/s]
Testing:  59%|█████▉    | 87/147 [00:09<00:06,  9.63it/s]
Testing:  60%|█████▉    | 88/147 [00:09<00:06,  9.63it/s]
Testing:  61%|██████    | 89/147 [00:09<00:06,  9.63it/s]
Testing:  61%|██████    | 90/147 [00:09<00:05,  9.63it/s]
Testing:  62%|██████▏   | 91/147 [00:09<00:05,  9.63it/s]
Testing:  63%|██████▎   | 92/147 [00:09<00:05,  9.63it/s]
Testing:  63%|██████▎   | 93/147 [00:09<00:05,  9.64it/s]
Testing:  64%|██████▍   | 94/147 [00:09<00:05,  9.65it/s]
Testing:  65%|██████▍   | 95/147 [00:09<00:05,  9.64it/s]
Testing:  65%|██████▌   | 96/147 [00:09<00:05,  9.64it/s]
Testing:  66%|██████▌   | 97/147 [00:10<00:05,  9.65it/s]
Testing:  67%|██████▋   | 98/147 [00:10<00:05,  9.64it/s]
Testing:  67%|██████▋   | 99/147 [00:10<00:04,  9.64it/s]
Testing:  68%|██████▊   | 100/147 [00:10<00:04,  9.63it/s]
Testing:  69%|██████▊   | 101/147 [00:10<00:04,  9.64it/s]
Testing:  69%|██████▉   | 102/147 [00:10<00:04,  9.64it/s]
Testing:  70%|███████   | 103/147 [00:10<00:04,  9.65it/s]
Testing:  71%|███████   | 104/147 [00:10<00:04,  9.65it/s]
Testing:  71%|███████▏  | 105/147 [00:10<00:04,  9.65it/s]
Testing:  72%|███████▏  | 106/147 [00:10<00:04,  9.65it/s]
Testing:  73%|███████▎  | 107/147 [00:11<00:04,  9.65it/s]
Testing:  73%|███████▎  | 108/147 [00:11<00:04,  9.64it/s]
Testing:  74%|███████▍  | 109/147 [00:11<00:03,  9.64it/s]
Testing:  75%|███████▍  | 110/147 [00:11<00:03,  9.65it/s]
Testing:  76%|███████▌  | 111/147 [00:11<00:03,  9.64it/s]
Testing:  76%|███████▌  | 112/147 [00:11<00:03,  9.64it/s]
Testing:  77%|███████▋  | 113/147 [00:11<00:03,  9.63it/s]
Testing:  78%|███████▊  | 114/147 [00:11<00:03,  9.63it/s]
Testing:  78%|███████▊  | 115/147 [00:11<00:03,  9.63it/s]
Testing:  79%|███████▉  | 116/147 [00:12<00:03,  9.64it/s]
Testing:  80%|███████▉  | 117/147 [00:12<00:03,  9.64it/s]
Testing:  80%|████████  | 118/147 [00:12<00:03,  9.65it/s]
Testing:  81%|████████  | 119/147 [00:12<00:02,  9.65it/s]
Testing:  82%|████████▏ | 120/147 [00:12<00:02,  9.65it/s]
Testing:  82%|████████▏ | 121/147 [00:12<00:02,  9.65it/s]
Testing:  83%|████████▎ | 122/147 [00:12<00:02,  9.65it/s]
Testing:  84%|████████▎ | 123/147 [00:12<00:02,  9.65it/s]
Testing:  84%|████████▍ | 124/147 [00:12<00:02,  9.65it/s]
Testing:  85%|████████▌ | 125/147 [00:12<00:02,  9.65it/s]
Testing:  86%|████████▌ | 126/147 [00:13<00:02,  9.65it/s]
Testing:  86%|████████▋ | 127/147 [00:13<00:02,  9.65it/s]
Testing:  87%|████████▋ | 128/147 [00:13<00:01,  9.65it/s]
Testing:  88%|████████▊ | 129/147 [00:13<00:01,  9.65it/s]
Testing:  88%|████████▊ | 130/147 [00:13<00:01,  9.65it/s]
Testing:  89%|████████▉ | 131/147 [00:13<00:01,  9.65it/s]
Testing:  90%|████████▉ | 132/147 [00:13<00:01,  9.65it/s]
Testing:  90%|█████████ | 133/147 [00:13<00:01,  9.65it/s]
Testing:  91%|█████████ | 134/147 [00:13<00:01,  9.65it/s]
Testing:  92%|█████████▏| 135/147 [00:13<00:01,  9.65it/s]
Testing:  93%|█████████▎| 136/147 [00:14<00:01,  9.65it/s]
Testing:  93%|█████████▎| 137/147 [00:14<00:01,  9.64it/s]
Testing:  94%|█████████▍| 138/147 [00:14<00:00,  9.64it/s]
Testing:  95%|█████████▍| 139/147 [00:14<00:00,  9.64it/s]
Testing:  95%|█████████▌| 140/147 [00:14<00:00,  9.65it/s]
Testing:  96%|█████████▌| 141/147 [00:14<00:00,  9.64it/s]
Testing:  97%|█████████▋| 142/147 [00:14<00:00,  9.65it/s]
Testing:  97%|█████████▋| 143/147 [00:14<00:00,  9.65it/s]
Testing:  98%|█████████▊| 144/147 [00:14<00:00,  9.65it/s]
Testing:  99%|█████████▊| 145/147 [00:15<00:00,  9.65it/s]
Testing:  99%|█████████▉| 146/147 [00:15<00:00,  9.65it/s]
Testing: 100%|██████████| 147/147 [00:15<00:00,  9.69it/s]
