/user/nirish.samant/u28445/.conda/envs/dnlp/lib/python3.10/site-packages/huggingface_hub/file_download.py:942: FutureWarning: `resume_download` is deprecated and will be removed in version 1.0.0. Downloads always resume when possible. If you want to force a new download, use `force_download=True`.
  warnings.warn(

Linguistic features:   0%|          | 0/2179 [00:00<?, ?it/s]
Linguistic features:   0%|          | 10/2179 [00:00<00:23, 93.12it/s]
Linguistic features:   1%|          | 21/2179 [00:00<00:21, 100.64it/s]
Linguistic features:   1%|▏         | 32/2179 [00:00<00:21, 101.49it/s]
Linguistic features:   2%|▏         | 43/2179 [00:00<00:20, 104.12it/s]
Linguistic features:   3%|▎         | 55/2179 [00:00<00:20, 104.98it/s]
Linguistic features:   3%|▎         | 67/2179 [00:00<00:19, 108.16it/s]
Linguistic features:   4%|▎         | 79/2179 [00:00<00:19, 109.24it/s]
Linguistic features:   4%|▍         | 90/2179 [00:00<00:19, 108.43it/s]
Linguistic features:   5%|▍         | 101/2179 [00:00<00:19, 108.87it/s]
Linguistic features:   5%|▌         | 112/2179 [00:01<00:19, 107.94it/s]
Linguistic features:   6%|▌         | 123/2179 [00:01<00:19, 107.68it/s]
Linguistic features:   6%|▌         | 134/2179 [00:01<00:18, 107.73it/s]
Linguistic features:   7%|▋         | 145/2179 [00:01<00:18, 108.08it/s]
Linguistic features:   7%|▋         | 157/2179 [00:01<00:18, 109.87it/s]
Linguistic features:   8%|▊         | 168/2179 [00:01<00:18, 109.02it/s]
Linguistic features:   8%|▊         | 179/2179 [00:01<00:18, 109.13it/s]
Linguistic features:   9%|▉         | 191/2179 [00:01<00:17, 110.67it/s]
Linguistic features:   9%|▉         | 203/2179 [00:01<00:17, 110.72it/s]
Linguistic features:  10%|▉         | 215/2179 [00:01<00:17, 112.40it/s]
Linguistic features:  10%|█         | 227/2179 [00:02<00:17, 114.08it/s]
Linguistic features:  11%|█         | 239/2179 [00:02<00:17, 113.06it/s]
Linguistic features:  12%|█▏        | 251/2179 [00:02<00:17, 112.91it/s]
Linguistic features:  12%|█▏        | 263/2179 [00:02<00:16, 114.03it/s]
Linguistic features:  13%|█▎        | 275/2179 [00:02<00:16, 113.62it/s]
Linguistic features:  13%|█▎        | 287/2179 [00:02<00:16, 114.12it/s]
Linguistic features:  14%|█▎        | 299/2179 [00:02<00:16, 115.73it/s]
Linguistic features:  14%|█▍        | 311/2179 [00:02<00:16, 115.57it/s]
Linguistic features:  15%|█▍        | 323/2179 [00:02<00:15, 116.76it/s]
Linguistic features:  15%|█▌        | 335/2179 [00:03<00:15, 115.53it/s]
Linguistic features:  16%|█▌        | 347/2179 [00:03<00:15, 115.59it/s]
Linguistic features:  16%|█▋        | 359/2179 [00:03<00:15, 115.03it/s]
Linguistic features:  17%|█▋        | 371/2179 [00:03<00:15, 113.45it/s]
Linguistic features:  18%|█▊        | 383/2179 [00:03<00:15, 113.03it/s]
Linguistic features:  18%|█▊        | 395/2179 [00:03<00:15, 114.82it/s]
Linguistic features:  19%|█▊        | 407/2179 [00:03<00:15, 114.02it/s]
Linguistic features:  19%|█▉        | 419/2179 [00:03<00:15, 115.40it/s]
Linguistic features:  20%|█▉        | 431/2179 [00:03<00:15, 113.68it/s]
Linguistic features:  20%|██        | 443/2179 [00:03<00:15, 113.55it/s]
Linguistic features:  21%|██        | 455/2179 [00:04<00:15, 113.75it/s]
Linguistic features:  21%|██▏       | 468/2179 [00:04<00:14, 116.34it/s]
Linguistic features:  22%|██▏       | 480/2179 [00:04<00:14, 116.69it/s]
Linguistic features:  23%|██▎       | 492/2179 [00:04<00:14, 115.55it/s]
Linguistic features:  23%|██▎       | 504/2179 [00:04<00:14, 113.14it/s]
Linguistic features:  24%|██▎       | 516/2179 [00:04<00:14, 113.06it/s]
Linguistic features:  24%|██▍       | 528/2179 [00:04<00:14, 114.71it/s]
Linguistic features:  25%|██▍       | 540/2179 [00:04<00:14, 114.35it/s]
Linguistic features:  25%|██▌       | 553/2179 [00:04<00:14, 115.97it/s]
Linguistic features:  26%|██▌       | 565/2179 [00:05<00:13, 116.03it/s]
Linguistic features:  26%|██▋       | 577/2179 [00:05<00:13, 116.30it/s]
Linguistic features:  27%|██▋       | 589/2179 [00:05<00:13, 117.17it/s]
Linguistic features:  28%|██▊       | 601/2179 [00:05<00:13, 117.55it/s]
Linguistic features:  28%|██▊       | 613/2179 [00:05<00:13, 115.74it/s]
Linguistic features:  29%|██▊       | 625/2179 [00:05<00:13, 115.18it/s]
Linguistic features:  29%|██▉       | 638/2179 [00:05<00:13, 116.83it/s]
Linguistic features:  30%|██▉       | 650/2179 [00:05<00:13, 115.43it/s]
Linguistic features:  30%|███       | 662/2179 [00:05<00:13, 114.23it/s]
Linguistic features:  31%|███       | 674/2179 [00:05<00:13, 115.17it/s]
Linguistic features:  31%|███▏      | 686/2179 [00:06<00:12, 116.41it/s]
Linguistic features:  32%|███▏      | 698/2179 [00:06<00:12, 117.37it/s]
Linguistic features:  33%|███▎      | 710/2179 [00:06<00:12, 116.43it/s]
Linguistic features:  33%|███▎      | 723/2179 [00:06<00:12, 118.06it/s]
Linguistic features:  34%|███▎      | 735/2179 [00:06<00:12, 117.56it/s]
Linguistic features:  34%|███▍      | 747/2179 [00:06<00:12, 118.25it/s]
Linguistic features:  35%|███▍      | 759/2179 [00:06<00:12, 117.66it/s]
Linguistic features:  35%|███▌      | 771/2179 [00:06<00:12, 114.95it/s]
Linguistic features:  36%|███▌      | 783/2179 [00:06<00:12, 115.64it/s]
Linguistic features:  37%|███▋      | 796/2179 [00:07<00:11, 117.06it/s]
Linguistic features:  37%|███▋      | 808/2179 [00:07<00:11, 117.28it/s]
Linguistic features:  38%|███▊      | 821/2179 [00:07<00:11, 119.19it/s]
Linguistic features:  38%|███▊      | 833/2179 [00:07<00:11, 117.67it/s]
Linguistic features:  39%|███▉      | 845/2179 [00:07<00:11, 117.20it/s]
Linguistic features:  39%|███▉      | 857/2179 [00:07<00:11, 114.29it/s]
Linguistic features:  40%|███▉      | 869/2179 [00:07<00:11, 115.16it/s]
Linguistic features:  40%|████      | 881/2179 [00:07<00:11, 115.58it/s]
Linguistic features:  41%|████      | 893/2179 [00:07<00:11, 115.68it/s]
Linguistic features:  42%|████▏     | 905/2179 [00:07<00:10, 116.78it/s]
Linguistic features:  42%|████▏     | 917/2179 [00:08<00:10, 117.66it/s]
Linguistic features:  43%|████▎     | 929/2179 [00:08<00:10, 116.58it/s]
Linguistic features:  43%|████▎     | 941/2179 [00:08<00:10, 115.68it/s]
Linguistic features:  44%|████▎     | 953/2179 [00:08<00:10, 114.82it/s]
Linguistic features:  44%|████▍     | 965/2179 [00:08<00:10, 115.44it/s]
Linguistic features:  45%|████▍     | 978/2179 [00:08<00:10, 118.43it/s]
Linguistic features:  45%|████▌     | 991/2179 [00:08<00:09, 119.10it/s]
Linguistic features:  46%|████▌     | 1003/2179 [00:08<00:10, 117.28it/s]
Linguistic features:  47%|████▋     | 1015/2179 [00:08<00:09, 116.82it/s]
Linguistic features:  47%|████▋     | 1027/2179 [00:08<00:09, 116.97it/s]
Linguistic features:  48%|████▊     | 1040/2179 [00:09<00:09, 118.43it/s]
Linguistic features:  48%|████▊     | 1053/2179 [00:09<00:09, 119.47it/s]
Linguistic features:  49%|████▉     | 1065/2179 [00:09<00:09, 117.88it/s]
Linguistic features:  49%|████▉     | 1077/2179 [00:09<00:09, 118.22it/s]
Linguistic features:  50%|█████     | 1090/2179 [00:09<00:09, 119.20it/s]
Linguistic features:  51%|█████     | 1102/2179 [00:09<00:09, 118.00it/s]
Linguistic features:  51%|█████     | 1114/2179 [00:09<00:09, 117.29it/s]
Linguistic features:  52%|█████▏    | 1126/2179 [00:09<00:09, 115.64it/s]
Linguistic features:  52%|█████▏    | 1139/2179 [00:09<00:08, 117.44it/s]
Linguistic features:  53%|█████▎    | 1151/2179 [00:10<00:08, 116.07it/s]
Linguistic features:  53%|█████▎    | 1163/2179 [00:10<00:08, 116.13it/s]
Linguistic features:  54%|█████▍    | 1175/2179 [00:10<00:08, 115.19it/s]
Linguistic features:  55%|█████▍    | 1188/2179 [00:10<00:08, 117.20it/s]
Linguistic features:  55%|█████▌    | 1200/2179 [00:10<00:08, 115.61it/s]
Linguistic features:  56%|█████▌    | 1212/2179 [00:10<00:08, 116.78it/s]
Linguistic features:  56%|█████▌    | 1225/2179 [00:10<00:08, 119.00it/s]
Linguistic features:  57%|█████▋    | 1237/2179 [00:10<00:07, 118.26it/s]
Linguistic features:  57%|█████▋    | 1249/2179 [00:10<00:07, 117.32it/s]
Linguistic features:  58%|█████▊    | 1261/2179 [00:10<00:07, 116.07it/s]
Linguistic features:  58%|█████▊    | 1273/2179 [00:11<00:07, 117.12it/s]
Linguistic features:  59%|█████▉    | 1286/2179 [00:11<00:07, 118.96it/s]
Linguistic features:  60%|█████▉    | 1298/2179 [00:11<00:07, 116.72it/s]
Linguistic features:  60%|██████    | 1311/2179 [00:11<00:07, 117.62it/s]
Linguistic features:  61%|██████    | 1323/2179 [00:11<00:07, 115.74it/s]
Linguistic features:  61%|██████▏   | 1335/2179 [00:11<00:07, 114.63it/s]
Linguistic features:  62%|██████▏   | 1347/2179 [00:11<00:07, 115.75it/s]
Linguistic features:  62%|██████▏   | 1360/2179 [00:11<00:06, 117.03it/s]
Linguistic features:  63%|██████▎   | 1373/2179 [00:11<00:06, 119.48it/s]
Linguistic features:  64%|██████▎   | 1385/2179 [00:12<00:06, 119.53it/s]
Linguistic features:  64%|██████▍   | 1397/2179 [00:12<00:06, 119.25it/s]
Linguistic features:  65%|██████▍   | 1410/2179 [00:12<00:06, 120.49it/s]
Linguistic features:  65%|██████▌   | 1423/2179 [00:12<00:06, 117.65it/s]
Linguistic features:  66%|██████▌   | 1435/2179 [00:12<00:06, 118.30it/s]
Linguistic features:  66%|██████▋   | 1447/2179 [00:12<00:06, 117.19it/s]
Linguistic features:  67%|██████▋   | 1459/2179 [00:12<00:06, 117.80it/s]
Linguistic features:  68%|██████▊   | 1472/2179 [00:12<00:05, 118.48it/s]
Linguistic features:  68%|██████▊   | 1484/2179 [00:12<00:05, 117.49it/s]
Linguistic features:  69%|██████▊   | 1496/2179 [00:12<00:05, 117.57it/s]
Linguistic features:  69%|██████▉   | 1508/2179 [00:13<00:05, 115.92it/s]
Linguistic features:  70%|██████▉   | 1521/2179 [00:13<00:05, 116.94it/s]
Linguistic features:  70%|███████   | 1533/2179 [00:13<00:05, 116.94it/s]
Linguistic features:  71%|███████   | 1545/2179 [00:13<00:05, 116.25it/s]
Linguistic features:  71%|███████▏  | 1557/2179 [00:13<00:05, 115.47it/s]
Linguistic features:  72%|███████▏  | 1569/2179 [00:13<00:05, 114.06it/s]
Linguistic features:  73%|███████▎  | 1581/2179 [00:13<00:05, 114.75it/s]
Linguistic features:  73%|███████▎  | 1593/2179 [00:13<00:05, 115.95it/s]
Linguistic features:  74%|███████▎  | 1605/2179 [00:13<00:04, 115.75it/s]
Linguistic features:  74%|███████▍  | 1618/2179 [00:14<00:04, 118.31it/s]
Linguistic features:  75%|███████▍  | 1631/2179 [00:14<00:04, 120.10it/s]
Linguistic features:  75%|███████▌  | 1644/2179 [00:14<00:04, 119.22it/s]
Linguistic features:  76%|███████▌  | 1656/2179 [00:14<00:04, 118.87it/s]
Linguistic features:  77%|███████▋  | 1669/2179 [00:14<00:04, 119.67it/s]
Linguistic features:  77%|███████▋  | 1682/2179 [00:14<00:04, 120.34it/s]
Linguistic features:  78%|███████▊  | 1695/2179 [00:14<00:03, 121.28it/s]
Linguistic features:  78%|███████▊  | 1708/2179 [00:14<00:03, 119.11it/s]
Linguistic features:  79%|███████▉  | 1720/2179 [00:14<00:03, 118.82it/s]
Linguistic features:  80%|███████▉  | 1733/2179 [00:14<00:03, 120.68it/s]
Linguistic features:  80%|████████  | 1746/2179 [00:15<00:03, 119.13it/s]
Linguistic features:  81%|████████  | 1759/2179 [00:15<00:03, 119.87it/s]
Linguistic features:  81%|████████▏ | 1772/2179 [00:15<00:03, 119.81it/s]
Linguistic features:  82%|████████▏ | 1784/2179 [00:15<00:03, 118.31it/s]
Linguistic features:  82%|████████▏ | 1796/2179 [00:15<00:03, 116.92it/s]
Linguistic features:  83%|████████▎ | 1808/2179 [00:15<00:03, 116.11it/s]
Linguistic features:  84%|████████▎ | 1821/2179 [00:15<00:03, 117.43it/s]
Linguistic features:  84%|████████▍ | 1833/2179 [00:15<00:02, 117.30it/s]
Linguistic features:  85%|████████▍ | 1845/2179 [00:15<00:02, 117.80it/s]
Linguistic features:  85%|████████▌ | 1857/2179 [00:16<00:02, 118.25it/s]
Linguistic features:  86%|████████▌ | 1870/2179 [00:16<00:02, 119.00it/s]
Linguistic features:  86%|████████▋ | 1883/2179 [00:16<00:02, 119.31it/s]
Linguistic features:  87%|████████▋ | 1895/2179 [00:16<00:02, 117.57it/s]
Linguistic features:  88%|████████▊ | 1907/2179 [00:16<00:02, 117.67it/s]
Linguistic features:  88%|████████▊ | 1920/2179 [00:16<00:02, 118.05it/s]
Linguistic features:  89%|████████▊ | 1932/2179 [00:16<00:02, 118.54it/s]
Linguistic features:  89%|████████▉ | 1944/2179 [00:16<00:01, 118.02it/s]
Linguistic features:  90%|████████▉ | 1956/2179 [00:16<00:01, 116.99it/s]
Linguistic features:  90%|█████████ | 1968/2179 [00:16<00:01, 117.07it/s]
Linguistic features:  91%|█████████ | 1981/2179 [00:17<00:01, 118.79it/s]
Linguistic features:  91%|█████████▏| 1993/2179 [00:17<00:01, 118.83it/s]
Linguistic features:  92%|█████████▏| 2006/2179 [00:17<00:01, 120.60it/s]
Linguistic features:  93%|█████████▎| 2019/2179 [00:17<00:01, 118.98it/s]
Linguistic features:  93%|█████████▎| 2031/2179 [00:17<00:01, 118.84it/s]
Linguistic features:  94%|█████████▍| 2043/2179 [00:17<00:01, 117.96it/s]
Linguistic features:  94%|█████████▍| 2056/2179 [00:17<00:01, 120.18it/s]
Linguistic features:  95%|█████████▍| 2069/2179 [00:17<00:00, 118.69it/s]
Linguistic features:  96%|█████████▌| 2082/2179 [00:17<00:00, 119.60it/s]
Linguistic features:  96%|█████████▌| 2094/2179 [00:18<00:00, 118.20it/s]
Linguistic features:  97%|█████████▋| 2107/2179 [00:18<00:00, 119.88it/s]
Linguistic features:  97%|█████████▋| 2120/2179 [00:18<00:00, 119.95it/s]
Linguistic features:  98%|█████████▊| 2133/2179 [00:18<00:00, 119.95it/s]
Linguistic features:  98%|█████████▊| 2146/2179 [00:18<00:00, 120.02it/s]
Linguistic features:  99%|█████████▉| 2159/2179 [00:18<00:00, 119.39it/s]
Linguistic features: 100%|█████████▉| 2172/2179 [00:18<00:00, 120.94it/s]
Linguistic features: 100%|██████████| 2179/2179 [00:18<00:00, 116.27it/s]

Linguistic features:   0%|          | 0/551 [00:00<?, ?it/s]
Linguistic features:   2%|▏         | 13/551 [00:00<00:04, 119.89it/s]
Linguistic features:   5%|▍         | 25/551 [00:00<00:04, 117.13it/s]
Linguistic features:   7%|▋         | 38/551 [00:00<00:04, 121.08it/s]
Linguistic features:   9%|▉         | 51/551 [00:00<00:04, 122.67it/s]
Linguistic features:  12%|█▏        | 64/551 [00:00<00:04, 120.15it/s]
Linguistic features:  14%|█▍        | 77/551 [00:00<00:03, 119.00it/s]
Linguistic features:  16%|█▌        | 89/551 [00:00<00:03, 118.77it/s]
Linguistic features:  19%|█▊        | 102/551 [00:00<00:03, 119.27it/s]
Linguistic features:  21%|██        | 115/551 [00:00<00:03, 119.67it/s]
Linguistic features:  23%|██▎       | 127/551 [00:01<00:03, 118.90it/s]
Linguistic features:  25%|██▌       | 139/551 [00:01<00:03, 118.91it/s]
Linguistic features:  27%|██▋       | 151/551 [00:01<00:03, 118.53it/s]
Linguistic features:  30%|██▉       | 163/551 [00:01<00:03, 118.80it/s]
Linguistic features:  32%|███▏      | 175/551 [00:01<00:03, 118.39it/s]
Linguistic features:  34%|███▍      | 188/551 [00:01<00:03, 120.22it/s]
Linguistic features:  36%|███▋      | 201/551 [00:01<00:02, 118.86it/s]
Linguistic features:  39%|███▊      | 213/551 [00:01<00:02, 118.61it/s]
Linguistic features:  41%|████      | 225/551 [00:01<00:02, 118.99it/s]
Linguistic features:  43%|████▎     | 237/551 [00:01<00:02, 117.86it/s]
Linguistic features:  45%|████▌     | 250/551 [00:02<00:02, 119.88it/s]
Linguistic features:  48%|████▊     | 262/551 [00:02<00:02, 118.13it/s]
Linguistic features:  50%|████▉     | 275/551 [00:02<00:02, 121.32it/s]
Linguistic features:  52%|█████▏    | 288/551 [00:02<00:02, 121.95it/s]
Linguistic features:  55%|█████▍    | 301/551 [00:02<00:02, 119.23it/s]
Linguistic features:  57%|█████▋    | 313/551 [00:02<00:01, 119.07it/s]
Linguistic features:  59%|█████▉    | 325/551 [00:02<00:01, 118.63it/s]
Linguistic features:  61%|██████▏   | 338/551 [00:02<00:01, 118.86it/s]
Linguistic features:  64%|██████▎   | 350/551 [00:02<00:01, 117.73it/s]
Linguistic features:  66%|██████▌   | 362/551 [00:03<00:01, 118.08it/s]
Linguistic features:  68%|██████▊   | 375/551 [00:03<00:01, 119.41it/s]
Linguistic features:  70%|███████   | 387/551 [00:03<00:01, 118.28it/s]
Linguistic features:  72%|███████▏  | 399/551 [00:03<00:01, 118.21it/s]
Linguistic features:  75%|███████▍  | 411/551 [00:03<00:01, 117.59it/s]
Linguistic features:  77%|███████▋  | 424/551 [00:03<00:01, 118.00it/s]
Linguistic features:  79%|███████▉  | 437/551 [00:03<00:00, 118.68it/s]
Linguistic features:  82%|████████▏ | 450/551 [00:03<00:00, 119.29it/s]
Linguistic features:  84%|████████▍ | 462/551 [00:03<00:00, 118.83it/s]
Linguistic features:  86%|████████▌ | 474/551 [00:03<00:00, 117.21it/s]
Linguistic features:  88%|████████▊ | 486/551 [00:04<00:00, 117.19it/s]
Linguistic features:  91%|█████████ | 499/551 [00:04<00:00, 118.55it/s]
Linguistic features:  93%|█████████▎| 512/551 [00:04<00:00, 119.21it/s]
Linguistic features:  95%|█████████▌| 525/551 [00:04<00:00, 121.07it/s]
Linguistic features:  98%|█████████▊| 538/551 [00:04<00:00, 118.62it/s]
Linguistic features: 100%|██████████| 551/551 [00:04<00:00, 119.24it/s]
Linguistic features: 100%|██████████| 551/551 [00:04<00:00, 119.02it/s]

Linguistic features:   0%|          | 0/585 [00:00<?, ?it/s]
Linguistic features:   2%|▏         | 12/585 [00:00<00:04, 117.38it/s]
Linguistic features:   4%|▍         | 24/585 [00:00<00:04, 116.15it/s]
Linguistic features:   6%|▌         | 36/585 [00:00<00:04, 116.34it/s]
Linguistic features:   8%|▊         | 49/585 [00:00<00:04, 119.09it/s]
Linguistic features:  10%|█         | 61/585 [00:00<00:04, 119.20it/s]
Linguistic features:  13%|█▎        | 74/585 [00:00<00:04, 120.49it/s]
Linguistic features:  15%|█▍        | 87/585 [00:00<00:04, 119.75it/s]
Linguistic features:  17%|█▋        | 99/585 [00:00<00:04, 119.82it/s]
Linguistic features:  19%|█▉        | 111/585 [00:00<00:03, 119.19it/s]
Linguistic features:  21%|██        | 123/585 [00:01<00:03, 119.23it/s]
Linguistic features:  23%|██▎       | 136/585 [00:01<00:03, 120.20it/s]
Linguistic features:  25%|██▌       | 149/585 [00:01<00:03, 120.30it/s]
Linguistic features:  28%|██▊       | 162/585 [00:01<00:03, 119.38it/s]
Linguistic features:  30%|██▉       | 175/585 [00:01<00:03, 120.55it/s]
Linguistic features:  32%|███▏      | 188/585 [00:01<00:03, 119.67it/s]
Linguistic features:  34%|███▍      | 200/585 [00:01<00:03, 119.21it/s]
Linguistic features:  36%|███▋      | 213/585 [00:01<00:03, 121.21it/s]
Linguistic features:  39%|███▊      | 226/585 [00:01<00:02, 121.43it/s]
Linguistic features:  41%|████      | 239/585 [00:01<00:02, 120.34it/s]
Linguistic features:  43%|████▎     | 252/585 [00:02<00:02, 120.51it/s]
Linguistic features:  45%|████▌     | 265/585 [00:02<00:02, 120.06it/s]
Linguistic features:  48%|████▊     | 278/585 [00:02<00:02, 121.34it/s]
Linguistic features:  50%|████▉     | 291/585 [00:02<00:02, 120.11it/s]
Linguistic features:  52%|█████▏    | 304/585 [00:02<00:02, 118.35it/s]
Linguistic features:  54%|█████▍    | 317/585 [00:02<00:02, 119.68it/s]
Linguistic features:  56%|█████▌    | 329/585 [00:02<00:02, 117.98it/s]
Linguistic features:  58%|█████▊    | 342/585 [00:02<00:02, 121.06it/s]
Linguistic features:  61%|██████    | 355/585 [00:02<00:01, 122.28it/s]
Linguistic features:  63%|██████▎   | 368/585 [00:03<00:01, 122.22it/s]
Linguistic features:  65%|██████▌   | 381/585 [00:03<00:01, 122.96it/s]
Linguistic features:  67%|██████▋   | 394/585 [00:03<00:01, 123.51it/s]
Linguistic features:  70%|██████▉   | 407/585 [00:03<00:01, 121.73it/s]
Linguistic features:  72%|███████▏  | 420/585 [00:03<00:01, 120.13it/s]
Linguistic features:  74%|███████▍  | 433/585 [00:03<00:01, 121.50it/s]
Linguistic features:  76%|███████▌  | 446/585 [00:03<00:01, 121.44it/s]
Linguistic features:  78%|███████▊  | 459/585 [00:03<00:01, 121.17it/s]
Linguistic features:  81%|████████  | 472/585 [00:03<00:00, 118.36it/s]
Linguistic features:  83%|████████▎ | 484/585 [00:04<00:00, 118.09it/s]
Linguistic features:  85%|████████▍ | 496/585 [00:04<00:00, 118.27it/s]
Linguistic features:  87%|████████▋ | 508/585 [00:04<00:00, 118.49it/s]
Linguistic features:  89%|████████▉ | 520/585 [00:04<00:00, 118.67it/s]
Linguistic features:  91%|█████████ | 532/585 [00:04<00:00, 117.95it/s]
Linguistic features:  93%|█████████▎| 544/585 [00:04<00:00, 118.36it/s]
Linguistic features:  95%|█████████▌| 557/585 [00:04<00:00, 120.32it/s]
Linguistic features:  97%|█████████▋| 570/585 [00:04<00:00, 119.18it/s]
Linguistic features: 100%|█████████▉| 583/585 [00:04<00:00, 120.82it/s]
Linguistic features: 100%|██████████| 585/585 [00:04<00:00, 120.00it/s]

Epoch 1/10:   0%|          | 0/545 [00:00<?, ?it/s]
Epoch 1/10:   0%|          | 1/545 [00:01<12:11,  1.34s/it]
Epoch 1/10:   0%|          | 2/545 [00:01<06:46,  1.34it/s]
Epoch 1/10:   1%|          | 3/545 [00:02<05:01,  1.80it/s]
Epoch 1/10:   1%|          | 4/545 [00:02<04:12,  2.14it/s]
Epoch 1/10:   1%|          | 5/545 [00:02<03:45,  2.40it/s]
Epoch 1/10:   1%|          | 6/545 [00:02<03:28,  2.58it/s]
Epoch 1/10:   1%|▏         | 7/545 [00:03<03:18,  2.71it/s]
Epoch 1/10:   1%|▏         | 8/545 [00:03<03:11,  2.81it/s]
Epoch 1/10:   2%|▏         | 9/545 [00:03<03:06,  2.88it/s]
Epoch 1/10:   2%|▏         | 10/545 [00:04<03:03,  2.92it/s]
Epoch 1/10:   2%|▏         | 11/545 [00:04<03:00,  2.96it/s]
Epoch 1/10:   2%|▏         | 12/545 [00:04<02:58,  2.98it/s]
Epoch 1/10:   2%|▏         | 13/545 [00:05<02:57,  3.00it/s]
Epoch 1/10:   3%|▎         | 14/545 [00:05<02:56,  3.01it/s]
Epoch 1/10:   3%|▎         | 15/545 [00:05<02:56,  3.01it/s]
Epoch 1/10:   3%|▎         | 16/545 [00:06<02:55,  3.02it/s]
Epoch 1/10:   3%|▎         | 17/545 [00:06<02:54,  3.02it/s]
Epoch 1/10:   3%|▎         | 18/545 [00:06<02:54,  3.02it/s]
Epoch 1/10:   3%|▎         | 19/545 [00:07<02:53,  3.03it/s]
Epoch 1/10:   4%|▎         | 20/545 [00:07<02:53,  3.03it/s]
Epoch 1/10:   4%|▍         | 21/545 [00:07<02:52,  3.03it/s]
Epoch 1/10:   4%|▍         | 22/545 [00:08<02:52,  3.03it/s]
Epoch 1/10:   4%|▍         | 23/545 [00:08<02:52,  3.03it/s]
Epoch 1/10:   4%|▍         | 24/545 [00:08<02:51,  3.03it/s]
Epoch 1/10:   5%|▍         | 25/545 [00:09<02:51,  3.03it/s]
Epoch 1/10:   5%|▍         | 26/545 [00:09<02:51,  3.03it/s]
Epoch 1/10:   5%|▍         | 27/545 [00:09<02:50,  3.03it/s]
Epoch 1/10:   5%|▌         | 28/545 [00:10<02:50,  3.03it/s]
Epoch 1/10:   5%|▌         | 29/545 [00:10<02:50,  3.03it/s]
Epoch 1/10:   6%|▌         | 30/545 [00:10<02:49,  3.03it/s]
Epoch 1/10:   6%|▌         | 31/545 [00:11<02:49,  3.03it/s]
Epoch 1/10:   6%|▌         | 32/545 [00:11<02:49,  3.03it/s]
Epoch 1/10:   6%|▌         | 33/545 [00:11<02:48,  3.03it/s]
Epoch 1/10:   6%|▌         | 34/545 [00:12<02:48,  3.03it/s]
Epoch 1/10:   6%|▋         | 35/545 [00:12<02:48,  3.03it/s]
Epoch 1/10:   7%|▋         | 36/545 [00:12<02:47,  3.03it/s]
Epoch 1/10:   7%|▋         | 37/545 [00:13<02:47,  3.03it/s]
Epoch 1/10:   7%|▋         | 38/545 [00:13<02:47,  3.04it/s]
Epoch 1/10:   7%|▋         | 39/545 [00:13<02:46,  3.04it/s]
Epoch 1/10:   7%|▋         | 40/545 [00:14<02:46,  3.04it/s]
Epoch 1/10:   8%|▊         | 41/545 [00:14<02:45,  3.04it/s]
Epoch 1/10:   8%|▊         | 42/545 [00:14<02:45,  3.04it/s]
Epoch 1/10:   8%|▊         | 43/545 [00:15<02:45,  3.04it/s]
Epoch 1/10:   8%|▊         | 44/545 [00:15<02:45,  3.04it/s]
Epoch 1/10:   8%|▊         | 45/545 [00:15<02:44,  3.04it/s]
Epoch 1/10:   8%|▊         | 46/545 [00:16<02:44,  3.04it/s]
Epoch 1/10:   9%|▊         | 47/545 [00:16<02:44,  3.04it/s]
Epoch 1/10:   9%|▉         | 48/545 [00:16<02:43,  3.04it/s]
Epoch 1/10:   9%|▉         | 49/545 [00:17<02:43,  3.04it/s]
Epoch 1/10:   9%|▉         | 50/545 [00:17<02:43,  3.04it/s]
Epoch 1/10:   9%|▉         | 51/545 [00:17<02:42,  3.04it/s]
Epoch 1/10:  10%|▉         | 52/545 [00:18<02:42,  3.04it/s]
Epoch 1/10:  10%|▉         | 53/545 [00:18<02:42,  3.03it/s]
Epoch 1/10:  10%|▉         | 54/545 [00:18<02:41,  3.03it/s]
Epoch 1/10:  10%|█         | 55/545 [00:19<02:41,  3.03it/s]
Epoch 1/10:  10%|█         | 56/545 [00:19<02:41,  3.04it/s]
Epoch 1/10:  10%|█         | 57/545 [00:19<02:40,  3.04it/s]
Epoch 1/10:  11%|█         | 58/545 [00:20<02:40,  3.04it/s]
Epoch 1/10:  11%|█         | 59/545 [00:20<02:40,  3.04it/s]
Epoch 1/10:  11%|█         | 60/545 [00:20<02:39,  3.04it/s]
Epoch 1/10:  11%|█         | 61/545 [00:21<02:39,  3.04it/s]
Epoch 1/10:  11%|█▏        | 62/545 [00:21<02:39,  3.04it/s]
Epoch 1/10:  12%|█▏        | 63/545 [00:21<02:38,  3.04it/s]
Epoch 1/10:  12%|█▏        | 64/545 [00:22<02:38,  3.03it/s]
Epoch 1/10:  12%|█▏        | 65/545 [00:22<02:38,  3.03it/s]
Epoch 1/10:  12%|█▏        | 66/545 [00:22<02:37,  3.03it/s]
Epoch 1/10:  12%|█▏        | 67/545 [00:23<02:37,  3.03it/s]
Epoch 1/10:  12%|█▏        | 68/545 [00:23<02:37,  3.03it/s]
Epoch 1/10:  13%|█▎        | 69/545 [00:23<02:36,  3.03it/s]
Epoch 1/10:  13%|█▎        | 70/545 [00:24<02:36,  3.04it/s]
Epoch 1/10:  13%|█▎        | 71/545 [00:24<02:36,  3.04it/s]
Epoch 1/10:  13%|█▎        | 72/545 [00:24<02:35,  3.04it/s]
Epoch 1/10:  13%|█▎        | 73/545 [00:25<02:35,  3.04it/s]
Epoch 1/10:  14%|█▎        | 74/545 [00:25<02:35,  3.04it/s]
Epoch 1/10:  14%|█▍        | 75/545 [00:25<02:34,  3.04it/s]
Epoch 1/10:  14%|█▍        | 76/545 [00:26<02:34,  3.04it/s]
Epoch 1/10:  14%|█▍        | 77/545 [00:26<02:34,  3.03it/s]
Epoch 1/10:  14%|█▍        | 78/545 [00:26<02:33,  3.03it/s]
Epoch 1/10:  14%|█▍        | 79/545 [00:27<02:33,  3.04it/s]
Epoch 1/10:  15%|█▍        | 80/545 [00:27<02:33,  3.04it/s]
Epoch 1/10:  15%|█▍        | 81/545 [00:27<02:32,  3.03it/s]
Epoch 1/10:  15%|█▌        | 82/545 [00:28<02:32,  3.03it/s]
Epoch 1/10:  15%|█▌        | 83/545 [00:28<02:32,  3.03it/s]
Epoch 1/10:  15%|█▌        | 84/545 [00:28<02:31,  3.03it/s]
Epoch 1/10:  16%|█▌        | 85/545 [00:29<02:31,  3.03it/s]
Epoch 1/10:  16%|█▌        | 86/545 [00:29<02:31,  3.04it/s]
Epoch 1/10:  16%|█▌        | 87/545 [00:29<02:30,  3.04it/s]
Epoch 1/10:  16%|█▌        | 88/545 [00:30<02:30,  3.04it/s]
Epoch 1/10:  16%|█▋        | 89/545 [00:30<02:30,  3.04it/s]
Epoch 1/10:  17%|█▋        | 90/545 [00:30<02:29,  3.04it/s]
Epoch 1/10:  17%|█▋        | 91/545 [00:31<02:29,  3.04it/s]
Epoch 1/10:  17%|█▋        | 92/545 [00:31<02:29,  3.04it/s]
Epoch 1/10:  17%|█▋        | 93/545 [00:31<02:28,  3.03it/s]
Epoch 1/10:  17%|█▋        | 94/545 [00:31<02:28,  3.03it/s]
Epoch 1/10:  17%|█▋        | 95/545 [00:32<02:28,  3.04it/s]
Epoch 1/10:  18%|█▊        | 96/545 [00:32<02:27,  3.03it/s]
Epoch 1/10:  18%|█▊        | 97/545 [00:32<02:27,  3.04it/s]
Epoch 1/10:  18%|█▊        | 98/545 [00:33<02:27,  3.04it/s]
Epoch 1/10:  18%|█▊        | 99/545 [00:33<02:26,  3.04it/s]
Epoch 1/10:  18%|█▊        | 100/545 [00:33<02:26,  3.03it/s]
Epoch 1/10:  19%|█▊        | 101/545 [00:34<02:26,  3.03it/s]
Epoch 1/10:  19%|█▊        | 102/545 [00:34<02:25,  3.03it/s]
Epoch 1/10:  19%|█▉        | 103/545 [00:34<02:25,  3.03it/s]
Epoch 1/10:  19%|█▉        | 104/545 [00:35<02:25,  3.03it/s]
Epoch 1/10:  19%|█▉        | 105/545 [00:35<02:24,  3.03it/s]
Epoch 1/10:  19%|█▉        | 106/545 [00:35<02:24,  3.04it/s]
Epoch 1/10:  20%|█▉        | 107/545 [00:36<02:24,  3.04it/s]
Epoch 1/10:  20%|█▉        | 108/545 [00:36<02:23,  3.04it/s]
Epoch 1/10:  20%|██        | 109/545 [00:36<02:23,  3.04it/s]
Epoch 1/10:  20%|██        | 110/545 [00:37<02:23,  3.04it/s]
Epoch 1/10:  20%|██        | 111/545 [00:37<02:23,  3.03it/s]
Epoch 1/10:  21%|██        | 112/545 [00:37<02:22,  3.03it/s]
Epoch 1/10:  21%|██        | 113/545 [00:38<02:22,  3.03it/s]
Epoch 1/10:  21%|██        | 114/545 [00:38<02:22,  3.04it/s]
Epoch 1/10:  21%|██        | 115/545 [00:38<02:21,  3.04it/s]
Epoch 1/10:  21%|██▏       | 116/545 [00:39<02:21,  3.04it/s]
Epoch 1/10:  21%|██▏       | 117/545 [00:39<02:20,  3.04it/s]
Epoch 1/10:  22%|██▏       | 118/545 [00:39<02:20,  3.04it/s]
Epoch 1/10:  22%|██▏       | 119/545 [00:40<02:20,  3.04it/s]
Epoch 1/10:  22%|██▏       | 120/545 [00:40<02:19,  3.04it/s]
Epoch 1/10:  22%|██▏       | 121/545 [00:40<02:19,  3.04it/s]
Epoch 1/10:  22%|██▏       | 122/545 [00:41<02:19,  3.04it/s]
Epoch 1/10:  23%|██▎       | 123/545 [00:41<02:18,  3.04it/s]
Epoch 1/10:  23%|██▎       | 124/545 [00:41<02:18,  3.04it/s]
Epoch 1/10:  23%|██▎       | 125/545 [00:42<02:18,  3.04it/s]
Epoch 1/10:  23%|██▎       | 126/545 [00:42<02:18,  3.04it/s]
Epoch 1/10:  23%|██▎       | 127/545 [00:42<02:17,  3.04it/s]
Epoch 1/10:  23%|██▎       | 128/545 [00:43<02:17,  3.04it/s]
Epoch 1/10:  24%|██▎       | 129/545 [00:43<02:17,  3.04it/s]
Epoch 1/10:  24%|██▍       | 130/545 [00:43<02:16,  3.04it/s]
Epoch 1/10:  24%|██▍       | 131/545 [00:44<02:16,  3.04it/s]
Epoch 1/10:  24%|██▍       | 132/545 [00:44<02:16,  3.04it/s]
Epoch 1/10:  24%|██▍       | 133/545 [00:44<02:15,  3.04it/s]
Epoch 1/10:  25%|██▍       | 134/545 [00:45<02:15,  3.03it/s]
Epoch 1/10:  25%|██▍       | 135/545 [00:45<02:15,  3.03it/s]
Epoch 1/10:  25%|██▍       | 136/545 [00:45<02:14,  3.04it/s]
Epoch 1/10:  25%|██▌       | 137/545 [00:46<02:14,  3.04it/s]
Epoch 1/10:  25%|██▌       | 138/545 [00:46<02:14,  3.04it/s]
Epoch 1/10:  26%|██▌       | 139/545 [00:46<02:13,  3.04it/s]
Epoch 1/10:  26%|██▌       | 140/545 [00:47<02:13,  3.04it/s]
Epoch 1/10:  26%|██▌       | 141/545 [00:47<02:13,  3.04it/s]
Epoch 1/10:  26%|██▌       | 142/545 [00:47<02:12,  3.04it/s]
Epoch 1/10:  26%|██▌       | 143/545 [00:48<02:12,  3.04it/s]
Epoch 1/10:  26%|██▋       | 144/545 [00:48<02:12,  3.04it/s]
Epoch 1/10:  27%|██▋       | 145/545 [00:48<02:11,  3.04it/s]
Epoch 1/10:  27%|██▋       | 146/545 [00:49<02:11,  3.04it/s]
Epoch 1/10:  27%|██▋       | 147/545 [00:49<02:11,  3.04it/s]
Epoch 1/10:  27%|██▋       | 148/545 [00:49<02:10,  3.04it/s]
Epoch 1/10:  27%|██▋       | 149/545 [00:50<02:10,  3.04it/s]
Epoch 1/10:  28%|██▊       | 150/545 [00:50<02:10,  3.04it/s]
Epoch 1/10:  28%|██▊       | 151/545 [00:50<02:09,  3.04it/s]
Epoch 1/10:  28%|██▊       | 152/545 [00:51<02:09,  3.04it/s]
Epoch 1/10:  28%|██▊       | 153/545 [00:51<02:09,  3.04it/s]
Epoch 1/10:  28%|██▊       | 154/545 [00:51<02:08,  3.04it/s]
Epoch 1/10:  28%|██▊       | 155/545 [00:52<02:08,  3.04it/s]
Epoch 1/10:  29%|██▊       | 156/545 [00:52<02:08,  3.04it/s]
Epoch 1/10:  29%|██▉       | 157/545 [00:52<02:07,  3.04it/s]
Epoch 1/10:  29%|██▉       | 158/545 [00:53<02:07,  3.04it/s]
Epoch 1/10:  29%|██▉       | 159/545 [00:53<02:07,  3.04it/s]
Epoch 1/10:  29%|██▉       | 160/545 [00:53<02:06,  3.04it/s]
Epoch 1/10:  30%|██▉       | 161/545 [00:54<02:06,  3.04it/s]
Epoch 1/10:  30%|██▉       | 162/545 [00:54<02:06,  3.04it/s]
Epoch 1/10:  30%|██▉       | 163/545 [00:54<02:05,  3.04it/s]
Epoch 1/10:  30%|███       | 164/545 [00:55<02:05,  3.04it/s]
Epoch 1/10:  30%|███       | 165/545 [00:55<02:05,  3.04it/s]
Epoch 1/10:  30%|███       | 166/545 [00:55<02:04,  3.04it/s]
Epoch 1/10:  31%|███       | 167/545 [00:56<02:04,  3.04it/s]
Epoch 1/10:  31%|███       | 168/545 [00:56<02:04,  3.04it/s]
Epoch 1/10:  31%|███       | 169/545 [00:56<02:03,  3.04it/s]
Epoch 1/10:  31%|███       | 170/545 [00:57<02:03,  3.04it/s]
Epoch 1/10:  31%|███▏      | 171/545 [00:57<02:03,  3.04it/s]
Epoch 1/10:  32%|███▏      | 172/545 [00:57<02:02,  3.04it/s]
Epoch 1/10:  32%|███▏      | 173/545 [00:58<02:02,  3.04it/s]
Epoch 1/10:  32%|███▏      | 174/545 [00:58<02:02,  3.04it/s]
Epoch 1/10:  32%|███▏      | 175/545 [00:58<02:02,  3.03it/s]
Epoch 1/10:  32%|███▏      | 176/545 [00:59<02:01,  3.03it/s]
Epoch 1/10:  32%|███▏      | 177/545 [00:59<02:01,  3.03it/s]
Epoch 1/10:  33%|███▎      | 178/545 [00:59<02:00,  3.03it/s]
Epoch 1/10:  33%|███▎      | 179/545 [00:59<02:00,  3.03it/s]
Epoch 1/10:  33%|███▎      | 180/545 [01:00<02:00,  3.03it/s]
Epoch 1/10:  33%|███▎      | 181/545 [01:00<01:59,  3.04it/s]
Epoch 1/10:  33%|███▎      | 182/545 [01:00<01:59,  3.04it/s]
Epoch 1/10:  34%|███▎      | 183/545 [01:01<01:59,  3.04it/s]
Epoch 1/10:  34%|███▍      | 184/545 [01:01<01:58,  3.03it/s]
Epoch 1/10:  34%|███▍      | 185/545 [01:01<01:58,  3.03it/s]
Epoch 1/10:  34%|███▍      | 186/545 [01:02<01:58,  3.04it/s]
Epoch 1/10:  34%|███▍      | 187/545 [01:02<01:57,  3.03it/s]
Epoch 1/10:  34%|███▍      | 188/545 [01:02<01:57,  3.04it/s]
Epoch 1/10:  35%|███▍      | 189/545 [01:03<01:57,  3.04it/s]
Epoch 1/10:  35%|███▍      | 190/545 [01:03<01:56,  3.03it/s]
Epoch 1/10:  35%|███▌      | 191/545 [01:03<01:56,  3.03it/s]
Epoch 1/10:  35%|███▌      | 192/545 [01:04<01:56,  3.04it/s]
Epoch 1/10:  35%|███▌      | 193/545 [01:04<01:55,  3.04it/s]
Epoch 1/10:  36%|███▌      | 194/545 [01:04<01:55,  3.04it/s]
Epoch 1/10:  36%|███▌      | 195/545 [01:05<01:55,  3.04it/s]
Epoch 1/10:  36%|███▌      | 196/545 [01:05<01:54,  3.04it/s]
Epoch 1/10:  36%|███▌      | 197/545 [01:05<01:54,  3.04it/s]
Epoch 1/10:  36%|███▋      | 198/545 [01:06<01:54,  3.03it/s]
Epoch 1/10:  37%|███▋      | 199/545 [01:06<01:54,  3.03it/s]
Epoch 1/10:  37%|███▋      | 200/545 [01:06<01:53,  3.03it/s]
Epoch 1/10:  37%|███▋      | 201/545 [01:07<01:53,  3.03it/s]
Epoch 1/10:  37%|███▋      | 202/545 [01:07<01:53,  3.03it/s]
Epoch 1/10:  37%|███▋      | 203/545 [01:07<01:52,  3.03it/s]
Epoch 1/10:  37%|███▋      | 204/545 [01:08<01:52,  3.04it/s]
Epoch 1/10:  38%|███▊      | 205/545 [01:08<01:52,  3.04it/s]
Epoch 1/10:  38%|███▊      | 206/545 [01:08<01:51,  3.04it/s]
Epoch 1/10:  38%|███▊      | 207/545 [01:09<01:51,  3.04it/s]
Epoch 1/10:  38%|███▊      | 208/545 [01:09<01:51,  3.04it/s]
Epoch 1/10:  38%|███▊      | 209/545 [01:09<01:50,  3.03it/s]
Epoch 1/10:  39%|███▊      | 210/545 [01:10<01:50,  3.03it/s]
Epoch 1/10:  39%|███▊      | 211/545 [01:10<01:50,  3.03it/s]
Epoch 1/10:  39%|███▉      | 212/545 [01:10<01:49,  3.04it/s]
Epoch 1/10:  39%|███▉      | 213/545 [01:11<01:49,  3.04it/s]
Epoch 1/10:  39%|███▉      | 214/545 [01:11<01:49,  3.04it/s]
Epoch 1/10:  39%|███▉      | 215/545 [01:11<01:48,  3.03it/s]
Epoch 1/10:  40%|███▉      | 216/545 [01:12<01:48,  3.03it/s]
Epoch 1/10:  40%|███▉      | 217/545 [01:12<01:48,  3.03it/s]
Epoch 1/10:  40%|████      | 218/545 [01:12<01:47,  3.03it/s]
Epoch 1/10:  40%|████      | 219/545 [01:13<01:47,  3.03it/s]
Epoch 1/10:  40%|████      | 220/545 [01:13<01:47,  3.03it/s]
Epoch 1/10:  41%|████      | 221/545 [01:13<01:46,  3.03it/s]
Epoch 1/10:  41%|████      | 222/545 [01:14<01:46,  3.03it/s]
Epoch 1/10:  41%|████      | 223/545 [01:14<01:46,  3.03it/s]
Epoch 1/10:  41%|████      | 224/545 [01:14<01:45,  3.03it/s]
Epoch 1/10:  41%|████▏     | 225/545 [01:15<01:45,  3.03it/s]
Epoch 1/10:  41%|████▏     | 226/545 [01:15<01:45,  3.03it/s]
Epoch 1/10:  42%|████▏     | 227/545 [01:15<01:44,  3.03it/s]
Epoch 1/10:  42%|████▏     | 228/545 [01:16<01:44,  3.03it/s]
Epoch 1/10:  42%|████▏     | 229/545 [01:16<01:44,  3.03it/s]
Epoch 1/10:  42%|████▏     | 230/545 [01:16<01:43,  3.04it/s]
Epoch 1/10:  42%|████▏     | 231/545 [01:17<01:43,  3.04it/s]
Epoch 1/10:  43%|████▎     | 232/545 [01:17<01:43,  3.04it/s]
Epoch 1/10:  43%|████▎     | 233/545 [01:17<01:42,  3.04it/s]
Epoch 1/10:  43%|████▎     | 234/545 [01:18<01:42,  3.04it/s]
Epoch 1/10:  43%|████▎     | 235/545 [01:18<01:42,  3.04it/s]
Epoch 1/10:  43%|████▎     | 236/545 [01:18<01:41,  3.04it/s]
Epoch 1/10:  43%|████▎     | 237/545 [01:19<01:41,  3.04it/s]
Epoch 1/10:  44%|████▎     | 238/545 [01:19<01:41,  3.04it/s]
Epoch 1/10:  44%|████▍     | 239/545 [01:19<01:40,  3.04it/s]
Epoch 1/10:  44%|████▍     | 240/545 [01:20<01:40,  3.04it/s]
Epoch 1/10:  44%|████▍     | 241/545 [01:20<01:40,  3.04it/s]
Epoch 1/10:  44%|████▍     | 242/545 [01:20<01:39,  3.04it/s]
Epoch 1/10:  45%|████▍     | 243/545 [01:21<01:39,  3.03it/s]
Epoch 1/10:  45%|████▍     | 244/545 [01:21<01:39,  3.03it/s]
Epoch 1/10:  45%|████▍     | 245/545 [01:21<01:38,  3.03it/s]
Epoch 1/10:  45%|████▌     | 246/545 [01:22<01:38,  3.03it/s]
Epoch 1/10:  45%|████▌     | 247/545 [01:22<01:38,  3.03it/s]
Epoch 1/10:  46%|████▌     | 248/545 [01:22<01:37,  3.03it/s]
Epoch 1/10:  46%|████▌     | 249/545 [01:23<01:37,  3.03it/s]
Epoch 1/10:  46%|████▌     | 250/545 [01:23<01:37,  3.03it/s]
Epoch 1/10:  46%|████▌     | 251/545 [01:23<01:36,  3.03it/s]
Epoch 1/10:  46%|████▌     | 252/545 [01:24<01:36,  3.03it/s]
Epoch 1/10:  46%|████▋     | 253/545 [01:24<01:36,  3.03it/s]
Epoch 1/10:  47%|████▋     | 254/545 [01:24<01:35,  3.03it/s]
Epoch 1/10:  47%|████▋     | 255/545 [01:25<01:35,  3.03it/s]
Epoch 1/10:  47%|████▋     | 256/545 [01:25<01:35,  3.03it/s]
Epoch 1/10:  47%|████▋     | 257/545 [01:25<01:34,  3.03it/s]
Epoch 1/10:  47%|████▋     | 258/545 [01:26<01:34,  3.03it/s]
Epoch 1/10:  48%|████▊     | 259/545 [01:26<01:34,  3.03it/s]
Epoch 1/10:  48%|████▊     | 260/545 [01:26<01:34,  3.03it/s]
Epoch 1/10:  48%|████▊     | 261/545 [01:27<01:33,  3.03it/s]
Epoch 1/10:  48%|████▊     | 262/545 [01:27<01:33,  3.03it/s]
Epoch 1/10:  48%|████▊     | 263/545 [01:27<01:32,  3.03it/s]
Epoch 1/10:  48%|████▊     | 264/545 [01:28<01:32,  3.03it/s]
Epoch 1/10:  49%|████▊     | 265/545 [01:28<01:32,  3.03it/s]
Epoch 1/10:  49%|████▉     | 266/545 [01:28<01:31,  3.03it/s]
Epoch 1/10:  49%|████▉     | 267/545 [01:28<01:31,  3.03it/s]
Epoch 1/10:  49%|████▉     | 268/545 [01:29<01:31,  3.03it/s]
Epoch 1/10:  49%|████▉     | 269/545 [01:29<01:30,  3.03it/s]
Epoch 1/10:  50%|████▉     | 270/545 [01:29<01:30,  3.03it/s]
Epoch 1/10:  50%|████▉     | 271/545 [01:30<01:30,  3.03it/s]
Epoch 1/10:  50%|████▉     | 272/545 [01:30<01:29,  3.03it/s]
Epoch 1/10:  50%|█████     | 273/545 [01:30<01:29,  3.03it/s]
Epoch 1/10:  50%|█████     | 274/545 [01:31<01:29,  3.03it/s]
Epoch 1/10:  50%|█████     | 275/545 [01:31<01:29,  3.03it/s]
Epoch 1/10:  51%|█████     | 276/545 [01:31<01:28,  3.03it/s]
Epoch 1/10:  51%|█████     | 277/545 [01:32<01:28,  3.03it/s]
Epoch 1/10:  51%|█████     | 278/545 [01:32<01:27,  3.03it/s]
Epoch 1/10:  51%|█████     | 279/545 [01:32<01:27,  3.03it/s]
Epoch 1/10:  51%|█████▏    | 280/545 [01:33<01:27,  3.03it/s]
Epoch 1/10:  52%|█████▏    | 281/545 [01:33<01:27,  3.03it/s]
Epoch 1/10:  52%|█████▏    | 282/545 [01:33<01:26,  3.03it/s]
Epoch 1/10:  52%|█████▏    | 283/545 [01:34<01:26,  3.03it/s]
Epoch 1/10:  52%|█████▏    | 284/545 [01:34<01:26,  3.03it/s]
Epoch 1/10:  52%|█████▏    | 285/545 [01:34<01:25,  3.03it/s]
Epoch 1/10:  52%|█████▏    | 286/545 [01:35<01:25,  3.03it/s]
Epoch 1/10:  53%|█████▎    | 287/545 [01:35<01:25,  3.03it/s]
Epoch 1/10:  53%|█████▎    | 288/545 [01:35<01:24,  3.03it/s]
Epoch 1/10:  53%|█████▎    | 289/545 [01:36<01:24,  3.03it/s]
Epoch 1/10:  53%|█████▎    | 290/545 [01:36<01:24,  3.03it/s]
Epoch 1/10:  53%|█████▎    | 291/545 [01:36<01:23,  3.03it/s]
Epoch 1/10:  54%|█████▎    | 292/545 [01:37<01:23,  3.03it/s]
Epoch 1/10:  54%|█████▍    | 293/545 [01:37<01:23,  3.03it/s]
Epoch 1/10:  54%|█████▍    | 294/545 [01:37<01:22,  3.03it/s]
Epoch 1/10:  54%|█████▍    | 295/545 [01:38<01:22,  3.03it/s]
Epoch 1/10:  54%|█████▍    | 296/545 [01:38<01:22,  3.03it/s]
Epoch 1/10:  54%|█████▍    | 297/545 [01:38<01:21,  3.03it/s]
Epoch 1/10:  55%|█████▍    | 298/545 [01:39<01:21,  3.03it/s]
Epoch 1/10:  55%|█████▍    | 299/545 [01:39<01:21,  3.03it/s]
Epoch 1/10:  55%|█████▌    | 300/545 [01:39<01:20,  3.03it/s]
Epoch 1/10:  55%|█████▌    | 301/545 [01:40<01:20,  3.03it/s]
Epoch 1/10:  55%|█████▌    | 302/545 [01:40<01:20,  3.03it/s]
Epoch 1/10:  56%|█████▌    | 303/545 [01:40<01:19,  3.03it/s]
Epoch 1/10:  56%|█████▌    | 304/545 [01:41<01:19,  3.03it/s]
Epoch 1/10:  56%|█████▌    | 305/545 [01:41<01:19,  3.03it/s]
Epoch 1/10:  56%|█████▌    | 306/545 [01:41<01:18,  3.03it/s]
Epoch 1/10:  56%|█████▋    | 307/545 [01:42<01:18,  3.03it/s]
Epoch 1/10:  57%|█████▋    | 308/545 [01:42<01:18,  3.03it/s]
Epoch 1/10:  57%|█████▋    | 309/545 [01:42<01:17,  3.03it/s]
Epoch 1/10:  57%|█████▋    | 310/545 [01:43<01:17,  3.03it/s]
Epoch 1/10:  57%|█████▋    | 311/545 [01:43<01:17,  3.03it/s]
Epoch 1/10:  57%|█████▋    | 312/545 [01:43<01:16,  3.03it/s]
Epoch 1/10:  57%|█████▋    | 313/545 [01:44<01:16,  3.03it/s]
Epoch 1/10:  58%|█████▊    | 314/545 [01:44<01:16,  3.03it/s]
Epoch 1/10:  58%|█████▊    | 315/545 [01:44<01:15,  3.03it/s]
Epoch 1/10:  58%|█████▊    | 316/545 [01:45<01:15,  3.03it/s]
Epoch 1/10:  58%|█████▊    | 317/545 [01:45<01:15,  3.03it/s]
Epoch 1/10:  58%|█████▊    | 318/545 [01:45<01:14,  3.03it/s]
Epoch 1/10:  59%|█████▊    | 319/545 [01:46<01:14,  3.03it/s]
Epoch 1/10:  59%|█████▊    | 320/545 [01:46<01:14,  3.03it/s]
Epoch 1/10:  59%|█████▉    | 321/545 [01:46<01:13,  3.03it/s]
Epoch 1/10:  59%|█████▉    | 322/545 [01:47<01:13,  3.03it/s]
Epoch 1/10:  59%|█████▉    | 323/545 [01:47<01:13,  3.03it/s]
Epoch 1/10:  59%|█████▉    | 324/545 [01:47<01:12,  3.03it/s]
Epoch 1/10:  60%|█████▉    | 325/545 [01:48<01:12,  3.03it/s]
Epoch 1/10:  60%|█████▉    | 326/545 [01:48<01:12,  3.03it/s]
Epoch 1/10:  60%|██████    | 327/545 [01:48<01:11,  3.03it/s]
Epoch 1/10:  60%|██████    | 328/545 [01:49<01:11,  3.03it/s]
Epoch 1/10:  60%|██████    | 329/545 [01:49<01:11,  3.03it/s]
Epoch 1/10:  61%|██████    | 330/545 [01:49<01:10,  3.03it/s]
Epoch 1/10:  61%|██████    | 331/545 [01:50<01:10,  3.03it/s]
Epoch 1/10:  61%|██████    | 332/545 [01:50<01:10,  3.03it/s]
Epoch 1/10:  61%|██████    | 333/545 [01:50<01:09,  3.03it/s]
Epoch 1/10:  61%|██████▏   | 334/545 [01:51<01:09,  3.03it/s]
Epoch 1/10:  61%|██████▏   | 335/545 [01:51<01:09,  3.04it/s]
Epoch 1/10:  62%|██████▏   | 336/545 [01:51<01:08,  3.04it/s]
Epoch 1/10:  62%|██████▏   | 337/545 [01:52<01:08,  3.03it/s]
Epoch 1/10:  62%|██████▏   | 338/545 [01:52<01:08,  3.03it/s]
Epoch 1/10:  62%|██████▏   | 339/545 [01:52<01:07,  3.03it/s]
Epoch 1/10:  62%|██████▏   | 340/545 [01:53<01:07,  3.03it/s]
Epoch 1/10:  63%|██████▎   | 341/545 [01:53<01:07,  3.04it/s]
Epoch 1/10:  63%|██████▎   | 342/545 [01:53<01:06,  3.04it/s]
Epoch 1/10:  63%|██████▎   | 343/545 [01:54<01:06,  3.04it/s]
Epoch 1/10:  63%|██████▎   | 344/545 [01:54<01:06,  3.04it/s]
Epoch 1/10:  63%|██████▎   | 345/545 [01:54<01:05,  3.04it/s]
Epoch 1/10:  63%|██████▎   | 346/545 [01:55<01:05,  3.04it/s]
Epoch 1/10:  64%|██████▎   | 347/545 [01:55<01:05,  3.04it/s]
Epoch 1/10:  64%|██████▍   | 348/545 [01:55<01:04,  3.04it/s]
Epoch 1/10:  64%|██████▍   | 349/545 [01:56<01:04,  3.04it/s]
Epoch 1/10:  64%|██████▍   | 350/545 [01:56<01:04,  3.04it/s]
Epoch 1/10:  64%|██████▍   | 351/545 [01:56<01:03,  3.04it/s]
Epoch 1/10:  65%|██████▍   | 352/545 [01:57<01:03,  3.04it/s]
Epoch 1/10:  65%|██████▍   | 353/545 [01:57<01:03,  3.04it/s]
Epoch 1/10:  65%|██████▍   | 354/545 [01:57<01:02,  3.04it/s]
Epoch 1/10:  65%|██████▌   | 355/545 [01:57<01:02,  3.04it/s]
Epoch 1/10:  65%|██████▌   | 356/545 [01:58<01:02,  3.04it/s]
Epoch 1/10:  66%|██████▌   | 357/545 [01:58<01:01,  3.04it/s]
Epoch 1/10:  66%|██████▌   | 358/545 [01:58<01:01,  3.03it/s]
Epoch 1/10:  66%|██████▌   | 359/545 [01:59<01:01,  3.03it/s]
Epoch 1/10:  66%|██████▌   | 360/545 [01:59<01:00,  3.03it/s]
Epoch 1/10:  66%|██████▌   | 361/545 [01:59<01:00,  3.03it/s]
Epoch 1/10:  66%|██████▋   | 362/545 [02:00<01:00,  3.03it/s]
Epoch 1/10:  67%|██████▋   | 363/545 [02:00<00:59,  3.03it/s]
Epoch 1/10:  67%|██████▋   | 364/545 [02:00<00:59,  3.03it/s]
Epoch 1/10:  67%|██████▋   | 365/545 [02:01<00:59,  3.03it/s]
Epoch 1/10:  67%|██████▋   | 366/545 [02:01<00:58,  3.04it/s]
Epoch 1/10:  67%|██████▋   | 367/545 [02:01<00:58,  3.04it/s]
Epoch 1/10:  68%|██████▊   | 368/545 [02:02<00:58,  3.04it/s]
Epoch 1/10:  68%|██████▊   | 369/545 [02:02<00:57,  3.04it/s]
Epoch 1/10:  68%|██████▊   | 370/545 [02:02<00:57,  3.04it/s]
Epoch 1/10:  68%|██████▊   | 371/545 [02:03<00:57,  3.03it/s]
Epoch 1/10:  68%|██████▊   | 372/545 [02:03<00:57,  3.03it/s]
Epoch 1/10:  68%|██████▊   | 373/545 [02:03<00:56,  3.04it/s]
Epoch 1/10:  69%|██████▊   | 374/545 [02:04<00:56,  3.03it/s]
Epoch 1/10:  69%|██████▉   | 375/545 [02:04<00:56,  3.04it/s]
Epoch 1/10:  69%|██████▉   | 376/545 [02:04<00:55,  3.04it/s]
Epoch 1/10:  69%|██████▉   | 377/545 [02:05<00:55,  3.03it/s]
Epoch 1/10:  69%|██████▉   | 378/545 [02:05<00:55,  3.03it/s]
Epoch 1/10:  70%|██████▉   | 379/545 [02:05<00:54,  3.03it/s]
Epoch 1/10:  70%|██████▉   | 380/545 [02:06<00:54,  3.03it/s]
Epoch 1/10:  70%|██████▉   | 381/545 [02:06<00:54,  3.03it/s]
Epoch 1/10:  70%|███████   | 382/545 [02:06<00:53,  3.03it/s]
Epoch 1/10:  70%|███████   | 383/545 [02:07<00:53,  3.03it/s]
Epoch 1/10:  70%|███████   | 384/545 [02:07<00:53,  3.03it/s]
Epoch 1/10:  71%|███████   | 385/545 [02:07<00:52,  3.03it/s]
Epoch 1/10:  71%|███████   | 386/545 [02:08<00:52,  3.03it/s]
Epoch 1/10:  71%|███████   | 387/545 [02:08<00:52,  3.03it/s]
Epoch 1/10:  71%|███████   | 388/545 [02:08<00:51,  3.03it/s]
Epoch 1/10:  71%|███████▏  | 389/545 [02:09<00:51,  3.03it/s]
Epoch 1/10:  72%|███████▏  | 390/545 [02:09<00:51,  3.03it/s]
Epoch 1/10:  72%|███████▏  | 391/545 [02:09<00:50,  3.03it/s]
Epoch 1/10:  72%|███████▏  | 392/545 [02:10<00:50,  3.03it/s]
Epoch 1/10:  72%|███████▏  | 393/545 [02:10<00:50,  3.03it/s]
Epoch 1/10:  72%|███████▏  | 394/545 [02:10<00:49,  3.03it/s]
Epoch 1/10:  72%|███████▏  | 395/545 [02:11<00:49,  3.03it/s]
Epoch 1/10:  73%|███████▎  | 396/545 [02:11<00:49,  3.03it/s]
Epoch 1/10:  73%|███████▎  | 397/545 [02:11<00:48,  3.03it/s]
Epoch 1/10:  73%|███████▎  | 398/545 [02:12<00:48,  3.03it/s]
Epoch 1/10:  73%|███████▎  | 399/545 [02:12<00:48,  3.03it/s]
Epoch 1/10:  73%|███████▎  | 400/545 [02:12<00:47,  3.03it/s]
Epoch 1/10:  74%|███████▎  | 401/545 [02:13<00:47,  3.03it/s]
Epoch 1/10:  74%|███████▍  | 402/545 [02:13<00:47,  3.03it/s]
Epoch 1/10:  74%|███████▍  | 403/545 [02:13<00:46,  3.03it/s]
Epoch 1/10:  74%|███████▍  | 404/545 [02:14<00:46,  3.04it/s]
Epoch 1/10:  74%|███████▍  | 405/545 [02:14<00:46,  3.03it/s]
Epoch 1/10:  74%|███████▍  | 406/545 [02:14<00:45,  3.03it/s]
Epoch 1/10:  75%|███████▍  | 407/545 [02:15<00:45,  3.03it/s]
Epoch 1/10:  75%|███████▍  | 408/545 [02:15<00:45,  3.03it/s]
Epoch 1/10:  75%|███████▌  | 409/545 [02:15<00:44,  3.03it/s]
Epoch 1/10:  75%|███████▌  | 410/545 [02:16<00:44,  3.03it/s]
Epoch 1/10:  75%|███████▌  | 411/545 [02:16<00:44,  3.03it/s]
Epoch 1/10:  76%|███████▌  | 412/545 [02:16<00:43,  3.03it/s]
Epoch 1/10:  76%|███████▌  | 413/545 [02:17<00:43,  3.03it/s]
Epoch 1/10:  76%|███████▌  | 414/545 [02:17<00:43,  3.03it/s]
Epoch 1/10:  76%|███████▌  | 415/545 [02:17<00:42,  3.03it/s]
Epoch 1/10:  76%|███████▋  | 416/545 [02:18<00:42,  3.03it/s]
Epoch 1/10:  77%|███████▋  | 417/545 [02:18<00:42,  3.03it/s]
Epoch 1/10:  77%|███████▋  | 418/545 [02:18<00:41,  3.03it/s]
Epoch 1/10:  77%|███████▋  | 419/545 [02:19<00:41,  3.03it/s]
Epoch 1/10:  77%|███████▋  | 420/545 [02:19<00:41,  3.03it/s]
Epoch 1/10:  77%|███████▋  | 421/545 [02:19<00:40,  3.03it/s]
Epoch 1/10:  77%|███████▋  | 422/545 [02:20<00:40,  3.03it/s]
Epoch 1/10:  78%|███████▊  | 423/545 [02:20<00:40,  3.04it/s]
Epoch 1/10:  78%|███████▊  | 424/545 [02:20<00:39,  3.04it/s]
Epoch 1/10:  78%|███████▊  | 425/545 [02:21<00:39,  3.04it/s]
Epoch 1/10:  78%|███████▊  | 426/545 [02:21<00:39,  3.03it/s]
Epoch 1/10:  78%|███████▊  | 427/545 [02:21<00:38,  3.03it/s]
Epoch 1/10:  79%|███████▊  | 428/545 [02:22<00:38,  3.03it/s]
Epoch 1/10:  79%|███████▊  | 429/545 [02:22<00:38,  3.03it/s]
Epoch 1/10:  79%|███████▉  | 430/545 [02:22<00:37,  3.03it/s]
Epoch 1/10:  79%|███████▉  | 431/545 [02:23<00:37,  3.03it/s]
Epoch 1/10:  79%|███████▉  | 432/545 [02:23<00:37,  3.03it/s]
Epoch 1/10:  79%|███████▉  | 433/545 [02:23<00:36,  3.03it/s]
Epoch 1/10:  80%|███████▉  | 434/545 [02:24<00:36,  3.03it/s]
Epoch 1/10:  80%|███████▉  | 435/545 [02:24<00:36,  3.03it/s]
Epoch 1/10:  80%|████████  | 436/545 [02:24<00:35,  3.03it/s]
Epoch 1/10:  80%|████████  | 437/545 [02:25<00:35,  3.03it/s]
Epoch 1/10:  80%|████████  | 438/545 [02:25<00:35,  3.03it/s]
Epoch 1/10:  81%|████████  | 439/545 [02:25<00:34,  3.03it/s]
Epoch 1/10:  81%|████████  | 440/545 [02:26<00:34,  3.03it/s]
Epoch 1/10:  81%|████████  | 441/545 [02:26<00:34,  3.03it/s]
Epoch 1/10:  81%|████████  | 442/545 [02:26<00:33,  3.03it/s]
Epoch 1/10:  81%|████████▏ | 443/545 [02:26<00:33,  3.03it/s]
Epoch 1/10:  81%|████████▏ | 444/545 [02:27<00:33,  3.03it/s]
Epoch 1/10:  82%|████████▏ | 445/545 [02:27<00:32,  3.03it/s]
Epoch 1/10:  82%|████████▏ | 446/545 [02:27<00:32,  3.03it/s]
Epoch 1/10:  82%|████████▏ | 447/545 [02:28<00:32,  3.03it/s]
Epoch 1/10:  82%|████████▏ | 448/545 [02:28<00:31,  3.03it/s]
Epoch 1/10:  82%|████████▏ | 449/545 [02:28<00:31,  3.03it/s]
Epoch 1/10:  83%|████████▎ | 450/545 [02:29<00:31,  3.03it/s]
Epoch 1/10:  83%|████████▎ | 451/545 [02:29<00:30,  3.03it/s]
Epoch 1/10:  83%|████████▎ | 452/545 [02:29<00:30,  3.03it/s]
Epoch 1/10:  83%|████████▎ | 453/545 [02:30<00:30,  3.03it/s]
Epoch 1/10:  83%|████████▎ | 454/545 [02:30<00:29,  3.03it/s]
Epoch 1/10:  83%|████████▎ | 455/545 [02:30<00:29,  3.03it/s]
Epoch 1/10:  84%|████████▎ | 456/545 [02:31<00:29,  3.03it/s]
Epoch 1/10:  84%|████████▍ | 457/545 [02:31<00:29,  3.03it/s]
Epoch 1/10:  84%|████████▍ | 458/545 [02:31<00:28,  3.03it/s]
Epoch 1/10:  84%|████████▍ | 459/545 [02:32<00:28,  3.03it/s]
Epoch 1/10:  84%|████████▍ | 460/545 [02:32<00:28,  3.03it/s]
Epoch 1/10:  85%|████████▍ | 461/545 [02:32<00:27,  3.03it/s]
Epoch 1/10:  85%|████████▍ | 462/545 [02:33<00:27,  3.03it/s]
Epoch 1/10:  85%|████████▍ | 463/545 [02:33<00:27,  3.03it/s]
Epoch 1/10:  85%|████████▌ | 464/545 [02:33<00:26,  3.03it/s]
Epoch 1/10:  85%|████████▌ | 465/545 [02:34<00:26,  3.03it/s]
Epoch 1/10:  86%|████████▌ | 466/545 [02:34<00:26,  3.03it/s]
Epoch 1/10:  86%|████████▌ | 467/545 [02:34<00:25,  3.04it/s]
Epoch 1/10:  86%|████████▌ | 468/545 [02:35<00:25,  3.04it/s]
Epoch 1/10:  86%|████████▌ | 469/545 [02:35<00:25,  3.04it/s]
Epoch 1/10:  86%|████████▌ | 470/545 [02:35<00:24,  3.03it/s]
Epoch 1/10:  86%|████████▋ | 471/545 [02:36<00:24,  3.03it/s]
Epoch 1/10:  87%|████████▋ | 472/545 [02:36<00:24,  3.03it/s]
Epoch 1/10:  87%|████████▋ | 473/545 [02:36<00:23,  3.03it/s]
Epoch 1/10:  87%|████████▋ | 474/545 [02:37<00:23,  3.03it/s]
Epoch 1/10:  87%|████████▋ | 475/545 [02:37<00:23,  3.03it/s]
Epoch 1/10:  87%|████████▋ | 476/545 [02:37<00:22,  3.03it/s]
Epoch 1/10:  88%|████████▊ | 477/545 [02:38<00:22,  3.03it/s]
Epoch 1/10:  88%|████████▊ | 478/545 [02:38<00:22,  3.03it/s]
Epoch 1/10:  88%|████████▊ | 479/545 [02:38<00:21,  3.03it/s]
Epoch 1/10:  88%|████████▊ | 480/545 [02:39<00:21,  3.03it/s]
Epoch 1/10:  88%|████████▊ | 481/545 [02:39<00:21,  3.03it/s]
Epoch 1/10:  88%|████████▊ | 482/545 [02:39<00:20,  3.03it/s]
Epoch 1/10:  89%|████████▊ | 483/545 [02:40<00:20,  3.03it/s]
Epoch 1/10:  89%|████████▉ | 484/545 [02:40<00:20,  3.03it/s]
Epoch 1/10:  89%|████████▉ | 485/545 [02:40<00:19,  3.03it/s]
Epoch 1/10:  89%|████████▉ | 486/545 [02:41<00:19,  3.03it/s]
Epoch 1/10:  89%|████████▉ | 487/545 [02:41<00:19,  3.03it/s]
Epoch 1/10:  90%|████████▉ | 488/545 [02:41<00:18,  3.03it/s]
Epoch 1/10:  90%|████████▉ | 489/545 [02:42<00:18,  3.03it/s]
Epoch 1/10:  90%|████████▉ | 490/545 [02:42<00:18,  3.03it/s]
Epoch 1/10:  90%|█████████ | 491/545 [02:42<00:17,  3.03it/s]
Epoch 1/10:  90%|█████████ | 492/545 [02:43<00:17,  3.03it/s]
Epoch 1/10:  90%|█████████ | 493/545 [02:43<00:17,  3.03it/s]
Epoch 1/10:  91%|█████████ | 494/545 [02:43<00:16,  3.03it/s]
Epoch 1/10:  91%|█████████ | 495/545 [02:44<00:16,  3.03it/s]
Epoch 1/10:  91%|█████████ | 496/545 [02:44<00:16,  3.03it/s]
Epoch 1/10:  91%|█████████ | 497/545 [02:44<00:15,  3.03it/s]
Epoch 1/10:  91%|█████████▏| 498/545 [02:45<00:15,  3.03it/s]
Epoch 1/10:  92%|█████████▏| 499/545 [02:45<00:15,  3.03it/s]
Epoch 1/10:  92%|█████████▏| 500/545 [02:45<00:14,  3.03it/s]
Epoch 1/10:  92%|█████████▏| 501/545 [02:46<00:14,  3.03it/s]
Epoch 1/10:  92%|█████████▏| 502/545 [02:46<00:14,  3.03it/s]
Epoch 1/10:  92%|█████████▏| 503/545 [02:46<00:13,  3.03it/s]
Epoch 1/10:  92%|█████████▏| 504/545 [02:47<00:13,  3.03it/s]
Epoch 1/10:  93%|█████████▎| 505/545 [02:47<00:13,  3.03it/s]
Epoch 1/10:  93%|█████████▎| 506/545 [02:47<00:12,  3.03it/s]
Epoch 1/10:  93%|█████████▎| 507/545 [02:48<00:12,  3.03it/s]
Epoch 1/10:  93%|█████████▎| 508/545 [02:48<00:12,  3.03it/s]
Epoch 1/10:  93%|█████████▎| 509/545 [02:48<00:11,  3.03it/s]
Epoch 1/10:  94%|█████████▎| 510/545 [02:49<00:11,  3.03it/s]
Epoch 1/10:  94%|█████████▍| 511/545 [02:49<00:11,  3.03it/s]
Epoch 1/10:  94%|█████████▍| 512/545 [02:49<00:10,  3.03it/s]
Epoch 1/10:  94%|█████████▍| 513/545 [02:50<00:10,  3.03it/s]
Epoch 1/10:  94%|█████████▍| 514/545 [02:50<00:10,  3.03it/s]
Epoch 1/10:  94%|█████████▍| 515/545 [02:50<00:09,  3.03it/s]
Epoch 1/10:  95%|█████████▍| 516/545 [02:51<00:09,  3.03it/s]
Epoch 1/10:  95%|█████████▍| 517/545 [02:51<00:09,  3.03it/s]
Epoch 1/10:  95%|█████████▌| 518/545 [02:51<00:08,  3.03it/s]
Epoch 1/10:  95%|█████████▌| 519/545 [02:52<00:08,  3.03it/s]
Epoch 1/10:  95%|█████████▌| 520/545 [02:52<00:08,  3.03it/s]
Epoch 1/10:  96%|█████████▌| 521/545 [02:52<00:07,  3.03it/s]
Epoch 1/10:  96%|█████████▌| 522/545 [02:53<00:07,  3.03it/s]
Epoch 1/10:  96%|█████████▌| 523/545 [02:53<00:07,  3.03it/s]
Epoch 1/10:  96%|█████████▌| 524/545 [02:53<00:06,  3.04it/s]
Epoch 1/10:  96%|█████████▋| 525/545 [02:54<00:06,  3.03it/s]
Epoch 1/10:  97%|█████████▋| 526/545 [02:54<00:06,  3.03it/s]
Epoch 1/10:  97%|█████████▋| 527/545 [02:54<00:05,  3.04it/s]
Epoch 1/10:  97%|█████████▋| 528/545 [02:55<00:05,  3.03it/s]
Epoch 1/10:  97%|█████████▋| 529/545 [02:55<00:05,  3.04it/s]
Epoch 1/10:  97%|█████████▋| 530/545 [02:55<00:04,  3.04it/s]
Epoch 1/10:  97%|█████████▋| 531/545 [02:55<00:04,  3.04it/s]
Epoch 1/10:  98%|█████████▊| 532/545 [02:56<00:04,  3.04it/s]
Epoch 1/10:  98%|█████████▊| 533/545 [02:56<00:03,  3.03it/s]
Epoch 1/10:  98%|█████████▊| 534/545 [02:56<00:03,  3.03it/s]
Epoch 1/10:  98%|█████████▊| 535/545 [02:57<00:03,  3.03it/s]
Epoch 1/10:  98%|█████████▊| 536/545 [02:57<00:02,  3.03it/s]
Epoch 1/10:  99%|█████████▊| 537/545 [02:57<00:02,  3.03it/s]
Epoch 1/10:  99%|█████████▊| 538/545 [02:58<00:02,  3.03it/s]
Epoch 1/10:  99%|█████████▉| 539/545 [02:58<00:01,  3.03it/s]
Epoch 1/10:  99%|█████████▉| 540/545 [02:58<00:01,  3.04it/s]
Epoch 1/10:  99%|█████████▉| 541/545 [02:59<00:01,  3.03it/s]
Epoch 1/10:  99%|█████████▉| 542/545 [02:59<00:00,  3.03it/s]
Epoch 1/10: 100%|█████████▉| 543/545 [02:59<00:00,  3.03it/s]
Epoch 1/10: 100%|█████████▉| 544/545 [03:00<00:00,  3.03it/s]
Epoch 1/10: 100%|██████████| 545/545 [03:00<00:00,  3.23it/s]
Epoch 1/10: 100%|██████████| 545/545 [03:00<00:00,  3.02it/s]

Epoch 2/10:   0%|          | 0/545 [00:00<?, ?it/s]
Epoch 2/10:   0%|          | 1/545 [00:00<03:14,  2.80it/s]
Epoch 2/10:   0%|          | 2/545 [00:00<03:04,  2.94it/s]
Epoch 2/10:   1%|          | 3/545 [00:01<03:01,  2.98it/s]
Epoch 2/10:   1%|          | 4/545 [00:01<03:00,  3.00it/s]
Epoch 2/10:   1%|          | 5/545 [00:01<02:59,  3.01it/s]
Epoch 2/10:   1%|          | 6/545 [00:02<02:58,  3.02it/s]
Epoch 2/10:   1%|▏         | 7/545 [00:02<02:57,  3.03it/s]
Epoch 2/10:   1%|▏         | 8/545 [00:02<02:57,  3.03it/s]
Epoch 2/10:   2%|▏         | 9/545 [00:02<02:56,  3.03it/s]
Epoch 2/10:   2%|▏         | 10/545 [00:03<02:56,  3.03it/s]
Epoch 2/10:   2%|▏         | 11/545 [00:03<02:56,  3.03it/s]
Epoch 2/10:   2%|▏         | 12/545 [00:03<02:55,  3.03it/s]
Epoch 2/10:   2%|▏         | 13/545 [00:04<02:55,  3.03it/s]
Epoch 2/10:   3%|▎         | 14/545 [00:04<02:55,  3.03it/s]
Epoch 2/10:   3%|▎         | 15/545 [00:04<02:54,  3.03it/s]
Epoch 2/10:   3%|▎         | 16/545 [00:05<02:54,  3.03it/s]
Epoch 2/10:   3%|▎         | 17/545 [00:05<02:53,  3.03it/s]
Epoch 2/10:   3%|▎         | 18/545 [00:05<02:53,  3.03it/s]
Epoch 2/10:   3%|▎         | 19/545 [00:06<02:53,  3.03it/s]
Epoch 2/10:   4%|▎         | 20/545 [00:06<02:52,  3.04it/s]
Epoch 2/10:   4%|▍         | 21/545 [00:06<02:52,  3.04it/s]
Epoch 2/10:   4%|▍         | 22/545 [00:07<02:52,  3.04it/s]
Epoch 2/10:   4%|▍         | 23/545 [00:07<02:51,  3.04it/s]
Epoch 2/10:   4%|▍         | 24/545 [00:07<02:51,  3.04it/s]
Epoch 2/10:   5%|▍         | 25/545 [00:08<02:51,  3.04it/s]
Epoch 2/10:   5%|▍         | 26/545 [00:08<02:50,  3.04it/s]
Epoch 2/10:   5%|▍         | 27/545 [00:08<02:50,  3.04it/s]
Epoch 2/10:   5%|▌         | 28/545 [00:09<02:50,  3.04it/s]
Epoch 2/10:   5%|▌         | 29/545 [00:09<02:50,  3.03it/s]
Epoch 2/10:   6%|▌         | 30/545 [00:09<02:49,  3.04it/s]
Epoch 2/10:   6%|▌         | 31/545 [00:10<02:49,  3.04it/s]
Epoch 2/10:   6%|▌         | 32/545 [00:10<02:49,  3.04it/s]
Epoch 2/10:   6%|▌         | 33/545 [00:10<02:48,  3.04it/s]
Epoch 2/10:   6%|▌         | 34/545 [00:11<02:48,  3.04it/s]
Epoch 2/10:   6%|▋         | 35/545 [00:11<02:48,  3.03it/s]
Epoch 2/10:   7%|▋         | 36/545 [00:11<02:47,  3.03it/s]
Epoch 2/10:   7%|▋         | 37/545 [00:12<02:47,  3.03it/s]
Epoch 2/10:   7%|▋         | 38/545 [00:12<02:47,  3.03it/s]
Epoch 2/10:   7%|▋         | 39/545 [00:12<02:46,  3.04it/s]
Epoch 2/10:   7%|▋         | 40/545 [00:13<02:46,  3.04it/s]
Epoch 2/10:   8%|▊         | 41/545 [00:13<02:46,  3.04it/s]
Epoch 2/10:   8%|▊         | 42/545 [00:13<02:45,  3.04it/s]
Epoch 2/10:   8%|▊         | 43/545 [00:14<02:45,  3.04it/s]
Epoch 2/10:   8%|▊         | 44/545 [00:14<02:45,  3.04it/s]
Epoch 2/10:   8%|▊         | 45/545 [00:14<02:44,  3.04it/s]
Epoch 2/10:   8%|▊         | 46/545 [00:15<02:44,  3.04it/s]
Epoch 2/10:   9%|▊         | 47/545 [00:15<02:43,  3.04it/s]
Epoch 2/10:   9%|▉         | 48/545 [00:15<02:43,  3.04it/s]
Epoch 2/10:   9%|▉         | 49/545 [00:16<02:43,  3.04it/s]
Epoch 2/10:   9%|▉         | 50/545 [00:16<02:42,  3.04it/s]
Epoch 2/10:   9%|▉         | 51/545 [00:16<02:42,  3.04it/s]
Epoch 2/10:  10%|▉         | 52/545 [00:17<02:42,  3.04it/s]
Epoch 2/10:  10%|▉         | 53/545 [00:17<02:42,  3.04it/s]
Epoch 2/10:  10%|▉         | 54/545 [00:17<02:41,  3.04it/s]
Epoch 2/10:  10%|█         | 55/545 [00:18<02:41,  3.04it/s]
Epoch 2/10:  10%|█         | 56/545 [00:18<02:41,  3.04it/s]
Epoch 2/10:  10%|█         | 57/545 [00:18<02:40,  3.04it/s]
Epoch 2/10:  11%|█         | 58/545 [00:19<02:40,  3.04it/s]
Epoch 2/10:  11%|█         | 59/545 [00:19<02:40,  3.04it/s]
Epoch 2/10:  11%|█         | 60/545 [00:19<02:39,  3.04it/s]
Epoch 2/10:  11%|█         | 61/545 [00:20<02:39,  3.04it/s]
Epoch 2/10:  11%|█▏        | 62/545 [00:20<02:39,  3.03it/s]
Epoch 2/10:  12%|█▏        | 63/545 [00:20<02:38,  3.03it/s]
Epoch 2/10:  12%|█▏        | 64/545 [00:21<02:38,  3.04it/s]
Epoch 2/10:  12%|█▏        | 65/545 [00:21<02:38,  3.03it/s]
Epoch 2/10:  12%|█▏        | 66/545 [00:21<02:37,  3.03it/s]
Epoch 2/10:  12%|█▏        | 67/545 [00:22<02:37,  3.03it/s]
Epoch 2/10:  12%|█▏        | 68/545 [00:22<02:37,  3.03it/s]
Epoch 2/10:  13%|█▎        | 69/545 [00:22<02:36,  3.03it/s]
Epoch 2/10:  13%|█▎        | 70/545 [00:23<02:36,  3.03it/s]
Epoch 2/10:  13%|█▎        | 71/545 [00:23<02:36,  3.03it/s]
Epoch 2/10:  13%|█▎        | 72/545 [00:23<02:35,  3.03it/s]
Epoch 2/10:  13%|█▎        | 73/545 [00:24<02:35,  3.03it/s]
Epoch 2/10:  14%|█▎        | 74/545 [00:24<02:35,  3.03it/s]
Epoch 2/10:  14%|█▍        | 75/545 [00:24<02:35,  3.03it/s]
Epoch 2/10:  14%|█▍        | 76/545 [00:25<02:34,  3.03it/s]
Epoch 2/10:  14%|█▍        | 77/545 [00:25<02:34,  3.03it/s]
Epoch 2/10:  14%|█▍        | 78/545 [00:25<02:33,  3.03it/s]
Epoch 2/10:  14%|█▍        | 79/545 [00:26<02:33,  3.03it/s]
Epoch 2/10:  15%|█▍        | 80/545 [00:26<02:33,  3.03it/s]
Epoch 2/10:  15%|█▍        | 81/545 [00:26<02:32,  3.03it/s]
Epoch 2/10:  15%|█▌        | 82/545 [00:27<02:32,  3.03it/s]
Epoch 2/10:  15%|█▌        | 83/545 [00:27<02:32,  3.03it/s]
Epoch 2/10:  15%|█▌        | 84/545 [00:27<02:31,  3.03it/s]
Epoch 2/10:  16%|█▌        | 85/545 [00:28<02:31,  3.03it/s]
Epoch 2/10:  16%|█▌        | 86/545 [00:28<02:31,  3.03it/s]
Epoch 2/10:  16%|█▌        | 87/545 [00:28<02:30,  3.03it/s]
Epoch 2/10:  16%|█▌        | 88/545 [00:29<02:30,  3.03it/s]
Epoch 2/10:  16%|█▋        | 89/545 [00:29<02:30,  3.03it/s]
Epoch 2/10:  17%|█▋        | 90/545 [00:29<02:29,  3.03it/s]
Epoch 2/10:  17%|█▋        | 91/545 [00:30<02:29,  3.04it/s]
Epoch 2/10:  17%|█▋        | 92/545 [00:30<02:29,  3.03it/s]
Epoch 2/10:  17%|█▋        | 93/545 [00:30<02:28,  3.04it/s]
Epoch 2/10:  17%|█▋        | 94/545 [00:30<02:28,  3.04it/s]
Epoch 2/10:  17%|█▋        | 95/545 [00:31<02:28,  3.03it/s]
Epoch 2/10:  18%|█▊        | 96/545 [00:31<02:28,  3.03it/s]
Epoch 2/10:  18%|█▊        | 97/545 [00:31<02:27,  3.03it/s]
Epoch 2/10:  18%|█▊        | 98/545 [00:32<02:27,  3.03it/s]
Epoch 2/10:  18%|█▊        | 99/545 [00:32<02:27,  3.03it/s]
Epoch 2/10:  18%|█▊        | 100/545 [00:32<02:26,  3.03it/s]
Epoch 2/10:  19%|█▊        | 101/545 [00:33<02:26,  3.03it/s]
Epoch 2/10:  19%|█▊        | 102/545 [00:33<02:26,  3.03it/s]
Epoch 2/10:  19%|█▉        | 103/545 [00:33<02:25,  3.03it/s]
Epoch 2/10:  19%|█▉        | 104/545 [00:34<02:25,  3.03it/s]
Epoch 2/10:  19%|█▉        | 105/545 [00:34<02:25,  3.03it/s]
Epoch 2/10:  19%|█▉        | 106/545 [00:34<02:24,  3.03it/s]
Epoch 2/10:  20%|█▉        | 107/545 [00:35<02:24,  3.03it/s]
Epoch 2/10:  20%|█▉        | 108/545 [00:35<02:24,  3.03it/s]
Epoch 2/10:  20%|██        | 109/545 [00:35<02:23,  3.03it/s]
Epoch 2/10:  20%|██        | 110/545 [00:36<02:23,  3.03it/s]
Epoch 2/10:  20%|██        | 111/545 [00:36<02:23,  3.03it/s]
Epoch 2/10:  21%|██        | 112/545 [00:36<02:22,  3.03it/s]
Epoch 2/10:  21%|██        | 113/545 [00:37<02:22,  3.03it/s]
Epoch 2/10:  21%|██        | 114/545 [00:37<02:22,  3.03it/s]
Epoch 2/10:  21%|██        | 115/545 [00:37<02:21,  3.03it/s]
Epoch 2/10:  21%|██▏       | 116/545 [00:38<02:21,  3.03it/s]
Epoch 2/10:  21%|██▏       | 117/545 [00:38<02:21,  3.03it/s]
Epoch 2/10:  22%|██▏       | 118/545 [00:38<02:20,  3.03it/s]
Epoch 2/10:  22%|██▏       | 119/545 [00:39<02:20,  3.03it/s]
Epoch 2/10:  22%|██▏       | 120/545 [00:39<02:20,  3.03it/s]
Epoch 2/10:  22%|██▏       | 121/545 [00:39<02:19,  3.03it/s]
Epoch 2/10:  22%|██▏       | 122/545 [00:40<02:19,  3.03it/s]
Epoch 2/10:  23%|██▎       | 123/545 [00:40<02:19,  3.03it/s]
Epoch 2/10:  23%|██▎       | 124/545 [00:40<02:18,  3.03it/s]
Epoch 2/10:  23%|██▎       | 125/545 [00:41<02:18,  3.03it/s]
Epoch 2/10:  23%|██▎       | 126/545 [00:41<02:18,  3.03it/s]
Epoch 2/10:  23%|██▎       | 127/545 [00:41<02:17,  3.03it/s]
Epoch 2/10:  23%|██▎       | 128/545 [00:42<02:17,  3.03it/s]
Epoch 2/10:  24%|██▎       | 129/545 [00:42<02:17,  3.03it/s]
Epoch 2/10:  24%|██▍       | 130/545 [00:42<02:16,  3.03it/s]
Epoch 2/10:  24%|██▍       | 131/545 [00:43<02:16,  3.03it/s]
Epoch 2/10:  24%|██▍       | 132/545 [00:43<02:16,  3.03it/s]
Epoch 2/10:  24%|██▍       | 133/545 [00:43<02:15,  3.03it/s]
Epoch 2/10:  25%|██▍       | 134/545 [00:44<02:15,  3.03it/s]
Epoch 2/10:  25%|██▍       | 135/545 [00:44<02:15,  3.03it/s]
Epoch 2/10:  25%|██▍       | 136/545 [00:44<02:14,  3.03it/s]
Epoch 2/10:  25%|██▌       | 137/545 [00:45<02:14,  3.03it/s]
Epoch 2/10:  25%|██▌       | 138/545 [00:45<02:14,  3.03it/s]
Epoch 2/10:  26%|██▌       | 139/545 [00:45<02:13,  3.03it/s]
Epoch 2/10:  26%|██▌       | 140/545 [00:46<02:13,  3.03it/s]
Epoch 2/10:  26%|██▌       | 141/545 [00:46<02:13,  3.03it/s]
Epoch 2/10:  26%|██▌       | 142/545 [00:46<02:12,  3.03it/s]
Epoch 2/10:  26%|██▌       | 143/545 [00:47<02:12,  3.03it/s]
Epoch 2/10:  26%|██▋       | 144/545 [00:47<02:12,  3.03it/s]
Epoch 2/10:  27%|██▋       | 145/545 [00:47<02:11,  3.03it/s]
Epoch 2/10:  27%|██▋       | 146/545 [00:48<02:11,  3.03it/s]
Epoch 2/10:  27%|██▋       | 147/545 [00:48<02:11,  3.03it/s]
Epoch 2/10:  27%|██▋       | 148/545 [00:48<02:10,  3.03it/s]
Epoch 2/10:  27%|██▋       | 149/545 [00:49<02:10,  3.03it/s]
Epoch 2/10:  28%|██▊       | 150/545 [00:49<02:10,  3.03it/s]
Epoch 2/10:  28%|██▊       | 151/545 [00:49<02:09,  3.03it/s]
Epoch 2/10:  28%|██▊       | 152/545 [00:50<02:09,  3.03it/s]
Epoch 2/10:  28%|██▊       | 153/545 [00:50<02:09,  3.03it/s]
Epoch 2/10:  28%|██▊       | 154/545 [00:50<02:08,  3.03it/s]
Epoch 2/10:  28%|██▊       | 155/545 [00:51<02:08,  3.03it/s]
Epoch 2/10:  29%|██▊       | 156/545 [00:51<02:08,  3.03it/s]
Epoch 2/10:  29%|██▉       | 157/545 [00:51<02:07,  3.03it/s]
Epoch 2/10:  29%|██▉       | 158/545 [00:52<02:07,  3.03it/s]
Epoch 2/10:  29%|██▉       | 159/545 [00:52<02:07,  3.03it/s]
Epoch 2/10:  29%|██▉       | 160/545 [00:52<02:06,  3.03it/s]
Epoch 2/10:  30%|██▉       | 161/545 [00:53<02:06,  3.03it/s]
Epoch 2/10:  30%|██▉       | 162/545 [00:53<02:06,  3.03it/s]
Epoch 2/10:  30%|██▉       | 163/545 [00:53<02:05,  3.03it/s]
Epoch 2/10:  30%|███       | 164/545 [00:54<02:05,  3.03it/s]
Epoch 2/10:  30%|███       | 165/545 [00:54<02:05,  3.03it/s]
Epoch 2/10:  30%|███       | 166/545 [00:54<02:04,  3.03it/s]
Epoch 2/10:  31%|███       | 167/545 [00:55<02:04,  3.03it/s]
Epoch 2/10:  31%|███       | 168/545 [00:55<02:04,  3.03it/s]
Epoch 2/10:  31%|███       | 169/545 [00:55<02:03,  3.03it/s]
Epoch 2/10:  31%|███       | 170/545 [00:56<02:03,  3.03it/s]
Epoch 2/10:  31%|███▏      | 171/545 [00:56<02:03,  3.03it/s]
Epoch 2/10:  32%|███▏      | 172/545 [00:56<02:02,  3.03it/s]
Epoch 2/10:  32%|███▏      | 173/545 [00:57<02:02,  3.03it/s]
Epoch 2/10:  32%|███▏      | 174/545 [00:57<02:02,  3.03it/s]
Epoch 2/10:  32%|███▏      | 175/545 [00:57<02:01,  3.03it/s]
Epoch 2/10:  32%|███▏      | 176/545 [00:58<02:01,  3.03it/s]
Epoch 2/10:  32%|███▏      | 177/545 [00:58<02:01,  3.03it/s]
Epoch 2/10:  33%|███▎      | 178/545 [00:58<02:00,  3.03it/s]
Epoch 2/10:  33%|███▎      | 179/545 [00:59<02:00,  3.03it/s]
Epoch 2/10:  33%|███▎      | 180/545 [00:59<02:00,  3.03it/s]
Epoch 2/10:  33%|███▎      | 181/545 [00:59<02:00,  3.03it/s]
Epoch 2/10:  33%|███▎      | 182/545 [01:00<01:59,  3.03it/s]
Epoch 2/10:  34%|███▎      | 183/545 [01:00<01:59,  3.02it/s]
Epoch 2/10:  34%|███▍      | 184/545 [01:00<01:59,  3.03it/s]
Epoch 2/10:  34%|███▍      | 185/545 [01:01<01:58,  3.03it/s]
Epoch 2/10:  34%|███▍      | 186/545 [01:01<01:58,  3.03it/s]
Epoch 2/10:  34%|███▍      | 187/545 [01:01<01:58,  3.03it/s]
Epoch 2/10:  34%|███▍      | 188/545 [01:01<01:57,  3.03it/s]
Epoch 2/10:  35%|███▍      | 189/545 [01:02<01:57,  3.03it/s]
Epoch 2/10:  35%|███▍      | 190/545 [01:02<01:57,  3.03it/s]
Epoch 2/10:  35%|███▌      | 191/545 [01:02<01:56,  3.03it/s]
Epoch 2/10:  35%|███▌      | 192/545 [01:03<01:56,  3.03it/s]
Epoch 2/10:  35%|███▌      | 193/545 [01:03<01:55,  3.03it/s]
Epoch 2/10:  36%|███▌      | 194/545 [01:03<01:55,  3.03it/s]
Epoch 2/10:  36%|███▌      | 195/545 [01:04<01:55,  3.03it/s]
Epoch 2/10:  36%|███▌      | 196/545 [01:04<01:55,  3.03it/s]
Epoch 2/10:  36%|███▌      | 197/545 [01:04<01:54,  3.03it/s]
Epoch 2/10:  36%|███▋      | 198/545 [01:05<01:54,  3.03it/s]
Epoch 2/10:  37%|███▋      | 199/545 [01:05<01:54,  3.04it/s]
Epoch 2/10:  37%|███▋      | 200/545 [01:05<01:53,  3.04it/s]
Epoch 2/10:  37%|███▋      | 201/545 [01:06<01:53,  3.04it/s]
Epoch 2/10:  37%|███▋      | 202/545 [01:06<01:52,  3.04it/s]
Epoch 2/10:  37%|███▋      | 203/545 [01:06<01:52,  3.04it/s]
Epoch 2/10:  37%|███▋      | 204/545 [01:07<01:52,  3.04it/s]
Epoch 2/10:  38%|███▊      | 205/545 [01:07<01:52,  3.03it/s]
Epoch 2/10:  38%|███▊      | 206/545 [01:07<01:51,  3.03it/s]
Epoch 2/10:  38%|███▊      | 207/545 [01:08<01:51,  3.03it/s]
Epoch 2/10:  38%|███▊      | 208/545 [01:08<01:51,  3.04it/s]
Epoch 2/10:  38%|███▊      | 209/545 [01:08<01:50,  3.03it/s]
Epoch 2/10:  39%|███▊      | 210/545 [01:09<01:50,  3.03it/s]
Epoch 2/10:  39%|███▊      | 211/545 [01:09<01:50,  3.03it/s]
Epoch 2/10:  39%|███▉      | 212/545 [01:09<01:49,  3.03it/s]
Epoch 2/10:  39%|███▉      | 213/545 [01:10<01:49,  3.03it/s]
Epoch 2/10:  39%|███▉      | 214/545 [01:10<01:49,  3.03it/s]
Epoch 2/10:  39%|███▉      | 215/545 [01:10<01:48,  3.03it/s]
Epoch 2/10:  40%|███▉      | 216/545 [01:11<01:48,  3.03it/s]
Epoch 2/10:  40%|███▉      | 217/545 [01:11<01:48,  3.03it/s]
Epoch 2/10:  40%|████      | 218/545 [01:11<01:47,  3.03it/s]
Epoch 2/10:  40%|████      | 219/545 [01:12<01:47,  3.03it/s]
Epoch 2/10:  40%|████      | 220/545 [01:12<01:47,  3.03it/s]
Epoch 2/10:  41%|████      | 221/545 [01:12<01:46,  3.04it/s]
Epoch 2/10:  41%|████      | 222/545 [01:13<01:46,  3.04it/s]
Epoch 2/10:  41%|████      | 223/545 [01:13<01:46,  3.04it/s]
Epoch 2/10:  41%|████      | 224/545 [01:13<01:45,  3.04it/s]
Epoch 2/10:  41%|████▏     | 225/545 [01:14<01:45,  3.04it/s]
Epoch 2/10:  41%|████▏     | 226/545 [01:14<01:45,  3.04it/s]
Epoch 2/10:  42%|████▏     | 227/545 [01:14<01:44,  3.03it/s]
Epoch 2/10:  42%|████▏     | 228/545 [01:15<01:44,  3.04it/s]
Epoch 2/10:  42%|████▏     | 229/545 [01:15<01:44,  3.04it/s]
Epoch 2/10:  42%|████▏     | 230/545 [01:15<01:43,  3.04it/s]
Epoch 2/10:  42%|████▏     | 231/545 [01:16<01:43,  3.04it/s]
Epoch 2/10:  43%|████▎     | 232/545 [01:16<01:43,  3.03it/s]
Epoch 2/10:  43%|████▎     | 233/545 [01:16<01:42,  3.03it/s]
Epoch 2/10:  43%|████▎     | 234/545 [01:17<01:42,  3.04it/s]
Epoch 2/10:  43%|████▎     | 235/545 [01:17<01:42,  3.03it/s]
Epoch 2/10:  43%|████▎     | 236/545 [01:17<01:41,  3.03it/s]
Epoch 2/10:  43%|████▎     | 237/545 [01:18<01:41,  3.03it/s]
Epoch 2/10:  44%|████▎     | 238/545 [01:18<01:41,  3.03it/s]
Epoch 2/10:  44%|████▍     | 239/545 [01:18<01:40,  3.03it/s]
Epoch 2/10:  44%|████▍     | 240/545 [01:19<01:40,  3.03it/s]
Epoch 2/10:  44%|████▍     | 241/545 [01:19<01:40,  3.03it/s]
Epoch 2/10:  44%|████▍     | 242/545 [01:19<01:39,  3.03it/s]
Epoch 2/10:  45%|████▍     | 243/545 [01:20<01:39,  3.04it/s]
Epoch 2/10:  45%|████▍     | 244/545 [01:20<01:39,  3.03it/s]
Epoch 2/10:  45%|████▍     | 245/545 [01:20<01:38,  3.03it/s]
Epoch 2/10:  45%|████▌     | 246/545 [01:21<01:38,  3.03it/s]
Epoch 2/10:  45%|████▌     | 247/545 [01:21<01:38,  3.03it/s]
Epoch 2/10:  46%|████▌     | 248/545 [01:21<01:37,  3.03it/s]
Epoch 2/10:  46%|████▌     | 249/545 [01:22<01:37,  3.03it/s]
Epoch 2/10:  46%|████▌     | 250/545 [01:22<01:37,  3.03it/s]
Epoch 2/10:  46%|████▌     | 251/545 [01:22<01:36,  3.03it/s]
Epoch 2/10:  46%|████▌     | 252/545 [01:23<01:36,  3.03it/s]
Epoch 2/10:  46%|████▋     | 253/545 [01:23<01:36,  3.03it/s]
Epoch 2/10:  47%|████▋     | 254/545 [01:23<01:35,  3.03it/s]
Epoch 2/10:  47%|████▋     | 255/545 [01:24<01:35,  3.03it/s]
Epoch 2/10:  47%|████▋     | 256/545 [01:24<01:35,  3.03it/s]
Epoch 2/10:  47%|████▋     | 257/545 [01:24<01:34,  3.03it/s]
Epoch 2/10:  47%|████▋     | 258/545 [01:25<01:34,  3.03it/s]
Epoch 2/10:  48%|████▊     | 259/545 [01:25<01:34,  3.03it/s]
Epoch 2/10:  48%|████▊     | 260/545 [01:25<01:33,  3.03it/s]
Epoch 2/10:  48%|████▊     | 261/545 [01:26<01:33,  3.03it/s]
Epoch 2/10:  48%|████▊     | 262/545 [01:26<01:33,  3.04it/s]
Epoch 2/10:  48%|████▊     | 263/545 [01:26<01:32,  3.04it/s]
Epoch 2/10:  48%|████▊     | 264/545 [01:27<01:32,  3.04it/s]
Epoch 2/10:  49%|████▊     | 265/545 [01:27<01:32,  3.04it/s]
Epoch 2/10:  49%|████▉     | 266/545 [01:27<01:31,  3.04it/s]
Epoch 2/10:  49%|████▉     | 267/545 [01:28<01:31,  3.04it/s]
Epoch 2/10:  49%|████▉     | 268/545 [01:28<01:31,  3.04it/s]
Epoch 2/10:  49%|████▉     | 269/545 [01:28<01:30,  3.04it/s]
Epoch 2/10:  50%|████▉     | 270/545 [01:29<01:30,  3.04it/s]
Epoch 2/10:  50%|████▉     | 271/545 [01:29<01:30,  3.04it/s]
Epoch 2/10:  50%|████▉     | 272/545 [01:29<01:29,  3.04it/s]
Epoch 2/10:  50%|█████     | 273/545 [01:29<01:29,  3.04it/s]
Epoch 2/10:  50%|█████     | 274/545 [01:30<01:29,  3.04it/s]
Epoch 2/10:  50%|█████     | 275/545 [01:30<01:28,  3.04it/s]
Epoch 2/10:  51%|█████     | 276/545 [01:30<01:28,  3.04it/s]
Epoch 2/10:  51%|█████     | 277/545 [01:31<01:28,  3.04it/s]
Epoch 2/10:  51%|█████     | 278/545 [01:31<01:27,  3.04it/s]
Epoch 2/10:  51%|█████     | 279/545 [01:31<01:27,  3.04it/s]
Epoch 2/10:  51%|█████▏    | 280/545 [01:32<01:27,  3.04it/s]
Epoch 2/10:  52%|█████▏    | 281/545 [01:32<01:26,  3.04it/s]
Epoch 2/10:  52%|█████▏    | 282/545 [01:32<01:26,  3.03it/s]
Epoch 2/10:  52%|█████▏    | 283/545 [01:33<01:26,  3.03it/s]
Epoch 2/10:  52%|█████▏    | 284/545 [01:33<01:26,  3.03it/s]
Epoch 2/10:  52%|█████▏    | 285/545 [01:33<01:25,  3.03it/s]
Epoch 2/10:  52%|█████▏    | 286/545 [01:34<01:25,  3.03it/s]
Epoch 2/10:  53%|█████▎    | 287/545 [01:34<01:25,  3.03it/s]
Epoch 2/10:  53%|█████▎    | 288/545 [01:34<01:24,  3.03it/s]
Epoch 2/10:  53%|█████▎    | 289/545 [01:35<01:24,  3.03it/s]
Epoch 2/10:  53%|█████▎    | 290/545 [01:35<01:24,  3.03it/s]
Epoch 2/10:  53%|█████▎    | 291/545 [01:35<01:23,  3.03it/s]
Epoch 2/10:  54%|█████▎    | 292/545 [01:36<01:23,  3.03it/s]
Epoch 2/10:  54%|█████▍    | 293/545 [01:36<01:23,  3.03it/s]
Epoch 2/10:  54%|█████▍    | 294/545 [01:36<01:22,  3.03it/s]
Epoch 2/10:  54%|█████▍    | 295/545 [01:37<01:22,  3.03it/s]
Epoch 2/10:  54%|█████▍    | 296/545 [01:37<01:22,  3.03it/s]
Epoch 2/10:  54%|█████▍    | 297/545 [01:37<01:21,  3.03it/s]
Epoch 2/10:  55%|█████▍    | 298/545 [01:38<01:21,  3.03it/s]
Epoch 2/10:  55%|█████▍    | 299/545 [01:38<01:21,  3.04it/s]
Epoch 2/10:  55%|█████▌    | 300/545 [01:38<01:20,  3.04it/s]
Epoch 2/10:  55%|█████▌    | 301/545 [01:39<01:20,  3.04it/s]
Epoch 2/10:  55%|█████▌    | 302/545 [01:39<01:20,  3.04it/s]
Epoch 2/10:  56%|█████▌    | 303/545 [01:39<01:19,  3.04it/s]
Epoch 2/10:  56%|█████▌    | 304/545 [01:40<01:19,  3.04it/s]
Epoch 2/10:  56%|█████▌    | 305/545 [01:40<01:19,  3.04it/s]
Epoch 2/10:  56%|█████▌    | 306/545 [01:40<01:18,  3.03it/s]
Epoch 2/10:  56%|█████▋    | 307/545 [01:41<01:18,  3.03it/s]
Epoch 2/10:  57%|█████▋    | 308/545 [01:41<01:18,  3.03it/s]
Epoch 2/10:  57%|█████▋    | 309/545 [01:41<01:17,  3.03it/s]
Epoch 2/10:  57%|█████▋    | 310/545 [01:42<01:17,  3.04it/s]
Epoch 2/10:  57%|█████▋    | 311/545 [01:42<01:17,  3.03it/s]
Epoch 2/10:  57%|█████▋    | 312/545 [01:42<01:16,  3.03it/s]
Epoch 2/10:  57%|█████▋    | 313/545 [01:43<01:16,  3.03it/s]
Epoch 2/10:  58%|█████▊    | 314/545 [01:43<01:16,  3.04it/s]
Epoch 2/10:  58%|█████▊    | 315/545 [01:43<01:15,  3.03it/s]
Epoch 2/10:  58%|█████▊    | 316/545 [01:44<01:15,  3.03it/s]
Epoch 2/10:  58%|█████▊    | 317/545 [01:44<01:15,  3.03it/s]
Epoch 2/10:  58%|█████▊    | 318/545 [01:44<01:14,  3.03it/s]
Epoch 2/10:  59%|█████▊    | 319/545 [01:45<01:14,  3.03it/s]
Epoch 2/10:  59%|█████▊    | 320/545 [01:45<01:14,  3.03it/s]
Epoch 2/10:  59%|█████▉    | 321/545 [01:45<01:13,  3.03it/s]
Epoch 2/10:  59%|█████▉    | 322/545 [01:46<01:13,  3.03it/s]
Epoch 2/10:  59%|█████▉    | 323/545 [01:46<01:13,  3.03it/s]
Epoch 2/10:  59%|█████▉    | 324/545 [01:46<01:12,  3.03it/s]
Epoch 2/10:  60%|█████▉    | 325/545 [01:47<01:12,  3.03it/s]
Epoch 2/10:  60%|█████▉    | 326/545 [01:47<01:12,  3.03it/s]
Epoch 2/10:  60%|██████    | 327/545 [01:47<01:11,  3.03it/s]
Epoch 2/10:  60%|██████    | 328/545 [01:48<01:11,  3.03it/s]
Epoch 2/10:  60%|██████    | 329/545 [01:48<01:11,  3.03it/s]
Epoch 2/10:  61%|██████    | 330/545 [01:48<01:10,  3.03it/s]
Epoch 2/10:  61%|██████    | 331/545 [01:49<01:10,  3.03it/s]
Epoch 2/10:  61%|██████    | 332/545 [01:49<01:10,  3.03it/s]
Epoch 2/10:  61%|██████    | 333/545 [01:49<01:09,  3.03it/s]
Epoch 2/10:  61%|██████▏   | 334/545 [01:50<01:09,  3.03it/s]
Epoch 2/10:  61%|██████▏   | 335/545 [01:50<01:09,  3.03it/s]
Epoch 2/10:  62%|██████▏   | 336/545 [01:50<01:08,  3.03it/s]
Epoch 2/10:  62%|██████▏   | 337/545 [01:51<01:08,  3.03it/s]
Epoch 2/10:  62%|██████▏   | 338/545 [01:51<01:08,  3.03it/s]
Epoch 2/10:  62%|██████▏   | 339/545 [01:51<01:07,  3.03it/s]
Epoch 2/10:  62%|██████▏   | 340/545 [01:52<01:07,  3.03it/s]
Epoch 2/10:  63%|██████▎   | 341/545 [01:52<01:07,  3.03it/s]
Epoch 2/10:  63%|██████▎   | 342/545 [01:52<01:06,  3.03it/s]
Epoch 2/10:  63%|██████▎   | 343/545 [01:53<01:06,  3.04it/s]
Epoch 2/10:  63%|██████▎   | 344/545 [01:53<01:06,  3.04it/s]
Epoch 2/10:  63%|██████▎   | 345/545 [01:53<01:05,  3.04it/s]
Epoch 2/10:  63%|██████▎   | 346/545 [01:54<01:05,  3.04it/s]
Epoch 2/10:  64%|██████▎   | 347/545 [01:54<01:05,  3.03it/s]
Epoch 2/10:  64%|██████▍   | 348/545 [01:54<01:04,  3.04it/s]
Epoch 2/10:  64%|██████▍   | 349/545 [01:55<01:04,  3.04it/s]
Epoch 2/10:  64%|██████▍   | 350/545 [01:55<01:04,  3.04it/s]
Epoch 2/10:  64%|██████▍   | 351/545 [01:55<01:03,  3.04it/s]
Epoch 2/10:  65%|██████▍   | 352/545 [01:56<01:03,  3.04it/s]
Epoch 2/10:  65%|██████▍   | 353/545 [01:56<01:03,  3.04it/s]
Epoch 2/10:  65%|██████▍   | 354/545 [01:56<01:02,  3.04it/s]
Epoch 2/10:  65%|██████▌   | 355/545 [01:57<01:02,  3.04it/s]
Epoch 2/10:  65%|██████▌   | 356/545 [01:57<01:02,  3.04it/s]
Epoch 2/10:  66%|██████▌   | 357/545 [01:57<01:01,  3.03it/s]
Epoch 2/10:  66%|██████▌   | 358/545 [01:58<01:01,  3.03it/s]
Epoch 2/10:  66%|██████▌   | 359/545 [01:58<01:01,  3.03it/s]
Epoch 2/10:  66%|██████▌   | 360/545 [01:58<01:00,  3.03it/s]
Epoch 2/10:  66%|██████▌   | 361/545 [01:58<01:00,  3.03it/s]
Epoch 2/10:  66%|██████▋   | 362/545 [01:59<01:00,  3.03it/s]
Epoch 2/10:  67%|██████▋   | 363/545 [01:59<00:59,  3.03it/s]
Epoch 2/10:  67%|██████▋   | 364/545 [01:59<00:59,  3.03it/s]
Epoch 2/10:  67%|██████▋   | 365/545 [02:00<00:59,  3.03it/s]
Epoch 2/10:  67%|██████▋   | 366/545 [02:00<00:59,  3.02it/s]
Epoch 2/10:  67%|██████▋   | 367/545 [02:00<00:58,  3.02it/s]
Epoch 2/10:  68%|██████▊   | 368/545 [02:01<00:58,  3.03it/s]
Epoch 2/10:  68%|██████▊   | 369/545 [02:01<00:58,  3.03it/s]
Epoch 2/10:  68%|██████▊   | 370/545 [02:01<00:57,  3.03it/s]
Epoch 2/10:  68%|██████▊   | 371/545 [02:02<00:57,  3.03it/s]
Epoch 2/10:  68%|██████▊   | 372/545 [02:02<00:57,  3.03it/s]
Epoch 2/10:  68%|██████▊   | 373/545 [02:02<00:56,  3.03it/s]
Epoch 2/10:  69%|██████▊   | 374/545 [02:03<00:56,  3.03it/s]
Epoch 2/10:  69%|██████▉   | 375/545 [02:03<00:56,  3.03it/s]
Epoch 2/10:  69%|██████▉   | 376/545 [02:03<00:55,  3.03it/s]
Epoch 2/10:  69%|██████▉   | 377/545 [02:04<00:55,  3.03it/s]
Epoch 2/10:  69%|██████▉   | 378/545 [02:04<00:55,  3.03it/s]
Epoch 2/10:  70%|██████▉   | 379/545 [02:04<00:54,  3.03it/s]
Epoch 2/10:  70%|██████▉   | 380/545 [02:05<00:54,  3.03it/s]
Epoch 2/10:  70%|██████▉   | 381/545 [02:05<00:54,  3.03it/s]
Epoch 2/10:  70%|███████   | 382/545 [02:05<00:53,  3.03it/s]
Epoch 2/10:  70%|███████   | 383/545 [02:06<00:53,  3.03it/s]
Epoch 2/10:  70%|███████   | 384/545 [02:06<00:53,  3.03it/s]
Epoch 2/10:  71%|███████   | 385/545 [02:06<00:52,  3.03it/s]
Epoch 2/10:  71%|███████   | 386/545 [02:07<00:52,  3.03it/s]
Epoch 2/10:  71%|███████   | 387/545 [02:07<00:52,  3.03it/s]
Epoch 2/10:  71%|███████   | 388/545 [02:07<00:51,  3.04it/s]
Epoch 2/10:  71%|███████▏  | 389/545 [02:08<00:51,  3.04it/s]
Epoch 2/10:  72%|███████▏  | 390/545 [02:08<00:51,  3.03it/s]
Epoch 2/10:  72%|███████▏  | 391/545 [02:08<00:50,  3.03it/s]
Epoch 2/10:  72%|███████▏  | 392/545 [02:09<00:50,  3.03it/s]
Epoch 2/10:  72%|███████▏  | 393/545 [02:09<00:50,  3.03it/s]
Epoch 2/10:  72%|███████▏  | 394/545 [02:09<00:49,  3.03it/s]
Epoch 2/10:  72%|███████▏  | 395/545 [02:10<00:49,  3.03it/s]
Epoch 2/10:  73%|███████▎  | 396/545 [02:10<00:49,  3.03it/s]
Epoch 2/10:  73%|███████▎  | 397/545 [02:10<00:48,  3.03it/s]
Epoch 2/10:  73%|███████▎  | 398/545 [02:11<00:48,  3.03it/s]
Epoch 2/10:  73%|███████▎  | 399/545 [02:11<00:48,  3.03it/s]
Epoch 2/10:  73%|███████▎  | 400/545 [02:11<00:47,  3.03it/s]
Epoch 2/10:  74%|███████▎  | 401/545 [02:12<00:47,  3.03it/s]
Epoch 2/10:  74%|███████▍  | 402/545 [02:12<00:47,  3.03it/s]
Epoch 2/10:  74%|███████▍  | 403/545 [02:12<00:46,  3.03it/s]
Epoch 2/10:  74%|███████▍  | 404/545 [02:13<00:46,  3.03it/s]
Epoch 2/10:  74%|███████▍  | 405/545 [02:13<00:46,  3.03it/s]
Epoch 2/10:  74%|███████▍  | 406/545 [02:13<00:45,  3.03it/s]
Epoch 2/10:  75%|███████▍  | 407/545 [02:14<00:45,  3.03it/s]
Epoch 2/10:  75%|███████▍  | 408/545 [02:14<00:45,  3.03it/s]
Epoch 2/10:  75%|███████▌  | 409/545 [02:14<00:44,  3.03it/s]
Epoch 2/10:  75%|███████▌  | 410/545 [02:15<00:44,  3.03it/s]
Epoch 2/10:  75%|███████▌  | 411/545 [02:15<00:44,  3.03it/s]
Epoch 2/10:  76%|███████▌  | 412/545 [02:15<00:43,  3.03it/s]
Epoch 2/10:  76%|███████▌  | 413/545 [02:16<00:43,  3.03it/s]
Epoch 2/10:  76%|███████▌  | 414/545 [02:16<00:43,  3.03it/s]
Epoch 2/10:  76%|███████▌  | 415/545 [02:16<00:42,  3.03it/s]
Epoch 2/10:  76%|███████▋  | 416/545 [02:17<00:42,  3.03it/s]
Epoch 2/10:  77%|███████▋  | 417/545 [02:17<00:42,  3.03it/s]
Epoch 2/10:  77%|███████▋  | 418/545 [02:17<00:41,  3.03it/s]
Epoch 2/10:  77%|███████▋  | 419/545 [02:18<00:41,  3.03it/s]
Epoch 2/10:  77%|███████▋  | 420/545 [02:18<00:41,  3.03it/s]
Epoch 2/10:  77%|███████▋  | 421/545 [02:18<00:40,  3.03it/s]
Epoch 2/10:  77%|███████▋  | 422/545 [02:19<00:40,  3.03it/s]
Epoch 2/10:  78%|███████▊  | 423/545 [02:19<00:40,  3.03it/s]
Epoch 2/10:  78%|███████▊  | 424/545 [02:19<00:39,  3.03it/s]
Epoch 2/10:  78%|███████▊  | 425/545 [02:20<00:39,  3.03it/s]
Epoch 2/10:  78%|███████▊  | 426/545 [02:20<00:39,  3.04it/s]
Epoch 2/10:  78%|███████▊  | 427/545 [02:20<00:38,  3.04it/s]
Epoch 2/10:  79%|███████▊  | 428/545 [02:21<00:38,  3.04it/s]
Epoch 2/10:  79%|███████▊  | 429/545 [02:21<00:38,  3.04it/s]
Epoch 2/10:  79%|███████▉  | 430/545 [02:21<00:37,  3.04it/s]
Epoch 2/10:  79%|███████▉  | 431/545 [02:22<00:37,  3.03it/s]
Epoch 2/10:  79%|███████▉  | 432/545 [02:22<00:37,  3.04it/s]
Epoch 2/10:  79%|███████▉  | 433/545 [02:22<00:36,  3.04it/s]
Epoch 2/10:  80%|███████▉  | 434/545 [02:23<00:36,  3.04it/s]
Epoch 2/10:  80%|███████▉  | 435/545 [02:23<00:36,  3.03it/s]
Epoch 2/10:  80%|████████  | 436/545 [02:23<00:35,  3.03it/s]
Epoch 2/10:  80%|████████  | 437/545 [02:24<00:35,  3.03it/s]
Epoch 2/10:  80%|████████  | 438/545 [02:24<00:35,  3.03it/s]
Epoch 2/10:  81%|████████  | 439/545 [02:24<00:34,  3.03it/s]
Epoch 2/10:  81%|████████  | 440/545 [02:25<00:34,  3.03it/s]
Epoch 2/10:  81%|████████  | 441/545 [02:25<00:34,  3.03it/s]
Epoch 2/10:  81%|████████  | 442/545 [02:25<00:33,  3.03it/s]
Epoch 2/10:  81%|████████▏ | 443/545 [02:26<00:33,  3.03it/s]
Epoch 2/10:  81%|████████▏ | 444/545 [02:26<00:33,  3.03it/s]
Epoch 2/10:  82%|████████▏ | 445/545 [02:26<00:32,  3.03it/s]
Epoch 2/10:  82%|████████▏ | 446/545 [02:27<00:32,  3.04it/s]
Epoch 2/10:  82%|████████▏ | 447/545 [02:27<00:32,  3.03it/s]
Epoch 2/10:  82%|████████▏ | 448/545 [02:27<00:31,  3.03it/s]
Epoch 2/10:  82%|████████▏ | 449/545 [02:28<00:31,  3.03it/s]
Epoch 2/10:  83%|████████▎ | 450/545 [02:28<00:31,  3.03it/s]
Epoch 2/10:  83%|████████▎ | 451/545 [02:28<00:30,  3.03it/s]
Epoch 2/10:  83%|████████▎ | 452/545 [02:28<00:30,  3.03it/s]
Epoch 2/10:  83%|████████▎ | 453/545 [02:29<00:30,  3.03it/s]
Epoch 2/10:  83%|████████▎ | 454/545 [02:29<00:29,  3.03it/s]
Epoch 2/10:  83%|████████▎ | 455/545 [02:29<00:29,  3.03it/s]
Epoch 2/10:  84%|████████▎ | 456/545 [02:30<00:29,  3.03it/s]
Epoch 2/10:  84%|████████▍ | 457/545 [02:30<00:29,  3.03it/s]
Epoch 2/10:  84%|████████▍ | 458/545 [02:30<00:28,  3.03it/s]
Epoch 2/10:  84%|████████▍ | 459/545 [02:31<00:28,  3.03it/s]
Epoch 2/10:  84%|████████▍ | 460/545 [02:31<00:28,  3.03it/s]
Epoch 2/10:  85%|████████▍ | 461/545 [02:31<00:27,  3.03it/s]
Epoch 2/10:  85%|████████▍ | 462/545 [02:32<00:27,  3.03it/s]
Epoch 2/10:  85%|████████▍ | 463/545 [02:32<00:27,  3.03it/s]
Epoch 2/10:  85%|████████▌ | 464/545 [02:32<00:26,  3.03it/s]
Epoch 2/10:  85%|████████▌ | 465/545 [02:33<00:26,  3.03it/s]
Epoch 2/10:  86%|████████▌ | 466/545 [02:33<00:26,  3.03it/s]
Epoch 2/10:  86%|████████▌ | 467/545 [02:33<00:25,  3.04it/s]
Epoch 2/10:  86%|████████▌ | 468/545 [02:34<00:25,  3.03it/s]
Epoch 2/10:  86%|████████▌ | 469/545 [02:34<00:25,  3.04it/s]
Epoch 2/10:  86%|████████▌ | 470/545 [02:34<00:24,  3.03it/s]
Epoch 2/10:  86%|████████▋ | 471/545 [02:35<00:24,  3.04it/s]
Epoch 2/10:  87%|████████▋ | 472/545 [02:35<00:24,  3.04it/s]
Epoch 2/10:  87%|████████▋ | 473/545 [02:35<00:23,  3.04it/s]
Epoch 2/10:  87%|████████▋ | 474/545 [02:36<00:23,  3.03it/s]
Epoch 2/10:  87%|████████▋ | 475/545 [02:36<00:23,  3.03it/s]
Epoch 2/10:  87%|████████▋ | 476/545 [02:36<00:22,  3.03it/s]
Epoch 2/10:  88%|████████▊ | 477/545 [02:37<00:22,  3.04it/s]
Epoch 2/10:  88%|████████▊ | 478/545 [02:37<00:22,  3.03it/s]
Epoch 2/10:  88%|████████▊ | 479/545 [02:37<00:21,  3.03it/s]
Epoch 2/10:  88%|████████▊ | 480/545 [02:38<00:21,  3.03it/s]
Epoch 2/10:  88%|████████▊ | 481/545 [02:38<00:21,  3.03it/s]
Epoch 2/10:  88%|████████▊ | 482/545 [02:38<00:20,  3.03it/s]
Epoch 2/10:  89%|████████▊ | 483/545 [02:39<00:20,  3.03it/s]
Epoch 2/10:  89%|████████▉ | 484/545 [02:39<00:20,  3.03it/s]
Epoch 2/10:  89%|████████▉ | 485/545 [02:39<00:19,  3.03it/s]
Epoch 2/10:  89%|████████▉ | 486/545 [02:40<00:19,  3.03it/s]
Epoch 2/10:  89%|████████▉ | 487/545 [02:40<00:19,  3.03it/s]
Epoch 2/10:  90%|████████▉ | 488/545 [02:40<00:18,  3.03it/s]
Epoch 2/10:  90%|████████▉ | 489/545 [02:41<00:18,  3.03it/s]
Epoch 2/10:  90%|████████▉ | 490/545 [02:41<00:18,  3.03it/s]
Epoch 2/10:  90%|█████████ | 491/545 [02:41<00:17,  3.03it/s]
Epoch 2/10:  90%|█████████ | 492/545 [02:42<00:17,  3.03it/s]
Epoch 2/10:  90%|█████████ | 493/545 [02:42<00:17,  3.03it/s]
Epoch 2/10:  91%|█████████ | 494/545 [02:42<00:16,  3.03it/s]
Epoch 2/10:  91%|█████████ | 495/545 [02:43<00:16,  3.03it/s]
Epoch 2/10:  91%|█████████ | 496/545 [02:43<00:16,  3.03it/s]
Epoch 2/10:  91%|█████████ | 497/545 [02:43<00:15,  3.03it/s]
Epoch 2/10:  91%|█████████▏| 498/545 [02:44<00:15,  3.03it/s]
Epoch 2/10:  92%|█████████▏| 499/545 [02:44<00:15,  3.03it/s]
Epoch 2/10:  92%|█████████▏| 500/545 [02:44<00:14,  3.03it/s]
Epoch 2/10:  92%|█████████▏| 501/545 [02:45<00:14,  3.03it/s]
Epoch 2/10:  92%|█████████▏| 502/545 [02:45<00:14,  3.03it/s]
Epoch 2/10:  92%|█████████▏| 503/545 [02:45<00:13,  3.03it/s]
Epoch 2/10:  92%|█████████▏| 504/545 [02:46<00:13,  3.03it/s]
Epoch 2/10:  93%|█████████▎| 505/545 [02:46<00:13,  3.03it/s]
Epoch 2/10:  93%|█████████▎| 506/545 [02:46<00:12,  3.03it/s]
Epoch 2/10:  93%|█████████▎| 507/545 [02:47<00:12,  3.03it/s]
Epoch 2/10:  93%|█████████▎| 508/545 [02:47<00:12,  3.03it/s]
Epoch 2/10:  93%|█████████▎| 509/545 [02:47<00:11,  3.03it/s]
Epoch 2/10:  94%|█████████▎| 510/545 [02:48<00:11,  3.03it/s]
Epoch 2/10:  94%|█████████▍| 511/545 [02:48<00:11,  3.03it/s]
Epoch 2/10:  94%|█████████▍| 512/545 [02:48<00:10,  3.03it/s]
Epoch 2/10:  94%|█████████▍| 513/545 [02:49<00:10,  3.03it/s]
Epoch 2/10:  94%|█████████▍| 514/545 [02:49<00:10,  3.03it/s]
Epoch 2/10:  94%|█████████▍| 515/545 [02:49<00:09,  3.03it/s]
Epoch 2/10:  95%|█████████▍| 516/545 [02:50<00:09,  3.03it/s]
Epoch 2/10:  95%|█████████▍| 517/545 [02:50<00:09,  3.03it/s]
Epoch 2/10:  95%|█████████▌| 518/545 [02:50<00:08,  3.03it/s]
Epoch 2/10:  95%|█████████▌| 519/545 [02:51<00:08,  3.03it/s]
Epoch 2/10:  95%|█████████▌| 520/545 [02:51<00:08,  3.03it/s]
Epoch 2/10:  96%|█████████▌| 521/545 [02:51<00:07,  3.03it/s]
Epoch 2/10:  96%|█████████▌| 522/545 [02:52<00:07,  3.03it/s]
Epoch 2/10:  96%|█████████▌| 523/545 [02:52<00:07,  3.03it/s]
Epoch 2/10:  96%|█████████▌| 524/545 [02:52<00:06,  3.03it/s]
Epoch 2/10:  96%|█████████▋| 525/545 [02:53<00:06,  3.03it/s]
Epoch 2/10:  97%|█████████▋| 526/545 [02:53<00:06,  3.03it/s]
Epoch 2/10:  97%|█████████▋| 527/545 [02:53<00:05,  3.03it/s]
Epoch 2/10:  97%|█████████▋| 528/545 [02:54<00:05,  3.03it/s]
Epoch 2/10:  97%|█████████▋| 529/545 [02:54<00:05,  3.03it/s]
Epoch 2/10:  97%|█████████▋| 530/545 [02:54<00:04,  3.03it/s]
Epoch 2/10:  97%|█████████▋| 531/545 [02:55<00:04,  3.03it/s]
Epoch 2/10:  98%|█████████▊| 532/545 [02:55<00:04,  3.03it/s]
Epoch 2/10:  98%|█████████▊| 533/545 [02:55<00:03,  3.03it/s]
Epoch 2/10:  98%|█████████▊| 534/545 [02:56<00:03,  3.03it/s]
Epoch 2/10:  98%|█████████▊| 535/545 [02:56<00:03,  3.03it/s]
Epoch 2/10:  98%|█████████▊| 536/545 [02:56<00:02,  3.03it/s]
Epoch 2/10:  99%|█████████▊| 537/545 [02:57<00:02,  3.03it/s]
Epoch 2/10:  99%|█████████▊| 538/545 [02:57<00:02,  3.03it/s]
Epoch 2/10:  99%|█████████▉| 539/545 [02:57<00:01,  3.03it/s]
Epoch 2/10:  99%|█████████▉| 540/545 [02:57<00:01,  3.03it/s]
Epoch 2/10:  99%|█████████▉| 541/545 [02:58<00:01,  3.03it/s]
Epoch 2/10:  99%|█████████▉| 542/545 [02:58<00:00,  3.03it/s]
Epoch 2/10: 100%|█████████▉| 543/545 [02:58<00:00,  3.03it/s]
Epoch 2/10: 100%|█████████▉| 544/545 [02:59<00:00,  3.03it/s]
Epoch 2/10: 100%|██████████| 545/545 [02:59<00:00,  3.23it/s]
Epoch 2/10: 100%|██████████| 545/545 [02:59<00:00,  3.03it/s]

Epoch 3/10:   0%|          | 0/545 [00:00<?, ?it/s]
Epoch 3/10:   0%|          | 1/545 [00:00<03:02,  2.98it/s]
Epoch 3/10:   0%|          | 2/545 [00:00<03:00,  3.01it/s]
Epoch 3/10:   1%|          | 3/545 [00:00<02:59,  3.02it/s]
Epoch 3/10:   1%|          | 4/545 [00:01<02:58,  3.03it/s]
Epoch 3/10:   1%|          | 5/545 [00:01<02:58,  3.03it/s]
Epoch 3/10:   1%|          | 6/545 [00:01<02:57,  3.03it/s]
Epoch 3/10:   1%|▏         | 7/545 [00:02<02:57,  3.03it/s]
Epoch 3/10:   1%|▏         | 8/545 [00:02<02:56,  3.03it/s]
Epoch 3/10:   2%|▏         | 9/545 [00:02<02:56,  3.04it/s]
Epoch 3/10:   2%|▏         | 10/545 [00:03<02:56,  3.04it/s]
Epoch 3/10:   2%|▏         | 11/545 [00:03<02:55,  3.04it/s]
Epoch 3/10:   2%|▏         | 12/545 [00:03<02:55,  3.04it/s]
Epoch 3/10:   2%|▏         | 13/545 [00:04<02:55,  3.04it/s]
Epoch 3/10:   3%|▎         | 14/545 [00:04<02:54,  3.04it/s]
Epoch 3/10:   3%|▎         | 15/545 [00:04<02:54,  3.04it/s]
Epoch 3/10:   3%|▎         | 16/545 [00:05<02:54,  3.04it/s]
Epoch 3/10:   3%|▎         | 17/545 [00:05<02:53,  3.04it/s]
Epoch 3/10:   3%|▎         | 18/545 [00:05<02:53,  3.04it/s]
Epoch 3/10:   3%|▎         | 19/545 [00:06<02:53,  3.04it/s]
Epoch 3/10:   4%|▎         | 20/545 [00:06<02:52,  3.04it/s]
Epoch 3/10:   4%|▍         | 21/545 [00:06<02:52,  3.04it/s]
Epoch 3/10:   4%|▍         | 22/545 [00:07<02:52,  3.04it/s]
Epoch 3/10:   4%|▍         | 23/545 [00:07<02:51,  3.04it/s]
Epoch 3/10:   4%|▍         | 24/545 [00:07<02:51,  3.04it/s]
Epoch 3/10:   5%|▍         | 25/545 [00:08<02:51,  3.04it/s]
Epoch 3/10:   5%|▍         | 26/545 [00:08<02:50,  3.04it/s]
Epoch 3/10:   5%|▍         | 27/545 [00:08<02:50,  3.04it/s]
Epoch 3/10:   5%|▌         | 28/545 [00:09<02:50,  3.04it/s]
Epoch 3/10:   5%|▌         | 29/545 [00:09<02:49,  3.04it/s]
Epoch 3/10:   6%|▌         | 30/545 [00:09<02:49,  3.04it/s]
Epoch 3/10:   6%|▌         | 31/545 [00:10<02:49,  3.04it/s]
Epoch 3/10:   6%|▌         | 32/545 [00:10<02:48,  3.04it/s]
Epoch 3/10:   6%|▌         | 33/545 [00:10<02:48,  3.04it/s]
Epoch 3/10:   6%|▌         | 34/545 [00:11<02:48,  3.04it/s]
Epoch 3/10:   6%|▋         | 35/545 [00:11<02:48,  3.04it/s]
Epoch 3/10:   7%|▋         | 36/545 [00:11<02:47,  3.04it/s]
Epoch 3/10:   7%|▋         | 37/545 [00:12<02:47,  3.04it/s]
Epoch 3/10:   7%|▋         | 38/545 [00:12<02:47,  3.04it/s]
Epoch 3/10:   7%|▋         | 39/545 [00:12<02:46,  3.04it/s]
Epoch 3/10:   7%|▋         | 40/545 [00:13<02:46,  3.04it/s]
Epoch 3/10:   8%|▊         | 41/545 [00:13<02:46,  3.03it/s]
Epoch 3/10:   8%|▊         | 42/545 [00:13<02:45,  3.04it/s]
Epoch 3/10:   8%|▊         | 43/545 [00:14<02:45,  3.03it/s]
Epoch 3/10:   8%|▊         | 44/545 [00:14<02:45,  3.03it/s]
Epoch 3/10:   8%|▊         | 45/545 [00:14<02:44,  3.03it/s]
Epoch 3/10:   8%|▊         | 46/545 [00:15<02:44,  3.03it/s]
Epoch 3/10:   9%|▊         | 47/545 [00:15<02:44,  3.03it/s]
Epoch 3/10:   9%|▉         | 48/545 [00:15<02:43,  3.03it/s]
Epoch 3/10:   9%|▉         | 49/545 [00:16<02:43,  3.03it/s]
Epoch 3/10:   9%|▉         | 50/545 [00:16<02:43,  3.04it/s]
Epoch 3/10:   9%|▉         | 51/545 [00:16<02:42,  3.03it/s]
Epoch 3/10:  10%|▉         | 52/545 [00:17<02:42,  3.03it/s]
Epoch 3/10:  10%|▉         | 53/545 [00:17<02:42,  3.03it/s]
Epoch 3/10:  10%|▉         | 54/545 [00:17<02:41,  3.03it/s]
Epoch 3/10:  10%|█         | 55/545 [00:18<02:41,  3.04it/s]
Epoch 3/10:  10%|█         | 56/545 [00:18<02:41,  3.03it/s]
Epoch 3/10:  10%|█         | 57/545 [00:18<02:40,  3.03it/s]
Epoch 3/10:  11%|█         | 58/545 [00:19<02:40,  3.03it/s]
Epoch 3/10:  11%|█         | 59/545 [00:19<02:40,  3.03it/s]
Epoch 3/10:  11%|█         | 60/545 [00:19<02:39,  3.03it/s]
Epoch 3/10:  11%|█         | 61/545 [00:20<02:39,  3.03it/s]
Epoch 3/10:  11%|█▏        | 62/545 [00:20<02:39,  3.03it/s]
Epoch 3/10:  12%|█▏        | 63/545 [00:20<02:38,  3.04it/s]
Epoch 3/10:  12%|█▏        | 64/545 [00:21<02:38,  3.04it/s]
Epoch 3/10:  12%|█▏        | 65/545 [00:21<02:38,  3.03it/s]
Epoch 3/10:  12%|█▏        | 66/545 [00:21<02:37,  3.03it/s]
Epoch 3/10:  12%|█▏        | 67/545 [00:22<02:37,  3.04it/s]
Epoch 3/10:  12%|█▏        | 68/545 [00:22<02:37,  3.04it/s]
Epoch 3/10:  13%|█▎        | 69/545 [00:22<02:36,  3.04it/s]
Epoch 3/10:  13%|█▎        | 70/545 [00:23<02:36,  3.04it/s]
Epoch 3/10:  13%|█▎        | 71/545 [00:23<02:36,  3.03it/s]
Epoch 3/10:  13%|█▎        | 72/545 [00:23<02:35,  3.03it/s]
Epoch 3/10:  13%|█▎        | 73/545 [00:24<02:35,  3.03it/s]
Epoch 3/10:  14%|█▎        | 74/545 [00:24<02:35,  3.03it/s]
Epoch 3/10:  14%|█▍        | 75/545 [00:24<02:34,  3.04it/s]
Epoch 3/10:  14%|█▍        | 76/545 [00:25<02:34,  3.04it/s]
Epoch 3/10:  14%|█▍        | 77/545 [00:25<02:34,  3.03it/s]
Epoch 3/10:  14%|█▍        | 78/545 [00:25<02:33,  3.04it/s]
Epoch 3/10:  14%|█▍        | 79/545 [00:26<02:33,  3.04it/s]
Epoch 3/10:  15%|█▍        | 80/545 [00:26<02:33,  3.04it/s]
Epoch 3/10:  15%|█▍        | 81/545 [00:26<02:32,  3.03it/s]
Epoch 3/10:  15%|█▌        | 82/545 [00:27<02:32,  3.03it/s]
Epoch 3/10:  15%|█▌        | 83/545 [00:27<02:32,  3.03it/s]
Epoch 3/10:  15%|█▌        | 84/545 [00:27<02:31,  3.04it/s]
Epoch 3/10:  16%|█▌        | 85/545 [00:28<02:31,  3.03it/s]
Epoch 3/10:  16%|█▌        | 86/545 [00:28<02:31,  3.03it/s]
Epoch 3/10:  16%|█▌        | 87/545 [00:28<02:30,  3.04it/s]
Epoch 3/10:  16%|█▌        | 88/545 [00:28<02:30,  3.04it/s]
Epoch 3/10:  16%|█▋        | 89/545 [00:29<02:30,  3.03it/s]
Epoch 3/10:  17%|█▋        | 90/545 [00:29<02:29,  3.04it/s]
Epoch 3/10:  17%|█▋        | 91/545 [00:29<02:29,  3.04it/s]
Epoch 3/10:  17%|█▋        | 92/545 [00:30<02:29,  3.04it/s]
Epoch 3/10:  17%|█▋        | 93/545 [00:30<02:28,  3.04it/s]
Epoch 3/10:  17%|█▋        | 94/545 [00:30<02:28,  3.04it/s]
Epoch 3/10:  17%|█▋        | 95/545 [00:31<02:28,  3.03it/s]
Epoch 3/10:  18%|█▊        | 96/545 [00:31<02:27,  3.03it/s]
Epoch 3/10:  18%|█▊        | 97/545 [00:31<02:27,  3.03it/s]
Epoch 3/10:  18%|█▊        | 98/545 [00:32<02:27,  3.03it/s]
Epoch 3/10:  18%|█▊        | 99/545 [00:32<02:26,  3.03it/s]
Epoch 3/10:  18%|█▊        | 100/545 [00:32<02:26,  3.04it/s]
Epoch 3/10:  19%|█▊        | 101/545 [00:33<02:26,  3.04it/s]
Epoch 3/10:  19%|█▊        | 102/545 [00:33<02:25,  3.04it/s]
Epoch 3/10:  19%|█▉        | 103/545 [00:33<02:25,  3.04it/s]
Epoch 3/10:  19%|█▉        | 104/545 [00:34<02:25,  3.04it/s]
Epoch 3/10:  19%|█▉        | 105/545 [00:34<02:24,  3.04it/s]
Epoch 3/10:  19%|█▉        | 106/545 [00:34<02:24,  3.03it/s]
Epoch 3/10:  20%|█▉        | 107/545 [00:35<02:24,  3.04it/s]
Epoch 3/10:  20%|█▉        | 108/545 [00:35<02:23,  3.04it/s]
Epoch 3/10:  20%|██        | 109/545 [00:35<02:23,  3.04it/s]
Epoch 3/10:  20%|██        | 110/545 [00:36<02:23,  3.04it/s]
Epoch 3/10:  20%|██        | 111/545 [00:36<02:22,  3.04it/s]
Epoch 3/10:  21%|██        | 112/545 [00:36<02:22,  3.04it/s]
Epoch 3/10:  21%|██        | 113/545 [00:37<02:22,  3.04it/s]
Epoch 3/10:  21%|██        | 114/545 [00:37<02:22,  3.03it/s]
Epoch 3/10:  21%|██        | 115/545 [00:37<02:21,  3.03it/s]
Epoch 3/10:  21%|██▏       | 116/545 [00:38<02:21,  3.03it/s]
Epoch 3/10:  21%|██▏       | 117/545 [00:38<02:21,  3.03it/s]
Epoch 3/10:  22%|██▏       | 118/545 [00:38<02:20,  3.03it/s]
Epoch 3/10:  22%|██▏       | 119/545 [00:39<02:20,  3.03it/s]
Epoch 3/10:  22%|██▏       | 120/545 [00:39<02:20,  3.04it/s]
Epoch 3/10:  22%|██▏       | 121/545 [00:39<02:19,  3.04it/s]
Epoch 3/10:  22%|██▏       | 122/545 [00:40<02:19,  3.04it/s]
Epoch 3/10:  23%|██▎       | 123/545 [00:40<02:19,  3.04it/s]
Epoch 3/10:  23%|██▎       | 124/545 [00:40<02:18,  3.04it/s]
Epoch 3/10:  23%|██▎       | 125/545 [00:41<02:18,  3.03it/s]
Epoch 3/10:  23%|██▎       | 126/545 [00:41<02:18,  3.04it/s]
Epoch 3/10:  23%|██▎       | 127/545 [00:41<02:17,  3.04it/s]
Epoch 3/10:  23%|██▎       | 128/545 [00:42<02:17,  3.04it/s]
Epoch 3/10:  24%|██▎       | 129/545 [00:42<02:17,  3.04it/s]
Epoch 3/10:  24%|██▍       | 130/545 [00:42<02:16,  3.04it/s]
Epoch 3/10:  24%|██▍       | 131/545 [00:43<02:16,  3.04it/s]
Epoch 3/10:  24%|██▍       | 132/545 [00:43<02:16,  3.03it/s]
Epoch 3/10:  24%|██▍       | 133/545 [00:43<02:15,  3.03it/s]
Epoch 3/10:  25%|██▍       | 134/545 [00:44<02:15,  3.03it/s]
Epoch 3/10:  25%|██▍       | 135/545 [00:44<02:15,  3.03it/s]
Epoch 3/10:  25%|██▍       | 136/545 [00:44<02:14,  3.04it/s]
Epoch 3/10:  25%|██▌       | 137/545 [00:45<02:14,  3.03it/s]
Epoch 3/10:  25%|██▌       | 138/545 [00:45<02:14,  3.03it/s]
Epoch 3/10:  26%|██▌       | 139/545 [00:45<02:13,  3.03it/s]
Epoch 3/10:  26%|██▌       | 140/545 [00:46<02:13,  3.03it/s]
Epoch 3/10:  26%|██▌       | 141/545 [00:46<02:13,  3.03it/s]
Epoch 3/10:  26%|██▌       | 142/545 [00:46<02:12,  3.03it/s]
Epoch 3/10:  26%|██▌       | 143/545 [00:47<02:12,  3.03it/s]
Epoch 3/10:  26%|██▋       | 144/545 [00:47<02:12,  3.03it/s]
Epoch 3/10:  27%|██▋       | 145/545 [00:47<02:11,  3.03it/s]
Epoch 3/10:  27%|██▋       | 146/545 [00:48<02:11,  3.03it/s]
Epoch 3/10:  27%|██▋       | 147/545 [00:48<02:11,  3.03it/s]
Epoch 3/10:  27%|██▋       | 148/545 [00:48<02:10,  3.03it/s]
Epoch 3/10:  27%|██▋       | 149/545 [00:49<02:10,  3.03it/s]
Epoch 3/10:  28%|██▊       | 150/545 [00:49<02:10,  3.03it/s]
Epoch 3/10:  28%|██▊       | 151/545 [00:49<02:09,  3.04it/s]
Epoch 3/10:  28%|██▊       | 152/545 [00:50<02:09,  3.04it/s]
Epoch 3/10:  28%|██▊       | 153/545 [00:50<02:09,  3.03it/s]
Epoch 3/10:  28%|██▊       | 154/545 [00:50<02:08,  3.03it/s]
Epoch 3/10:  28%|██▊       | 155/545 [00:51<02:08,  3.03it/s]
Epoch 3/10:  29%|██▊       | 156/545 [00:51<02:08,  3.04it/s]
Epoch 3/10:  29%|██▉       | 157/545 [00:51<02:07,  3.04it/s]
Epoch 3/10:  29%|██▉       | 158/545 [00:52<02:07,  3.04it/s]
Epoch 3/10:  29%|██▉       | 159/545 [00:52<02:07,  3.04it/s]
Epoch 3/10:  29%|██▉       | 160/545 [00:52<02:06,  3.03it/s]
Epoch 3/10:  30%|██▉       | 161/545 [00:53<02:06,  3.03it/s]
Epoch 3/10:  30%|██▉       | 162/545 [00:53<02:06,  3.03it/s]
Epoch 3/10:  30%|██▉       | 163/545 [00:53<02:05,  3.03it/s]
Epoch 3/10:  30%|███       | 164/545 [00:54<02:05,  3.03it/s]
Epoch 3/10:  30%|███       | 165/545 [00:54<02:05,  3.03it/s]
Epoch 3/10:  30%|███       | 166/545 [00:54<02:04,  3.03it/s]
Epoch 3/10:  31%|███       | 167/545 [00:55<02:04,  3.03it/s]
Epoch 3/10:  31%|███       | 168/545 [00:55<02:04,  3.03it/s]
Epoch 3/10:  31%|███       | 169/545 [00:55<02:03,  3.03it/s]
Epoch 3/10:  31%|███       | 170/545 [00:56<02:03,  3.03it/s]
Epoch 3/10:  31%|███▏      | 171/545 [00:56<02:03,  3.03it/s]
Epoch 3/10:  32%|███▏      | 172/545 [00:56<02:02,  3.03it/s]
Epoch 3/10:  32%|███▏      | 173/545 [00:57<02:02,  3.03it/s]
Epoch 3/10:  32%|███▏      | 174/545 [00:57<02:02,  3.03it/s]
Epoch 3/10:  32%|███▏      | 175/545 [00:57<02:01,  3.03it/s]
Epoch 3/10:  32%|███▏      | 176/545 [00:57<02:01,  3.03it/s]
Epoch 3/10:  32%|███▏      | 177/545 [00:58<02:01,  3.03it/s]
Epoch 3/10:  33%|███▎      | 178/545 [00:58<02:00,  3.03it/s]
Epoch 3/10:  33%|███▎      | 179/545 [00:58<02:00,  3.03it/s]
Epoch 3/10:  33%|███▎      | 180/545 [00:59<02:00,  3.03it/s]
Epoch 3/10:  33%|███▎      | 181/545 [00:59<01:59,  3.03it/s]
Epoch 3/10:  33%|███▎      | 182/545 [00:59<01:59,  3.03it/s]
Epoch 3/10:  34%|███▎      | 183/545 [01:00<01:59,  3.03it/s]
Epoch 3/10:  34%|███▍      | 184/545 [01:00<01:59,  3.02it/s]
Epoch 3/10:  34%|███▍      | 185/545 [01:00<01:58,  3.03it/s]
Epoch 3/10:  34%|███▍      | 186/545 [01:01<01:58,  3.03it/s]
Epoch 3/10:  34%|███▍      | 187/545 [01:01<01:58,  3.03it/s]
Epoch 3/10:  34%|███▍      | 188/545 [01:01<01:57,  3.03it/s]
Epoch 3/10:  35%|███▍      | 189/545 [01:02<01:57,  3.03it/s]
Epoch 3/10:  35%|███▍      | 190/545 [01:02<01:57,  3.03it/s]
Epoch 3/10:  35%|███▌      | 191/545 [01:02<01:56,  3.03it/s]
Epoch 3/10:  35%|███▌      | 192/545 [01:03<01:56,  3.03it/s]
Epoch 3/10:  35%|███▌      | 193/545 [01:03<01:56,  3.03it/s]
Epoch 3/10:  36%|███▌      | 194/545 [01:03<01:55,  3.03it/s]
Epoch 3/10:  36%|███▌      | 195/545 [01:04<01:55,  3.03it/s]
Epoch 3/10:  36%|███▌      | 196/545 [01:04<01:55,  3.03it/s]
Epoch 3/10:  36%|███▌      | 197/545 [01:04<01:54,  3.03it/s]
Epoch 3/10:  36%|███▋      | 198/545 [01:05<01:54,  3.04it/s]
Epoch 3/10:  37%|███▋      | 199/545 [01:05<01:53,  3.04it/s]
Epoch 3/10:  37%|███▋      | 200/545 [01:05<01:53,  3.04it/s]
Epoch 3/10:  37%|███▋      | 201/545 [01:06<01:53,  3.04it/s]
Epoch 3/10:  37%|███▋      | 202/545 [01:06<01:52,  3.04it/s]
Epoch 3/10:  37%|███▋      | 203/545 [01:06<01:52,  3.04it/s]
Epoch 3/10:  37%|███▋      | 204/545 [01:07<01:52,  3.04it/s]
Epoch 3/10:  38%|███▊      | 205/545 [01:07<01:52,  3.04it/s]
Epoch 3/10:  38%|███▊      | 206/545 [01:07<01:51,  3.04it/s]
Epoch 3/10:  38%|███▊      | 207/545 [01:08<01:51,  3.04it/s]
Epoch 3/10:  38%|███▊      | 208/545 [01:08<01:51,  3.04it/s]
Epoch 3/10:  38%|███▊      | 209/545 [01:08<01:50,  3.04it/s]
Epoch 3/10:  39%|███▊      | 210/545 [01:09<01:50,  3.03it/s]
Epoch 3/10:  39%|███▊      | 211/545 [01:09<01:50,  3.03it/s]
Epoch 3/10:  39%|███▉      | 212/545 [01:09<01:49,  3.04it/s]
Epoch 3/10:  39%|███▉      | 213/545 [01:10<01:49,  3.03it/s]
Epoch 3/10:  39%|███▉      | 214/545 [01:10<01:49,  3.03it/s]
Epoch 3/10:  39%|███▉      | 215/545 [01:10<01:48,  3.03it/s]
Epoch 3/10:  40%|███▉      | 216/545 [01:11<01:48,  3.03it/s]
Epoch 3/10:  40%|███▉      | 217/545 [01:11<01:48,  3.03it/s]
Epoch 3/10:  40%|████      | 218/545 [01:11<01:47,  3.03it/s]
Epoch 3/10:  40%|████      | 219/545 [01:12<01:47,  3.03it/s]
Epoch 3/10:  40%|████      | 220/545 [01:12<01:47,  3.03it/s]
Epoch 3/10:  41%|████      | 221/545 [01:12<01:46,  3.03it/s]
Epoch 3/10:  41%|████      | 222/545 [01:13<01:46,  3.03it/s]
Epoch 3/10:  41%|████      | 223/545 [01:13<01:46,  3.03it/s]
Epoch 3/10:  41%|████      | 224/545 [01:13<01:45,  3.03it/s]
Epoch 3/10:  41%|████▏     | 225/545 [01:14<01:45,  3.04it/s]
Epoch 3/10:  41%|████▏     | 226/545 [01:14<01:45,  3.04it/s]
Epoch 3/10:  42%|████▏     | 227/545 [01:14<01:44,  3.03it/s]
Epoch 3/10:  42%|████▏     | 228/545 [01:15<01:44,  3.03it/s]
Epoch 3/10:  42%|████▏     | 229/545 [01:15<01:44,  3.03it/s]
Epoch 3/10:  42%|████▏     | 230/545 [01:15<01:43,  3.03it/s]
Epoch 3/10:  42%|████▏     | 231/545 [01:16<01:43,  3.04it/s]
Epoch 3/10:  43%|████▎     | 232/545 [01:16<01:43,  3.04it/s]
Epoch 3/10:  43%|████▎     | 233/545 [01:16<01:42,  3.04it/s]
Epoch 3/10:  43%|████▎     | 234/545 [01:17<01:42,  3.04it/s]
Epoch 3/10:  43%|████▎     | 235/545 [01:17<01:42,  3.04it/s]
Epoch 3/10:  43%|████▎     | 236/545 [01:17<01:41,  3.04it/s]
Epoch 3/10:  43%|████▎     | 237/545 [01:18<01:41,  3.04it/s]
Epoch 3/10:  44%|████▎     | 238/545 [01:18<01:41,  3.04it/s]
Epoch 3/10:  44%|████▍     | 239/545 [01:18<01:40,  3.04it/s]
Epoch 3/10:  44%|████▍     | 240/545 [01:19<01:40,  3.04it/s]
Epoch 3/10:  44%|████▍     | 241/545 [01:19<01:40,  3.04it/s]
Epoch 3/10:  44%|████▍     | 242/545 [01:19<01:39,  3.04it/s]
Epoch 3/10:  45%|████▍     | 243/545 [01:20<01:39,  3.04it/s]
Epoch 3/10:  45%|████▍     | 244/545 [01:20<01:39,  3.04it/s]
Epoch 3/10:  45%|████▍     | 245/545 [01:20<01:38,  3.04it/s]
Epoch 3/10:  45%|████▌     | 246/545 [01:21<01:38,  3.04it/s]
Epoch 3/10:  45%|████▌     | 247/545 [01:21<01:38,  3.04it/s]
Epoch 3/10:  46%|████▌     | 248/545 [01:21<01:37,  3.04it/s]
Epoch 3/10:  46%|████▌     | 249/545 [01:22<01:37,  3.04it/s]
Epoch 3/10:  46%|████▌     | 250/545 [01:22<01:37,  3.04it/s]
Epoch 3/10:  46%|████▌     | 251/545 [01:22<01:36,  3.04it/s]
Epoch 3/10:  46%|████▌     | 252/545 [01:23<01:36,  3.04it/s]
Epoch 3/10:  46%|████▋     | 253/545 [01:23<01:36,  3.04it/s]
Epoch 3/10:  47%|████▋     | 254/545 [01:23<01:35,  3.04it/s]
Epoch 3/10:  47%|████▋     | 255/545 [01:24<01:35,  3.04it/s]
Epoch 3/10:  47%|████▋     | 256/545 [01:24<01:35,  3.04it/s]
Epoch 3/10:  47%|████▋     | 257/545 [01:24<01:34,  3.04it/s]
Epoch 3/10:  47%|████▋     | 258/545 [01:25<01:34,  3.04it/s]
Epoch 3/10:  48%|████▊     | 259/545 [01:25<01:34,  3.04it/s]
Epoch 3/10:  48%|████▊     | 260/545 [01:25<01:33,  3.04it/s]
Epoch 3/10:  48%|████▊     | 261/545 [01:26<01:33,  3.03it/s]
Epoch 3/10:  48%|████▊     | 262/545 [01:26<01:33,  3.04it/s]
Epoch 3/10:  48%|████▊     | 263/545 [01:26<01:32,  3.04it/s]
Epoch 3/10:  48%|████▊     | 264/545 [01:26<01:32,  3.04it/s]
Epoch 3/10:  49%|████▊     | 265/545 [01:27<01:32,  3.04it/s]
Epoch 3/10:  49%|████▉     | 266/545 [01:27<01:31,  3.04it/s]
Epoch 3/10:  49%|████▉     | 267/545 [01:27<01:31,  3.03it/s]
Epoch 3/10:  49%|████▉     | 268/545 [01:28<01:31,  3.03it/s]
Epoch 3/10:  49%|████▉     | 269/545 [01:28<01:30,  3.03it/s]
Epoch 3/10:  50%|████▉     | 270/545 [01:28<01:30,  3.03it/s]
Epoch 3/10:  50%|████▉     | 271/545 [01:29<01:30,  3.03it/s]
Epoch 3/10:  50%|████▉     | 272/545 [01:29<01:29,  3.04it/s]
Epoch 3/10:  50%|█████     | 273/545 [01:29<01:29,  3.03it/s]
Epoch 3/10:  50%|█████     | 274/545 [01:30<01:29,  3.04it/s]
Epoch 3/10:  50%|█████     | 275/545 [01:30<01:28,  3.03it/s]
Epoch 3/10:  51%|█████     | 276/545 [01:30<01:28,  3.03it/s]
Epoch 3/10:  51%|█████     | 277/545 [01:31<01:28,  3.03it/s]
Epoch 3/10:  51%|█████     | 278/545 [01:31<01:27,  3.03it/s]
Epoch 3/10:  51%|█████     | 279/545 [01:31<01:27,  3.04it/s]
Epoch 3/10:  51%|█████▏    | 280/545 [01:32<01:27,  3.04it/s]
Epoch 3/10:  52%|█████▏    | 281/545 [01:32<01:26,  3.04it/s]
Epoch 3/10:  52%|█████▏    | 282/545 [01:32<01:26,  3.04it/s]
Epoch 3/10:  52%|█████▏    | 283/545 [01:33<01:26,  3.03it/s]
Epoch 3/10:  52%|█████▏    | 284/545 [01:33<01:26,  3.03it/s]
Epoch 3/10:  52%|█████▏    | 285/545 [01:33<01:25,  3.03it/s]
Epoch 3/10:  52%|█████▏    | 286/545 [01:34<01:25,  3.03it/s]
Epoch 3/10:  53%|█████▎    | 287/545 [01:34<01:25,  3.03it/s]
Epoch 3/10:  53%|█████▎    | 288/545 [01:34<01:24,  3.03it/s]
Epoch 3/10:  53%|█████▎    | 289/545 [01:35<01:24,  3.03it/s]
Epoch 3/10:  53%|█████▎    | 290/545 [01:35<01:24,  3.03it/s]
Epoch 3/10:  53%|█████▎    | 291/545 [01:35<01:23,  3.03it/s]
Epoch 3/10:  54%|█████▎    | 292/545 [01:36<01:23,  3.03it/s]
Epoch 3/10:  54%|█████▍    | 293/545 [01:36<01:23,  3.03it/s]
Epoch 3/10:  54%|█████▍    | 294/545 [01:36<01:22,  3.03it/s]
Epoch 3/10:  54%|█████▍    | 295/545 [01:37<01:22,  3.03it/s]
Epoch 3/10:  54%|█████▍    | 296/545 [01:37<01:22,  3.03it/s]
Epoch 3/10:  54%|█████▍    | 297/545 [01:37<01:21,  3.03it/s]
Epoch 3/10:  55%|█████▍    | 298/545 [01:38<01:21,  3.03it/s]
Epoch 3/10:  55%|█████▍    | 299/545 [01:38<01:21,  3.03it/s]
Epoch 3/10:  55%|█████▌    | 300/545 [01:38<01:20,  3.03it/s]
Epoch 3/10:  55%|█████▌    | 301/545 [01:39<01:20,  3.03it/s]
Epoch 3/10:  55%|█████▌    | 302/545 [01:39<01:20,  3.03it/s]
Epoch 3/10:  56%|█████▌    | 303/545 [01:39<01:19,  3.03it/s]
Epoch 3/10:  56%|█████▌    | 304/545 [01:40<01:19,  3.03it/s]
Epoch 3/10:  56%|█████▌    | 305/545 [01:40<01:19,  3.03it/s]
Epoch 3/10:  56%|█████▌    | 306/545 [01:40<01:18,  3.03it/s]
Epoch 3/10:  56%|█████▋    | 307/545 [01:41<01:18,  3.03it/s]
Epoch 3/10:  57%|█████▋    | 308/545 [01:41<01:18,  3.04it/s]
Epoch 3/10:  57%|█████▋    | 309/545 [01:41<01:17,  3.04it/s]
Epoch 3/10:  57%|█████▋    | 310/545 [01:42<01:17,  3.04it/s]
Epoch 3/10:  57%|█████▋    | 311/545 [01:42<01:17,  3.04it/s]
Epoch 3/10:  57%|█████▋    | 312/545 [01:42<01:16,  3.04it/s]
Epoch 3/10:  57%|█████▋    | 313/545 [01:43<01:16,  3.04it/s]
Epoch 3/10:  58%|█████▊    | 314/545 [01:43<01:16,  3.04it/s]
Epoch 3/10:  58%|█████▊    | 315/545 [01:43<01:15,  3.04it/s]
Epoch 3/10:  58%|█████▊    | 316/545 [01:44<01:15,  3.04it/s]
Epoch 3/10:  58%|█████▊    | 317/545 [01:44<01:15,  3.04it/s]
Epoch 3/10:  58%|█████▊    | 318/545 [01:44<01:14,  3.04it/s]
Epoch 3/10:  59%|█████▊    | 319/545 [01:45<01:14,  3.04it/s]
Epoch 3/10:  59%|█████▊    | 320/545 [01:45<01:14,  3.04it/s]
Epoch 3/10:  59%|█████▉    | 321/545 [01:45<01:13,  3.04it/s]
Epoch 3/10:  59%|█████▉    | 322/545 [01:46<01:13,  3.04it/s]
Epoch 3/10:  59%|█████▉    | 323/545 [01:46<01:13,  3.03it/s]
Epoch 3/10:  59%|█████▉    | 324/545 [01:46<01:12,  3.03it/s]
Epoch 3/10:  60%|█████▉    | 325/545 [01:47<01:12,  3.03it/s]
Epoch 3/10:  60%|█████▉    | 326/545 [01:47<01:12,  3.04it/s]
Epoch 3/10:  60%|██████    | 327/545 [01:47<01:11,  3.04it/s]
Epoch 3/10:  60%|██████    | 328/545 [01:48<01:11,  3.04it/s]
Epoch 3/10:  60%|██████    | 329/545 [01:48<01:11,  3.04it/s]
Epoch 3/10:  61%|██████    | 330/545 [01:48<01:10,  3.04it/s]
Epoch 3/10:  61%|██████    | 331/545 [01:49<01:10,  3.04it/s]
Epoch 3/10:  61%|██████    | 332/545 [01:49<01:10,  3.03it/s]
Epoch 3/10:  61%|██████    | 333/545 [01:49<01:09,  3.03it/s]
Epoch 3/10:  61%|██████▏   | 334/545 [01:50<01:09,  3.04it/s]
Epoch 3/10:  61%|██████▏   | 335/545 [01:50<01:09,  3.04it/s]
Epoch 3/10:  62%|██████▏   | 336/545 [01:50<01:08,  3.04it/s]
Epoch 3/10:  62%|██████▏   | 337/545 [01:51<01:08,  3.04it/s]
Epoch 3/10:  62%|██████▏   | 338/545 [01:51<01:08,  3.04it/s]
Epoch 3/10:  62%|██████▏   | 339/545 [01:51<01:07,  3.04it/s]
Epoch 3/10:  62%|██████▏   | 340/545 [01:52<01:07,  3.03it/s]
Epoch 3/10:  63%|██████▎   | 341/545 [01:52<01:07,  3.03it/s]
Epoch 3/10:  63%|██████▎   | 342/545 [01:52<01:06,  3.03it/s]
Epoch 3/10:  63%|██████▎   | 343/545 [01:53<01:06,  3.03it/s]
Epoch 3/10:  63%|██████▎   | 344/545 [01:53<01:06,  3.03it/s]
Epoch 3/10:  63%|██████▎   | 345/545 [01:53<01:05,  3.03it/s]
Epoch 3/10:  63%|██████▎   | 346/545 [01:54<01:05,  3.03it/s]
Epoch 3/10:  64%|██████▎   | 347/545 [01:54<01:05,  3.03it/s]
Epoch 3/10:  64%|██████▍   | 348/545 [01:54<01:04,  3.03it/s]
Epoch 3/10:  64%|██████▍   | 349/545 [01:55<01:04,  3.03it/s]
Epoch 3/10:  64%|██████▍   | 350/545 [01:55<01:04,  3.03it/s]
Epoch 3/10:  64%|██████▍   | 351/545 [01:55<01:03,  3.03it/s]
Epoch 3/10:  65%|██████▍   | 352/545 [01:55<01:03,  3.03it/s]
Epoch 3/10:  65%|██████▍   | 353/545 [01:56<01:03,  3.03it/s]
Epoch 3/10:  65%|██████▍   | 354/545 [01:56<01:02,  3.04it/s]
Epoch 3/10:  65%|██████▌   | 355/545 [01:56<01:02,  3.04it/s]
Epoch 3/10:  65%|██████▌   | 356/545 [01:57<01:02,  3.04it/s]
Epoch 3/10:  66%|██████▌   | 357/545 [01:57<01:01,  3.04it/s]
Epoch 3/10:  66%|██████▌   | 358/545 [01:57<01:01,  3.04it/s]
Epoch 3/10:  66%|██████▌   | 359/545 [01:58<01:01,  3.04it/s]
Epoch 3/10:  66%|██████▌   | 360/545 [01:58<01:00,  3.04it/s]
Epoch 3/10:  66%|██████▌   | 361/545 [01:58<01:00,  3.04it/s]
Epoch 3/10:  66%|██████▋   | 362/545 [01:59<01:00,  3.04it/s]
Epoch 3/10:  67%|██████▋   | 363/545 [01:59<00:59,  3.04it/s]
Epoch 3/10:  67%|██████▋   | 364/545 [01:59<00:59,  3.04it/s]
Epoch 3/10:  67%|██████▋   | 365/545 [02:00<00:59,  3.03it/s]
Epoch 3/10:  67%|██████▋   | 366/545 [02:00<00:58,  3.04it/s]
Epoch 3/10:  67%|██████▋   | 367/545 [02:00<00:58,  3.02it/s]
Epoch 3/10:  68%|██████▊   | 368/545 [02:01<00:58,  3.03it/s]
Epoch 3/10:  68%|██████▊   | 369/545 [02:01<00:58,  3.03it/s]
Epoch 3/10:  68%|██████▊   | 370/545 [02:01<00:57,  3.03it/s]
Epoch 3/10:  68%|██████▊   | 371/545 [02:02<00:57,  3.03it/s]
Epoch 3/10:  68%|██████▊   | 372/545 [02:02<00:57,  3.03it/s]
Epoch 3/10:  68%|██████▊   | 373/545 [02:02<00:56,  3.03it/s]
Epoch 3/10:  69%|██████▊   | 374/545 [02:03<00:56,  3.03it/s]
Epoch 3/10:  69%|██████▉   | 375/545 [02:03<00:56,  3.03it/s]
Epoch 3/10:  69%|██████▉   | 376/545 [02:03<00:55,  3.03it/s]
Epoch 3/10:  69%|██████▉   | 377/545 [02:04<00:55,  3.03it/s]
Epoch 3/10:  69%|██████▉   | 378/545 [02:04<00:55,  3.03it/s]
Epoch 3/10:  70%|██████▉   | 379/545 [02:04<00:54,  3.03it/s]
Epoch 3/10:  70%|██████▉   | 380/545 [02:05<00:54,  3.03it/s]
Epoch 3/10:  70%|██████▉   | 381/545 [02:05<00:54,  3.04it/s]
Epoch 3/10:  70%|███████   | 382/545 [02:05<00:53,  3.04it/s]
Epoch 3/10:  70%|███████   | 383/545 [02:06<00:53,  3.04it/s]
Epoch 3/10:  70%|███████   | 384/545 [02:06<00:53,  3.04it/s]
Epoch 3/10:  71%|███████   | 385/545 [02:06<00:52,  3.04it/s]
Epoch 3/10:  71%|███████   | 386/545 [02:07<00:52,  3.04it/s]
Epoch 3/10:  71%|███████   | 387/545 [02:07<00:52,  3.04it/s]
Epoch 3/10:  71%|███████   | 388/545 [02:07<00:51,  3.03it/s]
Epoch 3/10:  71%|███████▏  | 389/545 [02:08<00:51,  3.03it/s]
Epoch 3/10:  72%|███████▏  | 390/545 [02:08<00:51,  3.03it/s]
Epoch 3/10:  72%|███████▏  | 391/545 [02:08<00:50,  3.04it/s]
Epoch 3/10:  72%|███████▏  | 392/545 [02:09<00:50,  3.04it/s]
Epoch 3/10:  72%|███████▏  | 393/545 [02:09<00:50,  3.04it/s]
Epoch 3/10:  72%|███████▏  | 394/545 [02:09<00:49,  3.04it/s]
Epoch 3/10:  72%|███████▏  | 395/545 [02:10<00:49,  3.03it/s]
Epoch 3/10:  73%|███████▎  | 396/545 [02:10<00:49,  3.03it/s]
Epoch 3/10:  73%|███████▎  | 397/545 [02:10<00:48,  3.04it/s]
Epoch 3/10:  73%|███████▎  | 398/545 [02:11<00:48,  3.04it/s]
Epoch 3/10:  73%|███████▎  | 399/545 [02:11<00:48,  3.04it/s]
Epoch 3/10:  73%|███████▎  | 400/545 [02:11<00:47,  3.04it/s]
Epoch 3/10:  74%|███████▎  | 401/545 [02:12<00:47,  3.03it/s]
Epoch 3/10:  74%|███████▍  | 402/545 [02:12<00:47,  3.04it/s]
Epoch 3/10:  74%|███████▍  | 403/545 [02:12<00:46,  3.04it/s]
Epoch 3/10:  74%|███████▍  | 404/545 [02:13<00:46,  3.03it/s]
Epoch 3/10:  74%|███████▍  | 405/545 [02:13<00:46,  3.04it/s]
Epoch 3/10:  74%|███████▍  | 406/545 [02:13<00:45,  3.03it/s]
Epoch 3/10:  75%|███████▍  | 407/545 [02:14<00:45,  3.03it/s]
Epoch 3/10:  75%|███████▍  | 408/545 [02:14<00:45,  3.03it/s]
Epoch 3/10:  75%|███████▌  | 409/545 [02:14<00:44,  3.04it/s]
Epoch 3/10:  75%|███████▌  | 410/545 [02:15<00:44,  3.03it/s]
Epoch 3/10:  75%|███████▌  | 411/545 [02:15<00:44,  3.03it/s]
Epoch 3/10:  76%|███████▌  | 412/545 [02:15<00:43,  3.03it/s]
Epoch 3/10:  76%|███████▌  | 413/545 [02:16<00:43,  3.03it/s]
Epoch 3/10:  76%|███████▌  | 414/545 [02:16<00:43,  3.03it/s]
Epoch 3/10:  76%|███████▌  | 415/545 [02:16<00:42,  3.03it/s]
Epoch 3/10:  76%|███████▋  | 416/545 [02:17<00:42,  3.03it/s]
Epoch 3/10:  77%|███████▋  | 417/545 [02:17<00:42,  3.03it/s]
Epoch 3/10:  77%|███████▋  | 418/545 [02:17<00:41,  3.03it/s]
Epoch 3/10:  77%|███████▋  | 419/545 [02:18<00:41,  3.03it/s]
Epoch 3/10:  77%|███████▋  | 420/545 [02:18<00:41,  3.03it/s]
Epoch 3/10:  77%|███████▋  | 421/545 [02:18<00:40,  3.03it/s]
Epoch 3/10:  77%|███████▋  | 422/545 [02:19<00:40,  3.03it/s]
Epoch 3/10:  78%|███████▊  | 423/545 [02:19<00:40,  3.03it/s]
Epoch 3/10:  78%|███████▊  | 424/545 [02:19<00:39,  3.04it/s]
Epoch 3/10:  78%|███████▊  | 425/545 [02:20<00:39,  3.04it/s]
Epoch 3/10:  78%|███████▊  | 426/545 [02:20<00:39,  3.03it/s]
Epoch 3/10:  78%|███████▊  | 427/545 [02:20<00:38,  3.04it/s]
Epoch 3/10:  79%|███████▊  | 428/545 [02:21<00:38,  3.03it/s]
Epoch 3/10:  79%|███████▊  | 429/545 [02:21<00:38,  3.03it/s]
Epoch 3/10:  79%|███████▉  | 430/545 [02:21<00:37,  3.03it/s]
Epoch 3/10:  79%|███████▉  | 431/545 [02:22<00:37,  3.03it/s]
Epoch 3/10:  79%|███████▉  | 432/545 [02:22<00:37,  3.03it/s]
Epoch 3/10:  79%|███████▉  | 433/545 [02:22<00:36,  3.03it/s]
Epoch 3/10:  80%|███████▉  | 434/545 [02:23<00:36,  3.03it/s]
Epoch 3/10:  80%|███████▉  | 435/545 [02:23<00:36,  3.04it/s]
Epoch 3/10:  80%|████████  | 436/545 [02:23<00:35,  3.03it/s]
Epoch 3/10:  80%|████████  | 437/545 [02:24<00:35,  3.03it/s]
Epoch 3/10:  80%|████████  | 438/545 [02:24<00:35,  3.03it/s]
Epoch 3/10:  81%|████████  | 439/545 [02:24<00:34,  3.03it/s]
Epoch 3/10:  81%|████████  | 440/545 [02:24<00:34,  3.03it/s]
Epoch 3/10:  81%|████████  | 441/545 [02:25<00:34,  3.03it/s]
Epoch 3/10:  81%|████████  | 442/545 [02:25<00:33,  3.04it/s]
Epoch 3/10:  81%|████████▏ | 443/545 [02:25<00:33,  3.03it/s]
Epoch 3/10:  81%|████████▏ | 444/545 [02:26<00:33,  3.03it/s]
Epoch 3/10:  82%|████████▏ | 445/545 [02:26<00:32,  3.03it/s]
Epoch 3/10:  82%|████████▏ | 446/545 [02:26<00:32,  3.03it/s]
Epoch 3/10:  82%|████████▏ | 447/545 [02:27<00:32,  3.03it/s]
Epoch 3/10:  82%|████████▏ | 448/545 [02:27<00:31,  3.03it/s]
Epoch 3/10:  82%|████████▏ | 449/545 [02:27<00:31,  3.03it/s]
Epoch 3/10:  83%|████████▎ | 450/545 [02:28<00:31,  3.03it/s]
Epoch 3/10:  83%|████████▎ | 451/545 [02:28<00:30,  3.03it/s]
Epoch 3/10:  83%|████████▎ | 452/545 [02:28<00:30,  3.03it/s]
Epoch 3/10:  83%|████████▎ | 453/545 [02:29<00:30,  3.03it/s]
Epoch 3/10:  83%|████████▎ | 454/545 [02:29<00:29,  3.03it/s]
Epoch 3/10:  83%|████████▎ | 455/545 [02:29<00:29,  3.03it/s]
Epoch 3/10:  84%|████████▎ | 456/545 [02:30<00:29,  3.03it/s]
Epoch 3/10:  84%|████████▍ | 457/545 [02:30<00:29,  3.03it/s]
Epoch 3/10:  84%|████████▍ | 458/545 [02:30<00:28,  3.03it/s]
Epoch 3/10:  84%|████████▍ | 459/545 [02:31<00:28,  3.03it/s]
Epoch 3/10:  84%|████████▍ | 460/545 [02:31<00:28,  3.03it/s]
Epoch 3/10:  85%|████████▍ | 461/545 [02:31<00:27,  3.03it/s]
Epoch 3/10:  85%|████████▍ | 462/545 [02:32<00:27,  3.03it/s]
Epoch 3/10:  85%|████████▍ | 463/545 [02:32<00:27,  3.03it/s]
Epoch 3/10:  85%|████████▌ | 464/545 [02:32<00:26,  3.03it/s]
Epoch 3/10:  85%|████████▌ | 465/545 [02:33<00:26,  3.03it/s]
Epoch 3/10:  86%|████████▌ | 466/545 [02:33<00:26,  3.03it/s]
Epoch 3/10:  86%|████████▌ | 467/545 [02:33<00:25,  3.03it/s]
Epoch 3/10:  86%|████████▌ | 468/545 [02:34<00:25,  3.03it/s]
Epoch 3/10:  86%|████████▌ | 469/545 [02:34<00:25,  3.03it/s]
Epoch 3/10:  86%|████████▌ | 470/545 [02:34<00:24,  3.03it/s]
Epoch 3/10:  86%|████████▋ | 471/545 [02:35<00:24,  3.03it/s]
Epoch 3/10:  87%|████████▋ | 472/545 [02:35<00:24,  3.04it/s]
Epoch 3/10:  87%|████████▋ | 473/545 [02:35<00:23,  3.04it/s]
Epoch 3/10:  87%|████████▋ | 474/545 [02:36<00:23,  3.04it/s]
Epoch 3/10:  87%|████████▋ | 475/545 [02:36<00:23,  3.04it/s]
Epoch 3/10:  87%|████████▋ | 476/545 [02:36<00:22,  3.04it/s]
Epoch 3/10:  88%|████████▊ | 477/545 [02:37<00:22,  3.04it/s]
Epoch 3/10:  88%|████████▊ | 478/545 [02:37<00:22,  3.04it/s]
Epoch 3/10:  88%|████████▊ | 479/545 [02:37<00:21,  3.04it/s]
Epoch 3/10:  88%|████████▊ | 480/545 [02:38<00:21,  3.03it/s]
Epoch 3/10:  88%|████████▊ | 481/545 [02:38<00:21,  3.03it/s]
Epoch 3/10:  88%|████████▊ | 482/545 [02:38<00:20,  3.03it/s]
Epoch 3/10:  89%|████████▊ | 483/545 [02:39<00:20,  3.03it/s]
Epoch 3/10:  89%|████████▉ | 484/545 [02:39<00:20,  3.03it/s]
Epoch 3/10:  89%|████████▉ | 485/545 [02:39<00:19,  3.03it/s]
Epoch 3/10:  89%|████████▉ | 486/545 [02:40<00:19,  3.03it/s]
Epoch 3/10:  89%|████████▉ | 487/545 [02:40<00:19,  3.03it/s]
Epoch 3/10:  90%|████████▉ | 488/545 [02:40<00:18,  3.03it/s]
Epoch 3/10:  90%|████████▉ | 489/545 [02:41<00:18,  3.04it/s]
Epoch 3/10:  90%|████████▉ | 490/545 [02:41<00:18,  3.04it/s]
Epoch 3/10:  90%|█████████ | 491/545 [02:41<00:17,  3.04it/s]
Epoch 3/10:  90%|█████████ | 492/545 [02:42<00:17,  3.04it/s]
Epoch 3/10:  90%|█████████ | 493/545 [02:42<00:17,  3.04it/s]
Epoch 3/10:  91%|█████████ | 494/545 [02:42<00:16,  3.04it/s]
Epoch 3/10:  91%|█████████ | 495/545 [02:43<00:16,  3.04it/s]
Epoch 3/10:  91%|█████████ | 496/545 [02:43<00:16,  3.03it/s]
Epoch 3/10:  91%|█████████ | 497/545 [02:43<00:15,  3.03it/s]
Epoch 3/10:  91%|█████████▏| 498/545 [02:44<00:15,  3.03it/s]
Epoch 3/10:  92%|█████████▏| 499/545 [02:44<00:15,  3.03it/s]
Epoch 3/10:  92%|█████████▏| 500/545 [02:44<00:14,  3.03it/s]
Epoch 3/10:  92%|█████████▏| 501/545 [02:45<00:14,  3.03it/s]
Epoch 3/10:  92%|█████████▏| 502/545 [02:45<00:14,  3.03it/s]
Epoch 3/10:  92%|█████████▏| 503/545 [02:45<00:13,  3.03it/s]
Epoch 3/10:  92%|█████████▏| 504/545 [02:46<00:13,  3.04it/s]
Epoch 3/10:  93%|█████████▎| 505/545 [02:46<00:13,  3.03it/s]
Epoch 3/10:  93%|█████████▎| 506/545 [02:46<00:12,  3.04it/s]
Epoch 3/10:  93%|█████████▎| 507/545 [02:47<00:12,  3.04it/s]
Epoch 3/10:  93%|█████████▎| 508/545 [02:47<00:12,  3.04it/s]
Epoch 3/10:  93%|█████████▎| 509/545 [02:47<00:11,  3.03it/s]
Epoch 3/10:  94%|█████████▎| 510/545 [02:48<00:11,  3.03it/s]
Epoch 3/10:  94%|█████████▍| 511/545 [02:48<00:11,  3.04it/s]
Epoch 3/10:  94%|█████████▍| 512/545 [02:48<00:10,  3.03it/s]
Epoch 3/10:  94%|█████████▍| 513/545 [02:49<00:10,  3.03it/s]
Epoch 3/10:  94%|█████████▍| 514/545 [02:49<00:10,  3.03it/s]
Epoch 3/10:  94%|█████████▍| 515/545 [02:49<00:09,  3.04it/s]
Epoch 3/10:  95%|█████████▍| 516/545 [02:50<00:09,  3.03it/s]
Epoch 3/10:  95%|█████████▍| 517/545 [02:50<00:09,  3.04it/s]
Epoch 3/10:  95%|█████████▌| 518/545 [02:50<00:08,  3.04it/s]
Epoch 3/10:  95%|█████████▌| 519/545 [02:51<00:08,  3.03it/s]
Epoch 3/10:  95%|█████████▌| 520/545 [02:51<00:08,  3.03it/s]
Epoch 3/10:  96%|█████████▌| 521/545 [02:51<00:07,  3.04it/s]
Epoch 3/10:  96%|█████████▌| 522/545 [02:52<00:07,  3.04it/s]
Epoch 3/10:  96%|█████████▌| 523/545 [02:52<00:07,  3.03it/s]
Epoch 3/10:  96%|█████████▌| 524/545 [02:52<00:06,  3.03it/s]
Epoch 3/10:  96%|█████████▋| 525/545 [02:53<00:06,  3.04it/s]
Epoch 3/10:  97%|█████████▋| 526/545 [02:53<00:06,  3.03it/s]
Epoch 3/10:  97%|█████████▋| 527/545 [02:53<00:05,  3.03it/s]
Epoch 3/10:  97%|█████████▋| 528/545 [02:53<00:05,  3.04it/s]
Epoch 3/10:  97%|█████████▋| 529/545 [02:54<00:05,  3.04it/s]
Epoch 3/10:  97%|█████████▋| 530/545 [02:54<00:04,  3.03it/s]
Epoch 3/10:  97%|█████████▋| 531/545 [02:54<00:04,  3.03it/s]
Epoch 3/10:  98%|█████████▊| 532/545 [02:55<00:04,  3.04it/s]
Epoch 3/10:  98%|█████████▊| 533/545 [02:55<00:03,  3.04it/s]
Epoch 3/10:  98%|█████████▊| 534/545 [02:55<00:03,  3.03it/s]
Epoch 3/10:  98%|█████████▊| 535/545 [02:56<00:03,  3.04it/s]
Epoch 3/10:  98%|█████████▊| 536/545 [02:56<00:02,  3.04it/s]
Epoch 3/10:  99%|█████████▊| 537/545 [02:56<00:02,  3.04it/s]
Epoch 3/10:  99%|█████████▊| 538/545 [02:57<00:02,  3.03it/s]
Epoch 3/10:  99%|█████████▉| 539/545 [02:57<00:01,  3.03it/s]
Epoch 3/10:  99%|█████████▉| 540/545 [02:57<00:01,  3.04it/s]
Epoch 3/10:  99%|█████████▉| 541/545 [02:58<00:01,  3.03it/s]
Epoch 3/10:  99%|█████████▉| 542/545 [02:58<00:00,  3.03it/s]
Epoch 3/10: 100%|█████████▉| 543/545 [02:58<00:00,  3.03it/s]
Epoch 3/10: 100%|█████████▉| 544/545 [02:59<00:00,  3.03it/s]
Epoch 3/10: 100%|██████████| 545/545 [02:59<00:00,  3.23it/s]
Epoch 3/10: 100%|██████████| 545/545 [02:59<00:00,  3.04it/s]

Epoch 4/10:   0%|          | 0/545 [00:00<?, ?it/s]
Epoch 4/10:   0%|          | 1/545 [00:00<03:06,  2.92it/s]
Epoch 4/10:   0%|          | 2/545 [00:00<03:01,  2.98it/s]
Epoch 4/10:   1%|          | 3/545 [00:01<03:00,  3.01it/s]
Epoch 4/10:   1%|          | 4/545 [00:01<02:59,  3.02it/s]
Epoch 4/10:   1%|          | 5/545 [00:01<02:58,  3.02it/s]
Epoch 4/10:   1%|          | 6/545 [00:01<02:58,  3.03it/s]
Epoch 4/10:   1%|▏         | 7/545 [00:02<02:57,  3.03it/s]
Epoch 4/10:   1%|▏         | 8/545 [00:02<02:57,  3.03it/s]
Epoch 4/10:   2%|▏         | 9/545 [00:02<02:56,  3.03it/s]
Epoch 4/10:   2%|▏         | 10/545 [00:03<02:56,  3.03it/s]
Epoch 4/10:   2%|▏         | 11/545 [00:03<02:55,  3.03it/s]
Epoch 4/10:   2%|▏         | 12/545 [00:03<02:55,  3.03it/s]
Epoch 4/10:   2%|▏         | 13/545 [00:04<02:55,  3.03it/s]
Epoch 4/10:   3%|▎         | 14/545 [00:04<02:54,  3.04it/s]
Epoch 4/10:   3%|▎         | 15/545 [00:04<02:54,  3.03it/s]
Epoch 4/10:   3%|▎         | 16/545 [00:05<02:54,  3.03it/s]
Epoch 4/10:   3%|▎         | 17/545 [00:05<02:54,  3.03it/s]
Epoch 4/10:   3%|▎         | 18/545 [00:05<02:53,  3.03it/s]
Epoch 4/10:   3%|▎         | 19/545 [00:06<02:53,  3.03it/s]
Epoch 4/10:   4%|▎         | 20/545 [00:06<02:53,  3.03it/s]
Epoch 4/10:   4%|▍         | 21/545 [00:06<02:52,  3.03it/s]
Epoch 4/10:   4%|▍         | 22/545 [00:07<02:52,  3.03it/s]
Epoch 4/10:   4%|▍         | 23/545 [00:07<02:52,  3.03it/s]
Epoch 4/10:   4%|▍         | 24/545 [00:07<02:51,  3.03it/s]
Epoch 4/10:   5%|▍         | 25/545 [00:08<02:51,  3.03it/s]
Epoch 4/10:   5%|▍         | 26/545 [00:08<02:50,  3.04it/s]
Epoch 4/10:   5%|▍         | 27/545 [00:08<02:50,  3.04it/s]
Epoch 4/10:   5%|▌         | 28/545 [00:09<02:50,  3.04it/s]
Epoch 4/10:   5%|▌         | 29/545 [00:09<02:50,  3.04it/s]
Epoch 4/10:   6%|▌         | 30/545 [00:09<02:49,  3.03it/s]
Epoch 4/10:   6%|▌         | 31/545 [00:10<02:49,  3.03it/s]
Epoch 4/10:   6%|▌         | 32/545 [00:10<02:49,  3.03it/s]
Epoch 4/10:   6%|▌         | 33/545 [00:10<02:48,  3.03it/s]
Epoch 4/10:   6%|▌         | 34/545 [00:11<02:48,  3.03it/s]
Epoch 4/10:   6%|▋         | 35/545 [00:11<02:48,  3.03it/s]
Epoch 4/10:   7%|▋         | 36/545 [00:11<02:47,  3.03it/s]
Epoch 4/10:   7%|▋         | 37/545 [00:12<02:47,  3.03it/s]
Epoch 4/10:   7%|▋         | 38/545 [00:12<02:47,  3.03it/s]
Epoch 4/10:   7%|▋         | 39/545 [00:12<02:46,  3.03it/s]
Epoch 4/10:   7%|▋         | 40/545 [00:13<02:46,  3.03it/s]
Epoch 4/10:   8%|▊         | 41/545 [00:13<02:46,  3.03it/s]
Epoch 4/10:   8%|▊         | 42/545 [00:13<02:45,  3.03it/s]
Epoch 4/10:   8%|▊         | 43/545 [00:14<02:45,  3.03it/s]
Epoch 4/10:   8%|▊         | 44/545 [00:14<02:45,  3.03it/s]
Epoch 4/10:   8%|▊         | 45/545 [00:14<02:44,  3.03it/s]
Epoch 4/10:   8%|▊         | 46/545 [00:15<02:44,  3.03it/s]
Epoch 4/10:   9%|▊         | 47/545 [00:15<02:44,  3.03it/s]
Epoch 4/10:   9%|▉         | 48/545 [00:15<02:43,  3.03it/s]
Epoch 4/10:   9%|▉         | 49/545 [00:16<02:43,  3.03it/s]
Epoch 4/10:   9%|▉         | 50/545 [00:16<02:43,  3.03it/s]
Epoch 4/10:   9%|▉         | 51/545 [00:16<02:42,  3.03it/s]
Epoch 4/10:  10%|▉         | 52/545 [00:17<02:42,  3.03it/s]
Epoch 4/10:  10%|▉         | 53/545 [00:17<02:42,  3.03it/s]
Epoch 4/10:  10%|▉         | 54/545 [00:17<02:41,  3.03it/s]
Epoch 4/10:  10%|█         | 55/545 [00:18<02:41,  3.03it/s]
Epoch 4/10:  10%|█         | 56/545 [00:18<02:41,  3.03it/s]
Epoch 4/10:  10%|█         | 57/545 [00:18<02:40,  3.03it/s]
Epoch 4/10:  11%|█         | 58/545 [00:19<02:40,  3.03it/s]
Epoch 4/10:  11%|█         | 59/545 [00:19<02:40,  3.03it/s]
Epoch 4/10:  11%|█         | 60/545 [00:19<02:39,  3.03it/s]
Epoch 4/10:  11%|█         | 61/545 [00:20<02:39,  3.03it/s]
Epoch 4/10:  11%|█▏        | 62/545 [00:20<02:39,  3.03it/s]
Epoch 4/10:  12%|█▏        | 63/545 [00:20<02:38,  3.03it/s]
Epoch 4/10:  12%|█▏        | 64/545 [00:21<02:38,  3.03it/s]
Epoch 4/10:  12%|█▏        | 65/545 [00:21<02:38,  3.03it/s]
Epoch 4/10:  12%|█▏        | 66/545 [00:21<02:37,  3.03it/s]
Epoch 4/10:  12%|█▏        | 67/545 [00:22<02:37,  3.03it/s]
Epoch 4/10:  12%|█▏        | 68/545 [00:22<02:37,  3.03it/s]
Epoch 4/10:  13%|█▎        | 69/545 [00:22<02:36,  3.03it/s]
Epoch 4/10:  13%|█▎        | 70/545 [00:23<02:36,  3.03it/s]
Epoch 4/10:  13%|█▎        | 71/545 [00:23<02:36,  3.03it/s]
Epoch 4/10:  13%|█▎        | 72/545 [00:23<02:36,  3.03it/s]
Epoch 4/10:  13%|█▎        | 73/545 [00:24<02:35,  3.03it/s]
Epoch 4/10:  14%|█▎        | 74/545 [00:24<02:35,  3.03it/s]
Epoch 4/10:  14%|█▍        | 75/545 [00:24<02:34,  3.03it/s]
Epoch 4/10:  14%|█▍        | 76/545 [00:25<02:34,  3.03it/s]
Epoch 4/10:  14%|█▍        | 77/545 [00:25<02:34,  3.03it/s]
Epoch 4/10:  14%|█▍        | 78/545 [00:25<02:33,  3.03it/s]
Epoch 4/10:  14%|█▍        | 79/545 [00:26<02:33,  3.03it/s]
Epoch 4/10:  15%|█▍        | 80/545 [00:26<02:33,  3.03it/s]
Epoch 4/10:  15%|█▍        | 81/545 [00:26<02:32,  3.03it/s]
Epoch 4/10:  15%|█▌        | 82/545 [00:27<02:32,  3.03it/s]
Epoch 4/10:  15%|█▌        | 83/545 [00:27<02:32,  3.03it/s]
Epoch 4/10:  15%|█▌        | 84/545 [00:27<02:31,  3.03it/s]
Epoch 4/10:  16%|█▌        | 85/545 [00:28<02:31,  3.03it/s]
Epoch 4/10:  16%|█▌        | 86/545 [00:28<02:31,  3.03it/s]
Epoch 4/10:  16%|█▌        | 87/545 [00:28<02:30,  3.03it/s]
Epoch 4/10:  16%|█▌        | 88/545 [00:29<02:30,  3.03it/s]
Epoch 4/10:  16%|█▋        | 89/545 [00:29<02:30,  3.03it/s]
Epoch 4/10:  17%|█▋        | 90/545 [00:29<02:29,  3.03it/s]
Epoch 4/10:  17%|█▋        | 91/545 [00:30<02:29,  3.03it/s]
Epoch 4/10:  17%|█▋        | 92/545 [00:30<02:29,  3.03it/s]
Epoch 4/10:  17%|█▋        | 93/545 [00:30<02:28,  3.03it/s]
Epoch 4/10:  17%|█▋        | 94/545 [00:30<02:28,  3.03it/s]
Epoch 4/10:  17%|█▋        | 95/545 [00:31<02:28,  3.03it/s]
Epoch 4/10:  18%|█▊        | 96/545 [00:31<02:27,  3.03it/s]
Epoch 4/10:  18%|█▊        | 97/545 [00:31<02:27,  3.03it/s]
Epoch 4/10:  18%|█▊        | 98/545 [00:32<02:27,  3.04it/s]
Epoch 4/10:  18%|█▊        | 99/545 [00:32<02:26,  3.04it/s]
Epoch 4/10:  18%|█▊        | 100/545 [00:32<02:26,  3.03it/s]
Epoch 4/10:  19%|█▊        | 101/545 [00:33<02:26,  3.03it/s]
Epoch 4/10:  19%|█▊        | 102/545 [00:33<02:25,  3.04it/s]
Epoch 4/10:  19%|█▉        | 103/545 [00:33<02:25,  3.04it/s]
Epoch 4/10:  19%|█▉        | 104/545 [00:34<02:25,  3.04it/s]
Epoch 4/10:  19%|█▉        | 105/545 [00:34<02:24,  3.04it/s]
Epoch 4/10:  19%|█▉        | 106/545 [00:34<02:24,  3.04it/s]
Epoch 4/10:  20%|█▉        | 107/545 [00:35<02:24,  3.03it/s]
Epoch 4/10:  20%|█▉        | 108/545 [00:35<02:24,  3.03it/s]
Epoch 4/10:  20%|██        | 109/545 [00:35<02:23,  3.03it/s]
Epoch 4/10:  20%|██        | 110/545 [00:36<02:23,  3.03it/s]
Epoch 4/10:  20%|██        | 111/545 [00:36<02:23,  3.03it/s]
Epoch 4/10:  21%|██        | 112/545 [00:36<02:22,  3.03it/s]
Epoch 4/10:  21%|██        | 113/545 [00:37<02:22,  3.03it/s]
Epoch 4/10:  21%|██        | 114/545 [00:37<02:22,  3.03it/s]
Epoch 4/10:  21%|██        | 115/545 [00:37<02:21,  3.03it/s]
Epoch 4/10:  21%|██▏       | 116/545 [00:38<02:21,  3.03it/s]
Epoch 4/10:  21%|██▏       | 117/545 [00:38<02:21,  3.03it/s]
Epoch 4/10:  22%|██▏       | 118/545 [00:38<02:20,  3.03it/s]
Epoch 4/10:  22%|██▏       | 119/545 [00:39<02:20,  3.03it/s]
Epoch 4/10:  22%|██▏       | 120/545 [00:39<02:20,  3.03it/s]
Epoch 4/10:  22%|██▏       | 121/545 [00:39<02:19,  3.03it/s]
Epoch 4/10:  22%|██▏       | 122/545 [00:40<02:19,  3.03it/s]
Epoch 4/10:  23%|██▎       | 123/545 [00:40<02:19,  3.03it/s]
Epoch 4/10:  23%|██▎       | 124/545 [00:40<02:18,  3.03it/s]
Epoch 4/10:  23%|██▎       | 125/545 [00:41<02:18,  3.03it/s]
Epoch 4/10:  23%|██▎       | 126/545 [00:41<02:18,  3.03it/s]
Epoch 4/10:  23%|██▎       | 127/545 [00:41<02:17,  3.03it/s]
Epoch 4/10:  23%|██▎       | 128/545 [00:42<02:17,  3.03it/s]
Epoch 4/10:  24%|██▎       | 129/545 [00:42<02:17,  3.03it/s]
Epoch 4/10:  24%|██▍       | 130/545 [00:42<02:16,  3.03it/s]
Epoch 4/10:  24%|██▍       | 131/545 [00:43<02:16,  3.03it/s]
Epoch 4/10:  24%|██▍       | 132/545 [00:43<02:16,  3.03it/s]
Epoch 4/10:  24%|██▍       | 133/545 [00:43<02:15,  3.03it/s]
Epoch 4/10:  25%|██▍       | 134/545 [00:44<02:15,  3.03it/s]
Epoch 4/10:  25%|██▍       | 135/545 [00:44<02:15,  3.03it/s]
Epoch 4/10:  25%|██▍       | 136/545 [00:44<02:14,  3.03it/s]
Epoch 4/10:  25%|██▌       | 137/545 [00:45<02:14,  3.03it/s]
Epoch 4/10:  25%|██▌       | 138/545 [00:45<02:14,  3.03it/s]
Epoch 4/10:  26%|██▌       | 139/545 [00:45<02:13,  3.03it/s]
Epoch 4/10:  26%|██▌       | 140/545 [00:46<02:13,  3.03it/s]
Epoch 4/10:  26%|██▌       | 141/545 [00:46<02:13,  3.03it/s]
Epoch 4/10:  26%|██▌       | 142/545 [00:46<02:12,  3.03it/s]
Epoch 4/10:  26%|██▌       | 143/545 [00:47<02:12,  3.03it/s]
Epoch 4/10:  26%|██▋       | 144/545 [00:47<02:12,  3.03it/s]
Epoch 4/10:  27%|██▋       | 145/545 [00:47<02:11,  3.03it/s]
Epoch 4/10:  27%|██▋       | 146/545 [00:48<02:11,  3.04it/s]
Epoch 4/10:  27%|██▋       | 147/545 [00:48<02:11,  3.03it/s]
Epoch 4/10:  27%|██▋       | 148/545 [00:48<02:10,  3.03it/s]
Epoch 4/10:  27%|██▋       | 149/545 [00:49<02:10,  3.04it/s]
Epoch 4/10:  28%|██▊       | 150/545 [00:49<02:10,  3.04it/s]
Epoch 4/10:  28%|██▊       | 151/545 [00:49<02:09,  3.03it/s]
Epoch 4/10:  28%|██▊       | 152/545 [00:50<02:09,  3.03it/s]
Epoch 4/10:  28%|██▊       | 153/545 [00:50<02:09,  3.03it/s]
Epoch 4/10:  28%|██▊       | 154/545 [00:50<02:08,  3.03it/s]
Epoch 4/10:  28%|██▊       | 155/545 [00:51<02:08,  3.03it/s]
Epoch 4/10:  29%|██▊       | 156/545 [00:51<02:08,  3.03it/s]
Epoch 4/10:  29%|██▉       | 157/545 [00:51<02:07,  3.03it/s]
Epoch 4/10:  29%|██▉       | 158/545 [00:52<02:07,  3.03it/s]
Epoch 4/10:  29%|██▉       | 159/545 [00:52<02:07,  3.03it/s]
Epoch 4/10:  29%|██▉       | 160/545 [00:52<02:06,  3.03it/s]
Epoch 4/10:  30%|██▉       | 161/545 [00:53<02:06,  3.03it/s]
Epoch 4/10:  30%|██▉       | 162/545 [00:53<02:06,  3.03it/s]
Epoch 4/10:  30%|██▉       | 163/545 [00:53<02:05,  3.03it/s]
Epoch 4/10:  30%|███       | 164/545 [00:54<02:05,  3.03it/s]
Epoch 4/10:  30%|███       | 165/545 [00:54<02:05,  3.03it/s]
Epoch 4/10:  30%|███       | 166/545 [00:54<02:04,  3.03it/s]
Epoch 4/10:  31%|███       | 167/545 [00:55<02:04,  3.03it/s]
Epoch 4/10:  31%|███       | 168/545 [00:55<02:04,  3.03it/s]
Epoch 4/10:  31%|███       | 169/545 [00:55<02:03,  3.03it/s]
Epoch 4/10:  31%|███       | 170/545 [00:56<02:03,  3.03it/s]
Epoch 4/10:  31%|███▏      | 171/545 [00:56<02:03,  3.03it/s]
Epoch 4/10:  32%|███▏      | 172/545 [00:56<02:02,  3.03it/s]
Epoch 4/10:  32%|███▏      | 173/545 [00:57<02:02,  3.03it/s]
Epoch 4/10:  32%|███▏      | 174/545 [00:57<02:02,  3.03it/s]
Epoch 4/10:  32%|███▏      | 175/545 [00:57<02:01,  3.03it/s]
Epoch 4/10:  32%|███▏      | 176/545 [00:58<02:01,  3.03it/s]
Epoch 4/10:  32%|███▏      | 177/545 [00:58<02:01,  3.03it/s]
Epoch 4/10:  33%|███▎      | 178/545 [00:58<02:00,  3.03it/s]
Epoch 4/10:  33%|███▎      | 179/545 [00:59<02:00,  3.03it/s]
Epoch 4/10:  33%|███▎      | 180/545 [00:59<02:00,  3.03it/s]
Epoch 4/10:  33%|███▎      | 181/545 [00:59<01:59,  3.03it/s]
Epoch 4/10:  33%|███▎      | 182/545 [00:59<01:59,  3.03it/s]
Epoch 4/10:  34%|███▎      | 183/545 [01:00<01:59,  3.03it/s]
Epoch 4/10:  34%|███▍      | 184/545 [01:00<02:00,  3.01it/s]
Epoch 4/10:  34%|███▍      | 185/545 [01:00<01:59,  3.01it/s]
Epoch 4/10:  34%|███▍      | 186/545 [01:01<01:58,  3.02it/s]
Epoch 4/10:  34%|███▍      | 187/545 [01:01<01:58,  3.02it/s]
Epoch 4/10:  34%|███▍      | 188/545 [01:01<01:57,  3.03it/s]
Epoch 4/10:  35%|███▍      | 189/545 [01:02<01:57,  3.03it/s]
Epoch 4/10:  35%|███▍      | 190/545 [01:02<01:57,  3.03it/s]
Epoch 4/10:  35%|███▌      | 191/545 [01:02<01:56,  3.03it/s]
Epoch 4/10:  35%|███▌      | 192/545 [01:03<01:56,  3.03it/s]
Epoch 4/10:  35%|███▌      | 193/545 [01:03<01:56,  3.03it/s]
Epoch 4/10:  36%|███▌      | 194/545 [01:03<01:55,  3.03it/s]
Epoch 4/10:  36%|███▌      | 195/545 [01:04<01:55,  3.03it/s]
Epoch 4/10:  36%|███▌      | 196/545 [01:04<01:54,  3.04it/s]
Epoch 4/10:  36%|███▌      | 197/545 [01:04<01:54,  3.03it/s]
Epoch 4/10:  36%|███▋      | 198/545 [01:05<01:54,  3.03it/s]
Epoch 4/10:  37%|███▋      | 199/545 [01:05<01:54,  3.03it/s]
Epoch 4/10:  37%|███▋      | 200/545 [01:05<01:53,  3.03it/s]
Epoch 4/10:  37%|███▋      | 201/545 [01:06<01:53,  3.03it/s]
Epoch 4/10:  37%|███▋      | 202/545 [01:06<01:53,  3.03it/s]
Epoch 4/10:  37%|███▋      | 203/545 [01:06<01:52,  3.03it/s]
Epoch 4/10:  37%|███▋      | 204/545 [01:07<01:52,  3.03it/s]
Epoch 4/10:  38%|███▊      | 205/545 [01:07<01:52,  3.03it/s]
Epoch 4/10:  38%|███▊      | 206/545 [01:07<01:51,  3.03it/s]
Epoch 4/10:  38%|███▊      | 207/545 [01:08<01:51,  3.03it/s]
Epoch 4/10:  38%|███▊      | 208/545 [01:08<01:51,  3.03it/s]
Epoch 4/10:  38%|███▊      | 209/545 [01:08<01:50,  3.03it/s]
Epoch 4/10:  39%|███▊      | 210/545 [01:09<01:50,  3.03it/s]
Epoch 4/10:  39%|███▊      | 211/545 [01:09<01:50,  3.03it/s]
Epoch 4/10:  39%|███▉      | 212/545 [01:09<01:49,  3.03it/s]
Epoch 4/10:  39%|███▉      | 213/545 [01:10<01:49,  3.03it/s]
Epoch 4/10:  39%|███▉      | 214/545 [01:10<01:49,  3.03it/s]
Epoch 4/10:  39%|███▉      | 215/545 [01:10<01:48,  3.03it/s]
Epoch 4/10:  40%|███▉      | 216/545 [01:11<01:48,  3.03it/s]
Epoch 4/10:  40%|███▉      | 217/545 [01:11<01:48,  3.03it/s]
Epoch 4/10:  40%|████      | 218/545 [01:11<01:47,  3.03it/s]
Epoch 4/10:  40%|████      | 219/545 [01:12<01:47,  3.03it/s]
Epoch 4/10:  40%|████      | 220/545 [01:12<01:47,  3.03it/s]
Epoch 4/10:  41%|████      | 221/545 [01:12<01:46,  3.03it/s]
Epoch 4/10:  41%|████      | 222/545 [01:13<01:46,  3.03it/s]
Epoch 4/10:  41%|████      | 223/545 [01:13<01:46,  3.03it/s]
Epoch 4/10:  41%|████      | 224/545 [01:13<01:45,  3.03it/s]
Epoch 4/10:  41%|████▏     | 225/545 [01:14<01:45,  3.03it/s]
Epoch 4/10:  41%|████▏     | 226/545 [01:14<01:45,  3.03it/s]
Epoch 4/10:  42%|████▏     | 227/545 [01:14<01:44,  3.03it/s]
Epoch 4/10:  42%|████▏     | 228/545 [01:15<01:44,  3.03it/s]
Epoch 4/10:  42%|████▏     | 229/545 [01:15<01:44,  3.03it/s]
Epoch 4/10:  42%|████▏     | 230/545 [01:15<01:43,  3.03it/s]
Epoch 4/10:  42%|████▏     | 231/545 [01:16<01:43,  3.03it/s]
Epoch 4/10:  43%|████▎     | 232/545 [01:16<01:43,  3.03it/s]
Epoch 4/10:  43%|████▎     | 233/545 [01:16<01:42,  3.03it/s]
Epoch 4/10:  43%|████▎     | 234/545 [01:17<01:42,  3.03it/s]
Epoch 4/10:  43%|████▎     | 235/545 [01:17<01:42,  3.03it/s]
Epoch 4/10:  43%|████▎     | 236/545 [01:17<01:41,  3.03it/s]
Epoch 4/10:  43%|████▎     | 237/545 [01:18<01:41,  3.03it/s]
Epoch 4/10:  44%|████▎     | 238/545 [01:18<01:41,  3.03it/s]
Epoch 4/10:  44%|████▍     | 239/545 [01:18<01:40,  3.03it/s]
Epoch 4/10:  44%|████▍     | 240/545 [01:19<01:40,  3.03it/s]
Epoch 4/10:  44%|████▍     | 241/545 [01:19<01:40,  3.03it/s]
Epoch 4/10:  44%|████▍     | 242/545 [01:19<01:39,  3.03it/s]
Epoch 4/10:  45%|████▍     | 243/545 [01:20<01:39,  3.03it/s]
Epoch 4/10:  45%|████▍     | 244/545 [01:20<01:39,  3.03it/s]
Epoch 4/10:  45%|████▍     | 245/545 [01:20<01:38,  3.03it/s]
Epoch 4/10:  45%|████▌     | 246/545 [01:21<01:38,  3.03it/s]
Epoch 4/10:  45%|████▌     | 247/545 [01:21<01:38,  3.03it/s]
Epoch 4/10:  46%|████▌     | 248/545 [01:21<01:37,  3.03it/s]
Epoch 4/10:  46%|████▌     | 249/545 [01:22<01:37,  3.03it/s]
Epoch 4/10:  46%|████▌     | 250/545 [01:22<01:37,  3.03it/s]
Epoch 4/10:  46%|████▌     | 251/545 [01:22<01:36,  3.03it/s]
Epoch 4/10:  46%|████▌     | 252/545 [01:23<01:36,  3.03it/s]
Epoch 4/10:  46%|████▋     | 253/545 [01:23<01:36,  3.03it/s]
Epoch 4/10:  47%|████▋     | 254/545 [01:23<01:35,  3.03it/s]
Epoch 4/10:  47%|████▋     | 255/545 [01:24<01:35,  3.03it/s]
Epoch 4/10:  47%|████▋     | 256/545 [01:24<01:35,  3.03it/s]
Epoch 4/10:  47%|████▋     | 257/545 [01:24<01:34,  3.03it/s]
Epoch 4/10:  47%|████▋     | 258/545 [01:25<01:34,  3.03it/s]
Epoch 4/10:  48%|████▊     | 259/545 [01:25<01:34,  3.03it/s]
Epoch 4/10:  48%|████▊     | 260/545 [01:25<01:33,  3.03it/s]
Epoch 4/10:  48%|████▊     | 261/545 [01:26<01:33,  3.03it/s]
Epoch 4/10:  48%|████▊     | 262/545 [01:26<01:33,  3.03it/s]
Epoch 4/10:  48%|████▊     | 263/545 [01:26<01:32,  3.03it/s]
Epoch 4/10:  48%|████▊     | 264/545 [01:27<01:32,  3.03it/s]
Epoch 4/10:  49%|████▊     | 265/545 [01:27<01:32,  3.03it/s]
Epoch 4/10:  49%|████▉     | 266/545 [01:27<01:31,  3.03it/s]
Epoch 4/10:  49%|████▉     | 267/545 [01:28<01:31,  3.03it/s]
Epoch 4/10:  49%|████▉     | 268/545 [01:28<01:31,  3.03it/s]
Epoch 4/10:  49%|████▉     | 269/545 [01:28<01:30,  3.03it/s]
Epoch 4/10:  50%|████▉     | 270/545 [01:29<01:30,  3.03it/s]
Epoch 4/10:  50%|████▉     | 271/545 [01:29<01:30,  3.03it/s]
Epoch 4/10:  50%|████▉     | 272/545 [01:29<01:29,  3.03it/s]
Epoch 4/10:  50%|█████     | 273/545 [01:29<01:29,  3.03it/s]
Epoch 4/10:  50%|█████     | 274/545 [01:30<01:29,  3.03it/s]
Epoch 4/10:  50%|█████     | 275/545 [01:30<01:28,  3.03it/s]
Epoch 4/10:  51%|█████     | 276/545 [01:30<01:28,  3.03it/s]
Epoch 4/10:  51%|█████     | 277/545 [01:31<01:28,  3.03it/s]
Epoch 4/10:  51%|█████     | 278/545 [01:31<01:28,  3.03it/s]
Epoch 4/10:  51%|█████     | 279/545 [01:31<01:27,  3.03it/s]
Epoch 4/10:  51%|█████▏    | 280/545 [01:32<01:27,  3.03it/s]
Epoch 4/10:  52%|█████▏    | 281/545 [01:32<01:27,  3.03it/s]
Epoch 4/10:  52%|█████▏    | 282/545 [01:32<01:26,  3.03it/s]
Epoch 4/10:  52%|█████▏    | 283/545 [01:33<01:26,  3.03it/s]
Epoch 4/10:  52%|█████▏    | 284/545 [01:33<01:26,  3.03it/s]
Epoch 4/10:  52%|█████▏    | 285/545 [01:33<01:25,  3.03it/s]
Epoch 4/10:  52%|█████▏    | 286/545 [01:34<01:25,  3.03it/s]
Epoch 4/10:  53%|█████▎    | 287/545 [01:34<01:25,  3.03it/s]
Epoch 4/10:  53%|█████▎    | 288/545 [01:34<01:24,  3.03it/s]
Epoch 4/10:  53%|█████▎    | 289/545 [01:35<01:24,  3.03it/s]
Epoch 4/10:  53%|█████▎    | 290/545 [01:35<01:24,  3.03it/s]
Epoch 4/10:  53%|█████▎    | 291/545 [01:35<01:23,  3.03it/s]
Epoch 4/10:  54%|█████▎    | 292/545 [01:36<01:23,  3.03it/s]
Epoch 4/10:  54%|█████▍    | 293/545 [01:36<01:23,  3.03it/s]
Epoch 4/10:  54%|█████▍    | 294/545 [01:36<01:22,  3.03it/s]
Epoch 4/10:  54%|█████▍    | 295/545 [01:37<01:22,  3.03it/s]
Epoch 4/10:  54%|█████▍    | 296/545 [01:37<01:22,  3.03it/s]
Epoch 4/10:  54%|█████▍    | 297/545 [01:37<01:21,  3.03it/s]
Epoch 4/10:  55%|█████▍    | 298/545 [01:38<01:21,  3.03it/s]
Epoch 4/10:  55%|█████▍    | 299/545 [01:38<01:21,  3.03it/s]
Epoch 4/10:  55%|█████▌    | 300/545 [01:38<01:20,  3.03it/s]
Epoch 4/10:  55%|█████▌    | 301/545 [01:39<01:20,  3.03it/s]
Epoch 4/10:  55%|█████▌    | 302/545 [01:39<01:20,  3.03it/s]
Epoch 4/10:  56%|█████▌    | 303/545 [01:39<01:19,  3.03it/s]
Epoch 4/10:  56%|█████▌    | 304/545 [01:40<01:19,  3.03it/s]
Epoch 4/10:  56%|█████▌    | 305/545 [01:40<01:19,  3.03it/s]
Epoch 4/10:  56%|█████▌    | 306/545 [01:40<01:18,  3.03it/s]
Epoch 4/10:  56%|█████▋    | 307/545 [01:41<01:18,  3.03it/s]
Epoch 4/10:  57%|█████▋    | 308/545 [01:41<01:18,  3.03it/s]
Epoch 4/10:  57%|█████▋    | 309/545 [01:41<01:17,  3.03it/s]
Epoch 4/10:  57%|█████▋    | 310/545 [01:42<01:17,  3.03it/s]
Epoch 4/10:  57%|█████▋    | 311/545 [01:42<01:17,  3.03it/s]
Epoch 4/10:  57%|█████▋    | 312/545 [01:42<01:16,  3.03it/s]
Epoch 4/10:  57%|█████▋    | 313/545 [01:43<01:16,  3.03it/s]
Epoch 4/10:  58%|█████▊    | 314/545 [01:43<01:16,  3.03it/s]
Epoch 4/10:  58%|█████▊    | 315/545 [01:43<01:15,  3.03it/s]
Epoch 4/10:  58%|█████▊    | 316/545 [01:44<01:15,  3.03it/s]
Epoch 4/10:  58%|█████▊    | 317/545 [01:44<01:15,  3.03it/s]
Epoch 4/10:  58%|█████▊    | 318/545 [01:44<01:14,  3.03it/s]
Epoch 4/10:  59%|█████▊    | 319/545 [01:45<01:14,  3.04it/s]
Epoch 4/10:  59%|█████▊    | 320/545 [01:45<01:14,  3.03it/s]
Epoch 4/10:  59%|█████▉    | 321/545 [01:45<01:13,  3.03it/s]
Epoch 4/10:  59%|█████▉    | 322/545 [01:46<01:13,  3.03it/s]
Epoch 4/10:  59%|█████▉    | 323/545 [01:46<01:13,  3.03it/s]
Epoch 4/10:  59%|█████▉    | 324/545 [01:46<01:12,  3.03it/s]
Epoch 4/10:  60%|█████▉    | 325/545 [01:47<01:12,  3.03it/s]
Epoch 4/10:  60%|█████▉    | 326/545 [01:47<01:12,  3.03it/s]
Epoch 4/10:  60%|██████    | 327/545 [01:47<01:11,  3.03it/s]
Epoch 4/10:  60%|██████    | 328/545 [01:48<01:11,  3.03it/s]
Epoch 4/10:  60%|██████    | 329/545 [01:48<01:11,  3.03it/s]
Epoch 4/10:  61%|██████    | 330/545 [01:48<01:10,  3.03it/s]
Epoch 4/10:  61%|██████    | 331/545 [01:49<01:10,  3.03it/s]
Epoch 4/10:  61%|██████    | 332/545 [01:49<01:10,  3.03it/s]
Epoch 4/10:  61%|██████    | 333/545 [01:49<01:09,  3.03it/s]
Epoch 4/10:  61%|██████▏   | 334/545 [01:50<01:09,  3.03it/s]
Epoch 4/10:  61%|██████▏   | 335/545 [01:50<01:09,  3.03it/s]
Epoch 4/10:  62%|██████▏   | 336/545 [01:50<01:08,  3.03it/s]
Epoch 4/10:  62%|██████▏   | 337/545 [01:51<01:08,  3.03it/s]
Epoch 4/10:  62%|██████▏   | 338/545 [01:51<01:08,  3.03it/s]
Epoch 4/10:  62%|██████▏   | 339/545 [01:51<01:07,  3.03it/s]
Epoch 4/10:  62%|██████▏   | 340/545 [01:52<01:07,  3.03it/s]
Epoch 4/10:  63%|██████▎   | 341/545 [01:52<01:07,  3.03it/s]
Epoch 4/10:  63%|██████▎   | 342/545 [01:52<01:06,  3.03it/s]
Epoch 4/10:  63%|██████▎   | 343/545 [01:53<01:06,  3.03it/s]
Epoch 4/10:  63%|██████▎   | 344/545 [01:53<01:06,  3.03it/s]
Epoch 4/10:  63%|██████▎   | 345/545 [01:53<01:05,  3.03it/s]
Epoch 4/10:  63%|██████▎   | 346/545 [01:54<01:05,  3.03it/s]
Epoch 4/10:  64%|██████▎   | 347/545 [01:54<01:05,  3.03it/s]
Epoch 4/10:  64%|██████▍   | 348/545 [01:54<01:04,  3.03it/s]
Epoch 4/10:  64%|██████▍   | 349/545 [01:55<01:04,  3.03it/s]
Epoch 4/10:  64%|██████▍   | 350/545 [01:55<01:04,  3.03it/s]
Epoch 4/10:  64%|██████▍   | 351/545 [01:55<01:03,  3.03it/s]
Epoch 4/10:  65%|██████▍   | 352/545 [01:56<01:03,  3.03it/s]
Epoch 4/10:  65%|██████▍   | 353/545 [01:56<01:03,  3.03it/s]
Epoch 4/10:  65%|██████▍   | 354/545 [01:56<01:02,  3.04it/s]
Epoch 4/10:  65%|██████▌   | 355/545 [01:57<01:02,  3.04it/s]
Epoch 4/10:  65%|██████▌   | 356/545 [01:57<01:02,  3.04it/s]
Epoch 4/10:  66%|██████▌   | 357/545 [01:57<01:01,  3.03it/s]
Epoch 4/10:  66%|██████▌   | 358/545 [01:58<01:01,  3.03it/s]
Epoch 4/10:  66%|██████▌   | 359/545 [01:58<01:01,  3.04it/s]
Epoch 4/10:  66%|██████▌   | 360/545 [01:58<01:00,  3.03it/s]
Epoch 4/10:  66%|██████▌   | 361/545 [01:59<01:00,  3.03it/s]
Epoch 4/10:  66%|██████▋   | 362/545 [01:59<01:00,  3.03it/s]
Epoch 4/10:  67%|██████▋   | 363/545 [01:59<00:59,  3.04it/s]
Epoch 4/10:  67%|██████▋   | 364/545 [01:59<00:59,  3.04it/s]
Epoch 4/10:  67%|██████▋   | 365/545 [02:00<00:59,  3.03it/s]
Epoch 4/10:  67%|██████▋   | 366/545 [02:00<00:58,  3.03it/s]
Epoch 4/10:  67%|██████▋   | 367/545 [02:00<00:59,  2.99it/s]
Epoch 4/10:  68%|██████▊   | 368/545 [02:01<00:58,  3.00it/s]
Epoch 4/10:  68%|██████▊   | 369/545 [02:01<00:58,  3.01it/s]
Epoch 4/10:  68%|██████▊   | 370/545 [02:01<00:57,  3.02it/s]
Epoch 4/10:  68%|██████▊   | 371/545 [02:02<00:57,  3.02it/s]
Epoch 4/10:  68%|██████▊   | 372/545 [02:02<00:57,  3.03it/s]
Epoch 4/10:  68%|██████▊   | 373/545 [02:02<00:56,  3.03it/s]
Epoch 4/10:  69%|██████▊   | 374/545 [02:03<00:56,  3.03it/s]
Epoch 4/10:  69%|██████▉   | 375/545 [02:03<00:56,  3.03it/s]
Epoch 4/10:  69%|██████▉   | 376/545 [02:03<00:55,  3.03it/s]
Epoch 4/10:  69%|██████▉   | 377/545 [02:04<00:55,  3.03it/s]
Epoch 4/10:  69%|██████▉   | 378/545 [02:04<00:55,  3.03it/s]
Epoch 4/10:  70%|██████▉   | 379/545 [02:04<00:54,  3.03it/s]
Epoch 4/10:  70%|██████▉   | 380/545 [02:05<00:54,  3.04it/s]
Epoch 4/10:  70%|██████▉   | 381/545 [02:05<00:54,  3.03it/s]
Epoch 4/10:  70%|███████   | 382/545 [02:05<00:53,  3.03it/s]
Epoch 4/10:  70%|███████   | 383/545 [02:06<00:53,  3.04it/s]
Epoch 4/10:  70%|███████   | 384/545 [02:06<00:53,  3.03it/s]
Epoch 4/10:  71%|███████   | 385/545 [02:06<00:52,  3.03it/s]
Epoch 4/10:  71%|███████   | 386/545 [02:07<00:52,  3.03it/s]
Epoch 4/10:  71%|███████   | 387/545 [02:07<00:52,  3.03it/s]
Epoch 4/10:  71%|███████   | 388/545 [02:07<00:51,  3.03it/s]
Epoch 4/10:  71%|███████▏  | 389/545 [02:08<00:51,  3.03it/s]
Epoch 4/10:  72%|███████▏  | 390/545 [02:08<00:51,  3.03it/s]
Epoch 4/10:  72%|███████▏  | 391/545 [02:08<00:50,  3.03it/s]
Epoch 4/10:  72%|███████▏  | 392/545 [02:09<00:50,  3.03it/s]
Epoch 4/10:  72%|███████▏  | 393/545 [02:09<00:50,  3.03it/s]
Epoch 4/10:  72%|███████▏  | 394/545 [02:09<00:49,  3.03it/s]
Epoch 4/10:  72%|███████▏  | 395/545 [02:10<00:49,  3.04it/s]
Epoch 4/10:  73%|███████▎  | 396/545 [02:10<00:49,  3.03it/s]
Epoch 4/10:  73%|███████▎  | 397/545 [02:10<00:48,  3.04it/s]
Epoch 4/10:  73%|███████▎  | 398/545 [02:11<00:48,  3.03it/s]
Epoch 4/10:  73%|███████▎  | 399/545 [02:11<00:48,  3.03it/s]
Epoch 4/10:  73%|███████▎  | 400/545 [02:11<00:47,  3.03it/s]
Epoch 4/10:  74%|███████▎  | 401/545 [02:12<00:47,  3.03it/s]
Epoch 4/10:  74%|███████▍  | 402/545 [02:12<00:47,  3.03it/s]
Epoch 4/10:  74%|███████▍  | 403/545 [02:12<00:46,  3.03it/s]
Epoch 4/10:  74%|███████▍  | 404/545 [02:13<00:46,  3.03it/s]
Epoch 4/10:  74%|███████▍  | 405/545 [02:13<00:46,  3.03it/s]
Epoch 4/10:  74%|███████▍  | 406/545 [02:13<00:45,  3.03it/s]
Epoch 4/10:  75%|███████▍  | 407/545 [02:14<00:45,  3.03it/s]
Epoch 4/10:  75%|███████▍  | 408/545 [02:14<00:45,  3.03it/s]
Epoch 4/10:  75%|███████▌  | 409/545 [02:14<00:44,  3.03it/s]
Epoch 4/10:  75%|███████▌  | 410/545 [02:15<00:44,  3.03it/s]
Epoch 4/10:  75%|███████▌  | 411/545 [02:15<00:44,  3.03it/s]
Epoch 4/10:  76%|███████▌  | 412/545 [02:15<00:43,  3.03it/s]
Epoch 4/10:  76%|███████▌  | 413/545 [02:16<00:43,  3.04it/s]
Epoch 4/10:  76%|███████▌  | 414/545 [02:16<00:43,  3.03it/s]
Epoch 4/10:  76%|███████▌  | 415/545 [02:16<00:42,  3.03it/s]
Epoch 4/10:  76%|███████▋  | 416/545 [02:17<00:42,  3.03it/s]
Epoch 4/10:  77%|███████▋  | 417/545 [02:17<00:42,  3.03it/s]
Epoch 4/10:  77%|███████▋  | 418/545 [02:17<00:41,  3.03it/s]
Epoch 4/10:  77%|███████▋  | 419/545 [02:18<00:41,  3.03it/s]
Epoch 4/10:  77%|███████▋  | 420/545 [02:18<00:41,  3.03it/s]
Epoch 4/10:  77%|███████▋  | 421/545 [02:18<00:40,  3.03it/s]
Epoch 4/10:  77%|███████▋  | 422/545 [02:19<00:40,  3.03it/s]
Epoch 4/10:  78%|███████▊  | 423/545 [02:19<00:40,  3.04it/s]
Epoch 4/10:  78%|███████▊  | 424/545 [02:19<00:39,  3.04it/s]
Epoch 4/10:  78%|███████▊  | 425/545 [02:20<00:39,  3.04it/s]
Epoch 4/10:  78%|███████▊  | 426/545 [02:20<00:39,  3.03it/s]
Epoch 4/10:  78%|███████▊  | 427/545 [02:20<00:38,  3.03it/s]
Epoch 4/10:  79%|███████▊  | 428/545 [02:21<00:38,  3.03it/s]
Epoch 4/10:  79%|███████▊  | 429/545 [02:21<00:38,  3.03it/s]
Epoch 4/10:  79%|███████▉  | 430/545 [02:21<00:37,  3.03it/s]
Epoch 4/10:  79%|███████▉  | 431/545 [02:22<00:37,  3.03it/s]
Epoch 4/10:  79%|███████▉  | 432/545 [02:22<00:37,  3.03it/s]
Epoch 4/10:  79%|███████▉  | 433/545 [02:22<00:36,  3.03it/s]
Epoch 4/10:  80%|███████▉  | 434/545 [02:23<00:36,  3.03it/s]
Epoch 4/10:  80%|███████▉  | 435/545 [02:23<00:36,  3.03it/s]
Epoch 4/10:  80%|████████  | 436/545 [02:23<00:35,  3.03it/s]
Epoch 4/10:  80%|████████  | 437/545 [02:24<00:35,  3.03it/s]
Epoch 4/10:  80%|████████  | 438/545 [02:24<00:35,  3.03it/s]
Epoch 4/10:  81%|████████  | 439/545 [02:24<00:34,  3.03it/s]
Epoch 4/10:  81%|████████  | 440/545 [02:25<00:34,  3.03it/s]
Epoch 4/10:  81%|████████  | 441/545 [02:25<00:34,  3.03it/s]
Epoch 4/10:  81%|████████  | 442/545 [02:25<00:33,  3.03it/s]
Epoch 4/10:  81%|████████▏ | 443/545 [02:26<00:33,  3.03it/s]
Epoch 4/10:  81%|████████▏ | 444/545 [02:26<00:33,  3.03it/s]
Epoch 4/10:  82%|████████▏ | 445/545 [02:26<00:32,  3.03it/s]
Epoch 4/10:  82%|████████▏ | 446/545 [02:27<00:32,  3.03it/s]
Epoch 4/10:  82%|████████▏ | 447/545 [02:27<00:32,  3.03it/s]
Epoch 4/10:  82%|████████▏ | 448/545 [02:27<00:31,  3.03it/s]
Epoch 4/10:  82%|████████▏ | 449/545 [02:28<00:31,  3.03it/s]
Epoch 4/10:  83%|████████▎ | 450/545 [02:28<00:31,  3.03it/s]
Epoch 4/10:  83%|████████▎ | 451/545 [02:28<00:30,  3.03it/s]
Epoch 4/10:  83%|████████▎ | 452/545 [02:29<00:30,  3.03it/s]
Epoch 4/10:  83%|████████▎ | 453/545 [02:29<00:30,  3.04it/s]
Epoch 4/10:  83%|████████▎ | 454/545 [02:29<00:29,  3.03it/s]
Epoch 4/10:  83%|████████▎ | 455/545 [02:29<00:29,  3.03it/s]
Epoch 4/10:  84%|████████▎ | 456/545 [02:30<00:29,  3.03it/s]
Epoch 4/10:  84%|████████▍ | 457/545 [02:30<00:29,  3.03it/s]
Epoch 4/10:  84%|████████▍ | 458/545 [02:30<00:28,  3.03it/s]
Epoch 4/10:  84%|████████▍ | 459/545 [02:31<00:28,  3.03it/s]
Epoch 4/10:  84%|████████▍ | 460/545 [02:31<00:28,  3.03it/s]
Epoch 4/10:  85%|████████▍ | 461/545 [02:31<00:27,  3.03it/s]
Epoch 4/10:  85%|████████▍ | 462/545 [02:32<00:27,  3.04it/s]
Epoch 4/10:  85%|████████▍ | 463/545 [02:32<00:27,  3.04it/s]
Epoch 4/10:  85%|████████▌ | 464/545 [02:32<00:26,  3.03it/s]
Epoch 4/10:  85%|████████▌ | 465/545 [02:33<00:26,  3.03it/s]
Epoch 4/10:  86%|████████▌ | 466/545 [02:33<00:26,  3.03it/s]
Epoch 4/10:  86%|████████▌ | 467/545 [02:33<00:25,  3.04it/s]
Epoch 4/10:  86%|████████▌ | 468/545 [02:34<00:25,  3.03it/s]
Epoch 4/10:  86%|████████▌ | 469/545 [02:34<00:25,  3.03it/s]
Epoch 4/10:  86%|████████▌ | 470/545 [02:34<00:24,  3.03it/s]
Epoch 4/10:  86%|████████▋ | 471/545 [02:35<00:24,  3.04it/s]
Epoch 4/10:  87%|████████▋ | 472/545 [02:35<00:24,  3.04it/s]
Epoch 4/10:  87%|████████▋ | 473/545 [02:35<00:23,  3.04it/s]
Epoch 4/10:  87%|████████▋ | 474/545 [02:36<00:23,  3.04it/s]
Epoch 4/10:  87%|████████▋ | 475/545 [02:36<00:23,  3.04it/s]
Epoch 4/10:  87%|████████▋ | 476/545 [02:36<00:22,  3.04it/s]
Epoch 4/10:  88%|████████▊ | 477/545 [02:37<00:22,  3.04it/s]
Epoch 4/10:  88%|████████▊ | 478/545 [02:37<00:22,  3.03it/s]
Epoch 4/10:  88%|████████▊ | 479/545 [02:37<00:21,  3.03it/s]
Epoch 4/10:  88%|████████▊ | 480/545 [02:38<00:21,  3.03it/s]
Epoch 4/10:  88%|████████▊ | 481/545 [02:38<00:21,  3.04it/s]
Epoch 4/10:  88%|████████▊ | 482/545 [02:38<00:20,  3.04it/s]
Epoch 4/10:  89%|████████▊ | 483/545 [02:39<00:20,  3.03it/s]
Epoch 4/10:  89%|████████▉ | 484/545 [02:39<00:20,  3.03it/s]
Epoch 4/10:  89%|████████▉ | 485/545 [02:39<00:19,  3.03it/s]
Epoch 4/10:  89%|████████▉ | 486/545 [02:40<00:19,  3.03it/s]
Epoch 4/10:  89%|████████▉ | 487/545 [02:40<00:19,  3.03it/s]
Epoch 4/10:  90%|████████▉ | 488/545 [02:40<00:18,  3.03it/s]
Epoch 4/10:  90%|████████▉ | 489/545 [02:41<00:18,  3.03it/s]
Epoch 4/10:  90%|████████▉ | 490/545 [02:41<00:18,  3.03it/s]
Epoch 4/10:  90%|█████████ | 491/545 [02:41<00:17,  3.03it/s]
Epoch 4/10:  90%|█████████ | 492/545 [02:42<00:17,  3.04it/s]
Epoch 4/10:  90%|█████████ | 493/545 [02:42<00:17,  3.04it/s]
Epoch 4/10:  91%|█████████ | 494/545 [02:42<00:16,  3.04it/s]
Epoch 4/10:  91%|█████████ | 495/545 [02:43<00:16,  3.04it/s]
Epoch 4/10:  91%|█████████ | 496/545 [02:43<00:16,  3.03it/s]
Epoch 4/10:  91%|█████████ | 497/545 [02:43<00:15,  3.03it/s]
Epoch 4/10:  91%|█████████▏| 498/545 [02:44<00:15,  3.03it/s]
Epoch 4/10:  92%|█████████▏| 499/545 [02:44<00:15,  3.03it/s]
Epoch 4/10:  92%|█████████▏| 500/545 [02:44<00:14,  3.03it/s]
Epoch 4/10:  92%|█████████▏| 501/545 [02:45<00:14,  3.03it/s]
Epoch 4/10:  92%|█████████▏| 502/545 [02:45<00:14,  3.03it/s]
Epoch 4/10:  92%|█████████▏| 503/545 [02:45<00:13,  3.03it/s]
Epoch 4/10:  92%|█████████▏| 504/545 [02:46<00:13,  3.03it/s]
Epoch 4/10:  93%|█████████▎| 505/545 [02:46<00:13,  3.03it/s]
Epoch 4/10:  93%|█████████▎| 506/545 [02:46<00:12,  3.03it/s]
Epoch 4/10:  93%|█████████▎| 507/545 [02:47<00:12,  3.03it/s]
Epoch 4/10:  93%|█████████▎| 508/545 [02:47<00:12,  3.03it/s]
Epoch 4/10:  93%|█████████▎| 509/545 [02:47<00:11,  3.03it/s]
Epoch 4/10:  94%|█████████▎| 510/545 [02:48<00:11,  3.03it/s]
Epoch 4/10:  94%|█████████▍| 511/545 [02:48<00:11,  3.03it/s]
Epoch 4/10:  94%|█████████▍| 512/545 [02:48<00:10,  3.03it/s]
Epoch 4/10:  94%|█████████▍| 513/545 [02:49<00:10,  3.03it/s]
Epoch 4/10:  94%|█████████▍| 514/545 [02:49<00:10,  3.03it/s]
Epoch 4/10:  94%|█████████▍| 515/545 [02:49<00:09,  3.03it/s]
Epoch 4/10:  95%|█████████▍| 516/545 [02:50<00:09,  3.03it/s]
Epoch 4/10:  95%|█████████▍| 517/545 [02:50<00:09,  3.03it/s]
Epoch 4/10:  95%|█████████▌| 518/545 [02:50<00:08,  3.03it/s]
Epoch 4/10:  95%|█████████▌| 519/545 [02:51<00:08,  3.03it/s]
Epoch 4/10:  95%|█████████▌| 520/545 [02:51<00:08,  3.03it/s]
Epoch 4/10:  96%|█████████▌| 521/545 [02:51<00:07,  3.03it/s]
Epoch 4/10:  96%|█████████▌| 522/545 [02:52<00:07,  3.03it/s]
Epoch 4/10:  96%|█████████▌| 523/545 [02:52<00:07,  3.03it/s]
Epoch 4/10:  96%|█████████▌| 524/545 [02:52<00:06,  3.03it/s]
Epoch 4/10:  96%|█████████▋| 525/545 [02:53<00:06,  3.03it/s]
Epoch 4/10:  97%|█████████▋| 526/545 [02:53<00:06,  3.03it/s]
Epoch 4/10:  97%|█████████▋| 527/545 [02:53<00:05,  3.03it/s]
Epoch 4/10:  97%|█████████▋| 528/545 [02:54<00:05,  3.03it/s]
Epoch 4/10:  97%|█████████▋| 529/545 [02:54<00:05,  3.03it/s]
Epoch 4/10:  97%|█████████▋| 530/545 [02:54<00:04,  3.03it/s]
Epoch 4/10:  97%|█████████▋| 531/545 [02:55<00:04,  3.03it/s]
Epoch 4/10:  98%|█████████▊| 532/545 [02:55<00:04,  3.03it/s]
Epoch 4/10:  98%|█████████▊| 533/545 [02:55<00:03,  3.03it/s]
Epoch 4/10:  98%|█████████▊| 534/545 [02:56<00:03,  3.03it/s]
Epoch 4/10:  98%|█████████▊| 535/545 [02:56<00:03,  3.03it/s]
Epoch 4/10:  98%|█████████▊| 536/545 [02:56<00:02,  3.04it/s]
Epoch 4/10:  99%|█████████▊| 537/545 [02:57<00:02,  3.04it/s]
Epoch 4/10:  99%|█████████▊| 538/545 [02:57<00:02,  3.03it/s]
Epoch 4/10:  99%|█████████▉| 539/545 [02:57<00:01,  3.04it/s]
Epoch 4/10:  99%|█████████▉| 540/545 [02:58<00:01,  3.04it/s]
Epoch 4/10:  99%|█████████▉| 541/545 [02:58<00:01,  3.04it/s]
Epoch 4/10:  99%|█████████▉| 542/545 [02:58<00:00,  3.04it/s]
Epoch 4/10: 100%|█████████▉| 543/545 [02:58<00:00,  3.04it/s]
Epoch 4/10: 100%|█████████▉| 544/545 [02:59<00:00,  3.03it/s]
Epoch 4/10: 100%|██████████| 545/545 [02:59<00:00,  3.23it/s]
Epoch 4/10: 100%|██████████| 545/545 [02:59<00:00,  3.03it/s]

Epoch 5/10:   0%|          | 0/545 [00:00<?, ?it/s]
Epoch 5/10:   0%|          | 1/545 [00:00<03:03,  2.97it/s]
Epoch 5/10:   0%|          | 2/545 [00:00<03:00,  3.01it/s]
Epoch 5/10:   1%|          | 3/545 [00:00<02:59,  3.02it/s]
Epoch 5/10:   1%|          | 4/545 [00:01<02:58,  3.03it/s]
Epoch 5/10:   1%|          | 5/545 [00:01<02:58,  3.03it/s]
Epoch 5/10:   1%|          | 6/545 [00:01<02:57,  3.03it/s]
Epoch 5/10:   1%|▏         | 7/545 [00:02<02:57,  3.03it/s]
Epoch 5/10:   1%|▏         | 8/545 [00:02<02:57,  3.03it/s]
Epoch 5/10:   2%|▏         | 9/545 [00:02<02:56,  3.03it/s]
Epoch 5/10:   2%|▏         | 10/545 [00:03<02:56,  3.03it/s]
Epoch 5/10:   2%|▏         | 11/545 [00:03<02:55,  3.04it/s]
Epoch 5/10:   2%|▏         | 12/545 [00:03<02:55,  3.04it/s]
Epoch 5/10:   2%|▏         | 13/545 [00:04<02:55,  3.03it/s]
Epoch 5/10:   3%|▎         | 14/545 [00:04<02:54,  3.03it/s]
Epoch 5/10:   3%|▎         | 15/545 [00:04<02:54,  3.04it/s]
Epoch 5/10:   3%|▎         | 16/545 [00:05<02:54,  3.04it/s]
Epoch 5/10:   3%|▎         | 17/545 [00:05<02:53,  3.04it/s]
Epoch 5/10:   3%|▎         | 18/545 [00:05<02:53,  3.04it/s]
Epoch 5/10:   3%|▎         | 19/545 [00:06<02:53,  3.04it/s]
Epoch 5/10:   4%|▎         | 20/545 [00:06<02:52,  3.04it/s]
Epoch 5/10:   4%|▍         | 21/545 [00:06<02:52,  3.04it/s]
Epoch 5/10:   4%|▍         | 22/545 [00:07<02:52,  3.04it/s]
Epoch 5/10:   4%|▍         | 23/545 [00:07<02:51,  3.04it/s]
Epoch 5/10:   4%|▍         | 24/545 [00:07<02:51,  3.04it/s]
Epoch 5/10:   5%|▍         | 25/545 [00:08<02:51,  3.04it/s]
Epoch 5/10:   5%|▍         | 26/545 [00:08<02:50,  3.04it/s]
Epoch 5/10:   5%|▍         | 27/545 [00:08<02:50,  3.04it/s]
Epoch 5/10:   5%|▌         | 28/545 [00:09<02:50,  3.04it/s]
Epoch 5/10:   5%|▌         | 29/545 [00:09<02:49,  3.04it/s]
Epoch 5/10:   6%|▌         | 30/545 [00:09<02:49,  3.04it/s]
Epoch 5/10:   6%|▌         | 31/545 [00:10<02:49,  3.04it/s]
Epoch 5/10:   6%|▌         | 32/545 [00:10<02:48,  3.04it/s]
Epoch 5/10:   6%|▌         | 33/545 [00:10<02:48,  3.04it/s]
Epoch 5/10:   6%|▌         | 34/545 [00:11<02:48,  3.04it/s]
Epoch 5/10:   6%|▋         | 35/545 [00:11<02:47,  3.04it/s]
Epoch 5/10:   7%|▋         | 36/545 [00:11<02:47,  3.04it/s]
Epoch 5/10:   7%|▋         | 37/545 [00:12<02:47,  3.04it/s]
Epoch 5/10:   7%|▋         | 38/545 [00:12<02:46,  3.04it/s]
Epoch 5/10:   7%|▋         | 39/545 [00:12<02:46,  3.04it/s]
Epoch 5/10:   7%|▋         | 40/545 [00:13<02:46,  3.04it/s]
Epoch 5/10:   8%|▊         | 41/545 [00:13<02:45,  3.04it/s]
Epoch 5/10:   8%|▊         | 42/545 [00:13<02:45,  3.04it/s]
Epoch 5/10:   8%|▊         | 43/545 [00:14<02:45,  3.04it/s]
Epoch 5/10:   8%|▊         | 44/545 [00:14<02:44,  3.04it/s]
Epoch 5/10:   8%|▊         | 45/545 [00:14<02:44,  3.04it/s]
Epoch 5/10:   8%|▊         | 46/545 [00:15<02:44,  3.04it/s]
Epoch 5/10:   9%|▊         | 47/545 [00:15<02:43,  3.04it/s]
Epoch 5/10:   9%|▉         | 48/545 [00:15<02:43,  3.04it/s]
Epoch 5/10:   9%|▉         | 49/545 [00:16<02:43,  3.04it/s]
Epoch 5/10:   9%|▉         | 50/545 [00:16<02:42,  3.04it/s]
Epoch 5/10:   9%|▉         | 51/545 [00:16<02:42,  3.04it/s]
Epoch 5/10:  10%|▉         | 52/545 [00:17<02:42,  3.04it/s]
Epoch 5/10:  10%|▉         | 53/545 [00:17<02:42,  3.04it/s]
Epoch 5/10:  10%|▉         | 54/545 [00:17<02:41,  3.04it/s]
Epoch 5/10:  10%|█         | 55/545 [00:18<02:41,  3.04it/s]
Epoch 5/10:  10%|█         | 56/545 [00:18<02:41,  3.04it/s]
Epoch 5/10:  10%|█         | 57/545 [00:18<02:40,  3.04it/s]
Epoch 5/10:  11%|█         | 58/545 [00:19<02:40,  3.04it/s]
Epoch 5/10:  11%|█         | 59/545 [00:19<02:40,  3.04it/s]
Epoch 5/10:  11%|█         | 60/545 [00:19<02:39,  3.04it/s]
Epoch 5/10:  11%|█         | 61/545 [00:20<02:39,  3.04it/s]
Epoch 5/10:  11%|█▏        | 62/545 [00:20<02:39,  3.04it/s]
Epoch 5/10:  12%|█▏        | 63/545 [00:20<02:38,  3.04it/s]
Epoch 5/10:  12%|█▏        | 64/545 [00:21<02:38,  3.04it/s]
Epoch 5/10:  12%|█▏        | 65/545 [00:21<02:38,  3.04it/s]
Epoch 5/10:  12%|█▏        | 66/545 [00:21<02:37,  3.04it/s]
Epoch 5/10:  12%|█▏        | 67/545 [00:22<02:37,  3.04it/s]
Epoch 5/10:  12%|█▏        | 68/545 [00:22<02:37,  3.04it/s]
Epoch 5/10:  13%|█▎        | 69/545 [00:22<02:36,  3.03it/s]
Epoch 5/10:  13%|█▎        | 70/545 [00:23<02:36,  3.04it/s]
Epoch 5/10:  13%|█▎        | 71/545 [00:23<02:36,  3.04it/s]
Epoch 5/10:  13%|█▎        | 72/545 [00:23<02:35,  3.04it/s]
Epoch 5/10:  13%|█▎        | 73/545 [00:24<02:35,  3.03it/s]
Epoch 5/10:  14%|█▎        | 74/545 [00:24<02:35,  3.03it/s]
Epoch 5/10:  14%|█▍        | 75/545 [00:24<02:34,  3.03it/s]
Epoch 5/10:  14%|█▍        | 76/545 [00:25<02:34,  3.04it/s]
Epoch 5/10:  14%|█▍        | 77/545 [00:25<02:34,  3.04it/s]
Epoch 5/10:  14%|█▍        | 78/545 [00:25<02:33,  3.04it/s]
Epoch 5/10:  14%|█▍        | 79/545 [00:26<02:33,  3.04it/s]
Epoch 5/10:  15%|█▍        | 80/545 [00:26<02:33,  3.04it/s]
Epoch 5/10:  15%|█▍        | 81/545 [00:26<02:32,  3.04it/s]
Epoch 5/10:  15%|█▌        | 82/545 [00:27<02:32,  3.04it/s]
Epoch 5/10:  15%|█▌        | 83/545 [00:27<02:32,  3.04it/s]
Epoch 5/10:  15%|█▌        | 84/545 [00:27<02:31,  3.04it/s]
Epoch 5/10:  16%|█▌        | 85/545 [00:28<02:31,  3.03it/s]
Epoch 5/10:  16%|█▌        | 86/545 [00:28<02:31,  3.03it/s]
Epoch 5/10:  16%|█▌        | 87/545 [00:28<02:30,  3.03it/s]
Epoch 5/10:  16%|█▌        | 88/545 [00:28<02:30,  3.03it/s]
Epoch 5/10:  16%|█▋        | 89/545 [00:29<02:30,  3.03it/s]
Epoch 5/10:  17%|█▋        | 90/545 [00:29<02:29,  3.03it/s]
Epoch 5/10:  17%|█▋        | 91/545 [00:29<02:29,  3.03it/s]
Epoch 5/10:  17%|█▋        | 92/545 [00:30<02:29,  3.04it/s]
Epoch 5/10:  17%|█▋        | 93/545 [00:30<02:28,  3.04it/s]
Epoch 5/10:  17%|█▋        | 94/545 [00:30<02:28,  3.04it/s]
Epoch 5/10:  17%|█▋        | 95/545 [00:31<02:28,  3.04it/s]
Epoch 5/10:  18%|█▊        | 96/545 [00:31<02:27,  3.04it/s]
Epoch 5/10:  18%|█▊        | 97/545 [00:31<02:27,  3.04it/s]
Epoch 5/10:  18%|█▊        | 98/545 [00:32<02:27,  3.04it/s]
Epoch 5/10:  18%|█▊        | 99/545 [00:32<02:26,  3.04it/s]
Epoch 5/10:  18%|█▊        | 100/545 [00:32<02:26,  3.04it/s]
Epoch 5/10:  19%|█▊        | 101/545 [00:33<02:26,  3.04it/s]
Epoch 5/10:  19%|█▊        | 102/545 [00:33<02:25,  3.04it/s]
Epoch 5/10:  19%|█▉        | 103/545 [00:33<02:25,  3.04it/s]
Epoch 5/10:  19%|█▉        | 104/545 [00:34<02:25,  3.04it/s]
Epoch 5/10:  19%|█▉        | 105/545 [00:34<02:24,  3.04it/s]
Epoch 5/10:  19%|█▉        | 106/545 [00:34<02:24,  3.04it/s]
Epoch 5/10:  20%|█▉        | 107/545 [00:35<02:24,  3.04it/s]
Epoch 5/10:  20%|█▉        | 108/545 [00:35<02:23,  3.04it/s]
Epoch 5/10:  20%|██        | 109/545 [00:35<02:23,  3.04it/s]
Epoch 5/10:  20%|██        | 110/545 [00:36<02:23,  3.04it/s]
Epoch 5/10:  20%|██        | 111/545 [00:36<02:22,  3.04it/s]
Epoch 5/10:  21%|██        | 112/545 [00:36<02:22,  3.04it/s]
Epoch 5/10:  21%|██        | 113/545 [00:37<02:22,  3.04it/s]
Epoch 5/10:  21%|██        | 114/545 [00:37<02:22,  3.04it/s]
Epoch 5/10:  21%|██        | 115/545 [00:37<02:21,  3.03it/s]
Epoch 5/10:  21%|██▏       | 116/545 [00:38<02:21,  3.03it/s]
Epoch 5/10:  21%|██▏       | 117/545 [00:38<02:21,  3.03it/s]
Epoch 5/10:  22%|██▏       | 118/545 [00:38<02:20,  3.04it/s]
Epoch 5/10:  22%|██▏       | 119/545 [00:39<02:20,  3.04it/s]
Epoch 5/10:  22%|██▏       | 120/545 [00:39<02:20,  3.04it/s]
Epoch 5/10:  22%|██▏       | 121/545 [00:39<02:19,  3.04it/s]
Epoch 5/10:  22%|██▏       | 122/545 [00:40<02:19,  3.04it/s]
Epoch 5/10:  23%|██▎       | 123/545 [00:40<02:19,  3.04it/s]
Epoch 5/10:  23%|██▎       | 124/545 [00:40<02:18,  3.04it/s]
Epoch 5/10:  23%|██▎       | 125/545 [00:41<02:18,  3.04it/s]
Epoch 5/10:  23%|██▎       | 126/545 [00:41<02:18,  3.04it/s]
Epoch 5/10:  23%|██▎       | 127/545 [00:41<02:17,  3.04it/s]
Epoch 5/10:  23%|██▎       | 128/545 [00:42<02:17,  3.04it/s]
Epoch 5/10:  24%|██▎       | 129/545 [00:42<02:17,  3.04it/s]
Epoch 5/10:  24%|██▍       | 130/545 [00:42<02:16,  3.04it/s]
Epoch 5/10:  24%|██▍       | 131/545 [00:43<02:16,  3.04it/s]
Epoch 5/10:  24%|██▍       | 132/545 [00:43<02:16,  3.04it/s]
Epoch 5/10:  24%|██▍       | 133/545 [00:43<02:15,  3.04it/s]
Epoch 5/10:  25%|██▍       | 134/545 [00:44<02:15,  3.04it/s]
Epoch 5/10:  25%|██▍       | 135/545 [00:44<02:15,  3.04it/s]
Epoch 5/10:  25%|██▍       | 136/545 [00:44<02:14,  3.04it/s]
Epoch 5/10:  25%|██▌       | 137/545 [00:45<02:14,  3.04it/s]
Epoch 5/10:  25%|██▌       | 138/545 [00:45<02:14,  3.04it/s]
Epoch 5/10:  26%|██▌       | 139/545 [00:45<02:13,  3.04it/s]
Epoch 5/10:  26%|██▌       | 140/545 [00:46<02:13,  3.04it/s]
Epoch 5/10:  26%|██▌       | 141/545 [00:46<02:13,  3.04it/s]
Epoch 5/10:  26%|██▌       | 142/545 [00:46<02:12,  3.04it/s]
Epoch 5/10:  26%|██▌       | 143/545 [00:47<02:12,  3.04it/s]
Epoch 5/10:  26%|██▋       | 144/545 [00:47<02:12,  3.04it/s]
Epoch 5/10:  27%|██▋       | 145/545 [00:47<02:11,  3.04it/s]
Epoch 5/10:  27%|██▋       | 146/545 [00:48<02:11,  3.04it/s]
Epoch 5/10:  27%|██▋       | 147/545 [00:48<02:11,  3.04it/s]
Epoch 5/10:  27%|██▋       | 148/545 [00:48<02:10,  3.04it/s]
Epoch 5/10:  27%|██▋       | 149/545 [00:49<02:10,  3.04it/s]
Epoch 5/10:  28%|██▊       | 150/545 [00:49<02:10,  3.04it/s]
Epoch 5/10:  28%|██▊       | 151/545 [00:49<02:09,  3.04it/s]
Epoch 5/10:  28%|██▊       | 152/545 [00:50<02:09,  3.04it/s]
Epoch 5/10:  28%|██▊       | 153/545 [00:50<02:09,  3.04it/s]
Epoch 5/10:  28%|██▊       | 154/545 [00:50<02:08,  3.04it/s]
Epoch 5/10:  28%|██▊       | 155/545 [00:51<02:08,  3.04it/s]
Epoch 5/10:  29%|██▊       | 156/545 [00:51<02:08,  3.04it/s]
Epoch 5/10:  29%|██▉       | 157/545 [00:51<02:07,  3.04it/s]
Epoch 5/10:  29%|██▉       | 158/545 [00:52<02:07,  3.04it/s]
Epoch 5/10:  29%|██▉       | 159/545 [00:52<02:07,  3.04it/s]
Epoch 5/10:  29%|██▉       | 160/545 [00:52<02:06,  3.04it/s]
Epoch 5/10:  30%|██▉       | 161/545 [00:53<02:06,  3.03it/s]
Epoch 5/10:  30%|██▉       | 162/545 [00:53<02:06,  3.04it/s]
Epoch 5/10:  30%|██▉       | 163/545 [00:53<02:05,  3.03it/s]
Epoch 5/10:  30%|███       | 164/545 [00:54<02:05,  3.04it/s]
Epoch 5/10:  30%|███       | 165/545 [00:54<02:05,  3.03it/s]
Epoch 5/10:  30%|███       | 166/545 [00:54<02:04,  3.04it/s]
Epoch 5/10:  31%|███       | 167/545 [00:55<02:04,  3.04it/s]
Epoch 5/10:  31%|███       | 168/545 [00:55<02:04,  3.04it/s]
Epoch 5/10:  31%|███       | 169/545 [00:55<02:03,  3.04it/s]
Epoch 5/10:  31%|███       | 170/545 [00:56<02:03,  3.04it/s]
Epoch 5/10:  31%|███▏      | 171/545 [00:56<02:03,  3.04it/s]
Epoch 5/10:  32%|███▏      | 172/545 [00:56<02:02,  3.04it/s]
Epoch 5/10:  32%|███▏      | 173/545 [00:56<02:02,  3.04it/s]
Epoch 5/10:  32%|███▏      | 174/545 [00:57<02:02,  3.03it/s]
Epoch 5/10:  32%|███▏      | 175/545 [00:57<02:01,  3.04it/s]
Epoch 5/10:  32%|███▏      | 176/545 [00:57<02:01,  3.04it/s]
Epoch 5/10:  32%|███▏      | 177/545 [00:58<02:01,  3.04it/s]
Epoch 5/10:  33%|███▎      | 178/545 [00:58<02:00,  3.03it/s]
Epoch 5/10:  33%|███▎      | 179/545 [00:58<02:00,  3.03it/s]
Epoch 5/10:  33%|███▎      | 180/545 [00:59<02:00,  3.04it/s]
Epoch 5/10:  33%|███▎      | 181/545 [00:59<01:59,  3.04it/s]
Epoch 5/10:  33%|███▎      | 182/545 [00:59<01:59,  3.04it/s]
Epoch 5/10:  34%|███▎      | 183/545 [01:00<01:59,  3.04it/s]
Epoch 5/10:  34%|███▍      | 184/545 [01:00<01:59,  3.02it/s]
Epoch 5/10:  34%|███▍      | 185/545 [01:00<01:58,  3.03it/s]
Epoch 5/10:  34%|███▍      | 186/545 [01:01<01:58,  3.03it/s]
Epoch 5/10:  34%|███▍      | 187/545 [01:01<01:58,  3.03it/s]
Epoch 5/10:  34%|███▍      | 188/545 [01:01<01:57,  3.03it/s]
Epoch 5/10:  35%|███▍      | 189/545 [01:02<01:57,  3.03it/s]
Epoch 5/10:  35%|███▍      | 190/545 [01:02<01:56,  3.03it/s]
Epoch 5/10:  35%|███▌      | 191/545 [01:02<01:56,  3.04it/s]
Epoch 5/10:  35%|███▌      | 192/545 [01:03<01:56,  3.04it/s]
Epoch 5/10:  35%|███▌      | 193/545 [01:03<01:55,  3.04it/s]
Epoch 5/10:  36%|███▌      | 194/545 [01:03<01:55,  3.04it/s]
Epoch 5/10:  36%|███▌      | 195/545 [01:04<01:55,  3.04it/s]
Epoch 5/10:  36%|███▌      | 196/545 [01:04<01:54,  3.04it/s]
Epoch 5/10:  36%|███▌      | 197/545 [01:04<01:54,  3.04it/s]
Epoch 5/10:  36%|███▋      | 198/545 [01:05<01:54,  3.04it/s]
Epoch 5/10:  37%|███▋      | 199/545 [01:05<01:53,  3.04it/s]
Epoch 5/10:  37%|███▋      | 200/545 [01:05<01:53,  3.04it/s]
Epoch 5/10:  37%|███▋      | 201/545 [01:06<01:53,  3.04it/s]
Epoch 5/10:  37%|███▋      | 202/545 [01:06<01:52,  3.04it/s]
Epoch 5/10:  37%|███▋      | 203/545 [01:06<01:52,  3.04it/s]
Epoch 5/10:  37%|███▋      | 204/545 [01:07<01:52,  3.03it/s]
Epoch 5/10:  38%|███▊      | 205/545 [01:07<01:52,  3.04it/s]
Epoch 5/10:  38%|███▊      | 206/545 [01:07<01:51,  3.03it/s]
Epoch 5/10:  38%|███▊      | 207/545 [01:08<01:51,  3.03it/s]
Epoch 5/10:  38%|███▊      | 208/545 [01:08<01:51,  3.03it/s]
Epoch 5/10:  38%|███▊      | 209/545 [01:08<01:50,  3.03it/s]
Epoch 5/10:  39%|███▊      | 210/545 [01:09<01:50,  3.03it/s]
Epoch 5/10:  39%|███▊      | 211/545 [01:09<01:50,  3.04it/s]
Epoch 5/10:  39%|███▉      | 212/545 [01:09<01:49,  3.03it/s]
Epoch 5/10:  39%|███▉      | 213/545 [01:10<01:49,  3.03it/s]
Epoch 5/10:  39%|███▉      | 214/545 [01:10<01:49,  3.04it/s]
Epoch 5/10:  39%|███▉      | 215/545 [01:10<01:48,  3.04it/s]
Epoch 5/10:  40%|███▉      | 216/545 [01:11<01:48,  3.04it/s]
Epoch 5/10:  40%|███▉      | 217/545 [01:11<01:48,  3.04it/s]
Epoch 5/10:  40%|████      | 218/545 [01:11<01:47,  3.04it/s]
Epoch 5/10:  40%|████      | 219/545 [01:12<01:47,  3.04it/s]
Epoch 5/10:  40%|████      | 220/545 [01:12<01:47,  3.04it/s]
Epoch 5/10:  41%|████      | 221/545 [01:12<01:46,  3.04it/s]
Epoch 5/10:  41%|████      | 222/545 [01:13<01:46,  3.04it/s]
Epoch 5/10:  41%|████      | 223/545 [01:13<01:46,  3.04it/s]
Epoch 5/10:  41%|████      | 224/545 [01:13<01:45,  3.04it/s]
Epoch 5/10:  41%|████▏     | 225/545 [01:14<01:45,  3.04it/s]
Epoch 5/10:  41%|████▏     | 226/545 [01:14<01:45,  3.04it/s]
Epoch 5/10:  42%|████▏     | 227/545 [01:14<01:44,  3.04it/s]
Epoch 5/10:  42%|████▏     | 228/545 [01:15<01:44,  3.04it/s]
Epoch 5/10:  42%|████▏     | 229/545 [01:15<01:44,  3.04it/s]
Epoch 5/10:  42%|████▏     | 230/545 [01:15<01:43,  3.04it/s]
Epoch 5/10:  42%|████▏     | 231/545 [01:16<01:43,  3.04it/s]
Epoch 5/10:  43%|████▎     | 232/545 [01:16<01:43,  3.03it/s]
Epoch 5/10:  43%|████▎     | 233/545 [01:16<01:42,  3.04it/s]
Epoch 5/10:  43%|████▎     | 234/545 [01:17<01:42,  3.04it/s]
Epoch 5/10:  43%|████▎     | 235/545 [01:17<01:42,  3.04it/s]
Epoch 5/10:  43%|████▎     | 236/545 [01:17<01:41,  3.04it/s]
Epoch 5/10:  43%|████▎     | 237/545 [01:18<01:41,  3.04it/s]
Epoch 5/10:  44%|████▎     | 238/545 [01:18<01:41,  3.04it/s]
Epoch 5/10:  44%|████▍     | 239/545 [01:18<01:40,  3.04it/s]
Epoch 5/10:  44%|████▍     | 240/545 [01:19<01:40,  3.04it/s]
Epoch 5/10:  44%|████▍     | 241/545 [01:19<01:40,  3.04it/s]
Epoch 5/10:  44%|████▍     | 242/545 [01:19<01:39,  3.04it/s]
Epoch 5/10:  45%|████▍     | 243/545 [01:20<01:39,  3.04it/s]
Epoch 5/10:  45%|████▍     | 244/545 [01:20<01:39,  3.03it/s]
Epoch 5/10:  45%|████▍     | 245/545 [01:20<01:38,  3.03it/s]
Epoch 5/10:  45%|████▌     | 246/545 [01:21<01:38,  3.04it/s]
Epoch 5/10:  45%|████▌     | 247/545 [01:21<01:38,  3.04it/s]
Epoch 5/10:  46%|████▌     | 248/545 [01:21<01:37,  3.04it/s]
Epoch 5/10:  46%|████▌     | 249/545 [01:22<01:37,  3.04it/s]
Epoch 5/10:  46%|████▌     | 250/545 [01:22<01:37,  3.04it/s]
Epoch 5/10:  46%|████▌     | 251/545 [01:22<01:36,  3.04it/s]
Epoch 5/10:  46%|████▌     | 252/545 [01:23<01:36,  3.04it/s]
Epoch 5/10:  46%|████▋     | 253/545 [01:23<01:36,  3.04it/s]
Epoch 5/10:  47%|████▋     | 254/545 [01:23<01:35,  3.04it/s]
Epoch 5/10:  47%|████▋     | 255/545 [01:24<01:35,  3.04it/s]
Epoch 5/10:  47%|████▋     | 256/545 [01:24<01:35,  3.04it/s]
Epoch 5/10:  47%|████▋     | 257/545 [01:24<01:34,  3.04it/s]
Epoch 5/10:  47%|████▋     | 258/545 [01:24<01:34,  3.04it/s]
Epoch 5/10:  48%|████▊     | 259/545 [01:25<01:34,  3.04it/s]
Epoch 5/10:  48%|████▊     | 260/545 [01:25<01:33,  3.04it/s]
Epoch 5/10:  48%|████▊     | 261/545 [01:25<01:33,  3.03it/s]
Epoch 5/10:  48%|████▊     | 262/545 [01:26<01:33,  3.03it/s]
Epoch 5/10:  48%|████▊     | 263/545 [01:26<01:32,  3.04it/s]
Epoch 5/10:  48%|████▊     | 264/545 [01:26<01:32,  3.04it/s]
Epoch 5/10:  49%|████▊     | 265/545 [01:27<01:32,  3.03it/s]
Epoch 5/10:  49%|████▉     | 266/545 [01:27<01:31,  3.03it/s]
Epoch 5/10:  49%|████▉     | 267/545 [01:27<01:31,  3.03it/s]
Epoch 5/10:  49%|████▉     | 268/545 [01:28<01:31,  3.03it/s]
Epoch 5/10:  49%|████▉     | 269/545 [01:28<01:30,  3.03it/s]
Epoch 5/10:  50%|████▉     | 270/545 [01:28<01:30,  3.04it/s]
Epoch 5/10:  50%|████▉     | 271/545 [01:29<01:30,  3.04it/s]
Epoch 5/10:  50%|████▉     | 272/545 [01:29<01:29,  3.04it/s]
Epoch 5/10:  50%|█████     | 273/545 [01:29<01:29,  3.03it/s]
Epoch 5/10:  50%|█████     | 274/545 [01:30<01:29,  3.04it/s]
Epoch 5/10:  50%|█████     | 275/545 [01:30<01:28,  3.04it/s]
Epoch 5/10:  51%|█████     | 276/545 [01:30<01:28,  3.04it/s]
Epoch 5/10:  51%|█████     | 277/545 [01:31<01:28,  3.04it/s]
Epoch 5/10:  51%|█████     | 278/545 [01:31<01:27,  3.04it/s]
Epoch 5/10:  51%|█████     | 279/545 [01:31<01:27,  3.03it/s]
Epoch 5/10:  51%|█████▏    | 280/545 [01:32<01:27,  3.03it/s]
Epoch 5/10:  52%|█████▏    | 281/545 [01:32<01:27,  3.03it/s]
Epoch 5/10:  52%|█████▏    | 282/545 [01:32<01:26,  3.03it/s]
Epoch 5/10:  52%|█████▏    | 283/545 [01:33<01:26,  3.03it/s]
Epoch 5/10:  52%|█████▏    | 284/545 [01:33<01:26,  3.03it/s]
Epoch 5/10:  52%|█████▏    | 285/545 [01:33<01:25,  3.03it/s]
Epoch 5/10:  52%|█████▏    | 286/545 [01:34<01:25,  3.03it/s]
Epoch 5/10:  53%|█████▎    | 287/545 [01:34<01:25,  3.03it/s]
Epoch 5/10:  53%|█████▎    | 288/545 [01:34<01:24,  3.03it/s]
Epoch 5/10:  53%|█████▎    | 289/545 [01:35<01:24,  3.04it/s]
Epoch 5/10:  53%|█████▎    | 290/545 [01:35<01:24,  3.03it/s]
Epoch 5/10:  53%|█████▎    | 291/545 [01:35<01:23,  3.04it/s]
Epoch 5/10:  54%|█████▎    | 292/545 [01:36<01:23,  3.04it/s]
Epoch 5/10:  54%|█████▍    | 293/545 [01:36<01:23,  3.04it/s]
Epoch 5/10:  54%|█████▍    | 294/545 [01:36<01:22,  3.04it/s]
Epoch 5/10:  54%|█████▍    | 295/545 [01:37<01:22,  3.04it/s]
Epoch 5/10:  54%|█████▍    | 296/545 [01:37<01:22,  3.04it/s]
Epoch 5/10:  54%|█████▍    | 297/545 [01:37<01:21,  3.04it/s]
Epoch 5/10:  55%|█████▍    | 298/545 [01:38<01:21,  3.04it/s]
Epoch 5/10:  55%|█████▍    | 299/545 [01:38<01:21,  3.04it/s]
Epoch 5/10:  55%|█████▌    | 300/545 [01:38<01:20,  3.04it/s]
Epoch 5/10:  55%|█████▌    | 301/545 [01:39<01:20,  3.03it/s]
Epoch 5/10:  55%|█████▌    | 302/545 [01:39<01:20,  3.03it/s]
Epoch 5/10:  56%|█████▌    | 303/545 [01:39<01:19,  3.03it/s]
Epoch 5/10:  56%|█████▌    | 304/545 [01:40<01:19,  3.04it/s]
Epoch 5/10:  56%|█████▌    | 305/545 [01:40<01:19,  3.03it/s]
Epoch 5/10:  56%|█████▌    | 306/545 [01:40<01:18,  3.03it/s]
Epoch 5/10:  56%|█████▋    | 307/545 [01:41<01:18,  3.03it/s]
Epoch 5/10:  57%|█████▋    | 308/545 [01:41<01:18,  3.03it/s]
Epoch 5/10:  57%|█████▋    | 309/545 [01:41<01:17,  3.03it/s]
Epoch 5/10:  57%|█████▋    | 310/545 [01:42<01:17,  3.04it/s]
Epoch 5/10:  57%|█████▋    | 311/545 [01:42<01:17,  3.03it/s]
Epoch 5/10:  57%|█████▋    | 312/545 [01:42<01:16,  3.04it/s]
Epoch 5/10:  57%|█████▋    | 313/545 [01:43<01:16,  3.04it/s]
Epoch 5/10:  58%|█████▊    | 314/545 [01:43<01:16,  3.04it/s]
Epoch 5/10:  58%|█████▊    | 315/545 [01:43<01:15,  3.04it/s]
Epoch 5/10:  58%|█████▊    | 316/545 [01:44<01:15,  3.04it/s]
Epoch 5/10:  58%|█████▊    | 317/545 [01:44<01:15,  3.03it/s]
Epoch 5/10:  58%|█████▊    | 318/545 [01:44<01:14,  3.03it/s]
Epoch 5/10:  59%|█████▊    | 319/545 [01:45<01:14,  3.03it/s]
Epoch 5/10:  59%|█████▊    | 320/545 [01:45<01:14,  3.04it/s]
Epoch 5/10:  59%|█████▉    | 321/545 [01:45<01:13,  3.04it/s]
Epoch 5/10:  59%|█████▉    | 322/545 [01:46<01:13,  3.04it/s]
Epoch 5/10:  59%|█████▉    | 323/545 [01:46<01:13,  3.03it/s]
Epoch 5/10:  59%|█████▉    | 324/545 [01:46<01:12,  3.04it/s]
Epoch 5/10:  60%|█████▉    | 325/545 [01:47<01:12,  3.03it/s]
Epoch 5/10:  60%|█████▉    | 326/545 [01:47<01:12,  3.03it/s]
Epoch 5/10:  60%|██████    | 327/545 [01:47<01:11,  3.03it/s]
Epoch 5/10:  60%|██████    | 328/545 [01:48<01:11,  3.04it/s]
Epoch 5/10:  60%|██████    | 329/545 [01:48<01:11,  3.04it/s]
Epoch 5/10:  61%|██████    | 330/545 [01:48<01:10,  3.03it/s]
Epoch 5/10:  61%|██████    | 331/545 [01:49<01:10,  3.03it/s]
Epoch 5/10:  61%|██████    | 332/545 [01:49<01:10,  3.03it/s]
Epoch 5/10:  61%|██████    | 333/545 [01:49<01:09,  3.03it/s]
Epoch 5/10:  61%|██████▏   | 334/545 [01:50<01:09,  3.03it/s]
Epoch 5/10:  61%|██████▏   | 335/545 [01:50<01:09,  3.03it/s]
Epoch 5/10:  62%|██████▏   | 336/545 [01:50<01:08,  3.04it/s]
Epoch 5/10:  62%|██████▏   | 337/545 [01:51<01:08,  3.03it/s]
Epoch 5/10:  62%|██████▏   | 338/545 [01:51<01:08,  3.04it/s]
Epoch 5/10:  62%|██████▏   | 339/545 [01:51<01:07,  3.04it/s]
Epoch 5/10:  62%|██████▏   | 340/545 [01:52<01:07,  3.04it/s]
Epoch 5/10:  63%|██████▎   | 341/545 [01:52<01:07,  3.03it/s]
Epoch 5/10:  63%|██████▎   | 342/545 [01:52<01:06,  3.03it/s]
Epoch 5/10:  63%|██████▎   | 343/545 [01:53<01:06,  3.03it/s]
Epoch 5/10:  63%|██████▎   | 344/545 [01:53<01:06,  3.03it/s]
Epoch 5/10:  63%|██████▎   | 345/545 [01:53<01:05,  3.03it/s]
Epoch 5/10:  63%|██████▎   | 346/545 [01:53<01:05,  3.03it/s]
Epoch 5/10:  64%|██████▎   | 347/545 [01:54<01:05,  3.03it/s]
Epoch 5/10:  64%|██████▍   | 348/545 [01:54<01:04,  3.04it/s]
Epoch 5/10:  64%|██████▍   | 349/545 [01:54<01:04,  3.04it/s]
Epoch 5/10:  64%|██████▍   | 350/545 [01:55<01:04,  3.04it/s]
Epoch 5/10:  64%|██████▍   | 351/545 [01:55<01:03,  3.04it/s]
Epoch 5/10:  65%|██████▍   | 352/545 [01:55<01:03,  3.04it/s]
Epoch 5/10:  65%|██████▍   | 353/545 [01:56<01:03,  3.03it/s]
Epoch 5/10:  65%|██████▍   | 354/545 [01:56<01:02,  3.04it/s]
Epoch 5/10:  65%|██████▌   | 355/545 [01:56<01:02,  3.03it/s]
Epoch 5/10:  65%|██████▌   | 356/545 [01:57<01:02,  3.03it/s]
Epoch 5/10:  66%|██████▌   | 357/545 [01:57<01:01,  3.03it/s]
Epoch 5/10:  66%|██████▌   | 358/545 [01:57<01:01,  3.03it/s]
Epoch 5/10:  66%|██████▌   | 359/545 [01:58<01:01,  3.03it/s]
Epoch 5/10:  66%|██████▌   | 360/545 [01:58<01:00,  3.03it/s]
Epoch 5/10:  66%|██████▌   | 361/545 [01:58<01:00,  3.03it/s]
Epoch 5/10:  66%|██████▋   | 362/545 [01:59<01:00,  3.04it/s]
Epoch 5/10:  67%|██████▋   | 363/545 [01:59<00:59,  3.04it/s]
Epoch 5/10:  67%|██████▋   | 364/545 [01:59<00:59,  3.04it/s]
Epoch 5/10:  67%|██████▋   | 365/545 [02:00<00:59,  3.04it/s]
Epoch 5/10:  67%|██████▋   | 366/545 [02:00<00:58,  3.03it/s]
Epoch 5/10:  67%|██████▋   | 367/545 [02:00<00:59,  3.01it/s]
Epoch 5/10:  68%|██████▊   | 368/545 [02:01<00:58,  3.01it/s]
Epoch 5/10:  68%|██████▊   | 369/545 [02:01<00:58,  3.02it/s]
Epoch 5/10:  68%|██████▊   | 370/545 [02:01<00:57,  3.02it/s]
Epoch 5/10:  68%|██████▊   | 371/545 [02:02<00:57,  3.03it/s]
Epoch 5/10:  68%|██████▊   | 372/545 [02:02<00:57,  3.03it/s]
Epoch 5/10:  68%|██████▊   | 373/545 [02:02<00:56,  3.03it/s]
Epoch 5/10:  69%|██████▊   | 374/545 [02:03<00:56,  3.03it/s]
Epoch 5/10:  69%|██████▉   | 375/545 [02:03<00:56,  3.03it/s]
Epoch 5/10:  69%|██████▉   | 376/545 [02:03<00:55,  3.03it/s]
Epoch 5/10:  69%|██████▉   | 377/545 [02:04<00:55,  3.03it/s]
Epoch 5/10:  69%|██████▉   | 378/545 [02:04<00:55,  3.03it/s]
Epoch 5/10:  70%|██████▉   | 379/545 [02:04<00:54,  3.03it/s]
Epoch 5/10:  70%|██████▉   | 380/545 [02:05<00:54,  3.03it/s]
Epoch 5/10:  70%|██████▉   | 381/545 [02:05<00:54,  3.03it/s]
Epoch 5/10:  70%|███████   | 382/545 [02:05<00:53,  3.03it/s]
Epoch 5/10:  70%|███████   | 383/545 [02:06<00:53,  3.03it/s]
Epoch 5/10:  70%|███████   | 384/545 [02:06<00:53,  3.03it/s]
Epoch 5/10:  71%|███████   | 385/545 [02:06<00:52,  3.03it/s]
Epoch 5/10:  71%|███████   | 386/545 [02:07<00:52,  3.04it/s]
Epoch 5/10:  71%|███████   | 387/545 [02:07<00:52,  3.03it/s]
Epoch 5/10:  71%|███████   | 388/545 [02:07<00:51,  3.03it/s]
Epoch 5/10:  71%|███████▏  | 389/545 [02:08<00:51,  3.04it/s]
Epoch 5/10:  72%|███████▏  | 390/545 [02:08<00:51,  3.04it/s]
Epoch 5/10:  72%|███████▏  | 391/545 [02:08<00:50,  3.04it/s]
Epoch 5/10:  72%|███████▏  | 392/545 [02:09<00:50,  3.04it/s]
Epoch 5/10:  72%|███████▏  | 393/545 [02:09<00:50,  3.04it/s]
Epoch 5/10:  72%|███████▏  | 394/545 [02:09<00:49,  3.04it/s]
Epoch 5/10:  72%|███████▏  | 395/545 [02:10<00:49,  3.04it/s]
Epoch 5/10:  73%|███████▎  | 396/545 [02:10<00:49,  3.03it/s]
Epoch 5/10:  73%|███████▎  | 397/545 [02:10<00:48,  3.04it/s]
Epoch 5/10:  73%|███████▎  | 398/545 [02:11<00:48,  3.04it/s]
Epoch 5/10:  73%|███████▎  | 399/545 [02:11<00:48,  3.04it/s]
Epoch 5/10:  73%|███████▎  | 400/545 [02:11<00:47,  3.04it/s]
Epoch 5/10:  74%|███████▎  | 401/545 [02:12<00:47,  3.04it/s]
Epoch 5/10:  74%|███████▍  | 402/545 [02:12<00:47,  3.04it/s]
Epoch 5/10:  74%|███████▍  | 403/545 [02:12<00:46,  3.04it/s]
Epoch 5/10:  74%|███████▍  | 404/545 [02:13<00:46,  3.04it/s]
Epoch 5/10:  74%|███████▍  | 405/545 [02:13<00:46,  3.04it/s]
Epoch 5/10:  74%|███████▍  | 406/545 [02:13<00:45,  3.04it/s]
Epoch 5/10:  75%|███████▍  | 407/545 [02:14<00:45,  3.03it/s]
Epoch 5/10:  75%|███████▍  | 408/545 [02:14<00:45,  3.03it/s]
Epoch 5/10:  75%|███████▌  | 409/545 [02:14<00:44,  3.03it/s]
Epoch 5/10:  75%|███████▌  | 410/545 [02:15<00:44,  3.03it/s]
Epoch 5/10:  75%|███████▌  | 411/545 [02:15<00:44,  3.03it/s]
Epoch 5/10:  76%|███████▌  | 412/545 [02:15<00:43,  3.03it/s]
Epoch 5/10:  76%|███████▌  | 413/545 [02:16<00:43,  3.04it/s]
Epoch 5/10:  76%|███████▌  | 414/545 [02:16<00:43,  3.04it/s]
Epoch 5/10:  76%|███████▌  | 415/545 [02:16<00:42,  3.04it/s]
Epoch 5/10:  76%|███████▋  | 416/545 [02:17<00:42,  3.04it/s]
Epoch 5/10:  77%|███████▋  | 417/545 [02:17<00:42,  3.03it/s]
Epoch 5/10:  77%|███████▋  | 418/545 [02:17<00:41,  3.04it/s]
Epoch 5/10:  77%|███████▋  | 419/545 [02:18<00:41,  3.04it/s]
Epoch 5/10:  77%|███████▋  | 420/545 [02:18<00:41,  3.04it/s]
Epoch 5/10:  77%|███████▋  | 421/545 [02:18<00:40,  3.03it/s]
Epoch 5/10:  77%|███████▋  | 422/545 [02:19<00:40,  3.03it/s]
Epoch 5/10:  78%|███████▊  | 423/545 [02:19<00:40,  3.03it/s]
Epoch 5/10:  78%|███████▊  | 424/545 [02:19<00:39,  3.04it/s]
Epoch 5/10:  78%|███████▊  | 425/545 [02:20<00:39,  3.04it/s]
Epoch 5/10:  78%|███████▊  | 426/545 [02:20<00:39,  3.03it/s]
Epoch 5/10:  78%|███████▊  | 427/545 [02:20<00:38,  3.03it/s]
Epoch 5/10:  79%|███████▊  | 428/545 [02:21<00:38,  3.04it/s]
Epoch 5/10:  79%|███████▊  | 429/545 [02:21<00:38,  3.03it/s]
Epoch 5/10:  79%|███████▉  | 430/545 [02:21<00:37,  3.04it/s]
Epoch 5/10:  79%|███████▉  | 431/545 [02:22<00:37,  3.04it/s]
Epoch 5/10:  79%|███████▉  | 432/545 [02:22<00:37,  3.04it/s]
Epoch 5/10:  79%|███████▉  | 433/545 [02:22<00:36,  3.04it/s]
Epoch 5/10:  80%|███████▉  | 434/545 [02:22<00:36,  3.04it/s]
Epoch 5/10:  80%|███████▉  | 435/545 [02:23<00:36,  3.04it/s]
Epoch 5/10:  80%|████████  | 436/545 [02:23<00:35,  3.04it/s]
Epoch 5/10:  80%|████████  | 437/545 [02:23<00:35,  3.04it/s]
Epoch 5/10:  80%|████████  | 438/545 [02:24<00:35,  3.03it/s]
Epoch 5/10:  81%|████████  | 439/545 [02:24<00:34,  3.03it/s]
Epoch 5/10:  81%|████████  | 440/545 [02:24<00:34,  3.03it/s]
Epoch 5/10:  81%|████████  | 441/545 [02:25<00:34,  3.03it/s]
Epoch 5/10:  81%|████████  | 442/545 [02:25<00:33,  3.04it/s]
Epoch 5/10:  81%|████████▏ | 443/545 [02:25<00:33,  3.03it/s]
Epoch 5/10:  81%|████████▏ | 444/545 [02:26<00:33,  3.03it/s]
Epoch 5/10:  82%|████████▏ | 445/545 [02:26<00:32,  3.03it/s]
Epoch 5/10:  82%|████████▏ | 446/545 [02:26<00:32,  3.03it/s]
Epoch 5/10:  82%|████████▏ | 447/545 [02:27<00:32,  3.04it/s]
Epoch 5/10:  82%|████████▏ | 448/545 [02:27<00:31,  3.04it/s]
Epoch 5/10:  82%|████████▏ | 449/545 [02:27<00:31,  3.04it/s]
Epoch 5/10:  83%|████████▎ | 450/545 [02:28<00:31,  3.04it/s]
Epoch 5/10:  83%|████████▎ | 451/545 [02:28<00:30,  3.03it/s]
Epoch 5/10:  83%|████████▎ | 452/545 [02:28<00:30,  3.04it/s]
Epoch 5/10:  83%|████████▎ | 453/545 [02:29<00:30,  3.04it/s]
Epoch 5/10:  83%|████████▎ | 454/545 [02:29<00:29,  3.03it/s]
Epoch 5/10:  83%|████████▎ | 455/545 [02:29<00:29,  3.03it/s]
Epoch 5/10:  84%|████████▎ | 456/545 [02:30<00:29,  3.03it/s]
Epoch 5/10:  84%|████████▍ | 457/545 [02:30<00:28,  3.03it/s]
Epoch 5/10:  84%|████████▍ | 458/545 [02:30<00:28,  3.03it/s]
Epoch 5/10:  84%|████████▍ | 459/545 [02:31<00:28,  3.03it/s]
Epoch 5/10:  84%|████████▍ | 460/545 [02:31<00:28,  3.03it/s]
Epoch 5/10:  85%|████████▍ | 461/545 [02:31<00:27,  3.03it/s]
Epoch 5/10:  85%|████████▍ | 462/545 [02:32<00:27,  3.03it/s]
Epoch 5/10:  85%|████████▍ | 463/545 [02:32<00:27,  3.03it/s]
Epoch 5/10:  85%|████████▌ | 464/545 [02:32<00:26,  3.04it/s]
Epoch 5/10:  85%|████████▌ | 465/545 [02:33<00:26,  3.03it/s]
Epoch 5/10:  86%|████████▌ | 466/545 [02:33<00:26,  3.03it/s]
Epoch 5/10:  86%|████████▌ | 467/545 [02:33<00:25,  3.03it/s]
Epoch 5/10:  86%|████████▌ | 468/545 [02:34<00:25,  3.03it/s]
Epoch 5/10:  86%|████████▌ | 469/545 [02:34<00:25,  3.03it/s]
Epoch 5/10:  86%|████████▌ | 470/545 [02:34<00:24,  3.03it/s]
Epoch 5/10:  86%|████████▋ | 471/545 [02:35<00:24,  3.03it/s]
Epoch 5/10:  87%|████████▋ | 472/545 [02:35<00:24,  3.03it/s]
Epoch 5/10:  87%|████████▋ | 473/545 [02:35<00:23,  3.03it/s]
Epoch 5/10:  87%|████████▋ | 474/545 [02:36<00:23,  3.04it/s]
Epoch 5/10:  87%|████████▋ | 475/545 [02:36<00:23,  3.04it/s]
Epoch 5/10:  87%|████████▋ | 476/545 [02:36<00:22,  3.04it/s]
Epoch 5/10:  88%|████████▊ | 477/545 [02:37<00:22,  3.04it/s]
Epoch 5/10:  88%|████████▊ | 478/545 [02:37<00:22,  3.03it/s]
Epoch 5/10:  88%|████████▊ | 479/545 [02:37<00:21,  3.03it/s]
Epoch 5/10:  88%|████████▊ | 480/545 [02:38<00:21,  3.03it/s]
Epoch 5/10:  88%|████████▊ | 481/545 [02:38<00:21,  3.04it/s]
Epoch 5/10:  88%|████████▊ | 482/545 [02:38<00:20,  3.04it/s]
Epoch 5/10:  89%|████████▊ | 483/545 [02:39<00:20,  3.03it/s]
Epoch 5/10:  89%|████████▉ | 484/545 [02:39<00:20,  3.03it/s]
Epoch 5/10:  89%|████████▉ | 485/545 [02:39<00:19,  3.03it/s]
Epoch 5/10:  89%|████████▉ | 486/545 [02:40<00:19,  3.03it/s]
Epoch 5/10:  89%|████████▉ | 487/545 [02:40<00:19,  3.03it/s]
Epoch 5/10:  90%|████████▉ | 488/545 [02:40<00:18,  3.03it/s]
Epoch 5/10:  90%|████████▉ | 489/545 [02:41<00:18,  3.03it/s]
Epoch 5/10:  90%|████████▉ | 490/545 [02:41<00:18,  3.03it/s]
Epoch 5/10:  90%|█████████ | 491/545 [02:41<00:17,  3.03it/s]
Epoch 5/10:  90%|█████████ | 492/545 [02:42<00:17,  3.03it/s]
Epoch 5/10:  90%|█████████ | 493/545 [02:42<00:17,  3.04it/s]
Epoch 5/10:  91%|█████████ | 494/545 [02:42<00:16,  3.03it/s]
Epoch 5/10:  91%|█████████ | 495/545 [02:43<00:16,  3.04it/s]
Epoch 5/10:  91%|█████████ | 496/545 [02:43<00:16,  3.04it/s]
Epoch 5/10:  91%|█████████ | 497/545 [02:43<00:15,  3.03it/s]
Epoch 5/10:  91%|█████████▏| 498/545 [02:44<00:15,  3.03it/s]
Epoch 5/10:  92%|█████████▏| 499/545 [02:44<00:15,  3.03it/s]
Epoch 5/10:  92%|█████████▏| 500/545 [02:44<00:14,  3.04it/s]
Epoch 5/10:  92%|█████████▏| 501/545 [02:45<00:14,  3.03it/s]
Epoch 5/10:  92%|█████████▏| 502/545 [02:45<00:14,  3.03it/s]
Epoch 5/10:  92%|█████████▏| 503/545 [02:45<00:13,  3.04it/s]
Epoch 5/10:  92%|█████████▏| 504/545 [02:46<00:13,  3.04it/s]
Epoch 5/10:  93%|█████████▎| 505/545 [02:46<00:13,  3.03it/s]
Epoch 5/10:  93%|█████████▎| 506/545 [02:46<00:12,  3.03it/s]
Epoch 5/10:  93%|█████████▎| 507/545 [02:47<00:12,  3.03it/s]
Epoch 5/10:  93%|█████████▎| 508/545 [02:47<00:12,  3.03it/s]
Epoch 5/10:  93%|█████████▎| 509/545 [02:47<00:11,  3.03it/s]
Epoch 5/10:  94%|█████████▎| 510/545 [02:48<00:11,  3.04it/s]
Epoch 5/10:  94%|█████████▍| 511/545 [02:48<00:11,  3.04it/s]
Epoch 5/10:  94%|█████████▍| 512/545 [02:48<00:10,  3.04it/s]
Epoch 5/10:  94%|█████████▍| 513/545 [02:49<00:10,  3.04it/s]
Epoch 5/10:  94%|█████████▍| 514/545 [02:49<00:10,  3.04it/s]
Epoch 5/10:  94%|█████████▍| 515/545 [02:49<00:09,  3.04it/s]
Epoch 5/10:  95%|█████████▍| 516/545 [02:50<00:09,  3.04it/s]
Epoch 5/10:  95%|█████████▍| 517/545 [02:50<00:09,  3.04it/s]
Epoch 5/10:  95%|█████████▌| 518/545 [02:50<00:08,  3.04it/s]
Epoch 5/10:  95%|█████████▌| 519/545 [02:51<00:08,  3.04it/s]
Epoch 5/10:  95%|█████████▌| 520/545 [02:51<00:08,  3.04it/s]
Epoch 5/10:  96%|█████████▌| 521/545 [02:51<00:07,  3.04it/s]
Epoch 5/10:  96%|█████████▌| 522/545 [02:51<00:07,  3.04it/s]
Epoch 5/10:  96%|█████████▌| 523/545 [02:52<00:07,  3.03it/s]
Epoch 5/10:  96%|█████████▌| 524/545 [02:52<00:06,  3.03it/s]
Epoch 5/10:  96%|█████████▋| 525/545 [02:52<00:06,  3.04it/s]
Epoch 5/10:  97%|█████████▋| 526/545 [02:53<00:06,  3.03it/s]
Epoch 5/10:  97%|█████████▋| 527/545 [02:53<00:05,  3.03it/s]
Epoch 5/10:  97%|█████████▋| 528/545 [02:53<00:05,  3.04it/s]
Epoch 5/10:  97%|█████████▋| 529/545 [02:54<00:05,  3.04it/s]
Epoch 5/10:  97%|█████████▋| 530/545 [02:54<00:04,  3.03it/s]
Epoch 5/10:  97%|█████████▋| 531/545 [02:54<00:04,  3.03it/s]
Epoch 5/10:  98%|█████████▊| 532/545 [02:55<00:04,  3.04it/s]
Epoch 5/10:  98%|█████████▊| 533/545 [02:55<00:03,  3.03it/s]
Epoch 5/10:  98%|█████████▊| 534/545 [02:55<00:03,  3.03it/s]
Epoch 5/10:  98%|█████████▊| 535/545 [02:56<00:03,  3.04it/s]
Epoch 5/10:  98%|█████████▊| 536/545 [02:56<00:02,  3.03it/s]
Epoch 5/10:  99%|█████████▊| 537/545 [02:56<00:02,  3.04it/s]
Epoch 5/10:  99%|█████████▊| 538/545 [02:57<00:02,  3.03it/s]
Epoch 5/10:  99%|█████████▉| 539/545 [02:57<00:01,  3.03it/s]
Epoch 5/10:  99%|█████████▉| 540/545 [02:57<00:01,  3.04it/s]
Epoch 5/10:  99%|█████████▉| 541/545 [02:58<00:01,  3.04it/s]
Epoch 5/10:  99%|█████████▉| 542/545 [02:58<00:00,  3.04it/s]
Epoch 5/10: 100%|█████████▉| 543/545 [02:58<00:00,  3.04it/s]
Epoch 5/10: 100%|█████████▉| 544/545 [02:59<00:00,  3.04it/s]
Epoch 5/10: 100%|██████████| 545/545 [02:59<00:00,  3.23it/s]
Epoch 5/10: 100%|██████████| 545/545 [02:59<00:00,  3.04it/s]

Epoch 6/10:   0%|          | 0/545 [00:00<?, ?it/s]
Epoch 6/10:   0%|          | 1/545 [00:00<03:01,  2.99it/s]
Epoch 6/10:   0%|          | 2/545 [00:00<02:59,  3.02it/s]
Epoch 6/10:   1%|          | 3/545 [00:00<02:59,  3.03it/s]
Epoch 6/10:   1%|          | 4/545 [00:01<02:58,  3.03it/s]
Epoch 6/10:   1%|          | 5/545 [00:01<02:58,  3.03it/s]
Epoch 6/10:   1%|          | 6/545 [00:01<02:57,  3.03it/s]
Epoch 6/10:   1%|▏         | 7/545 [00:02<02:57,  3.03it/s]
Epoch 6/10:   1%|▏         | 8/545 [00:02<02:56,  3.04it/s]
Epoch 6/10:   2%|▏         | 9/545 [00:02<02:56,  3.04it/s]
Epoch 6/10:   2%|▏         | 10/545 [00:03<02:56,  3.04it/s]
Epoch 6/10:   2%|▏         | 11/545 [00:03<02:55,  3.04it/s]
Epoch 6/10:   2%|▏         | 12/545 [00:03<02:55,  3.04it/s]
Epoch 6/10:   2%|▏         | 13/545 [00:04<02:55,  3.04it/s]
Epoch 6/10:   3%|▎         | 14/545 [00:04<02:54,  3.04it/s]
Epoch 6/10:   3%|▎         | 15/545 [00:04<02:54,  3.04it/s]
Epoch 6/10:   3%|▎         | 16/545 [00:05<02:54,  3.04it/s]
Epoch 6/10:   3%|▎         | 17/545 [00:05<02:53,  3.04it/s]
Epoch 6/10:   3%|▎         | 18/545 [00:05<02:53,  3.04it/s]
Epoch 6/10:   3%|▎         | 19/545 [00:06<02:53,  3.04it/s]
Epoch 6/10:   4%|▎         | 20/545 [00:06<02:52,  3.04it/s]
Epoch 6/10:   4%|▍         | 21/545 [00:06<02:52,  3.04it/s]
Epoch 6/10:   4%|▍         | 22/545 [00:07<02:52,  3.04it/s]
Epoch 6/10:   4%|▍         | 23/545 [00:07<02:51,  3.04it/s]
Epoch 6/10:   4%|▍         | 24/545 [00:07<02:51,  3.04it/s]
Epoch 6/10:   5%|▍         | 25/545 [00:08<02:51,  3.04it/s]
Epoch 6/10:   5%|▍         | 26/545 [00:08<02:50,  3.04it/s]
Epoch 6/10:   5%|▍         | 27/545 [00:08<02:50,  3.04it/s]
Epoch 6/10:   5%|▌         | 28/545 [00:09<02:50,  3.04it/s]
Epoch 6/10:   5%|▌         | 29/545 [00:09<02:49,  3.04it/s]
Epoch 6/10:   6%|▌         | 30/545 [00:09<02:49,  3.04it/s]
Epoch 6/10:   6%|▌         | 31/545 [00:10<02:49,  3.04it/s]
Epoch 6/10:   6%|▌         | 32/545 [00:10<02:48,  3.04it/s]
Epoch 6/10:   6%|▌         | 33/545 [00:10<02:48,  3.04it/s]
Epoch 6/10:   6%|▌         | 34/545 [00:11<02:48,  3.04it/s]
Epoch 6/10:   6%|▋         | 35/545 [00:11<02:47,  3.04it/s]
Epoch 6/10:   7%|▋         | 36/545 [00:11<02:47,  3.04it/s]
Epoch 6/10:   7%|▋         | 37/545 [00:12<02:47,  3.04it/s]
Epoch 6/10:   7%|▋         | 38/545 [00:12<02:46,  3.04it/s]
Epoch 6/10:   7%|▋         | 39/545 [00:12<02:46,  3.04it/s]
Epoch 6/10:   7%|▋         | 40/545 [00:13<02:46,  3.04it/s]
Epoch 6/10:   8%|▊         | 41/545 [00:13<02:45,  3.04it/s]
Epoch 6/10:   8%|▊         | 42/545 [00:13<02:45,  3.04it/s]
Epoch 6/10:   8%|▊         | 43/545 [00:14<02:45,  3.04it/s]
Epoch 6/10:   8%|▊         | 44/545 [00:14<02:44,  3.04it/s]
Epoch 6/10:   8%|▊         | 45/545 [00:14<02:44,  3.04it/s]
Epoch 6/10:   8%|▊         | 46/545 [00:15<02:44,  3.04it/s]
Epoch 6/10:   9%|▊         | 47/545 [00:15<02:44,  3.04it/s]
Epoch 6/10:   9%|▉         | 48/545 [00:15<02:43,  3.04it/s]
Epoch 6/10:   9%|▉         | 49/545 [00:16<02:43,  3.03it/s]
Epoch 6/10:   9%|▉         | 50/545 [00:16<02:43,  3.03it/s]
Epoch 6/10:   9%|▉         | 51/545 [00:16<02:42,  3.04it/s]
Epoch 6/10:  10%|▉         | 52/545 [00:17<02:42,  3.03it/s]
Epoch 6/10:  10%|▉         | 53/545 [00:17<02:42,  3.03it/s]
Epoch 6/10:  10%|▉         | 54/545 [00:17<02:41,  3.03it/s]
Epoch 6/10:  10%|█         | 55/545 [00:18<02:41,  3.04it/s]
Epoch 6/10:  10%|█         | 56/545 [00:18<02:41,  3.04it/s]
Epoch 6/10:  10%|█         | 57/545 [00:18<02:40,  3.04it/s]
Epoch 6/10:  11%|█         | 58/545 [00:19<02:40,  3.04it/s]
Epoch 6/10:  11%|█         | 59/545 [00:19<02:40,  3.04it/s]
Epoch 6/10:  11%|█         | 60/545 [00:19<02:39,  3.04it/s]
Epoch 6/10:  11%|█         | 61/545 [00:20<02:39,  3.04it/s]
Epoch 6/10:  11%|█▏        | 62/545 [00:20<02:39,  3.04it/s]
Epoch 6/10:  12%|█▏        | 63/545 [00:20<02:38,  3.04it/s]
Epoch 6/10:  12%|█▏        | 64/545 [00:21<02:38,  3.04it/s]
Epoch 6/10:  12%|█▏        | 65/545 [00:21<02:38,  3.04it/s]
Epoch 6/10:  12%|█▏        | 66/545 [00:21<02:37,  3.04it/s]
Epoch 6/10:  12%|█▏        | 67/545 [00:22<02:37,  3.04it/s]
Epoch 6/10:  12%|█▏        | 68/545 [00:22<02:37,  3.04it/s]
Epoch 6/10:  13%|█▎        | 69/545 [00:22<02:36,  3.04it/s]
Epoch 6/10:  13%|█▎        | 70/545 [00:23<02:36,  3.04it/s]
Epoch 6/10:  13%|█▎        | 71/545 [00:23<02:36,  3.04it/s]
Epoch 6/10:  13%|█▎        | 72/545 [00:23<02:35,  3.04it/s]
Epoch 6/10:  13%|█▎        | 73/545 [00:24<02:35,  3.04it/s]
Epoch 6/10:  14%|█▎        | 74/545 [00:24<02:35,  3.04it/s]
Epoch 6/10:  14%|█▍        | 75/545 [00:24<02:34,  3.04it/s]
Epoch 6/10:  14%|█▍        | 76/545 [00:25<02:34,  3.04it/s]
Epoch 6/10:  14%|█▍        | 77/545 [00:25<02:34,  3.04it/s]
Epoch 6/10:  14%|█▍        | 78/545 [00:25<02:33,  3.04it/s]
Epoch 6/10:  14%|█▍        | 79/545 [00:26<02:33,  3.04it/s]
Epoch 6/10:  15%|█▍        | 80/545 [00:26<02:33,  3.04it/s]
Epoch 6/10:  15%|█▍        | 81/545 [00:26<02:32,  3.04it/s]
Epoch 6/10:  15%|█▌        | 82/545 [00:27<02:32,  3.04it/s]
Epoch 6/10:  15%|█▌        | 83/545 [00:27<02:32,  3.04it/s]
Epoch 6/10:  15%|█▌        | 84/545 [00:27<02:31,  3.03it/s]
Epoch 6/10:  16%|█▌        | 85/545 [00:27<02:31,  3.04it/s]
Epoch 6/10:  16%|█▌        | 86/545 [00:28<02:31,  3.04it/s]
Epoch 6/10:  16%|█▌        | 87/545 [00:28<02:30,  3.04it/s]
Epoch 6/10:  16%|█▌        | 88/545 [00:28<02:30,  3.04it/s]
Epoch 6/10:  16%|█▋        | 89/545 [00:29<02:30,  3.04it/s]
Epoch 6/10:  17%|█▋        | 90/545 [00:29<02:29,  3.04it/s]
Epoch 6/10:  17%|█▋        | 91/545 [00:29<02:29,  3.04it/s]
Epoch 6/10:  17%|█▋        | 92/545 [00:30<02:29,  3.04it/s]
Epoch 6/10:  17%|█▋        | 93/545 [00:30<02:28,  3.04it/s]
Epoch 6/10:  17%|█▋        | 94/545 [00:30<02:28,  3.04it/s]
Epoch 6/10:  17%|█▋        | 95/545 [00:31<02:28,  3.04it/s]
Epoch 6/10:  18%|█▊        | 96/545 [00:31<02:27,  3.04it/s]
Epoch 6/10:  18%|█▊        | 97/545 [00:31<02:27,  3.04it/s]
Epoch 6/10:  18%|█▊        | 98/545 [00:32<02:27,  3.04it/s]
Epoch 6/10:  18%|█▊        | 99/545 [00:32<02:26,  3.04it/s]
Epoch 6/10:  18%|█▊        | 100/545 [00:32<02:26,  3.04it/s]
Epoch 6/10:  19%|█▊        | 101/545 [00:33<02:26,  3.04it/s]
Epoch 6/10:  19%|█▊        | 102/545 [00:33<02:25,  3.04it/s]
Epoch 6/10:  19%|█▉        | 103/545 [00:33<02:25,  3.04it/s]
Epoch 6/10:  19%|█▉        | 104/545 [00:34<02:25,  3.04it/s]
Epoch 6/10:  19%|█▉        | 105/545 [00:34<02:24,  3.04it/s]
Epoch 6/10:  19%|█▉        | 106/545 [00:34<02:24,  3.04it/s]
Epoch 6/10:  20%|█▉        | 107/545 [00:35<02:24,  3.04it/s]
Epoch 6/10:  20%|█▉        | 108/545 [00:35<02:23,  3.04it/s]
Epoch 6/10:  20%|██        | 109/545 [00:35<02:23,  3.04it/s]
Epoch 6/10:  20%|██        | 110/545 [00:36<02:23,  3.04it/s]
Epoch 6/10:  20%|██        | 111/545 [00:36<02:22,  3.04it/s]
Epoch 6/10:  21%|██        | 112/545 [00:36<02:22,  3.04it/s]
Epoch 6/10:  21%|██        | 113/545 [00:37<02:22,  3.04it/s]
Epoch 6/10:  21%|██        | 114/545 [00:37<02:21,  3.04it/s]
Epoch 6/10:  21%|██        | 115/545 [00:37<02:21,  3.04it/s]
Epoch 6/10:  21%|██▏       | 116/545 [00:38<02:21,  3.04it/s]
Epoch 6/10:  21%|██▏       | 117/545 [00:38<02:21,  3.04it/s]
Epoch 6/10:  22%|██▏       | 118/545 [00:38<02:20,  3.04it/s]
Epoch 6/10:  22%|██▏       | 119/545 [00:39<02:20,  3.04it/s]
Epoch 6/10:  22%|██▏       | 120/545 [00:39<02:20,  3.03it/s]
Epoch 6/10:  22%|██▏       | 121/545 [00:39<02:19,  3.03it/s]
Epoch 6/10:  22%|██▏       | 122/545 [00:40<02:19,  3.03it/s]
Epoch 6/10:  23%|██▎       | 123/545 [00:40<02:19,  3.03it/s]
Epoch 6/10:  23%|██▎       | 124/545 [00:40<02:18,  3.04it/s]
Epoch 6/10:  23%|██▎       | 125/545 [00:41<02:18,  3.04it/s]
Epoch 6/10:  23%|██▎       | 126/545 [00:41<02:18,  3.03it/s]
Epoch 6/10:  23%|██▎       | 127/545 [00:41<02:17,  3.04it/s]
Epoch 6/10:  23%|██▎       | 128/545 [00:42<02:17,  3.04it/s]
Epoch 6/10:  24%|██▎       | 129/545 [00:42<02:17,  3.04it/s]
Epoch 6/10:  24%|██▍       | 130/545 [00:42<02:16,  3.04it/s]
Epoch 6/10:  24%|██▍       | 131/545 [00:43<02:16,  3.04it/s]
Epoch 6/10:  24%|██▍       | 132/545 [00:43<02:16,  3.04it/s]
Epoch 6/10:  24%|██▍       | 133/545 [00:43<02:15,  3.04it/s]
Epoch 6/10:  25%|██▍       | 134/545 [00:44<02:15,  3.04it/s]
Epoch 6/10:  25%|██▍       | 135/545 [00:44<02:15,  3.04it/s]
Epoch 6/10:  25%|██▍       | 136/545 [00:44<02:14,  3.03it/s]
Epoch 6/10:  25%|██▌       | 137/545 [00:45<02:14,  3.04it/s]
Epoch 6/10:  25%|██▌       | 138/545 [00:45<02:14,  3.04it/s]
Epoch 6/10:  26%|██▌       | 139/545 [00:45<02:13,  3.04it/s]
Epoch 6/10:  26%|██▌       | 140/545 [00:46<02:13,  3.04it/s]
Epoch 6/10:  26%|██▌       | 141/545 [00:46<02:13,  3.03it/s]
Epoch 6/10:  26%|██▌       | 142/545 [00:46<02:12,  3.04it/s]
Epoch 6/10:  26%|██▌       | 143/545 [00:47<02:12,  3.03it/s]
Epoch 6/10:  26%|██▋       | 144/545 [00:47<02:12,  3.04it/s]
Epoch 6/10:  27%|██▋       | 145/545 [00:47<02:11,  3.04it/s]
Epoch 6/10:  27%|██▋       | 146/545 [00:48<02:11,  3.04it/s]
Epoch 6/10:  27%|██▋       | 147/545 [00:48<02:11,  3.04it/s]
Epoch 6/10:  27%|██▋       | 148/545 [00:48<02:10,  3.04it/s]
Epoch 6/10:  27%|██▋       | 149/545 [00:49<02:10,  3.04it/s]
Epoch 6/10:  28%|██▊       | 150/545 [00:49<02:10,  3.04it/s]
Epoch 6/10:  28%|██▊       | 151/545 [00:49<02:09,  3.04it/s]
Epoch 6/10:  28%|██▊       | 152/545 [00:50<02:09,  3.04it/s]
Epoch 6/10:  28%|██▊       | 153/545 [00:50<02:09,  3.04it/s]
Epoch 6/10:  28%|██▊       | 154/545 [00:50<02:08,  3.04it/s]
Epoch 6/10:  28%|██▊       | 155/545 [00:51<02:08,  3.04it/s]
Epoch 6/10:  29%|██▊       | 156/545 [00:51<02:08,  3.04it/s]
Epoch 6/10:  29%|██▉       | 157/545 [00:51<02:07,  3.04it/s]
Epoch 6/10:  29%|██▉       | 158/545 [00:52<02:07,  3.04it/s]
Epoch 6/10:  29%|██▉       | 159/545 [00:52<02:07,  3.04it/s]
Epoch 6/10:  29%|██▉       | 160/545 [00:52<02:06,  3.04it/s]
Epoch 6/10:  30%|██▉       | 161/545 [00:53<02:06,  3.04it/s]
Epoch 6/10:  30%|██▉       | 162/545 [00:53<02:06,  3.04it/s]
Epoch 6/10:  30%|██▉       | 163/545 [00:53<02:05,  3.04it/s]
Epoch 6/10:  30%|███       | 164/545 [00:54<02:05,  3.04it/s]
Epoch 6/10:  30%|███       | 165/545 [00:54<02:05,  3.04it/s]
Epoch 6/10:  30%|███       | 166/545 [00:54<02:04,  3.04it/s]
Epoch 6/10:  31%|███       | 167/545 [00:55<02:04,  3.04it/s]
Epoch 6/10:  31%|███       | 168/545 [00:55<02:04,  3.04it/s]
Epoch 6/10:  31%|███       | 169/545 [00:55<02:03,  3.04it/s]
Epoch 6/10:  31%|███       | 170/545 [00:55<02:03,  3.04it/s]
Epoch 6/10:  31%|███▏      | 171/545 [00:56<02:03,  3.04it/s]
Epoch 6/10:  32%|███▏      | 172/545 [00:56<02:02,  3.04it/s]
Epoch 6/10:  32%|███▏      | 173/545 [00:56<02:02,  3.04it/s]
Epoch 6/10:  32%|███▏      | 174/545 [00:57<02:02,  3.04it/s]
Epoch 6/10:  32%|███▏      | 175/545 [00:57<02:01,  3.04it/s]
Epoch 6/10:  32%|███▏      | 176/545 [00:57<02:01,  3.04it/s]
Epoch 6/10:  32%|███▏      | 177/545 [00:58<02:01,  3.04it/s]
Epoch 6/10:  33%|███▎      | 178/545 [00:58<02:00,  3.03it/s]
Epoch 6/10:  33%|███▎      | 179/545 [00:58<02:00,  3.03it/s]
Epoch 6/10:  33%|███▎      | 180/545 [00:59<02:00,  3.04it/s]
Epoch 6/10:  33%|███▎      | 181/545 [00:59<01:59,  3.04it/s]
Epoch 6/10:  33%|███▎      | 182/545 [00:59<01:59,  3.04it/s]
Epoch 6/10:  34%|███▎      | 183/545 [01:00<01:59,  3.04it/s]
Epoch 6/10:  34%|███▍      | 184/545 [01:00<01:59,  3.02it/s]
Epoch 6/10:  34%|███▍      | 185/545 [01:00<01:58,  3.03it/s]
Epoch 6/10:  34%|███▍      | 186/545 [01:01<01:58,  3.03it/s]
Epoch 6/10:  34%|███▍      | 187/545 [01:01<01:58,  3.03it/s]
Epoch 6/10:  34%|███▍      | 188/545 [01:01<01:57,  3.03it/s]
Epoch 6/10:  35%|███▍      | 189/545 [01:02<01:57,  3.03it/s]
Epoch 6/10:  35%|███▍      | 190/545 [01:02<01:57,  3.03it/s]
Epoch 6/10:  35%|███▌      | 191/545 [01:02<01:56,  3.03it/s]
Epoch 6/10:  35%|███▌      | 192/545 [01:03<01:56,  3.03it/s]
Epoch 6/10:  35%|███▌      | 193/545 [01:03<01:55,  3.04it/s]
Epoch 6/10:  36%|███▌      | 194/545 [01:03<01:55,  3.04it/s]
Epoch 6/10:  36%|███▌      | 195/545 [01:04<01:55,  3.04it/s]
Epoch 6/10:  36%|███▌      | 196/545 [01:04<01:54,  3.04it/s]
Epoch 6/10:  36%|███▌      | 197/545 [01:04<01:54,  3.04it/s]
Epoch 6/10:  36%|███▋      | 198/545 [01:05<01:54,  3.04it/s]
Epoch 6/10:  37%|███▋      | 199/545 [01:05<01:53,  3.04it/s]
Epoch 6/10:  37%|███▋      | 200/545 [01:05<01:53,  3.04it/s]
Epoch 6/10:  37%|███▋      | 201/545 [01:06<01:53,  3.04it/s]
Epoch 6/10:  37%|███▋      | 202/545 [01:06<01:52,  3.04it/s]
Epoch 6/10:  37%|███▋      | 203/545 [01:06<01:52,  3.04it/s]
Epoch 6/10:  37%|███▋      | 204/545 [01:07<01:52,  3.04it/s]
Epoch 6/10:  38%|███▊      | 205/545 [01:07<01:51,  3.04it/s]
Epoch 6/10:  38%|███▊      | 206/545 [01:07<01:51,  3.03it/s]
Epoch 6/10:  38%|███▊      | 207/545 [01:08<01:51,  3.04it/s]
Epoch 6/10:  38%|███▊      | 208/545 [01:08<01:51,  3.04it/s]
Epoch 6/10:  38%|███▊      | 209/545 [01:08<01:50,  3.03it/s]
Epoch 6/10:  39%|███▊      | 210/545 [01:09<01:50,  3.04it/s]
Epoch 6/10:  39%|███▊      | 211/545 [01:09<01:50,  3.04it/s]
Epoch 6/10:  39%|███▉      | 212/545 [01:09<01:49,  3.04it/s]
Epoch 6/10:  39%|███▉      | 213/545 [01:10<01:49,  3.04it/s]
Epoch 6/10:  39%|███▉      | 214/545 [01:10<01:49,  3.04it/s]
Epoch 6/10:  39%|███▉      | 215/545 [01:10<01:48,  3.04it/s]
Epoch 6/10:  40%|███▉      | 216/545 [01:11<01:48,  3.03it/s]
Epoch 6/10:  40%|███▉      | 217/545 [01:11<01:48,  3.03it/s]
Epoch 6/10:  40%|████      | 218/545 [01:11<01:47,  3.03it/s]
Epoch 6/10:  40%|████      | 219/545 [01:12<01:47,  3.03it/s]
Epoch 6/10:  40%|████      | 220/545 [01:12<01:47,  3.03it/s]
Epoch 6/10:  41%|████      | 221/545 [01:12<01:46,  3.04it/s]
Epoch 6/10:  41%|████      | 222/545 [01:13<01:46,  3.04it/s]
Epoch 6/10:  41%|████      | 223/545 [01:13<01:46,  3.04it/s]
Epoch 6/10:  41%|████      | 224/545 [01:13<01:45,  3.04it/s]
Epoch 6/10:  41%|████▏     | 225/545 [01:14<01:45,  3.04it/s]
Epoch 6/10:  41%|████▏     | 226/545 [01:14<01:45,  3.04it/s]
Epoch 6/10:  42%|████▏     | 227/545 [01:14<01:44,  3.04it/s]
Epoch 6/10:  42%|████▏     | 228/545 [01:15<01:44,  3.04it/s]
Epoch 6/10:  42%|████▏     | 229/545 [01:15<01:44,  3.04it/s]
Epoch 6/10:  42%|████▏     | 230/545 [01:15<01:43,  3.04it/s]
Epoch 6/10:  42%|████▏     | 231/545 [01:16<01:43,  3.04it/s]
Epoch 6/10:  43%|████▎     | 232/545 [01:16<01:43,  3.04it/s]
Epoch 6/10:  43%|████▎     | 233/545 [01:16<01:42,  3.04it/s]
Epoch 6/10:  43%|████▎     | 234/545 [01:17<01:42,  3.04it/s]
Epoch 6/10:  43%|████▎     | 235/545 [01:17<01:42,  3.04it/s]
Epoch 6/10:  43%|████▎     | 236/545 [01:17<01:41,  3.04it/s]
Epoch 6/10:  43%|████▎     | 237/545 [01:18<01:41,  3.04it/s]
Epoch 6/10:  44%|████▎     | 238/545 [01:18<01:41,  3.04it/s]
Epoch 6/10:  44%|████▍     | 239/545 [01:18<01:40,  3.04it/s]
Epoch 6/10:  44%|████▍     | 240/545 [01:19<01:40,  3.04it/s]
Epoch 6/10:  44%|████▍     | 241/545 [01:19<01:40,  3.04it/s]
Epoch 6/10:  44%|████▍     | 242/545 [01:19<01:39,  3.04it/s]
Epoch 6/10:  45%|████▍     | 243/545 [01:20<01:39,  3.04it/s]
Epoch 6/10:  45%|████▍     | 244/545 [01:20<01:39,  3.04it/s]
Epoch 6/10:  45%|████▍     | 245/545 [01:20<01:38,  3.04it/s]
Epoch 6/10:  45%|████▌     | 246/545 [01:21<01:38,  3.04it/s]
Epoch 6/10:  45%|████▌     | 247/545 [01:21<01:38,  3.04it/s]
Epoch 6/10:  46%|████▌     | 248/545 [01:21<01:37,  3.04it/s]
Epoch 6/10:  46%|████▌     | 249/545 [01:22<01:37,  3.04it/s]
Epoch 6/10:  46%|████▌     | 250/545 [01:22<01:37,  3.04it/s]
Epoch 6/10:  46%|████▌     | 251/545 [01:22<01:36,  3.04it/s]
Epoch 6/10:  46%|████▌     | 252/545 [01:23<01:36,  3.04it/s]
Epoch 6/10:  46%|████▋     | 253/545 [01:23<01:36,  3.04it/s]
Epoch 6/10:  47%|████▋     | 254/545 [01:23<01:35,  3.04it/s]
Epoch 6/10:  47%|████▋     | 255/545 [01:24<01:35,  3.04it/s]
Epoch 6/10:  47%|████▋     | 256/545 [01:24<01:35,  3.04it/s]
Epoch 6/10:  47%|████▋     | 257/545 [01:24<01:34,  3.04it/s]
Epoch 6/10:  47%|████▋     | 258/545 [01:24<01:34,  3.04it/s]
Epoch 6/10:  48%|████▊     | 259/545 [01:25<01:34,  3.04it/s]
Epoch 6/10:  48%|████▊     | 260/545 [01:25<01:33,  3.04it/s]
Epoch 6/10:  48%|████▊     | 261/545 [01:25<01:33,  3.04it/s]
Epoch 6/10:  48%|████▊     | 262/545 [01:26<01:33,  3.04it/s]
Epoch 6/10:  48%|████▊     | 263/545 [01:26<01:32,  3.04it/s]
Epoch 6/10:  48%|████▊     | 264/545 [01:26<01:32,  3.04it/s]
Epoch 6/10:  49%|████▊     | 265/545 [01:27<01:32,  3.04it/s]
Epoch 6/10:  49%|████▉     | 266/545 [01:27<01:31,  3.04it/s]
Epoch 6/10:  49%|████▉     | 267/545 [01:27<01:31,  3.04it/s]
Epoch 6/10:  49%|████▉     | 268/545 [01:28<01:31,  3.04it/s]
Epoch 6/10:  49%|████▉     | 269/545 [01:28<01:30,  3.04it/s]
Epoch 6/10:  50%|████▉     | 270/545 [01:28<01:30,  3.04it/s]
Epoch 6/10:  50%|████▉     | 271/545 [01:29<01:30,  3.04it/s]
Epoch 6/10:  50%|████▉     | 272/545 [01:29<01:29,  3.04it/s]
Epoch 6/10:  50%|█████     | 273/545 [01:29<01:29,  3.04it/s]
Epoch 6/10:  50%|█████     | 274/545 [01:30<01:29,  3.04it/s]
Epoch 6/10:  50%|█████     | 275/545 [01:30<01:28,  3.04it/s]
Epoch 6/10:  51%|█████     | 276/545 [01:30<01:28,  3.04it/s]
Epoch 6/10:  51%|█████     | 277/545 [01:31<01:28,  3.04it/s]
Epoch 6/10:  51%|█████     | 278/545 [01:31<01:27,  3.04it/s]
Epoch 6/10:  51%|█████     | 279/545 [01:31<01:27,  3.04it/s]
Epoch 6/10:  51%|█████▏    | 280/545 [01:32<01:27,  3.04it/s]
Epoch 6/10:  52%|█████▏    | 281/545 [01:32<01:26,  3.04it/s]
Epoch 6/10:  52%|█████▏    | 282/545 [01:32<01:26,  3.04it/s]
Epoch 6/10:  52%|█████▏    | 283/545 [01:33<01:26,  3.04it/s]
Epoch 6/10:  52%|█████▏    | 284/545 [01:33<01:25,  3.04it/s]
Epoch 6/10:  52%|█████▏    | 285/545 [01:33<01:25,  3.04it/s]
Epoch 6/10:  52%|█████▏    | 286/545 [01:34<01:25,  3.04it/s]
Epoch 6/10:  53%|█████▎    | 287/545 [01:34<01:24,  3.04it/s]
Epoch 6/10:  53%|█████▎    | 288/545 [01:34<01:24,  3.04it/s]
Epoch 6/10:  53%|█████▎    | 289/545 [01:35<01:24,  3.04it/s]
Epoch 6/10:  53%|█████▎    | 290/545 [01:35<01:23,  3.04it/s]
Epoch 6/10:  53%|█████▎    | 291/545 [01:35<01:23,  3.04it/s]
Epoch 6/10:  54%|█████▎    | 292/545 [01:36<01:23,  3.04it/s]
Epoch 6/10:  54%|█████▍    | 293/545 [01:36<01:22,  3.04it/s]
Epoch 6/10:  54%|█████▍    | 294/545 [01:36<01:22,  3.04it/s]
Epoch 6/10:  54%|█████▍    | 295/545 [01:37<01:22,  3.04it/s]
Epoch 6/10:  54%|█████▍    | 296/545 [01:37<01:22,  3.04it/s]
Epoch 6/10:  54%|█████▍    | 297/545 [01:37<01:21,  3.04it/s]
Epoch 6/10:  55%|█████▍    | 298/545 [01:38<01:21,  3.04it/s]
Epoch 6/10:  55%|█████▍    | 299/545 [01:38<01:21,  3.04it/s]
Epoch 6/10:  55%|█████▌    | 300/545 [01:38<01:20,  3.04it/s]
Epoch 6/10:  55%|█████▌    | 301/545 [01:39<01:20,  3.04it/s]
Epoch 6/10:  55%|█████▌    | 302/545 [01:39<01:20,  3.04it/s]
Epoch 6/10:  56%|█████▌    | 303/545 [01:39<01:19,  3.04it/s]
Epoch 6/10:  56%|█████▌    | 304/545 [01:40<01:19,  3.04it/s]
Epoch 6/10:  56%|█████▌    | 305/545 [01:40<01:19,  3.04it/s]
Epoch 6/10:  56%|█████▌    | 306/545 [01:40<01:18,  3.04it/s]
Epoch 6/10:  56%|█████▋    | 307/545 [01:41<01:18,  3.04it/s]
Epoch 6/10:  57%|█████▋    | 308/545 [01:41<01:18,  3.04it/s]
Epoch 6/10:  57%|█████▋    | 309/545 [01:41<01:17,  3.04it/s]
Epoch 6/10:  57%|█████▋    | 310/545 [01:42<01:17,  3.04it/s]
Epoch 6/10:  57%|█████▋    | 311/545 [01:42<01:17,  3.04it/s]
Epoch 6/10:  57%|█████▋    | 312/545 [01:42<01:16,  3.04it/s]
Epoch 6/10:  57%|█████▋    | 313/545 [01:43<01:16,  3.04it/s]
Epoch 6/10:  58%|█████▊    | 314/545 [01:43<01:16,  3.04it/s]
Epoch 6/10:  58%|█████▊    | 315/545 [01:43<01:15,  3.04it/s]
Epoch 6/10:  58%|█████▊    | 316/545 [01:44<01:15,  3.04it/s]
Epoch 6/10:  58%|█████▊    | 317/545 [01:44<01:15,  3.04it/s]
Epoch 6/10:  58%|█████▊    | 318/545 [01:44<01:14,  3.04it/s]
Epoch 6/10:  59%|█████▊    | 319/545 [01:45<01:14,  3.04it/s]
Epoch 6/10:  59%|█████▊    | 320/545 [01:45<01:14,  3.04it/s]
Epoch 6/10:  59%|█████▉    | 321/545 [01:45<01:13,  3.04it/s]
Epoch 6/10:  59%|█████▉    | 322/545 [01:46<01:13,  3.04it/s]
Epoch 6/10:  59%|█████▉    | 323/545 [01:46<01:13,  3.04it/s]
Epoch 6/10:  59%|█████▉    | 324/545 [01:46<01:12,  3.04it/s]
Epoch 6/10:  60%|█████▉    | 325/545 [01:47<01:12,  3.04it/s]
Epoch 6/10:  60%|█████▉    | 326/545 [01:47<01:12,  3.04it/s]
Epoch 6/10:  60%|██████    | 327/545 [01:47<01:11,  3.04it/s]
Epoch 6/10:  60%|██████    | 328/545 [01:48<01:11,  3.04it/s]
Epoch 6/10:  60%|██████    | 329/545 [01:48<01:11,  3.04it/s]
Epoch 6/10:  61%|██████    | 330/545 [01:48<01:10,  3.04it/s]
Epoch 6/10:  61%|██████    | 331/545 [01:49<01:10,  3.04it/s]
Epoch 6/10:  61%|██████    | 332/545 [01:49<01:10,  3.04it/s]
Epoch 6/10:  61%|██████    | 333/545 [01:49<01:09,  3.04it/s]
Epoch 6/10:  61%|██████▏   | 334/545 [01:50<01:09,  3.04it/s]
Epoch 6/10:  61%|██████▏   | 335/545 [01:50<01:09,  3.04it/s]
Epoch 6/10:  62%|██████▏   | 336/545 [01:50<01:08,  3.04it/s]
Epoch 6/10:  62%|██████▏   | 337/545 [01:51<01:08,  3.04it/s]
Epoch 6/10:  62%|██████▏   | 338/545 [01:51<01:08,  3.04it/s]
Epoch 6/10:  62%|██████▏   | 339/545 [01:51<01:07,  3.04it/s]
Epoch 6/10:  62%|██████▏   | 340/545 [01:51<01:07,  3.04it/s]
Epoch 6/10:  63%|██████▎   | 341/545 [01:52<01:07,  3.04it/s]
Epoch 6/10:  63%|██████▎   | 342/545 [01:52<01:06,  3.04it/s]
Epoch 6/10:  63%|██████▎   | 343/545 [01:52<01:06,  3.04it/s]
Epoch 6/10:  63%|██████▎   | 344/545 [01:53<01:06,  3.04it/s]
Epoch 6/10:  63%|██████▎   | 345/545 [01:53<01:05,  3.04it/s]
Epoch 6/10:  63%|██████▎   | 346/545 [01:53<01:05,  3.04it/s]
Epoch 6/10:  64%|██████▎   | 347/545 [01:54<01:05,  3.04it/s]
Epoch 6/10:  64%|██████▍   | 348/545 [01:54<01:04,  3.04it/s]
Epoch 6/10:  64%|██████▍   | 349/545 [01:54<01:04,  3.04it/s]
Epoch 6/10:  64%|██████▍   | 350/545 [01:55<01:04,  3.04it/s]
Epoch 6/10:  64%|██████▍   | 351/545 [01:55<01:03,  3.04it/s]
Epoch 6/10:  65%|██████▍   | 352/545 [01:55<01:03,  3.04it/s]
Epoch 6/10:  65%|██████▍   | 353/545 [01:56<01:03,  3.04it/s]
Epoch 6/10:  65%|██████▍   | 354/545 [01:56<01:02,  3.04it/s]
Epoch 6/10:  65%|██████▌   | 355/545 [01:56<01:02,  3.04it/s]
Epoch 6/10:  65%|██████▌   | 356/545 [01:57<01:02,  3.04it/s]
Epoch 6/10:  66%|██████▌   | 357/545 [01:57<01:01,  3.04it/s]
Epoch 6/10:  66%|██████▌   | 358/545 [01:57<01:01,  3.04it/s]
Epoch 6/10:  66%|██████▌   | 359/545 [01:58<01:01,  3.04it/s]
Epoch 6/10:  66%|██████▌   | 360/545 [01:58<01:00,  3.04it/s]
Epoch 6/10:  66%|██████▌   | 361/545 [01:58<01:00,  3.04it/s]
Epoch 6/10:  66%|██████▋   | 362/545 [01:59<01:00,  3.04it/s]
Epoch 6/10:  67%|██████▋   | 363/545 [01:59<00:59,  3.04it/s]
Epoch 6/10:  67%|██████▋   | 364/545 [01:59<00:59,  3.04it/s]
Epoch 6/10:  67%|██████▋   | 365/545 [02:00<00:59,  3.04it/s]
Epoch 6/10:  67%|██████▋   | 366/545 [02:00<00:58,  3.04it/s]
Epoch 6/10:  67%|██████▋   | 367/545 [02:00<00:58,  3.02it/s]
Epoch 6/10:  68%|██████▊   | 368/545 [02:01<00:58,  3.02it/s]
Epoch 6/10:  68%|██████▊   | 369/545 [02:01<00:58,  3.03it/s]
Epoch 6/10:  68%|██████▊   | 370/545 [02:01<00:57,  3.03it/s]
Epoch 6/10:  68%|██████▊   | 371/545 [02:02<00:57,  3.03it/s]
Epoch 6/10:  68%|██████▊   | 372/545 [02:02<00:57,  3.03it/s]
Epoch 6/10:  68%|██████▊   | 373/545 [02:02<00:56,  3.03it/s]
Epoch 6/10:  69%|██████▊   | 374/545 [02:03<00:56,  3.03it/s]
Epoch 6/10:  69%|██████▉   | 375/545 [02:03<00:56,  3.03it/s]
Epoch 6/10:  69%|██████▉   | 376/545 [02:03<00:55,  3.03it/s]
Epoch 6/10:  69%|██████▉   | 377/545 [02:04<00:55,  3.04it/s]
Epoch 6/10:  69%|██████▉   | 378/545 [02:04<00:55,  3.04it/s]
Epoch 6/10:  70%|██████▉   | 379/545 [02:04<00:54,  3.04it/s]
Epoch 6/10:  70%|██████▉   | 380/545 [02:05<00:54,  3.04it/s]
Epoch 6/10:  70%|██████▉   | 381/545 [02:05<00:54,  3.04it/s]
Epoch 6/10:  70%|███████   | 382/545 [02:05<00:53,  3.04it/s]
Epoch 6/10:  70%|███████   | 383/545 [02:06<00:53,  3.04it/s]
Epoch 6/10:  70%|███████   | 384/545 [02:06<00:53,  3.04it/s]
Epoch 6/10:  71%|███████   | 385/545 [02:06<00:52,  3.04it/s]
Epoch 6/10:  71%|███████   | 386/545 [02:07<00:52,  3.04it/s]
Epoch 6/10:  71%|███████   | 387/545 [02:07<00:52,  3.04it/s]
Epoch 6/10:  71%|███████   | 388/545 [02:07<00:51,  3.03it/s]
Epoch 6/10:  71%|███████▏  | 389/545 [02:08<00:51,  3.03it/s]
Epoch 6/10:  72%|███████▏  | 390/545 [02:08<00:51,  3.04it/s]
Epoch 6/10:  72%|███████▏  | 391/545 [02:08<00:50,  3.04it/s]
Epoch 6/10:  72%|███████▏  | 392/545 [02:09<00:50,  3.03it/s]
Epoch 6/10:  72%|███████▏  | 393/545 [02:09<00:50,  3.04it/s]
Epoch 6/10:  72%|███████▏  | 394/545 [02:09<00:49,  3.04it/s]
Epoch 6/10:  72%|███████▏  | 395/545 [02:10<00:49,  3.04it/s]
Epoch 6/10:  73%|███████▎  | 396/545 [02:10<00:49,  3.04it/s]
Epoch 6/10:  73%|███████▎  | 397/545 [02:10<00:48,  3.03it/s]
Epoch 6/10:  73%|███████▎  | 398/545 [02:11<00:48,  3.03it/s]
Epoch 6/10:  73%|███████▎  | 399/545 [02:11<00:48,  3.03it/s]
Epoch 6/10:  73%|███████▎  | 400/545 [02:11<00:47,  3.03it/s]
Epoch 6/10:  74%|███████▎  | 401/545 [02:12<00:47,  3.03it/s]
Epoch 6/10:  74%|███████▍  | 402/545 [02:12<00:47,  3.04it/s]
Epoch 6/10:  74%|███████▍  | 403/545 [02:12<00:46,  3.04it/s]
Epoch 6/10:  74%|███████▍  | 404/545 [02:13<00:46,  3.04it/s]
Epoch 6/10:  74%|███████▍  | 405/545 [02:13<00:46,  3.04it/s]
Epoch 6/10:  74%|███████▍  | 406/545 [02:13<00:45,  3.04it/s]
Epoch 6/10:  75%|███████▍  | 407/545 [02:14<00:45,  3.04it/s]
Epoch 6/10:  75%|███████▍  | 408/545 [02:14<00:45,  3.04it/s]
Epoch 6/10:  75%|███████▌  | 409/545 [02:14<00:44,  3.04it/s]
Epoch 6/10:  75%|███████▌  | 410/545 [02:15<00:44,  3.03it/s]
Epoch 6/10:  75%|███████▌  | 411/545 [02:15<00:44,  3.04it/s]
Epoch 6/10:  76%|███████▌  | 412/545 [02:15<00:43,  3.04it/s]
Epoch 6/10:  76%|███████▌  | 413/545 [02:16<00:43,  3.04it/s]
Epoch 6/10:  76%|███████▌  | 414/545 [02:16<00:43,  3.04it/s]
Epoch 6/10:  76%|███████▌  | 415/545 [02:16<00:42,  3.04it/s]
Epoch 6/10:  76%|███████▋  | 416/545 [02:17<00:42,  3.04it/s]
Epoch 6/10:  77%|███████▋  | 417/545 [02:17<00:42,  3.04it/s]
Epoch 6/10:  77%|███████▋  | 418/545 [02:17<00:41,  3.04it/s]
Epoch 6/10:  77%|███████▋  | 419/545 [02:18<00:41,  3.04it/s]
Epoch 6/10:  77%|███████▋  | 420/545 [02:18<00:41,  3.04it/s]
Epoch 6/10:  77%|███████▋  | 421/545 [02:18<00:40,  3.04it/s]
Epoch 6/10:  77%|███████▋  | 422/545 [02:19<00:40,  3.04it/s]
Epoch 6/10:  78%|███████▊  | 423/545 [02:19<00:40,  3.04it/s]
Epoch 6/10:  78%|███████▊  | 424/545 [02:19<00:39,  3.04it/s]
Epoch 6/10:  78%|███████▊  | 425/545 [02:19<00:39,  3.04it/s]
Epoch 6/10:  78%|███████▊  | 426/545 [02:20<00:39,  3.04it/s]
Epoch 6/10:  78%|███████▊  | 427/545 [02:20<00:38,  3.04it/s]
Epoch 6/10:  79%|███████▊  | 428/545 [02:20<00:38,  3.04it/s]
Epoch 6/10:  79%|███████▊  | 429/545 [02:21<00:38,  3.04it/s]
Epoch 6/10:  79%|███████▉  | 430/545 [02:21<00:37,  3.04it/s]
Epoch 6/10:  79%|███████▉  | 431/545 [02:21<00:37,  3.04it/s]
Epoch 6/10:  79%|███████▉  | 432/545 [02:22<00:37,  3.04it/s]
Epoch 6/10:  79%|███████▉  | 433/545 [02:22<00:36,  3.04it/s]
Epoch 6/10:  80%|███████▉  | 434/545 [02:22<00:36,  3.04it/s]
Epoch 6/10:  80%|███████▉  | 435/545 [02:23<00:36,  3.04it/s]
Epoch 6/10:  80%|████████  | 436/545 [02:23<00:35,  3.04it/s]
Epoch 6/10:  80%|████████  | 437/545 [02:23<00:35,  3.04it/s]
Epoch 6/10:  80%|████████  | 438/545 [02:24<00:35,  3.04it/s]
Epoch 6/10:  81%|████████  | 439/545 [02:24<00:34,  3.04it/s]
Epoch 6/10:  81%|████████  | 440/545 [02:24<00:34,  3.04it/s]
Epoch 6/10:  81%|████████  | 441/545 [02:25<00:34,  3.04it/s]
Epoch 6/10:  81%|████████  | 442/545 [02:25<00:33,  3.04it/s]
Epoch 6/10:  81%|████████▏ | 443/545 [02:25<00:33,  3.04it/s]
Epoch 6/10:  81%|████████▏ | 444/545 [02:26<00:33,  3.04it/s]
Epoch 6/10:  82%|████████▏ | 445/545 [02:26<00:32,  3.04it/s]
Epoch 6/10:  82%|████████▏ | 446/545 [02:26<00:32,  3.04it/s]
Epoch 6/10:  82%|████████▏ | 447/545 [02:27<00:32,  3.04it/s]
Epoch 6/10:  82%|████████▏ | 448/545 [02:27<00:31,  3.04it/s]
Epoch 6/10:  82%|████████▏ | 449/545 [02:27<00:31,  3.04it/s]
Epoch 6/10:  83%|████████▎ | 450/545 [02:28<00:31,  3.04it/s]
Epoch 6/10:  83%|████████▎ | 451/545 [02:28<00:30,  3.04it/s]
Epoch 6/10:  83%|████████▎ | 452/545 [02:28<00:30,  3.04it/s]
Epoch 6/10:  83%|████████▎ | 453/545 [02:29<00:30,  3.04it/s]
Epoch 6/10:  83%|████████▎ | 454/545 [02:29<00:29,  3.04it/s]
Epoch 6/10:  83%|████████▎ | 455/545 [02:29<00:29,  3.04it/s]
Epoch 6/10:  84%|████████▎ | 456/545 [02:30<00:29,  3.04it/s]
Epoch 6/10:  84%|████████▍ | 457/545 [02:30<00:28,  3.04it/s]
Epoch 6/10:  84%|████████▍ | 458/545 [02:30<00:28,  3.04it/s]
Epoch 6/10:  84%|████████▍ | 459/545 [02:31<00:28,  3.04it/s]
Epoch 6/10:  84%|████████▍ | 460/545 [02:31<00:27,  3.04it/s]
Epoch 6/10:  85%|████████▍ | 461/545 [02:31<00:27,  3.04it/s]
Epoch 6/10:  85%|████████▍ | 462/545 [02:32<00:27,  3.04it/s]
Epoch 6/10:  85%|████████▍ | 463/545 [02:32<00:27,  3.04it/s]
Epoch 6/10:  85%|████████▌ | 464/545 [02:32<00:26,  3.04it/s]
Epoch 6/10:  85%|████████▌ | 465/545 [02:33<00:26,  3.04it/s]
Epoch 6/10:  86%|████████▌ | 466/545 [02:33<00:26,  3.04it/s]
Epoch 6/10:  86%|████████▌ | 467/545 [02:33<00:25,  3.04it/s]
Epoch 6/10:  86%|████████▌ | 468/545 [02:34<00:25,  3.04it/s]
Epoch 6/10:  86%|████████▌ | 469/545 [02:34<00:25,  3.04it/s]
Epoch 6/10:  86%|████████▌ | 470/545 [02:34<00:24,  3.04it/s]
Epoch 6/10:  86%|████████▋ | 471/545 [02:35<00:24,  3.04it/s]
Epoch 6/10:  87%|████████▋ | 472/545 [02:35<00:24,  3.04it/s]
Epoch 6/10:  87%|████████▋ | 473/545 [02:35<00:23,  3.04it/s]
Epoch 6/10:  87%|████████▋ | 474/545 [02:36<00:23,  3.04it/s]
Epoch 6/10:  87%|████████▋ | 475/545 [02:36<00:23,  3.04it/s]
Epoch 6/10:  87%|████████▋ | 476/545 [02:36<00:22,  3.04it/s]
Epoch 6/10:  88%|████████▊ | 477/545 [02:37<00:22,  3.04it/s]
Epoch 6/10:  88%|████████▊ | 478/545 [02:37<00:22,  3.04it/s]
Epoch 6/10:  88%|████████▊ | 479/545 [02:37<00:21,  3.04it/s]
Epoch 6/10:  88%|████████▊ | 480/545 [02:38<00:21,  3.04it/s]
Epoch 6/10:  88%|████████▊ | 481/545 [02:38<00:21,  3.04it/s]
Epoch 6/10:  88%|████████▊ | 482/545 [02:38<00:20,  3.04it/s]
Epoch 6/10:  89%|████████▊ | 483/545 [02:39<00:20,  3.04it/s]
Epoch 6/10:  89%|████████▉ | 484/545 [02:39<00:20,  3.04it/s]
Epoch 6/10:  89%|████████▉ | 485/545 [02:39<00:19,  3.04it/s]
Epoch 6/10:  89%|████████▉ | 486/545 [02:40<00:19,  3.04it/s]
Epoch 6/10:  89%|████████▉ | 487/545 [02:40<00:19,  3.04it/s]
Epoch 6/10:  90%|████████▉ | 488/545 [02:40<00:18,  3.04it/s]
Epoch 6/10:  90%|████████▉ | 489/545 [02:41<00:18,  3.04it/s]
Epoch 6/10:  90%|████████▉ | 490/545 [02:41<00:18,  3.04it/s]
Epoch 6/10:  90%|█████████ | 491/545 [02:41<00:17,  3.04it/s]
Epoch 6/10:  90%|█████████ | 492/545 [02:42<00:17,  3.04it/s]
Epoch 6/10:  90%|█████████ | 493/545 [02:42<00:17,  3.04it/s]
Epoch 6/10:  91%|█████████ | 494/545 [02:42<00:16,  3.04it/s]
Epoch 6/10:  91%|█████████ | 495/545 [02:43<00:16,  3.04it/s]
Epoch 6/10:  91%|█████████ | 496/545 [02:43<00:16,  3.04it/s]
Epoch 6/10:  91%|█████████ | 497/545 [02:43<00:15,  3.04it/s]
Epoch 6/10:  91%|█████████▏| 498/545 [02:44<00:15,  3.04it/s]
Epoch 6/10:  92%|█████████▏| 499/545 [02:44<00:15,  3.04it/s]
Epoch 6/10:  92%|█████████▏| 500/545 [02:44<00:14,  3.04it/s]
Epoch 6/10:  92%|█████████▏| 501/545 [02:45<00:14,  3.04it/s]
Epoch 6/10:  92%|█████████▏| 502/545 [02:45<00:14,  3.04it/s]
Epoch 6/10:  92%|█████████▏| 503/545 [02:45<00:13,  3.04it/s]
Epoch 6/10:  92%|█████████▏| 504/545 [02:46<00:13,  3.04it/s]
Epoch 6/10:  93%|█████████▎| 505/545 [02:46<00:13,  3.04it/s]
Epoch 6/10:  93%|█████████▎| 506/545 [02:46<00:12,  3.04it/s]
Epoch 6/10:  93%|█████████▎| 507/545 [02:46<00:12,  3.04it/s]
Epoch 6/10:  93%|█████████▎| 508/545 [02:47<00:12,  3.04it/s]
Epoch 6/10:  93%|█████████▎| 509/545 [02:47<00:11,  3.04it/s]
Epoch 6/10:  94%|█████████▎| 510/545 [02:47<00:11,  3.04it/s]
Epoch 6/10:  94%|█████████▍| 511/545 [02:48<00:11,  3.04it/s]
Epoch 6/10:  94%|█████████▍| 512/545 [02:48<00:10,  3.04it/s]
Epoch 6/10:  94%|█████████▍| 513/545 [02:48<00:10,  3.04it/s]
Epoch 6/10:  94%|█████████▍| 514/545 [02:49<00:10,  3.04it/s]
Epoch 6/10:  94%|█████████▍| 515/545 [02:49<00:09,  3.04it/s]
Epoch 6/10:  95%|█████████▍| 516/545 [02:49<00:09,  3.04it/s]
Epoch 6/10:  95%|█████████▍| 517/545 [02:50<00:09,  3.04it/s]
Epoch 6/10:  95%|█████████▌| 518/545 [02:50<00:08,  3.04it/s]
Epoch 6/10:  95%|█████████▌| 519/545 [02:50<00:08,  3.04it/s]
Epoch 6/10:  95%|█████████▌| 520/545 [02:51<00:08,  3.04it/s]
Epoch 6/10:  96%|█████████▌| 521/545 [02:51<00:07,  3.04it/s]
Epoch 6/10:  96%|█████████▌| 522/545 [02:51<00:07,  3.04it/s]
Epoch 6/10:  96%|█████████▌| 523/545 [02:52<00:07,  3.04it/s]
Epoch 6/10:  96%|█████████▌| 524/545 [02:52<00:06,  3.04it/s]
Epoch 6/10:  96%|█████████▋| 525/545 [02:52<00:06,  3.04it/s]
Epoch 6/10:  97%|█████████▋| 526/545 [02:53<00:06,  3.04it/s]
Epoch 6/10:  97%|█████████▋| 527/545 [02:53<00:05,  3.04it/s]
Epoch 6/10:  97%|█████████▋| 528/545 [02:53<00:05,  3.04it/s]
Epoch 6/10:  97%|█████████▋| 529/545 [02:54<00:05,  3.04it/s]
Epoch 6/10:  97%|█████████▋| 530/545 [02:54<00:04,  3.03it/s]
Epoch 6/10:  97%|█████████▋| 531/545 [02:54<00:04,  3.04it/s]
Epoch 6/10:  98%|█████████▊| 532/545 [02:55<00:04,  3.04it/s]
Epoch 6/10:  98%|█████████▊| 533/545 [02:55<00:03,  3.04it/s]
Epoch 6/10:  98%|█████████▊| 534/545 [02:55<00:03,  3.04it/s]
Epoch 6/10:  98%|█████████▊| 535/545 [02:56<00:03,  3.04it/s]
Epoch 6/10:  98%|█████████▊| 536/545 [02:56<00:02,  3.04it/s]
Epoch 6/10:  99%|█████████▊| 537/545 [02:56<00:02,  3.04it/s]
Epoch 6/10:  99%|█████████▊| 538/545 [02:57<00:02,  3.04it/s]
Epoch 6/10:  99%|█████████▉| 539/545 [02:57<00:01,  3.04it/s]
Epoch 6/10:  99%|█████████▉| 540/545 [02:57<00:01,  3.04it/s]
Epoch 6/10:  99%|█████████▉| 541/545 [02:58<00:01,  3.04it/s]
Epoch 6/10:  99%|█████████▉| 542/545 [02:58<00:00,  3.04it/s]
Epoch 6/10: 100%|█████████▉| 543/545 [02:58<00:00,  3.04it/s]
Epoch 6/10: 100%|█████████▉| 544/545 [02:59<00:00,  3.04it/s]
Epoch 6/10: 100%|██████████| 545/545 [02:59<00:00,  3.23it/s]
Epoch 6/10: 100%|██████████| 545/545 [02:59<00:00,  3.04it/s]

Epoch 7/10:   0%|          | 0/545 [00:00<?, ?it/s]
Epoch 7/10:   0%|          | 1/545 [00:00<02:59,  3.03it/s]
Epoch 7/10:   0%|          | 2/545 [00:00<02:59,  3.03it/s]
Epoch 7/10:   1%|          | 3/545 [00:00<02:58,  3.03it/s]
Epoch 7/10:   1%|          | 4/545 [00:01<02:58,  3.03it/s]
Epoch 7/10:   1%|          | 5/545 [00:01<02:58,  3.03it/s]
Epoch 7/10:   1%|          | 6/545 [00:01<02:57,  3.03it/s]
Epoch 7/10:   1%|▏         | 7/545 [00:02<02:57,  3.03it/s]
Epoch 7/10:   1%|▏         | 8/545 [00:02<02:57,  3.03it/s]
Epoch 7/10:   2%|▏         | 9/545 [00:02<02:56,  3.03it/s]
Epoch 7/10:   2%|▏         | 10/545 [00:03<02:56,  3.03it/s]
Epoch 7/10:   2%|▏         | 11/545 [00:03<02:56,  3.03it/s]
Epoch 7/10:   2%|▏         | 12/545 [00:03<02:56,  3.03it/s]
Epoch 7/10:   2%|▏         | 13/545 [00:04<02:55,  3.03it/s]
Epoch 7/10:   3%|▎         | 14/545 [00:04<02:55,  3.03it/s]
Epoch 7/10:   3%|▎         | 15/545 [00:04<02:54,  3.03it/s]
Epoch 7/10:   3%|▎         | 16/545 [00:05<02:54,  3.03it/s]
Epoch 7/10:   3%|▎         | 17/545 [00:05<02:54,  3.03it/s]
Epoch 7/10:   3%|▎         | 18/545 [00:05<02:53,  3.03it/s]
Epoch 7/10:   3%|▎         | 19/545 [00:06<02:53,  3.03it/s]
Epoch 7/10:   4%|▎         | 20/545 [00:06<02:53,  3.03it/s]
Epoch 7/10:   4%|▍         | 21/545 [00:06<02:52,  3.03it/s]
Epoch 7/10:   4%|▍         | 22/545 [00:07<02:52,  3.03it/s]
Epoch 7/10:   4%|▍         | 23/545 [00:07<02:51,  3.04it/s]
Epoch 7/10:   4%|▍         | 24/545 [00:07<02:51,  3.04it/s]
Epoch 7/10:   5%|▍         | 25/545 [00:08<02:51,  3.03it/s]
Epoch 7/10:   5%|▍         | 26/545 [00:08<02:50,  3.04it/s]
Epoch 7/10:   5%|▍         | 27/545 [00:08<02:50,  3.04it/s]
Epoch 7/10:   5%|▌         | 28/545 [00:09<02:50,  3.04it/s]
Epoch 7/10:   5%|▌         | 29/545 [00:09<02:49,  3.04it/s]
Epoch 7/10:   6%|▌         | 30/545 [00:09<02:49,  3.04it/s]
Epoch 7/10:   6%|▌         | 31/545 [00:10<02:49,  3.04it/s]
Epoch 7/10:   6%|▌         | 32/545 [00:10<02:49,  3.04it/s]
Epoch 7/10:   6%|▌         | 33/545 [00:10<02:48,  3.04it/s]
Epoch 7/10:   6%|▌         | 34/545 [00:11<02:48,  3.04it/s]
Epoch 7/10:   6%|▋         | 35/545 [00:11<02:48,  3.04it/s]
Epoch 7/10:   7%|▋         | 36/545 [00:11<02:47,  3.03it/s]
Epoch 7/10:   7%|▋         | 37/545 [00:12<02:47,  3.03it/s]
Epoch 7/10:   7%|▋         | 38/545 [00:12<02:47,  3.03it/s]
Epoch 7/10:   7%|▋         | 39/545 [00:12<02:46,  3.03it/s]
Epoch 7/10:   7%|▋         | 40/545 [00:13<02:46,  3.03it/s]
Epoch 7/10:   8%|▊         | 41/545 [00:13<02:46,  3.03it/s]
Epoch 7/10:   8%|▊         | 42/545 [00:13<02:45,  3.04it/s]
Epoch 7/10:   8%|▊         | 43/545 [00:14<02:45,  3.03it/s]
Epoch 7/10:   8%|▊         | 44/545 [00:14<02:45,  3.03it/s]
Epoch 7/10:   8%|▊         | 45/545 [00:14<02:44,  3.04it/s]
Epoch 7/10:   8%|▊         | 46/545 [00:15<02:44,  3.03it/s]
Epoch 7/10:   9%|▊         | 47/545 [00:15<02:44,  3.03it/s]
Epoch 7/10:   9%|▉         | 48/545 [00:15<02:43,  3.03it/s]
Epoch 7/10:   9%|▉         | 49/545 [00:16<02:43,  3.04it/s]
Epoch 7/10:   9%|▉         | 50/545 [00:16<02:43,  3.03it/s]
Epoch 7/10:   9%|▉         | 51/545 [00:16<02:42,  3.03it/s]
Epoch 7/10:  10%|▉         | 52/545 [00:17<02:42,  3.03it/s]
Epoch 7/10:  10%|▉         | 53/545 [00:17<02:42,  3.03it/s]
Epoch 7/10:  10%|▉         | 54/545 [00:17<02:41,  3.03it/s]
Epoch 7/10:  10%|█         | 55/545 [00:18<02:41,  3.03it/s]
Epoch 7/10:  10%|█         | 56/545 [00:18<02:41,  3.03it/s]
Epoch 7/10:  10%|█         | 57/545 [00:18<02:40,  3.03it/s]
Epoch 7/10:  11%|█         | 58/545 [00:19<02:40,  3.03it/s]
Epoch 7/10:  11%|█         | 59/545 [00:19<02:40,  3.03it/s]
Epoch 7/10:  11%|█         | 60/545 [00:19<02:39,  3.03it/s]
Epoch 7/10:  11%|█         | 61/545 [00:20<02:39,  3.03it/s]
Epoch 7/10:  11%|█▏        | 62/545 [00:20<02:39,  3.03it/s]
Epoch 7/10:  12%|█▏        | 63/545 [00:20<02:38,  3.03it/s]
Epoch 7/10:  12%|█▏        | 64/545 [00:21<02:38,  3.03it/s]
Epoch 7/10:  12%|█▏        | 65/545 [00:21<02:38,  3.03it/s]
Epoch 7/10:  12%|█▏        | 66/545 [00:21<02:37,  3.03it/s]
Epoch 7/10:  12%|█▏        | 67/545 [00:22<02:37,  3.03it/s]
Epoch 7/10:  12%|█▏        | 68/545 [00:22<02:37,  3.03it/s]
Epoch 7/10:  13%|█▎        | 69/545 [00:22<02:36,  3.03it/s]
Epoch 7/10:  13%|█▎        | 70/545 [00:23<02:36,  3.03it/s]
Epoch 7/10:  13%|█▎        | 71/545 [00:23<02:36,  3.03it/s]
Epoch 7/10:  13%|█▎        | 72/545 [00:23<02:35,  3.03it/s]
Epoch 7/10:  13%|█▎        | 73/545 [00:24<02:35,  3.03it/s]
Epoch 7/10:  14%|█▎        | 74/545 [00:24<02:35,  3.03it/s]
Epoch 7/10:  14%|█▍        | 75/545 [00:24<02:34,  3.03it/s]
Epoch 7/10:  14%|█▍        | 76/545 [00:25<02:34,  3.03it/s]
Epoch 7/10:  14%|█▍        | 77/545 [00:25<02:34,  3.03it/s]
Epoch 7/10:  14%|█▍        | 78/545 [00:25<02:33,  3.03it/s]
Epoch 7/10:  14%|█▍        | 79/545 [00:26<02:33,  3.03it/s]
Epoch 7/10:  15%|█▍        | 80/545 [00:26<02:33,  3.03it/s]
Epoch 7/10:  15%|█▍        | 81/545 [00:26<02:32,  3.03it/s]
Epoch 7/10:  15%|█▌        | 82/545 [00:27<02:32,  3.04it/s]
Epoch 7/10:  15%|█▌        | 83/545 [00:27<02:32,  3.04it/s]
Epoch 7/10:  15%|█▌        | 84/545 [00:27<02:31,  3.03it/s]
Epoch 7/10:  16%|█▌        | 85/545 [00:28<02:31,  3.04it/s]
Epoch 7/10:  16%|█▌        | 86/545 [00:28<02:31,  3.03it/s]
Epoch 7/10:  16%|█▌        | 87/545 [00:28<02:30,  3.03it/s]
Epoch 7/10:  16%|█▌        | 88/545 [00:29<02:30,  3.03it/s]
Epoch 7/10:  16%|█▋        | 89/545 [00:29<02:30,  3.03it/s]
Epoch 7/10:  17%|█▋        | 90/545 [00:29<02:29,  3.03it/s]
Epoch 7/10:  17%|█▋        | 91/545 [00:29<02:29,  3.03it/s]
Epoch 7/10:  17%|█▋        | 92/545 [00:30<02:29,  3.03it/s]
Epoch 7/10:  17%|█▋        | 93/545 [00:30<02:28,  3.03it/s]
Epoch 7/10:  17%|█▋        | 94/545 [00:30<02:28,  3.03it/s]
Epoch 7/10:  17%|█▋        | 95/545 [00:31<02:28,  3.03it/s]
Epoch 7/10:  18%|█▊        | 96/545 [00:31<02:27,  3.03it/s]
Epoch 7/10:  18%|█▊        | 97/545 [00:31<02:27,  3.03it/s]
Epoch 7/10:  18%|█▊        | 98/545 [00:32<02:27,  3.03it/s]
Epoch 7/10:  18%|█▊        | 99/545 [00:32<02:26,  3.04it/s]
Epoch 7/10:  18%|█▊        | 100/545 [00:32<02:26,  3.03it/s]
Epoch 7/10:  19%|█▊        | 101/545 [00:33<02:26,  3.03it/s]
Epoch 7/10:  19%|█▊        | 102/545 [00:33<02:25,  3.03it/s]
Epoch 7/10:  19%|█▉        | 103/545 [00:33<02:25,  3.03it/s]
Epoch 7/10:  19%|█▉        | 104/545 [00:34<02:25,  3.03it/s]
Epoch 7/10:  19%|█▉        | 105/545 [00:34<02:25,  3.03it/s]
Epoch 7/10:  19%|█▉        | 106/545 [00:34<02:24,  3.03it/s]
Epoch 7/10:  20%|█▉        | 107/545 [00:35<02:24,  3.03it/s]
Epoch 7/10:  20%|█▉        | 108/545 [00:35<02:24,  3.03it/s]
Epoch 7/10:  20%|██        | 109/545 [00:35<02:23,  3.03it/s]
Epoch 7/10:  20%|██        | 110/545 [00:36<02:23,  3.03it/s]
Epoch 7/10:  20%|██        | 111/545 [00:36<02:23,  3.03it/s]
Epoch 7/10:  21%|██        | 112/545 [00:36<02:22,  3.03it/s]
Epoch 7/10:  21%|██        | 113/545 [00:37<02:22,  3.03it/s]
Epoch 7/10:  21%|██        | 114/545 [00:37<02:22,  3.03it/s]
Epoch 7/10:  21%|██        | 115/545 [00:37<02:21,  3.03it/s]
Epoch 7/10:  21%|██▏       | 116/545 [00:38<02:21,  3.03it/s]
Epoch 7/10:  21%|██▏       | 117/545 [00:38<02:21,  3.03it/s]
Epoch 7/10:  22%|██▏       | 118/545 [00:38<02:20,  3.03it/s]
Epoch 7/10:  22%|██▏       | 119/545 [00:39<02:20,  3.03it/s]
Epoch 7/10:  22%|██▏       | 120/545 [00:39<02:20,  3.03it/s]
Epoch 7/10:  22%|██▏       | 121/545 [00:39<02:19,  3.03it/s]
Epoch 7/10:  22%|██▏       | 122/545 [00:40<02:19,  3.03it/s]
Epoch 7/10:  23%|██▎       | 123/545 [00:40<02:19,  3.03it/s]
Epoch 7/10:  23%|██▎       | 124/545 [00:40<02:18,  3.03it/s]
Epoch 7/10:  23%|██▎       | 125/545 [00:41<02:18,  3.03it/s]
Epoch 7/10:  23%|██▎       | 126/545 [00:41<02:18,  3.03it/s]
Epoch 7/10:  23%|██▎       | 127/545 [00:41<02:17,  3.03it/s]
Epoch 7/10:  23%|██▎       | 128/545 [00:42<02:17,  3.03it/s]
Epoch 7/10:  24%|██▎       | 129/545 [00:42<02:17,  3.03it/s]
Epoch 7/10:  24%|██▍       | 130/545 [00:42<02:16,  3.03it/s]
Epoch 7/10:  24%|██▍       | 131/545 [00:43<02:16,  3.03it/s]
Epoch 7/10:  24%|██▍       | 132/545 [00:43<02:16,  3.03it/s]
Epoch 7/10:  24%|██▍       | 133/545 [00:43<02:15,  3.03it/s]
Epoch 7/10:  25%|██▍       | 134/545 [00:44<02:15,  3.03it/s]
Epoch 7/10:  25%|██▍       | 135/545 [00:44<02:15,  3.04it/s]
Epoch 7/10:  25%|██▍       | 136/545 [00:44<02:14,  3.04it/s]
Epoch 7/10:  25%|██▌       | 137/545 [00:45<02:14,  3.03it/s]
Epoch 7/10:  25%|██▌       | 138/545 [00:45<02:14,  3.03it/s]
Epoch 7/10:  26%|██▌       | 139/545 [00:45<02:13,  3.03it/s]
Epoch 7/10:  26%|██▌       | 140/545 [00:46<02:13,  3.03it/s]
Epoch 7/10:  26%|██▌       | 141/545 [00:46<02:13,  3.03it/s]
Epoch 7/10:  26%|██▌       | 142/545 [00:46<02:12,  3.03it/s]
Epoch 7/10:  26%|██▌       | 143/545 [00:47<02:12,  3.03it/s]
Epoch 7/10:  26%|██▋       | 144/545 [00:47<02:12,  3.03it/s]
Epoch 7/10:  27%|██▋       | 145/545 [00:47<02:11,  3.03it/s]
Epoch 7/10:  27%|██▋       | 146/545 [00:48<02:11,  3.03it/s]
Epoch 7/10:  27%|██▋       | 147/545 [00:48<02:11,  3.03it/s]
Epoch 7/10:  27%|██▋       | 148/545 [00:48<02:10,  3.03it/s]
Epoch 7/10:  27%|██▋       | 149/545 [00:49<02:10,  3.03it/s]
Epoch 7/10:  28%|██▊       | 150/545 [00:49<02:10,  3.03it/s]
Epoch 7/10:  28%|██▊       | 151/545 [00:49<02:09,  3.03it/s]
Epoch 7/10:  28%|██▊       | 152/545 [00:50<02:09,  3.03it/s]
Epoch 7/10:  28%|██▊       | 153/545 [00:50<02:09,  3.03it/s]
Epoch 7/10:  28%|██▊       | 154/545 [00:50<02:08,  3.03it/s]
Epoch 7/10:  28%|██▊       | 155/545 [00:51<02:08,  3.03it/s]
Epoch 7/10:  29%|██▊       | 156/545 [00:51<02:08,  3.03it/s]
Epoch 7/10:  29%|██▉       | 157/545 [00:51<02:07,  3.03it/s]
Epoch 7/10:  29%|██▉       | 158/545 [00:52<02:07,  3.03it/s]
Epoch 7/10:  29%|██▉       | 159/545 [00:52<02:07,  3.03it/s]
Epoch 7/10:  29%|██▉       | 160/545 [00:52<02:06,  3.03it/s]
Epoch 7/10:  30%|██▉       | 161/545 [00:53<02:06,  3.03it/s]
Epoch 7/10:  30%|██▉       | 162/545 [00:53<02:06,  3.03it/s]
Epoch 7/10:  30%|██▉       | 163/545 [00:53<02:05,  3.04it/s]
Epoch 7/10:  30%|███       | 164/545 [00:54<02:05,  3.03it/s]
Epoch 7/10:  30%|███       | 165/545 [00:54<02:05,  3.03it/s]
Epoch 7/10:  30%|███       | 166/545 [00:54<02:04,  3.03it/s]
Epoch 7/10:  31%|███       | 167/545 [00:55<02:04,  3.04it/s]
Epoch 7/10:  31%|███       | 168/545 [00:55<02:04,  3.03it/s]
Epoch 7/10:  31%|███       | 169/545 [00:55<02:03,  3.03it/s]
Epoch 7/10:  31%|███       | 170/545 [00:56<02:03,  3.03it/s]
Epoch 7/10:  31%|███▏      | 171/545 [00:56<02:03,  3.03it/s]
Epoch 7/10:  32%|███▏      | 172/545 [00:56<02:02,  3.03it/s]
Epoch 7/10:  32%|███▏      | 173/545 [00:57<02:02,  3.03it/s]
Epoch 7/10:  32%|███▏      | 174/545 [00:57<02:02,  3.03it/s]
Epoch 7/10:  32%|███▏      | 175/545 [00:57<02:01,  3.03it/s]
Epoch 7/10:  32%|███▏      | 176/545 [00:58<02:01,  3.03it/s]
Epoch 7/10:  32%|███▏      | 177/545 [00:58<02:01,  3.03it/s]
Epoch 7/10:  33%|███▎      | 178/545 [00:58<02:00,  3.03it/s]
Epoch 7/10:  33%|███▎      | 179/545 [00:58<02:00,  3.03it/s]
Epoch 7/10:  33%|███▎      | 180/545 [00:59<02:00,  3.03it/s]
Epoch 7/10:  33%|███▎      | 181/545 [00:59<01:59,  3.03it/s]
Epoch 7/10:  33%|███▎      | 182/545 [00:59<01:59,  3.03it/s]
Epoch 7/10:  34%|███▎      | 183/545 [01:00<01:59,  3.03it/s]
Epoch 7/10:  34%|███▍      | 184/545 [01:00<01:58,  3.03it/s]
Epoch 7/10:  34%|███▍      | 185/545 [01:00<01:58,  3.03it/s]
Epoch 7/10:  34%|███▍      | 186/545 [01:01<01:58,  3.03it/s]
Epoch 7/10:  34%|███▍      | 187/545 [01:01<01:58,  3.03it/s]
Epoch 7/10:  34%|███▍      | 188/545 [01:01<01:57,  3.03it/s]
Epoch 7/10:  35%|███▍      | 189/545 [01:02<01:57,  3.03it/s]
Epoch 7/10:  35%|███▍      | 190/545 [01:02<01:57,  3.03it/s]
Epoch 7/10:  35%|███▌      | 191/545 [01:02<01:56,  3.03it/s]
Epoch 7/10:  35%|███▌      | 192/545 [01:03<01:56,  3.03it/s]
Epoch 7/10:  35%|███▌      | 193/545 [01:03<01:55,  3.03it/s]
Epoch 7/10:  36%|███▌      | 194/545 [01:03<01:55,  3.04it/s]
Epoch 7/10:  36%|███▌      | 195/545 [01:04<01:55,  3.03it/s]
Epoch 7/10:  36%|███▌      | 196/545 [01:04<01:55,  3.03it/s]
Epoch 7/10:  36%|███▌      | 197/545 [01:04<01:54,  3.03it/s]
Epoch 7/10:  36%|███▋      | 198/545 [01:05<01:54,  3.03it/s]
Epoch 7/10:  37%|███▋      | 199/545 [01:05<01:54,  3.03it/s]
Epoch 7/10:  37%|███▋      | 200/545 [01:05<01:53,  3.03it/s]
Epoch 7/10:  37%|███▋      | 201/545 [01:06<01:53,  3.03it/s]
Epoch 7/10:  37%|███▋      | 202/545 [01:06<01:53,  3.03it/s]
Epoch 7/10:  37%|███▋      | 203/545 [01:06<01:52,  3.03it/s]
Epoch 7/10:  37%|███▋      | 204/545 [01:07<01:52,  3.03it/s]
Epoch 7/10:  38%|███▊      | 205/545 [01:07<01:52,  3.03it/s]
Epoch 7/10:  38%|███▊      | 206/545 [01:07<01:51,  3.03it/s]
Epoch 7/10:  38%|███▊      | 207/545 [01:08<01:51,  3.03it/s]
Epoch 7/10:  38%|███▊      | 208/545 [01:08<01:51,  3.03it/s]
Epoch 7/10:  38%|███▊      | 209/545 [01:08<01:50,  3.03it/s]
Epoch 7/10:  39%|███▊      | 210/545 [01:09<01:50,  3.03it/s]
Epoch 7/10:  39%|███▊      | 211/545 [01:09<01:50,  3.03it/s]
Epoch 7/10:  39%|███▉      | 212/545 [01:09<01:49,  3.03it/s]
Epoch 7/10:  39%|███▉      | 213/545 [01:10<01:49,  3.03it/s]
Epoch 7/10:  39%|███▉      | 214/545 [01:10<01:49,  3.03it/s]
Epoch 7/10:  39%|███▉      | 215/545 [01:10<01:48,  3.03it/s]
Epoch 7/10:  40%|███▉      | 216/545 [01:11<01:48,  3.03it/s]
Epoch 7/10:  40%|███▉      | 217/545 [01:11<01:48,  3.03it/s]
Epoch 7/10:  40%|████      | 218/545 [01:11<01:47,  3.03it/s]
Epoch 7/10:  40%|████      | 219/545 [01:12<01:47,  3.03it/s]
Epoch 7/10:  40%|████      | 220/545 [01:12<01:47,  3.03it/s]
Epoch 7/10:  41%|████      | 221/545 [01:12<01:46,  3.03it/s]
Epoch 7/10:  41%|████      | 222/545 [01:13<01:46,  3.03it/s]
Epoch 7/10:  41%|████      | 223/545 [01:13<01:46,  3.03it/s]
Epoch 7/10:  41%|████      | 224/545 [01:13<01:45,  3.03it/s]
Epoch 7/10:  41%|████▏     | 225/545 [01:14<01:45,  3.03it/s]
Epoch 7/10:  41%|████▏     | 226/545 [01:14<01:45,  3.03it/s]
Epoch 7/10:  42%|████▏     | 227/545 [01:14<01:44,  3.03it/s]
Epoch 7/10:  42%|████▏     | 228/545 [01:15<01:44,  3.03it/s]
Epoch 7/10:  42%|████▏     | 229/545 [01:15<01:44,  3.03it/s]
Epoch 7/10:  42%|████▏     | 230/545 [01:15<01:43,  3.03it/s]
Epoch 7/10:  42%|████▏     | 231/545 [01:16<01:43,  3.03it/s]
Epoch 7/10:  43%|████▎     | 232/545 [01:16<01:43,  3.03it/s]
Epoch 7/10:  43%|████▎     | 233/545 [01:16<01:42,  3.03it/s]
Epoch 7/10:  43%|████▎     | 234/545 [01:17<01:42,  3.03it/s]
Epoch 7/10:  43%|████▎     | 235/545 [01:17<01:42,  3.03it/s]
Epoch 7/10:  43%|████▎     | 236/545 [01:17<01:41,  3.03it/s]
Epoch 7/10:  43%|████▎     | 237/545 [01:18<01:41,  3.03it/s]
Epoch 7/10:  44%|████▎     | 238/545 [01:18<01:41,  3.03it/s]
Epoch 7/10:  44%|████▍     | 239/545 [01:18<01:40,  3.03it/s]
Epoch 7/10:  44%|████▍     | 240/545 [01:19<01:40,  3.03it/s]
Epoch 7/10:  44%|████▍     | 241/545 [01:19<01:40,  3.03it/s]
Epoch 7/10:  44%|████▍     | 242/545 [01:19<01:39,  3.03it/s]
Epoch 7/10:  45%|████▍     | 243/545 [01:20<01:39,  3.03it/s]
Epoch 7/10:  45%|████▍     | 244/545 [01:20<01:39,  3.03it/s]
Epoch 7/10:  45%|████▍     | 245/545 [01:20<01:38,  3.03it/s]
Epoch 7/10:  45%|████▌     | 246/545 [01:21<01:38,  3.03it/s]
Epoch 7/10:  45%|████▌     | 247/545 [01:21<01:38,  3.03it/s]
Epoch 7/10:  46%|████▌     | 248/545 [01:21<01:37,  3.04it/s]
Epoch 7/10:  46%|████▌     | 249/545 [01:22<01:37,  3.03it/s]
Epoch 7/10:  46%|████▌     | 250/545 [01:22<01:37,  3.03it/s]
Epoch 7/10:  46%|████▌     | 251/545 [01:22<01:36,  3.03it/s]
Epoch 7/10:  46%|████▌     | 252/545 [01:23<01:36,  3.03it/s]
Epoch 7/10:  46%|████▋     | 253/545 [01:23<01:36,  3.04it/s]
Epoch 7/10:  47%|████▋     | 254/545 [01:23<01:35,  3.04it/s]
Epoch 7/10:  47%|████▋     | 255/545 [01:24<01:35,  3.04it/s]
Epoch 7/10:  47%|████▋     | 256/545 [01:24<01:35,  3.03it/s]
Epoch 7/10:  47%|████▋     | 257/545 [01:24<01:34,  3.03it/s]
Epoch 7/10:  47%|████▋     | 258/545 [01:25<01:34,  3.03it/s]
Epoch 7/10:  48%|████▊     | 259/545 [01:25<01:34,  3.04it/s]
Epoch 7/10:  48%|████▊     | 260/545 [01:25<01:33,  3.04it/s]
Epoch 7/10:  48%|████▊     | 261/545 [01:26<01:33,  3.04it/s]
Epoch 7/10:  48%|████▊     | 262/545 [01:26<01:33,  3.04it/s]
Epoch 7/10:  48%|████▊     | 263/545 [01:26<01:32,  3.04it/s]
Epoch 7/10:  48%|████▊     | 264/545 [01:27<01:32,  3.03it/s]
Epoch 7/10:  49%|████▊     | 265/545 [01:27<01:32,  3.03it/s]
Epoch 7/10:  49%|████▉     | 266/545 [01:27<01:31,  3.03it/s]
Epoch 7/10:  49%|████▉     | 267/545 [01:27<01:31,  3.04it/s]
Epoch 7/10:  49%|████▉     | 268/545 [01:28<01:31,  3.03it/s]
Epoch 7/10:  49%|████▉     | 269/545 [01:28<01:30,  3.03it/s]
Epoch 7/10:  50%|████▉     | 270/545 [01:28<01:30,  3.03it/s]
Epoch 7/10:  50%|████▉     | 271/545 [01:29<01:30,  3.03it/s]
Epoch 7/10:  50%|████▉     | 272/545 [01:29<01:29,  3.03it/s]
Epoch 7/10:  50%|█████     | 273/545 [01:29<01:29,  3.03it/s]
Epoch 7/10:  50%|█████     | 274/545 [01:30<01:29,  3.03it/s]
Epoch 7/10:  50%|█████     | 275/545 [01:30<01:28,  3.03it/s]
Epoch 7/10:  51%|█████     | 276/545 [01:30<01:28,  3.04it/s]
Epoch 7/10:  51%|█████     | 277/545 [01:31<01:28,  3.04it/s]
Epoch 7/10:  51%|█████     | 278/545 [01:31<01:27,  3.03it/s]
Epoch 7/10:  51%|█████     | 279/545 [01:31<01:27,  3.03it/s]
Epoch 7/10:  51%|█████▏    | 280/545 [01:32<01:27,  3.03it/s]
Epoch 7/10:  52%|█████▏    | 281/545 [01:32<01:26,  3.04it/s]
Epoch 7/10:  52%|█████▏    | 282/545 [01:32<01:26,  3.04it/s]
Epoch 7/10:  52%|█████▏    | 283/545 [01:33<01:26,  3.04it/s]
Epoch 7/10:  52%|█████▏    | 284/545 [01:33<01:25,  3.04it/s]
Epoch 7/10:  52%|█████▏    | 285/545 [01:33<01:25,  3.04it/s]
Epoch 7/10:  52%|█████▏    | 286/545 [01:34<01:25,  3.03it/s]
Epoch 7/10:  53%|█████▎    | 287/545 [01:34<01:25,  3.03it/s]
Epoch 7/10:  53%|█████▎    | 288/545 [01:34<01:24,  3.03it/s]
Epoch 7/10:  53%|█████▎    | 289/545 [01:35<01:24,  3.03it/s]
Epoch 7/10:  53%|█████▎    | 290/545 [01:35<01:24,  3.03it/s]
Epoch 7/10:  53%|█████▎    | 291/545 [01:35<01:23,  3.03it/s]
Epoch 7/10:  54%|█████▎    | 292/545 [01:36<01:23,  3.04it/s]
Epoch 7/10:  54%|█████▍    | 293/545 [01:36<01:23,  3.04it/s]
Epoch 7/10:  54%|█████▍    | 294/545 [01:36<01:22,  3.04it/s]
Epoch 7/10:  54%|█████▍    | 295/545 [01:37<01:22,  3.03it/s]
Epoch 7/10:  54%|█████▍    | 296/545 [01:37<01:22,  3.03it/s]
Epoch 7/10:  54%|█████▍    | 297/545 [01:37<01:21,  3.03it/s]
Epoch 7/10:  55%|█████▍    | 298/545 [01:38<01:21,  3.03it/s]
Epoch 7/10:  55%|█████▍    | 299/545 [01:38<01:21,  3.03it/s]
Epoch 7/10:  55%|█████▌    | 300/545 [01:38<01:20,  3.03it/s]
Epoch 7/10:  55%|█████▌    | 301/545 [01:39<01:20,  3.03it/s]
Epoch 7/10:  55%|█████▌    | 302/545 [01:39<01:20,  3.03it/s]
Epoch 7/10:  56%|█████▌    | 303/545 [01:39<01:19,  3.03it/s]
Epoch 7/10:  56%|█████▌    | 304/545 [01:40<01:19,  3.03it/s]
Epoch 7/10:  56%|█████▌    | 305/545 [01:40<01:19,  3.04it/s]
Epoch 7/10:  56%|█████▌    | 306/545 [01:40<01:18,  3.04it/s]
Epoch 7/10:  56%|█████▋    | 307/545 [01:41<01:18,  3.04it/s]
Epoch 7/10:  57%|█████▋    | 308/545 [01:41<01:18,  3.04it/s]
Epoch 7/10:  57%|█████▋    | 309/545 [01:41<01:17,  3.04it/s]
Epoch 7/10:  57%|█████▋    | 310/545 [01:42<01:17,  3.04it/s]
Epoch 7/10:  57%|█████▋    | 311/545 [01:42<01:17,  3.03it/s]
Epoch 7/10:  57%|█████▋    | 312/545 [01:42<01:16,  3.03it/s]
Epoch 7/10:  57%|█████▋    | 313/545 [01:43<01:16,  3.04it/s]
Epoch 7/10:  58%|█████▊    | 314/545 [01:43<01:16,  3.03it/s]
Epoch 7/10:  58%|█████▊    | 315/545 [01:43<01:15,  3.04it/s]
Epoch 7/10:  58%|█████▊    | 316/545 [01:44<01:15,  3.04it/s]
Epoch 7/10:  58%|█████▊    | 317/545 [01:44<01:15,  3.04it/s]
Epoch 7/10:  58%|█████▊    | 318/545 [01:44<01:14,  3.03it/s]
Epoch 7/10:  59%|█████▊    | 319/545 [01:45<01:14,  3.03it/s]
Epoch 7/10:  59%|█████▊    | 320/545 [01:45<01:14,  3.03it/s]
Epoch 7/10:  59%|█████▉    | 321/545 [01:45<01:13,  3.03it/s]
Epoch 7/10:  59%|█████▉    | 322/545 [01:46<01:13,  3.03it/s]
Epoch 7/10:  59%|█████▉    | 323/545 [01:46<01:13,  3.03it/s]
Epoch 7/10:  59%|█████▉    | 324/545 [01:46<01:12,  3.04it/s]
Epoch 7/10:  60%|█████▉    | 325/545 [01:47<01:12,  3.03it/s]
Epoch 7/10:  60%|█████▉    | 326/545 [01:47<01:12,  3.03it/s]
Epoch 7/10:  60%|██████    | 327/545 [01:47<01:11,  3.03it/s]
Epoch 7/10:  60%|██████    | 328/545 [01:48<01:11,  3.03it/s]
Epoch 7/10:  60%|██████    | 329/545 [01:48<01:11,  3.03it/s]
Epoch 7/10:  61%|██████    | 330/545 [01:48<01:10,  3.03it/s]
Epoch 7/10:  61%|██████    | 331/545 [01:49<01:10,  3.03it/s]
Epoch 7/10:  61%|██████    | 332/545 [01:49<01:10,  3.03it/s]
Epoch 7/10:  61%|██████    | 333/545 [01:49<01:09,  3.03it/s]
Epoch 7/10:  61%|██████▏   | 334/545 [01:50<01:09,  3.03it/s]
Epoch 7/10:  61%|██████▏   | 335/545 [01:50<01:09,  3.03it/s]
Epoch 7/10:  62%|██████▏   | 336/545 [01:50<01:08,  3.03it/s]
Epoch 7/10:  62%|██████▏   | 337/545 [01:51<01:08,  3.03it/s]
Epoch 7/10:  62%|██████▏   | 338/545 [01:51<01:08,  3.03it/s]
Epoch 7/10:  62%|██████▏   | 339/545 [01:51<01:07,  3.04it/s]
Epoch 7/10:  62%|██████▏   | 340/545 [01:52<01:07,  3.03it/s]
Epoch 7/10:  63%|██████▎   | 341/545 [01:52<01:07,  3.03it/s]
Epoch 7/10:  63%|██████▎   | 342/545 [01:52<01:06,  3.03it/s]
Epoch 7/10:  63%|██████▎   | 343/545 [01:53<01:06,  3.03it/s]
Epoch 7/10:  63%|██████▎   | 344/545 [01:53<01:06,  3.03it/s]
Epoch 7/10:  63%|██████▎   | 345/545 [01:53<01:05,  3.03it/s]
Epoch 7/10:  63%|██████▎   | 346/545 [01:54<01:05,  3.03it/s]
Epoch 7/10:  64%|██████▎   | 347/545 [01:54<01:05,  3.03it/s]
Epoch 7/10:  64%|██████▍   | 348/545 [01:54<01:04,  3.03it/s]
Epoch 7/10:  64%|██████▍   | 349/545 [01:55<01:04,  3.03it/s]
Epoch 7/10:  64%|██████▍   | 350/545 [01:55<01:04,  3.03it/s]
Epoch 7/10:  64%|██████▍   | 351/545 [01:55<01:03,  3.03it/s]
Epoch 7/10:  65%|██████▍   | 352/545 [01:56<01:03,  3.03it/s]
Epoch 7/10:  65%|██████▍   | 353/545 [01:56<01:03,  3.03it/s]
Epoch 7/10:  65%|██████▍   | 354/545 [01:56<01:02,  3.03it/s]
Epoch 7/10:  65%|██████▌   | 355/545 [01:56<01:02,  3.03it/s]
Epoch 7/10:  65%|██████▌   | 356/545 [01:57<01:02,  3.03it/s]
Epoch 7/10:  66%|██████▌   | 357/545 [01:57<01:01,  3.04it/s]
Epoch 7/10:  66%|██████▌   | 358/545 [01:57<01:01,  3.04it/s]
Epoch 7/10:  66%|██████▌   | 359/545 [01:58<01:01,  3.04it/s]
Epoch 7/10:  66%|██████▌   | 360/545 [01:58<01:00,  3.04it/s]
Epoch 7/10:  66%|██████▌   | 361/545 [01:58<01:00,  3.04it/s]
Epoch 7/10:  66%|██████▋   | 362/545 [01:59<01:00,  3.03it/s]
Epoch 7/10:  67%|██████▋   | 363/545 [01:59<00:59,  3.03it/s]
Epoch 7/10:  67%|██████▋   | 364/545 [01:59<00:59,  3.03it/s]
Epoch 7/10:  67%|██████▋   | 365/545 [02:00<00:59,  3.03it/s]
Epoch 7/10:  67%|██████▋   | 366/545 [02:00<00:59,  3.03it/s]
Epoch 7/10:  67%|██████▋   | 367/545 [02:00<00:58,  3.03it/s]
Epoch 7/10:  68%|██████▊   | 368/545 [02:01<00:58,  3.03it/s]
Epoch 7/10:  68%|██████▊   | 369/545 [02:01<00:58,  3.03it/s]
Epoch 7/10:  68%|██████▊   | 370/545 [02:01<00:57,  3.03it/s]
Epoch 7/10:  68%|██████▊   | 371/545 [02:02<00:57,  3.03it/s]
Epoch 7/10:  68%|██████▊   | 372/545 [02:02<00:57,  3.03it/s]
Epoch 7/10:  68%|██████▊   | 373/545 [02:02<00:56,  3.03it/s]
Epoch 7/10:  69%|██████▊   | 374/545 [02:03<00:56,  3.03it/s]
Epoch 7/10:  69%|██████▉   | 375/545 [02:03<00:56,  3.03it/s]
Epoch 7/10:  69%|██████▉   | 376/545 [02:03<00:55,  3.03it/s]
Epoch 7/10:  69%|██████▉   | 377/545 [02:04<00:55,  3.03it/s]
Epoch 7/10:  69%|██████▉   | 378/545 [02:04<00:55,  3.03it/s]
Epoch 7/10:  70%|██████▉   | 379/545 [02:04<00:54,  3.03it/s]
Epoch 7/10:  70%|██████▉   | 380/545 [02:05<00:54,  3.03it/s]
Epoch 7/10:  70%|██████▉   | 381/545 [02:05<00:54,  3.03it/s]
Epoch 7/10:  70%|███████   | 382/545 [02:05<00:53,  3.03it/s]
Epoch 7/10:  70%|███████   | 383/545 [02:06<00:53,  3.03it/s]
Epoch 7/10:  70%|███████   | 384/545 [02:06<00:53,  3.03it/s]
Epoch 7/10:  71%|███████   | 385/545 [02:06<00:52,  3.03it/s]
Epoch 7/10:  71%|███████   | 386/545 [02:07<00:52,  3.03it/s]
Epoch 7/10:  71%|███████   | 387/545 [02:07<00:52,  3.03it/s]
Epoch 7/10:  71%|███████   | 388/545 [02:07<00:51,  3.03it/s]
Epoch 7/10:  71%|███████▏  | 389/545 [02:08<00:51,  3.03it/s]
Epoch 7/10:  72%|███████▏  | 390/545 [02:08<00:51,  3.03it/s]
Epoch 7/10:  72%|███████▏  | 391/545 [02:08<00:50,  3.04it/s]
Epoch 7/10:  72%|███████▏  | 392/545 [02:09<00:50,  3.04it/s]
Epoch 7/10:  72%|███████▏  | 393/545 [02:09<00:50,  3.04it/s]
Epoch 7/10:  72%|███████▏  | 394/545 [02:09<00:49,  3.04it/s]
Epoch 7/10:  72%|███████▏  | 395/545 [02:10<00:49,  3.03it/s]
Epoch 7/10:  73%|███████▎  | 396/545 [02:10<00:49,  3.04it/s]
Epoch 7/10:  73%|███████▎  | 397/545 [02:10<00:48,  3.04it/s]
Epoch 7/10:  73%|███████▎  | 398/545 [02:11<00:48,  3.03it/s]
Epoch 7/10:  73%|███████▎  | 399/545 [02:11<00:48,  3.03it/s]
Epoch 7/10:  73%|███████▎  | 400/545 [02:11<00:47,  3.03it/s]
Epoch 7/10:  74%|███████▎  | 401/545 [02:12<00:47,  3.03it/s]
Epoch 7/10:  74%|███████▍  | 402/545 [02:12<00:47,  3.03it/s]
Epoch 7/10:  74%|███████▍  | 403/545 [02:12<00:46,  3.03it/s]
Epoch 7/10:  74%|███████▍  | 404/545 [02:13<00:46,  3.03it/s]
Epoch 7/10:  74%|███████▍  | 405/545 [02:13<00:46,  3.03it/s]
Epoch 7/10:  74%|███████▍  | 406/545 [02:13<00:45,  3.03it/s]
Epoch 7/10:  75%|███████▍  | 407/545 [02:14<00:45,  3.03it/s]
Epoch 7/10:  75%|███████▍  | 408/545 [02:14<00:45,  3.03it/s]
Epoch 7/10:  75%|███████▌  | 409/545 [02:14<00:44,  3.03it/s]
Epoch 7/10:  75%|███████▌  | 410/545 [02:15<00:44,  3.03it/s]
Epoch 7/10:  75%|███████▌  | 411/545 [02:15<00:44,  3.03it/s]
Epoch 7/10:  76%|███████▌  | 412/545 [02:15<00:43,  3.03it/s]
Epoch 7/10:  76%|███████▌  | 413/545 [02:16<00:43,  3.03it/s]
Epoch 7/10:  76%|███████▌  | 414/545 [02:16<00:43,  3.03it/s]
Epoch 7/10:  76%|███████▌  | 415/545 [02:16<00:42,  3.03it/s]
Epoch 7/10:  76%|███████▋  | 416/545 [02:17<00:42,  3.03it/s]
Epoch 7/10:  77%|███████▋  | 417/545 [02:17<00:42,  3.03it/s]
Epoch 7/10:  77%|███████▋  | 418/545 [02:17<00:41,  3.03it/s]
Epoch 7/10:  77%|███████▋  | 419/545 [02:18<00:41,  3.03it/s]
Epoch 7/10:  77%|███████▋  | 420/545 [02:18<00:41,  3.03it/s]
Epoch 7/10:  77%|███████▋  | 421/545 [02:18<00:40,  3.04it/s]
Epoch 7/10:  77%|███████▋  | 422/545 [02:19<00:40,  3.04it/s]
Epoch 7/10:  78%|███████▊  | 423/545 [02:19<00:40,  3.03it/s]
Epoch 7/10:  78%|███████▊  | 424/545 [02:19<00:39,  3.03it/s]
Epoch 7/10:  78%|███████▊  | 425/545 [02:20<00:39,  3.03it/s]
Epoch 7/10:  78%|███████▊  | 426/545 [02:20<00:39,  3.03it/s]
Epoch 7/10:  78%|███████▊  | 427/545 [02:20<00:38,  3.03it/s]
Epoch 7/10:  79%|███████▊  | 428/545 [02:21<00:38,  3.04it/s]
Epoch 7/10:  79%|███████▊  | 429/545 [02:21<00:38,  3.03it/s]
Epoch 7/10:  79%|███████▉  | 430/545 [02:21<00:37,  3.03it/s]
Epoch 7/10:  79%|███████▉  | 431/545 [02:22<00:37,  3.03it/s]
Epoch 7/10:  79%|███████▉  | 432/545 [02:22<00:37,  3.04it/s]
Epoch 7/10:  79%|███████▉  | 433/545 [02:22<00:36,  3.04it/s]
Epoch 7/10:  80%|███████▉  | 434/545 [02:23<00:36,  3.03it/s]
Epoch 7/10:  80%|███████▉  | 435/545 [02:23<00:36,  3.03it/s]
Epoch 7/10:  80%|████████  | 436/545 [02:23<00:35,  3.03it/s]
Epoch 7/10:  80%|████████  | 437/545 [02:24<00:35,  3.03it/s]
Epoch 7/10:  80%|████████  | 438/545 [02:24<00:35,  3.03it/s]
Epoch 7/10:  81%|████████  | 439/545 [02:24<00:34,  3.03it/s]
Epoch 7/10:  81%|████████  | 440/545 [02:25<00:34,  3.03it/s]
Epoch 7/10:  81%|████████  | 441/545 [02:25<00:34,  3.03it/s]
Epoch 7/10:  81%|████████  | 442/545 [02:25<00:33,  3.04it/s]
Epoch 7/10:  81%|████████▏ | 443/545 [02:25<00:33,  3.03it/s]
Epoch 7/10:  81%|████████▏ | 444/545 [02:26<00:33,  3.04it/s]
Epoch 7/10:  82%|████████▏ | 445/545 [02:26<00:32,  3.04it/s]
Epoch 7/10:  82%|████████▏ | 446/545 [02:26<00:32,  3.04it/s]
Epoch 7/10:  82%|████████▏ | 447/545 [02:27<00:32,  3.04it/s]
Epoch 7/10:  82%|████████▏ | 448/545 [02:27<00:31,  3.04it/s]
Epoch 7/10:  82%|████████▏ | 449/545 [02:27<00:31,  3.04it/s]
Epoch 7/10:  83%|████████▎ | 450/545 [02:28<00:31,  3.04it/s]
Epoch 7/10:  83%|████████▎ | 451/545 [02:28<00:30,  3.03it/s]
Epoch 7/10:  83%|████████▎ | 452/545 [02:28<00:30,  3.03it/s]
Epoch 7/10:  83%|████████▎ | 453/545 [02:29<00:30,  3.03it/s]
Epoch 7/10:  83%|████████▎ | 454/545 [02:29<00:29,  3.03it/s]
Epoch 7/10:  83%|████████▎ | 455/545 [02:29<00:29,  3.03it/s]
Epoch 7/10:  84%|████████▎ | 456/545 [02:30<00:29,  3.03it/s]
Epoch 7/10:  84%|████████▍ | 457/545 [02:30<00:29,  3.03it/s]
Epoch 7/10:  84%|████████▍ | 458/545 [02:30<00:28,  3.03it/s]
Epoch 7/10:  84%|████████▍ | 459/545 [02:31<00:28,  3.03it/s]
Epoch 7/10:  84%|████████▍ | 460/545 [02:31<00:28,  3.03it/s]
Epoch 7/10:  85%|████████▍ | 461/545 [02:31<00:27,  3.03it/s]
Epoch 7/10:  85%|████████▍ | 462/545 [02:32<00:27,  3.04it/s]
Epoch 7/10:  85%|████████▍ | 463/545 [02:32<00:27,  3.03it/s]
Epoch 7/10:  85%|████████▌ | 464/545 [02:32<00:26,  3.03it/s]
Epoch 7/10:  85%|████████▌ | 465/545 [02:33<00:26,  3.03it/s]
Epoch 7/10:  86%|████████▌ | 466/545 [02:33<00:26,  3.03it/s]
Epoch 7/10:  86%|████████▌ | 467/545 [02:33<00:25,  3.03it/s]
Epoch 7/10:  86%|████████▌ | 468/545 [02:34<00:25,  3.03it/s]
Epoch 7/10:  86%|████████▌ | 469/545 [02:34<00:25,  3.03it/s]
Epoch 7/10:  86%|████████▌ | 470/545 [02:34<00:24,  3.03it/s]
Epoch 7/10:  86%|████████▋ | 471/545 [02:35<00:24,  3.03it/s]
Epoch 7/10:  87%|████████▋ | 472/545 [02:35<00:24,  3.03it/s]
Epoch 7/10:  87%|████████▋ | 473/545 [02:35<00:23,  3.03it/s]
Epoch 7/10:  87%|████████▋ | 474/545 [02:36<00:23,  3.03it/s]
Epoch 7/10:  87%|████████▋ | 475/545 [02:36<00:23,  3.03it/s]
Epoch 7/10:  87%|████████▋ | 476/545 [02:36<00:22,  3.03it/s]
Epoch 7/10:  88%|████████▊ | 477/545 [02:37<00:22,  3.03it/s]
Epoch 7/10:  88%|████████▊ | 478/545 [02:37<00:22,  3.03it/s]
Epoch 7/10:  88%|████████▊ | 479/545 [02:37<00:21,  3.03it/s]
Epoch 7/10:  88%|████████▊ | 480/545 [02:38<00:21,  3.03it/s]
Epoch 7/10:  88%|████████▊ | 481/545 [02:38<00:21,  3.03it/s]
Epoch 7/10:  88%|████████▊ | 482/545 [02:38<00:20,  3.03it/s]
Epoch 7/10:  89%|████████▊ | 483/545 [02:39<00:20,  3.03it/s]
Epoch 7/10:  89%|████████▉ | 484/545 [02:39<00:20,  3.03it/s]
Epoch 7/10:  89%|████████▉ | 485/545 [02:39<00:19,  3.03it/s]
Epoch 7/10:  89%|████████▉ | 486/545 [02:40<00:19,  3.03it/s]
Epoch 7/10:  89%|████████▉ | 487/545 [02:40<00:19,  3.03it/s]
Epoch 7/10:  90%|████████▉ | 488/545 [02:40<00:18,  3.03it/s]
Epoch 7/10:  90%|████████▉ | 489/545 [02:41<00:18,  3.03it/s]
Epoch 7/10:  90%|████████▉ | 490/545 [02:41<00:18,  3.03it/s]
Epoch 7/10:  90%|█████████ | 491/545 [02:41<00:17,  3.03it/s]
Epoch 7/10:  90%|█████████ | 492/545 [02:42<00:17,  3.03it/s]
Epoch 7/10:  90%|█████████ | 493/545 [02:42<00:17,  3.03it/s]
Epoch 7/10:  91%|█████████ | 494/545 [02:42<00:16,  3.04it/s]
Epoch 7/10:  91%|█████████ | 495/545 [02:43<00:16,  3.03it/s]
Epoch 7/10:  91%|█████████ | 496/545 [02:43<00:16,  3.03it/s]
Epoch 7/10:  91%|█████████ | 497/545 [02:43<00:15,  3.04it/s]
Epoch 7/10:  91%|█████████▏| 498/545 [02:44<00:15,  3.03it/s]
Epoch 7/10:  92%|█████████▏| 499/545 [02:44<00:15,  3.03it/s]
Epoch 7/10:  92%|█████████▏| 500/545 [02:44<00:14,  3.03it/s]
Epoch 7/10:  92%|█████████▏| 501/545 [02:45<00:14,  3.04it/s]
Epoch 7/10:  92%|█████████▏| 502/545 [02:45<00:14,  3.04it/s]
Epoch 7/10:  92%|█████████▏| 503/545 [02:45<00:13,  3.04it/s]
Epoch 7/10:  92%|█████████▏| 504/545 [02:46<00:13,  3.04it/s]
Epoch 7/10:  93%|█████████▎| 505/545 [02:46<00:13,  3.04it/s]
Epoch 7/10:  93%|█████████▎| 506/545 [02:46<00:12,  3.04it/s]
Epoch 7/10:  93%|█████████▎| 507/545 [02:47<00:12,  3.04it/s]
Epoch 7/10:  93%|█████████▎| 508/545 [02:47<00:12,  3.04it/s]
Epoch 7/10:  93%|█████████▎| 509/545 [02:47<00:11,  3.04it/s]
Epoch 7/10:  94%|█████████▎| 510/545 [02:48<00:11,  3.04it/s]
Epoch 7/10:  94%|█████████▍| 511/545 [02:48<00:11,  3.04it/s]
Epoch 7/10:  94%|█████████▍| 512/545 [02:48<00:10,  3.04it/s]
Epoch 7/10:  94%|█████████▍| 513/545 [02:49<00:10,  3.04it/s]
Epoch 7/10:  94%|█████████▍| 514/545 [02:49<00:10,  3.04it/s]
Epoch 7/10:  94%|█████████▍| 515/545 [02:49<00:09,  3.04it/s]
Epoch 7/10:  95%|█████████▍| 516/545 [02:50<00:09,  3.04it/s]
Epoch 7/10:  95%|█████████▍| 517/545 [02:50<00:09,  3.04it/s]
Epoch 7/10:  95%|█████████▌| 518/545 [02:50<00:08,  3.04it/s]
Epoch 7/10:  95%|█████████▌| 519/545 [02:51<00:08,  3.03it/s]
Epoch 7/10:  95%|█████████▌| 520/545 [02:51<00:08,  3.03it/s]
Epoch 7/10:  96%|█████████▌| 521/545 [02:51<00:07,  3.03it/s]
Epoch 7/10:  96%|█████████▌| 522/545 [02:52<00:07,  3.04it/s]
Epoch 7/10:  96%|█████████▌| 523/545 [02:52<00:07,  3.03it/s]
Epoch 7/10:  96%|█████████▌| 524/545 [02:52<00:06,  3.03it/s]
Epoch 7/10:  96%|█████████▋| 525/545 [02:53<00:06,  3.03it/s]
Epoch 7/10:  97%|█████████▋| 526/545 [02:53<00:06,  3.03it/s]
Epoch 7/10:  97%|█████████▋| 527/545 [02:53<00:05,  3.03it/s]
Epoch 7/10:  97%|█████████▋| 528/545 [02:54<00:05,  3.03it/s]
Epoch 7/10:  97%|█████████▋| 529/545 [02:54<00:05,  3.03it/s]
Epoch 7/10:  97%|█████████▋| 530/545 [02:54<00:04,  3.03it/s]
Epoch 7/10:  97%|█████████▋| 531/545 [02:54<00:04,  3.03it/s]
Epoch 7/10:  98%|█████████▊| 532/545 [02:55<00:04,  3.04it/s]
Epoch 7/10:  98%|█████████▊| 533/545 [02:55<00:03,  3.04it/s]
Epoch 7/10:  98%|█████████▊| 534/545 [02:55<00:03,  3.04it/s]
Epoch 7/10:  98%|█████████▊| 535/545 [02:56<00:03,  3.04it/s]
Epoch 7/10:  98%|█████████▊| 536/545 [02:56<00:02,  3.04it/s]
Epoch 7/10:  99%|█████████▊| 537/545 [02:56<00:02,  3.04it/s]
Epoch 7/10:  99%|█████████▊| 538/545 [02:57<00:02,  3.04it/s]
Epoch 7/10:  99%|█████████▉| 539/545 [02:57<00:01,  3.04it/s]
Epoch 7/10:  99%|█████████▉| 540/545 [02:57<00:01,  3.04it/s]
Epoch 7/10:  99%|█████████▉| 541/545 [02:58<00:01,  3.04it/s]
Epoch 7/10:  99%|█████████▉| 542/545 [02:58<00:00,  3.04it/s]
Epoch 7/10: 100%|█████████▉| 543/545 [02:58<00:00,  3.03it/s]
Epoch 7/10: 100%|█████████▉| 544/545 [02:59<00:00,  3.03it/s]
Epoch 7/10: 100%|██████████| 545/545 [02:59<00:00,  3.23it/s]
Epoch 7/10: 100%|██████████| 545/545 [02:59<00:00,  3.04it/s]

Epoch 8/10:   0%|          | 0/545 [00:00<?, ?it/s]
Epoch 8/10:   0%|          | 1/545 [00:00<02:59,  3.03it/s]
Epoch 8/10:   0%|          | 2/545 [00:00<02:58,  3.03it/s]
Epoch 8/10:   1%|          | 3/545 [00:00<02:58,  3.04it/s]
Epoch 8/10:   1%|          | 4/545 [00:01<02:58,  3.04it/s]
Epoch 8/10:   1%|          | 5/545 [00:01<02:57,  3.04it/s]
Epoch 8/10:   1%|          | 6/545 [00:01<02:57,  3.04it/s]
Epoch 8/10:   1%|▏         | 7/545 [00:02<02:57,  3.03it/s]
Epoch 8/10:   1%|▏         | 8/545 [00:02<02:56,  3.03it/s]
Epoch 8/10:   2%|▏         | 9/545 [00:02<02:56,  3.03it/s]
Epoch 8/10:   2%|▏         | 10/545 [00:03<02:56,  3.04it/s]
Epoch 8/10:   2%|▏         | 11/545 [00:03<02:55,  3.04it/s]
Epoch 8/10:   2%|▏         | 12/545 [00:03<02:55,  3.04it/s]
Epoch 8/10:   2%|▏         | 13/545 [00:04<02:55,  3.04it/s]
Epoch 8/10:   3%|▎         | 14/545 [00:04<02:54,  3.04it/s]
Epoch 8/10:   3%|▎         | 15/545 [00:04<02:54,  3.04it/s]
Epoch 8/10:   3%|▎         | 16/545 [00:05<02:54,  3.04it/s]
Epoch 8/10:   3%|▎         | 17/545 [00:05<02:53,  3.03it/s]
Epoch 8/10:   3%|▎         | 18/545 [00:05<02:53,  3.04it/s]
Epoch 8/10:   3%|▎         | 19/545 [00:06<02:53,  3.03it/s]
Epoch 8/10:   4%|▎         | 20/545 [00:06<02:53,  3.03it/s]
Epoch 8/10:   4%|▍         | 21/545 [00:06<02:52,  3.03it/s]
Epoch 8/10:   4%|▍         | 22/545 [00:07<02:52,  3.03it/s]
Epoch 8/10:   4%|▍         | 23/545 [00:07<02:52,  3.03it/s]
Epoch 8/10:   4%|▍         | 24/545 [00:07<02:51,  3.03it/s]
Epoch 8/10:   5%|▍         | 25/545 [00:08<02:51,  3.03it/s]
Epoch 8/10:   5%|▍         | 26/545 [00:08<02:51,  3.03it/s]
Epoch 8/10:   5%|▍         | 27/545 [00:08<02:50,  3.03it/s]
Epoch 8/10:   5%|▌         | 28/545 [00:09<02:51,  3.02it/s]
Epoch 8/10:   5%|▌         | 29/545 [00:09<02:50,  3.03it/s]
Epoch 8/10:   6%|▌         | 30/545 [00:09<02:50,  3.03it/s]
Epoch 8/10:   6%|▌         | 31/545 [00:10<02:49,  3.03it/s]
Epoch 8/10:   6%|▌         | 32/545 [00:10<02:49,  3.03it/s]
Epoch 8/10:   6%|▌         | 33/545 [00:10<02:48,  3.03it/s]
Epoch 8/10:   6%|▌         | 34/545 [00:11<02:48,  3.03it/s]
Epoch 8/10:   6%|▋         | 35/545 [00:11<02:48,  3.03it/s]
Epoch 8/10:   7%|▋         | 36/545 [00:11<02:47,  3.03it/s]
Epoch 8/10:   7%|▋         | 37/545 [00:12<02:47,  3.03it/s]
Epoch 8/10:   7%|▋         | 38/545 [00:12<02:47,  3.04it/s]
Epoch 8/10:   7%|▋         | 39/545 [00:12<02:46,  3.04it/s]
Epoch 8/10:   7%|▋         | 40/545 [00:13<02:46,  3.03it/s]
Epoch 8/10:   8%|▊         | 41/545 [00:13<02:46,  3.03it/s]
Epoch 8/10:   8%|▊         | 42/545 [00:13<02:45,  3.04it/s]
Epoch 8/10:   8%|▊         | 43/545 [00:14<02:45,  3.04it/s]
Epoch 8/10:   8%|▊         | 44/545 [00:14<02:45,  3.04it/s]
Epoch 8/10:   8%|▊         | 45/545 [00:14<02:44,  3.04it/s]
Epoch 8/10:   8%|▊         | 46/545 [00:15<02:44,  3.04it/s]
Epoch 8/10:   9%|▊         | 47/545 [00:15<02:44,  3.04it/s]
Epoch 8/10:   9%|▉         | 48/545 [00:15<02:43,  3.04it/s]
Epoch 8/10:   9%|▉         | 49/545 [00:16<02:43,  3.04it/s]
Epoch 8/10:   9%|▉         | 50/545 [00:16<02:43,  3.04it/s]
Epoch 8/10:   9%|▉         | 51/545 [00:16<02:42,  3.04it/s]
Epoch 8/10:  10%|▉         | 52/545 [00:17<02:42,  3.04it/s]
Epoch 8/10:  10%|▉         | 53/545 [00:17<02:42,  3.03it/s]
Epoch 8/10:  10%|▉         | 54/545 [00:17<02:41,  3.04it/s]
Epoch 8/10:  10%|█         | 55/545 [00:18<02:41,  3.04it/s]
Epoch 8/10:  10%|█         | 56/545 [00:18<02:41,  3.04it/s]
Epoch 8/10:  10%|█         | 57/545 [00:18<02:40,  3.04it/s]
Epoch 8/10:  11%|█         | 58/545 [00:19<02:40,  3.04it/s]
Epoch 8/10:  11%|█         | 59/545 [00:19<02:40,  3.04it/s]
Epoch 8/10:  11%|█         | 60/545 [00:19<02:39,  3.04it/s]
Epoch 8/10:  11%|█         | 61/545 [00:20<02:39,  3.04it/s]
Epoch 8/10:  11%|█▏        | 62/545 [00:20<02:39,  3.04it/s]
Epoch 8/10:  12%|█▏        | 63/545 [00:20<02:38,  3.04it/s]
Epoch 8/10:  12%|█▏        | 64/545 [00:21<02:38,  3.04it/s]
Epoch 8/10:  12%|█▏        | 65/545 [00:21<02:38,  3.04it/s]
Epoch 8/10:  12%|█▏        | 66/545 [00:21<02:37,  3.04it/s]
Epoch 8/10:  12%|█▏        | 67/545 [00:22<02:37,  3.04it/s]
Epoch 8/10:  12%|█▏        | 68/545 [00:22<02:37,  3.04it/s]
Epoch 8/10:  13%|█▎        | 69/545 [00:22<02:36,  3.03it/s]
Epoch 8/10:  13%|█▎        | 70/545 [00:23<02:36,  3.03it/s]
Epoch 8/10:  13%|█▎        | 71/545 [00:23<02:36,  3.03it/s]
Epoch 8/10:  13%|█▎        | 72/545 [00:23<02:35,  3.04it/s]
Epoch 8/10:  13%|█▎        | 73/545 [00:24<02:35,  3.04it/s]
Epoch 8/10:  14%|█▎        | 74/545 [00:24<02:35,  3.04it/s]
Epoch 8/10:  14%|█▍        | 75/545 [00:24<02:34,  3.04it/s]
Epoch 8/10:  14%|█▍        | 76/545 [00:25<02:34,  3.04it/s]
Epoch 8/10:  14%|█▍        | 77/545 [00:25<02:34,  3.04it/s]
Epoch 8/10:  14%|█▍        | 78/545 [00:25<02:33,  3.04it/s]
Epoch 8/10:  14%|█▍        | 79/545 [00:26<02:33,  3.03it/s]
Epoch 8/10:  15%|█▍        | 80/545 [00:26<02:33,  3.03it/s]
Epoch 8/10:  15%|█▍        | 81/545 [00:26<02:32,  3.04it/s]
Epoch 8/10:  15%|█▌        | 82/545 [00:27<02:32,  3.03it/s]
Epoch 8/10:  15%|█▌        | 83/545 [00:27<02:32,  3.04it/s]
Epoch 8/10:  15%|█▌        | 84/545 [00:27<02:31,  3.04it/s]
Epoch 8/10:  16%|█▌        | 85/545 [00:28<02:31,  3.04it/s]
Epoch 8/10:  16%|█▌        | 86/545 [00:28<02:31,  3.04it/s]
Epoch 8/10:  16%|█▌        | 87/545 [00:28<02:30,  3.04it/s]
Epoch 8/10:  16%|█▌        | 88/545 [00:28<02:30,  3.04it/s]
Epoch 8/10:  16%|█▋        | 89/545 [00:29<02:30,  3.04it/s]
Epoch 8/10:  17%|█▋        | 90/545 [00:29<02:29,  3.04it/s]
Epoch 8/10:  17%|█▋        | 91/545 [00:29<02:29,  3.04it/s]
Epoch 8/10:  17%|█▋        | 92/545 [00:30<02:29,  3.04it/s]
Epoch 8/10:  17%|█▋        | 93/545 [00:30<02:28,  3.04it/s]
Epoch 8/10:  17%|█▋        | 94/545 [00:30<02:28,  3.04it/s]
Epoch 8/10:  17%|█▋        | 95/545 [00:31<02:28,  3.04it/s]
Epoch 8/10:  18%|█▊        | 96/545 [00:31<02:27,  3.04it/s]
Epoch 8/10:  18%|█▊        | 97/545 [00:31<02:27,  3.04it/s]
Epoch 8/10:  18%|█▊        | 98/545 [00:32<02:27,  3.04it/s]
Epoch 8/10:  18%|█▊        | 99/545 [00:32<02:26,  3.04it/s]
Epoch 8/10:  18%|█▊        | 100/545 [00:32<02:26,  3.04it/s]
Epoch 8/10:  19%|█▊        | 101/545 [00:33<02:26,  3.04it/s]
Epoch 8/10:  19%|█▊        | 102/545 [00:33<02:25,  3.04it/s]
Epoch 8/10:  19%|█▉        | 103/545 [00:33<02:25,  3.04it/s]
Epoch 8/10:  19%|█▉        | 104/545 [00:34<02:25,  3.04it/s]
Epoch 8/10:  19%|█▉        | 105/545 [00:34<02:24,  3.04it/s]
Epoch 8/10:  19%|█▉        | 106/545 [00:34<02:24,  3.04it/s]
Epoch 8/10:  20%|█▉        | 107/545 [00:35<02:24,  3.04it/s]
Epoch 8/10:  20%|█▉        | 108/545 [00:35<02:23,  3.04it/s]
Epoch 8/10:  20%|██        | 109/545 [00:35<02:23,  3.04it/s]
Epoch 8/10:  20%|██        | 110/545 [00:36<02:23,  3.04it/s]
Epoch 8/10:  20%|██        | 111/545 [00:36<02:22,  3.04it/s]
Epoch 8/10:  21%|██        | 112/545 [00:36<02:22,  3.04it/s]
Epoch 8/10:  21%|██        | 113/545 [00:37<02:22,  3.04it/s]
Epoch 8/10:  21%|██        | 114/545 [00:37<02:21,  3.04it/s]
Epoch 8/10:  21%|██        | 115/545 [00:37<02:21,  3.04it/s]
Epoch 8/10:  21%|██▏       | 116/545 [00:38<02:21,  3.04it/s]
Epoch 8/10:  21%|██▏       | 117/545 [00:38<02:20,  3.04it/s]
Epoch 8/10:  22%|██▏       | 118/545 [00:38<02:20,  3.04it/s]
Epoch 8/10:  22%|██▏       | 119/545 [00:39<02:20,  3.04it/s]
Epoch 8/10:  22%|██▏       | 120/545 [00:39<02:19,  3.04it/s]
Epoch 8/10:  22%|██▏       | 121/545 [00:39<02:19,  3.04it/s]
Epoch 8/10:  22%|██▏       | 122/545 [00:40<02:19,  3.03it/s]
Epoch 8/10:  23%|██▎       | 123/545 [00:40<02:19,  3.03it/s]
Epoch 8/10:  23%|██▎       | 124/545 [00:40<02:18,  3.03it/s]
Epoch 8/10:  23%|██▎       | 125/545 [00:41<02:18,  3.03it/s]
Epoch 8/10:  23%|██▎       | 126/545 [00:41<02:18,  3.03it/s]
Epoch 8/10:  23%|██▎       | 127/545 [00:41<02:17,  3.04it/s]
Epoch 8/10:  23%|██▎       | 128/545 [00:42<02:17,  3.04it/s]
Epoch 8/10:  24%|██▎       | 129/545 [00:42<02:17,  3.04it/s]
Epoch 8/10:  24%|██▍       | 130/545 [00:42<02:16,  3.04it/s]
Epoch 8/10:  24%|██▍       | 131/545 [00:43<02:16,  3.04it/s]
Epoch 8/10:  24%|██▍       | 132/545 [00:43<02:16,  3.04it/s]
Epoch 8/10:  24%|██▍       | 133/545 [00:43<02:15,  3.04it/s]
Epoch 8/10:  25%|██▍       | 134/545 [00:44<02:15,  3.04it/s]
Epoch 8/10:  25%|██▍       | 135/545 [00:44<02:15,  3.04it/s]
Epoch 8/10:  25%|██▍       | 136/545 [00:44<02:14,  3.04it/s]
Epoch 8/10:  25%|██▌       | 137/545 [00:45<02:14,  3.04it/s]
Epoch 8/10:  25%|██▌       | 138/545 [00:45<02:14,  3.04it/s]
Epoch 8/10:  26%|██▌       | 139/545 [00:45<02:13,  3.04it/s]
Epoch 8/10:  26%|██▌       | 140/545 [00:46<02:13,  3.04it/s]
Epoch 8/10:  26%|██▌       | 141/545 [00:46<02:13,  3.04it/s]
Epoch 8/10:  26%|██▌       | 142/545 [00:46<02:12,  3.04it/s]
Epoch 8/10:  26%|██▌       | 143/545 [00:47<02:12,  3.04it/s]
Epoch 8/10:  26%|██▋       | 144/545 [00:47<02:12,  3.03it/s]
Epoch 8/10:  27%|██▋       | 145/545 [00:47<02:11,  3.04it/s]
Epoch 8/10:  27%|██▋       | 146/545 [00:48<02:11,  3.04it/s]
Epoch 8/10:  27%|██▋       | 147/545 [00:48<02:11,  3.04it/s]
Epoch 8/10:  27%|██▋       | 148/545 [00:48<02:10,  3.04it/s]
Epoch 8/10:  27%|██▋       | 149/545 [00:49<02:10,  3.04it/s]
Epoch 8/10:  28%|██▊       | 150/545 [00:49<02:10,  3.04it/s]
Epoch 8/10:  28%|██▊       | 151/545 [00:49<02:09,  3.04it/s]
Epoch 8/10:  28%|██▊       | 152/545 [00:50<02:09,  3.04it/s]
Epoch 8/10:  28%|██▊       | 153/545 [00:50<02:09,  3.03it/s]
Epoch 8/10:  28%|██▊       | 154/545 [00:50<02:08,  3.04it/s]
Epoch 8/10:  28%|██▊       | 155/545 [00:51<02:08,  3.04it/s]
Epoch 8/10:  29%|██▊       | 156/545 [00:51<02:08,  3.04it/s]
Epoch 8/10:  29%|██▉       | 157/545 [00:51<02:07,  3.04it/s]
Epoch 8/10:  29%|██▉       | 158/545 [00:52<02:07,  3.04it/s]
Epoch 8/10:  29%|██▉       | 159/545 [00:52<02:07,  3.04it/s]
Epoch 8/10:  29%|██▉       | 160/545 [00:52<02:06,  3.03it/s]
Epoch 8/10:  30%|██▉       | 161/545 [00:53<02:06,  3.03it/s]
Epoch 8/10:  30%|██▉       | 162/545 [00:53<02:06,  3.03it/s]
Epoch 8/10:  30%|██▉       | 163/545 [00:53<02:05,  3.04it/s]
Epoch 8/10:  30%|███       | 164/545 [00:54<02:05,  3.04it/s]
Epoch 8/10:  30%|███       | 165/545 [00:54<02:05,  3.03it/s]
Epoch 8/10:  30%|███       | 166/545 [00:54<02:04,  3.04it/s]
Epoch 8/10:  31%|███       | 167/545 [00:55<02:04,  3.04it/s]
Epoch 8/10:  31%|███       | 168/545 [00:55<02:04,  3.04it/s]
Epoch 8/10:  31%|███       | 169/545 [00:55<02:03,  3.04it/s]
Epoch 8/10:  31%|███       | 170/545 [00:56<02:03,  3.04it/s]
Epoch 8/10:  31%|███▏      | 171/545 [00:56<02:03,  3.04it/s]
Epoch 8/10:  32%|███▏      | 172/545 [00:56<02:02,  3.04it/s]
Epoch 8/10:  32%|███▏      | 173/545 [00:57<02:02,  3.04it/s]
Epoch 8/10:  32%|███▏      | 174/545 [00:57<02:02,  3.03it/s]
Epoch 8/10:  32%|███▏      | 175/545 [00:57<02:01,  3.03it/s]
Epoch 8/10:  32%|███▏      | 176/545 [00:57<02:01,  3.04it/s]
Epoch 8/10:  32%|███▏      | 177/545 [00:58<02:01,  3.04it/s]
Epoch 8/10:  33%|███▎      | 178/545 [00:58<02:00,  3.04it/s]
Epoch 8/10:  33%|███▎      | 179/545 [00:58<02:00,  3.04it/s]
Epoch 8/10:  33%|███▎      | 180/545 [00:59<02:00,  3.04it/s]
Epoch 8/10:  33%|███▎      | 181/545 [00:59<01:59,  3.04it/s]
Epoch 8/10:  33%|███▎      | 182/545 [00:59<01:59,  3.04it/s]
Epoch 8/10:  34%|███▎      | 183/545 [01:00<01:59,  3.04it/s]
Epoch 8/10:  34%|███▍      | 184/545 [01:00<01:58,  3.04it/s]
Epoch 8/10:  34%|███▍      | 185/545 [01:00<01:58,  3.04it/s]
Epoch 8/10:  34%|███▍      | 186/545 [01:01<01:58,  3.04it/s]
Epoch 8/10:  34%|███▍      | 187/545 [01:01<01:57,  3.04it/s]
Epoch 8/10:  34%|███▍      | 188/545 [01:01<01:57,  3.04it/s]
Epoch 8/10:  35%|███▍      | 189/545 [01:02<01:57,  3.04it/s]
Epoch 8/10:  35%|███▍      | 190/545 [01:02<01:56,  3.04it/s]
Epoch 8/10:  35%|███▌      | 191/545 [01:02<01:56,  3.03it/s]
Epoch 8/10:  35%|███▌      | 192/545 [01:03<01:56,  3.03it/s]
Epoch 8/10:  35%|███▌      | 193/545 [01:03<01:55,  3.04it/s]
Epoch 8/10:  36%|███▌      | 194/545 [01:03<01:55,  3.04it/s]
Epoch 8/10:  36%|███▌      | 195/545 [01:04<01:55,  3.04it/s]
Epoch 8/10:  36%|███▌      | 196/545 [01:04<01:54,  3.04it/s]
Epoch 8/10:  36%|███▌      | 197/545 [01:04<01:54,  3.04it/s]
Epoch 8/10:  36%|███▋      | 198/545 [01:05<01:54,  3.04it/s]
Epoch 8/10:  37%|███▋      | 199/545 [01:05<01:53,  3.04it/s]
Epoch 8/10:  37%|███▋      | 200/545 [01:05<01:53,  3.04it/s]
Epoch 8/10:  37%|███▋      | 201/545 [01:06<01:53,  3.04it/s]
Epoch 8/10:  37%|███▋      | 202/545 [01:06<01:53,  3.04it/s]
Epoch 8/10:  37%|███▋      | 203/545 [01:06<01:52,  3.04it/s]
Epoch 8/10:  37%|███▋      | 204/545 [01:07<01:52,  3.04it/s]
Epoch 8/10:  38%|███▊      | 205/545 [01:07<01:51,  3.04it/s]
Epoch 8/10:  38%|███▊      | 206/545 [01:07<01:51,  3.04it/s]
Epoch 8/10:  38%|███▊      | 207/545 [01:08<01:51,  3.04it/s]
Epoch 8/10:  38%|███▊      | 208/545 [01:08<01:50,  3.04it/s]
Epoch 8/10:  38%|███▊      | 209/545 [01:08<01:50,  3.04it/s]
Epoch 8/10:  39%|███▊      | 210/545 [01:09<01:50,  3.04it/s]
Epoch 8/10:  39%|███▊      | 211/545 [01:09<01:50,  3.04it/s]
Epoch 8/10:  39%|███▉      | 212/545 [01:09<01:49,  3.04it/s]
Epoch 8/10:  39%|███▉      | 213/545 [01:10<01:49,  3.04it/s]
Epoch 8/10:  39%|███▉      | 214/545 [01:10<01:49,  3.04it/s]
Epoch 8/10:  39%|███▉      | 215/545 [01:10<01:48,  3.04it/s]
Epoch 8/10:  40%|███▉      | 216/545 [01:11<01:48,  3.04it/s]
Epoch 8/10:  40%|███▉      | 217/545 [01:11<01:48,  3.04it/s]
Epoch 8/10:  40%|████      | 218/545 [01:11<01:47,  3.04it/s]
Epoch 8/10:  40%|████      | 219/545 [01:12<01:47,  3.04it/s]
Epoch 8/10:  40%|████      | 220/545 [01:12<01:47,  3.04it/s]
Epoch 8/10:  41%|████      | 221/545 [01:12<01:46,  3.04it/s]
Epoch 8/10:  41%|████      | 222/545 [01:13<01:46,  3.04it/s]
Epoch 8/10:  41%|████      | 223/545 [01:13<01:46,  3.04it/s]
Epoch 8/10:  41%|████      | 224/545 [01:13<01:45,  3.04it/s]
Epoch 8/10:  41%|████▏     | 225/545 [01:14<01:45,  3.04it/s]
Epoch 8/10:  41%|████▏     | 226/545 [01:14<01:45,  3.04it/s]
Epoch 8/10:  42%|████▏     | 227/545 [01:14<01:44,  3.04it/s]
Epoch 8/10:  42%|████▏     | 228/545 [01:15<01:44,  3.04it/s]
Epoch 8/10:  42%|████▏     | 229/545 [01:15<01:44,  3.04it/s]
Epoch 8/10:  42%|████▏     | 230/545 [01:15<01:43,  3.04it/s]
Epoch 8/10:  42%|████▏     | 231/545 [01:16<01:43,  3.04it/s]
Epoch 8/10:  43%|████▎     | 232/545 [01:16<01:43,  3.04it/s]
Epoch 8/10:  43%|████▎     | 233/545 [01:16<01:42,  3.04it/s]
Epoch 8/10:  43%|████▎     | 234/545 [01:17<01:42,  3.04it/s]
Epoch 8/10:  43%|████▎     | 235/545 [01:17<01:42,  3.04it/s]
Epoch 8/10:  43%|████▎     | 236/545 [01:17<01:41,  3.04it/s]
Epoch 8/10:  43%|████▎     | 237/545 [01:18<01:41,  3.04it/s]
Epoch 8/10:  44%|████▎     | 238/545 [01:18<01:41,  3.04it/s]
Epoch 8/10:  44%|████▍     | 239/545 [01:18<01:40,  3.04it/s]
Epoch 8/10:  44%|████▍     | 240/545 [01:19<01:40,  3.04it/s]
Epoch 8/10:  44%|████▍     | 241/545 [01:19<01:40,  3.04it/s]
Epoch 8/10:  44%|████▍     | 242/545 [01:19<01:39,  3.04it/s]
Epoch 8/10:  45%|████▍     | 243/545 [01:20<01:39,  3.04it/s]
Epoch 8/10:  45%|████▍     | 244/545 [01:20<01:39,  3.04it/s]
Epoch 8/10:  45%|████▍     | 245/545 [01:20<01:38,  3.04it/s]
Epoch 8/10:  45%|████▌     | 246/545 [01:21<01:38,  3.04it/s]
Epoch 8/10:  45%|████▌     | 247/545 [01:21<01:38,  3.04it/s]
Epoch 8/10:  46%|████▌     | 248/545 [01:21<01:37,  3.04it/s]
Epoch 8/10:  46%|████▌     | 249/545 [01:22<01:37,  3.04it/s]
Epoch 8/10:  46%|████▌     | 250/545 [01:22<01:37,  3.04it/s]
Epoch 8/10:  46%|████▌     | 251/545 [01:22<01:36,  3.04it/s]
Epoch 8/10:  46%|████▌     | 252/545 [01:23<01:36,  3.04it/s]
Epoch 8/10:  46%|████▋     | 253/545 [01:23<01:36,  3.04it/s]
Epoch 8/10:  47%|████▋     | 254/545 [01:23<01:35,  3.04it/s]
Epoch 8/10:  47%|████▋     | 255/545 [01:24<01:35,  3.04it/s]
Epoch 8/10:  47%|████▋     | 256/545 [01:24<01:35,  3.04it/s]
Epoch 8/10:  47%|████▋     | 257/545 [01:24<01:34,  3.04it/s]
Epoch 8/10:  47%|████▋     | 258/545 [01:24<01:34,  3.04it/s]
Epoch 8/10:  48%|████▊     | 259/545 [01:25<01:34,  3.04it/s]
Epoch 8/10:  48%|████▊     | 260/545 [01:25<01:33,  3.04it/s]
Epoch 8/10:  48%|████▊     | 261/545 [01:25<01:33,  3.04it/s]
Epoch 8/10:  48%|████▊     | 262/545 [01:26<01:33,  3.04it/s]
Epoch 8/10:  48%|████▊     | 263/545 [01:26<01:32,  3.04it/s]
Epoch 8/10:  48%|████▊     | 264/545 [01:26<01:32,  3.04it/s]
Epoch 8/10:  49%|████▊     | 265/545 [01:27<01:32,  3.04it/s]
Epoch 8/10:  49%|████▉     | 266/545 [01:27<01:31,  3.04it/s]
Epoch 8/10:  49%|████▉     | 267/545 [01:27<01:31,  3.04it/s]
Epoch 8/10:  49%|████▉     | 268/545 [01:28<01:31,  3.03it/s]
Epoch 8/10:  49%|████▉     | 269/545 [01:28<01:30,  3.03it/s]
Epoch 8/10:  50%|████▉     | 270/545 [01:28<01:30,  3.04it/s]
Epoch 8/10:  50%|████▉     | 271/545 [01:29<01:30,  3.04it/s]
Epoch 8/10:  50%|████▉     | 272/545 [01:29<01:29,  3.04it/s]
Epoch 8/10:  50%|█████     | 273/545 [01:29<01:29,  3.04it/s]
Epoch 8/10:  50%|█████     | 274/545 [01:30<01:29,  3.04it/s]
Epoch 8/10:  50%|█████     | 275/545 [01:30<01:28,  3.04it/s]
Epoch 8/10:  51%|█████     | 276/545 [01:30<01:28,  3.04it/s]
Epoch 8/10:  51%|█████     | 277/545 [01:31<01:28,  3.04it/s]
Epoch 8/10:  51%|█████     | 278/545 [01:31<01:27,  3.04it/s]
Epoch 8/10:  51%|█████     | 279/545 [01:31<01:27,  3.04it/s]
Epoch 8/10:  51%|█████▏    | 280/545 [01:32<01:27,  3.04it/s]
Epoch 8/10:  52%|█████▏    | 281/545 [01:32<01:26,  3.04it/s]
Epoch 8/10:  52%|█████▏    | 282/545 [01:32<01:26,  3.04it/s]
Epoch 8/10:  52%|█████▏    | 283/545 [01:33<01:26,  3.04it/s]
Epoch 8/10:  52%|█████▏    | 284/545 [01:33<01:25,  3.04it/s]
Epoch 8/10:  52%|█████▏    | 285/545 [01:33<01:25,  3.04it/s]
Epoch 8/10:  52%|█████▏    | 286/545 [01:34<01:25,  3.04it/s]
Epoch 8/10:  53%|█████▎    | 287/545 [01:34<01:24,  3.04it/s]
Epoch 8/10:  53%|█████▎    | 288/545 [01:34<01:24,  3.04it/s]
Epoch 8/10:  53%|█████▎    | 289/545 [01:35<01:24,  3.04it/s]
Epoch 8/10:  53%|█████▎    | 290/545 [01:35<01:24,  3.04it/s]
Epoch 8/10:  53%|█████▎    | 291/545 [01:35<01:23,  3.04it/s]
Epoch 8/10:  54%|█████▎    | 292/545 [01:36<01:23,  3.04it/s]
Epoch 8/10:  54%|█████▍    | 293/545 [01:36<01:23,  3.04it/s]
Epoch 8/10:  54%|█████▍    | 294/545 [01:36<01:22,  3.04it/s]
Epoch 8/10:  54%|█████▍    | 295/545 [01:37<01:22,  3.04it/s]
Epoch 8/10:  54%|█████▍    | 296/545 [01:37<01:22,  3.04it/s]
Epoch 8/10:  54%|█████▍    | 297/545 [01:37<01:21,  3.04it/s]
Epoch 8/10:  55%|█████▍    | 298/545 [01:38<01:21,  3.04it/s]
Epoch 8/10:  55%|█████▍    | 299/545 [01:38<01:21,  3.04it/s]
Epoch 8/10:  55%|█████▌    | 300/545 [01:38<01:20,  3.03it/s]
Epoch 8/10:  55%|█████▌    | 301/545 [01:39<01:20,  3.03it/s]
Epoch 8/10:  55%|█████▌    | 302/545 [01:39<01:20,  3.04it/s]
Epoch 8/10:  56%|█████▌    | 303/545 [01:39<01:19,  3.03it/s]
Epoch 8/10:  56%|█████▌    | 304/545 [01:40<01:19,  3.03it/s]
Epoch 8/10:  56%|█████▌    | 305/545 [01:40<01:19,  3.03it/s]
Epoch 8/10:  56%|█████▌    | 306/545 [01:40<01:18,  3.03it/s]
Epoch 8/10:  56%|█████▋    | 307/545 [01:41<01:18,  3.03it/s]
Epoch 8/10:  57%|█████▋    | 308/545 [01:41<01:18,  3.04it/s]
Epoch 8/10:  57%|█████▋    | 309/545 [01:41<01:17,  3.04it/s]
Epoch 8/10:  57%|█████▋    | 310/545 [01:42<01:17,  3.04it/s]
Epoch 8/10:  57%|█████▋    | 311/545 [01:42<01:17,  3.04it/s]
Epoch 8/10:  57%|█████▋    | 312/545 [01:42<01:16,  3.04it/s]
Epoch 8/10:  57%|█████▋    | 313/545 [01:43<01:16,  3.04it/s]
Epoch 8/10:  58%|█████▊    | 314/545 [01:43<01:16,  3.04it/s]
Epoch 8/10:  58%|█████▊    | 315/545 [01:43<01:15,  3.03it/s]
Epoch 8/10:  58%|█████▊    | 316/545 [01:44<01:15,  3.04it/s]
Epoch 8/10:  58%|█████▊    | 317/545 [01:44<01:15,  3.03it/s]
Epoch 8/10:  58%|█████▊    | 318/545 [01:44<01:14,  3.03it/s]
Epoch 8/10:  59%|█████▊    | 319/545 [01:45<01:14,  3.03it/s]
Epoch 8/10:  59%|█████▊    | 320/545 [01:45<01:14,  3.04it/s]
Epoch 8/10:  59%|█████▉    | 321/545 [01:45<01:13,  3.04it/s]
Epoch 8/10:  59%|█████▉    | 322/545 [01:46<01:13,  3.04it/s]
Epoch 8/10:  59%|█████▉    | 323/545 [01:46<01:13,  3.04it/s]
Epoch 8/10:  59%|█████▉    | 324/545 [01:46<01:12,  3.04it/s]
Epoch 8/10:  60%|█████▉    | 325/545 [01:47<01:12,  3.04it/s]
Epoch 8/10:  60%|█████▉    | 326/545 [01:47<01:12,  3.04it/s]
Epoch 8/10:  60%|██████    | 327/545 [01:47<01:11,  3.04it/s]
Epoch 8/10:  60%|██████    | 328/545 [01:48<01:11,  3.04it/s]
Epoch 8/10:  60%|██████    | 329/545 [01:48<01:11,  3.04it/s]
Epoch 8/10:  61%|██████    | 330/545 [01:48<01:10,  3.04it/s]
Epoch 8/10:  61%|██████    | 331/545 [01:49<01:10,  3.04it/s]
Epoch 8/10:  61%|██████    | 332/545 [01:49<01:10,  3.04it/s]
Epoch 8/10:  61%|██████    | 333/545 [01:49<01:09,  3.04it/s]
Epoch 8/10:  61%|██████▏   | 334/545 [01:50<01:09,  3.04it/s]
Epoch 8/10:  61%|██████▏   | 335/545 [01:50<01:09,  3.04it/s]
Epoch 8/10:  62%|██████▏   | 336/545 [01:50<01:08,  3.04it/s]
Epoch 8/10:  62%|██████▏   | 337/545 [01:51<01:08,  3.04it/s]
Epoch 8/10:  62%|██████▏   | 338/545 [01:51<01:08,  3.04it/s]
Epoch 8/10:  62%|██████▏   | 339/545 [01:51<01:07,  3.04it/s]
Epoch 8/10:  62%|██████▏   | 340/545 [01:52<01:07,  3.04it/s]
Epoch 8/10:  63%|██████▎   | 341/545 [01:52<01:07,  3.04it/s]
Epoch 8/10:  63%|██████▎   | 342/545 [01:52<01:06,  3.04it/s]
Epoch 8/10:  63%|██████▎   | 343/545 [01:52<01:06,  3.04it/s]
Epoch 8/10:  63%|██████▎   | 344/545 [01:53<01:06,  3.04it/s]
Epoch 8/10:  63%|██████▎   | 345/545 [01:53<01:05,  3.04it/s]
Epoch 8/10:  63%|██████▎   | 346/545 [01:53<01:05,  3.04it/s]
Epoch 8/10:  64%|██████▎   | 347/545 [01:54<01:05,  3.04it/s]
Epoch 8/10:  64%|██████▍   | 348/545 [01:54<01:04,  3.04it/s]
Epoch 8/10:  64%|██████▍   | 349/545 [01:54<01:04,  3.04it/s]
Epoch 8/10:  64%|██████▍   | 350/545 [01:55<01:04,  3.04it/s]
Epoch 8/10:  64%|██████▍   | 351/545 [01:55<01:03,  3.04it/s]
Epoch 8/10:  65%|██████▍   | 352/545 [01:55<01:03,  3.04it/s]
Epoch 8/10:  65%|██████▍   | 353/545 [01:56<01:03,  3.04it/s]
Epoch 8/10:  65%|██████▍   | 354/545 [01:56<01:02,  3.04it/s]
Epoch 8/10:  65%|██████▌   | 355/545 [01:56<01:02,  3.04it/s]
Epoch 8/10:  65%|██████▌   | 356/545 [01:57<01:02,  3.04it/s]
Epoch 8/10:  66%|██████▌   | 357/545 [01:57<01:01,  3.04it/s]
Epoch 8/10:  66%|██████▌   | 358/545 [01:57<01:01,  3.04it/s]
Epoch 8/10:  66%|██████▌   | 359/545 [01:58<01:01,  3.04it/s]
Epoch 8/10:  66%|██████▌   | 360/545 [01:58<01:00,  3.04it/s]
Epoch 8/10:  66%|██████▌   | 361/545 [01:58<01:00,  3.04it/s]
Epoch 8/10:  66%|██████▋   | 362/545 [01:59<01:00,  3.04it/s]
Epoch 8/10:  67%|██████▋   | 363/545 [01:59<00:59,  3.04it/s]
Epoch 8/10:  67%|██████▋   | 364/545 [01:59<00:59,  3.04it/s]
Epoch 8/10:  67%|██████▋   | 365/545 [02:00<00:59,  3.04it/s]
Epoch 8/10:  67%|██████▋   | 366/545 [02:00<00:58,  3.04it/s]
Epoch 8/10:  67%|██████▋   | 367/545 [02:00<00:58,  3.04it/s]
Epoch 8/10:  68%|██████▊   | 368/545 [02:01<00:58,  3.04it/s]
Epoch 8/10:  68%|██████▊   | 369/545 [02:01<00:57,  3.03it/s]
Epoch 8/10:  68%|██████▊   | 370/545 [02:01<00:57,  3.04it/s]
Epoch 8/10:  68%|██████▊   | 371/545 [02:02<00:57,  3.04it/s]
Epoch 8/10:  68%|██████▊   | 372/545 [02:02<00:56,  3.04it/s]
Epoch 8/10:  68%|██████▊   | 373/545 [02:02<00:56,  3.04it/s]
Epoch 8/10:  69%|██████▊   | 374/545 [02:03<00:56,  3.04it/s]
Epoch 8/10:  69%|██████▉   | 375/545 [02:03<00:56,  3.04it/s]
Epoch 8/10:  69%|██████▉   | 376/545 [02:03<00:55,  3.04it/s]
Epoch 8/10:  69%|██████▉   | 377/545 [02:04<00:55,  3.04it/s]
Epoch 8/10:  69%|██████▉   | 378/545 [02:04<00:55,  3.04it/s]
Epoch 8/10:  70%|██████▉   | 379/545 [02:04<00:54,  3.04it/s]
Epoch 8/10:  70%|██████▉   | 380/545 [02:05<00:54,  3.04it/s]
Epoch 8/10:  70%|██████▉   | 381/545 [02:05<00:54,  3.04it/s]
Epoch 8/10:  70%|███████   | 382/545 [02:05<00:53,  3.04it/s]
Epoch 8/10:  70%|███████   | 383/545 [02:06<00:53,  3.04it/s]
Epoch 8/10:  70%|███████   | 384/545 [02:06<00:53,  3.04it/s]
Epoch 8/10:  71%|███████   | 385/545 [02:06<00:52,  3.04it/s]
Epoch 8/10:  71%|███████   | 386/545 [02:07<00:52,  3.04it/s]
Epoch 8/10:  71%|███████   | 387/545 [02:07<00:52,  3.04it/s]
Epoch 8/10:  71%|███████   | 388/545 [02:07<00:51,  3.04it/s]
Epoch 8/10:  71%|███████▏  | 389/545 [02:08<00:51,  3.04it/s]
Epoch 8/10:  72%|███████▏  | 390/545 [02:08<00:51,  3.04it/s]
Epoch 8/10:  72%|███████▏  | 391/545 [02:08<00:50,  3.04it/s]
Epoch 8/10:  72%|███████▏  | 392/545 [02:09<00:50,  3.04it/s]
Epoch 8/10:  72%|███████▏  | 393/545 [02:09<00:50,  3.02it/s]
Epoch 8/10:  72%|███████▏  | 394/545 [02:09<00:49,  3.02it/s]
Epoch 8/10:  72%|███████▏  | 395/545 [02:10<00:49,  3.03it/s]
Epoch 8/10:  73%|███████▎  | 396/545 [02:10<00:49,  3.03it/s]
Epoch 8/10:  73%|███████▎  | 397/545 [02:10<00:48,  3.03it/s]
Epoch 8/10:  73%|███████▎  | 398/545 [02:11<00:48,  3.03it/s]
Epoch 8/10:  73%|███████▎  | 399/545 [02:11<00:48,  3.03it/s]
Epoch 8/10:  73%|███████▎  | 400/545 [02:11<00:47,  3.04it/s]
Epoch 8/10:  74%|███████▎  | 401/545 [02:12<00:47,  3.04it/s]
Epoch 8/10:  74%|███████▍  | 402/545 [02:12<00:47,  3.04it/s]
Epoch 8/10:  74%|███████▍  | 403/545 [02:12<00:46,  3.04it/s]
Epoch 8/10:  74%|███████▍  | 404/545 [02:13<00:46,  3.04it/s]
Epoch 8/10:  74%|███████▍  | 405/545 [02:13<00:46,  3.04it/s]
Epoch 8/10:  74%|███████▍  | 406/545 [02:13<00:45,  3.04it/s]
Epoch 8/10:  75%|███████▍  | 407/545 [02:14<00:45,  3.04it/s]
Epoch 8/10:  75%|███████▍  | 408/545 [02:14<00:45,  3.04it/s]
Epoch 8/10:  75%|███████▌  | 409/545 [02:14<00:44,  3.04it/s]
Epoch 8/10:  75%|███████▌  | 410/545 [02:15<00:44,  3.04it/s]
Epoch 8/10:  75%|███████▌  | 411/545 [02:15<00:44,  3.04it/s]
Epoch 8/10:  76%|███████▌  | 412/545 [02:15<00:43,  3.04it/s]
Epoch 8/10:  76%|███████▌  | 413/545 [02:16<00:43,  3.04it/s]
Epoch 8/10:  76%|███████▌  | 414/545 [02:16<00:43,  3.04it/s]
Epoch 8/10:  76%|███████▌  | 415/545 [02:16<00:42,  3.04it/s]
Epoch 8/10:  76%|███████▋  | 416/545 [02:17<00:42,  3.04it/s]
Epoch 8/10:  77%|███████▋  | 417/545 [02:17<00:42,  3.03it/s]
Epoch 8/10:  77%|███████▋  | 418/545 [02:17<00:41,  3.04it/s]
Epoch 8/10:  77%|███████▋  | 419/545 [02:18<00:41,  3.04it/s]
Epoch 8/10:  77%|███████▋  | 420/545 [02:18<00:41,  3.04it/s]
Epoch 8/10:  77%|███████▋  | 421/545 [02:18<00:40,  3.04it/s]
Epoch 8/10:  77%|███████▋  | 422/545 [02:19<00:40,  3.04it/s]
Epoch 8/10:  78%|███████▊  | 423/545 [02:19<00:40,  3.04it/s]
Epoch 8/10:  78%|███████▊  | 424/545 [02:19<00:39,  3.04it/s]
Epoch 8/10:  78%|███████▊  | 425/545 [02:20<00:39,  3.04it/s]
Epoch 8/10:  78%|███████▊  | 426/545 [02:20<00:39,  3.04it/s]
Epoch 8/10:  78%|███████▊  | 427/545 [02:20<00:38,  3.04it/s]
Epoch 8/10:  79%|███████▊  | 428/545 [02:21<00:38,  3.04it/s]
Epoch 8/10:  79%|███████▊  | 429/545 [02:21<00:38,  3.04it/s]
Epoch 8/10:  79%|███████▉  | 430/545 [02:21<00:37,  3.04it/s]
Epoch 8/10:  79%|███████▉  | 431/545 [02:21<00:37,  3.04it/s]
Epoch 8/10:  79%|███████▉  | 432/545 [02:22<00:37,  3.04it/s]
Epoch 8/10:  79%|███████▉  | 433/545 [02:22<00:36,  3.04it/s]
Epoch 8/10:  80%|███████▉  | 434/545 [02:22<00:36,  3.04it/s]
Epoch 8/10:  80%|███████▉  | 435/545 [02:23<00:36,  3.04it/s]
Epoch 8/10:  80%|████████  | 436/545 [02:23<00:35,  3.04it/s]
Epoch 8/10:  80%|████████  | 437/545 [02:23<00:35,  3.04it/s]
Epoch 8/10:  80%|████████  | 438/545 [02:24<00:35,  3.04it/s]
Epoch 8/10:  81%|████████  | 439/545 [02:24<00:34,  3.04it/s]
Epoch 8/10:  81%|████████  | 440/545 [02:24<00:34,  3.04it/s]
Epoch 8/10:  81%|████████  | 441/545 [02:25<00:34,  3.04it/s]
Epoch 8/10:  81%|████████  | 442/545 [02:25<00:33,  3.04it/s]
Epoch 8/10:  81%|████████▏ | 443/545 [02:25<00:33,  3.04it/s]
Epoch 8/10:  81%|████████▏ | 444/545 [02:26<00:33,  3.04it/s]
Epoch 8/10:  82%|████████▏ | 445/545 [02:26<00:32,  3.04it/s]
Epoch 8/10:  82%|████████▏ | 446/545 [02:26<00:32,  3.04it/s]
Epoch 8/10:  82%|████████▏ | 447/545 [02:27<00:32,  3.04it/s]
Epoch 8/10:  82%|████████▏ | 448/545 [02:27<00:31,  3.04it/s]
Epoch 8/10:  82%|████████▏ | 449/545 [02:27<00:31,  3.04it/s]
Epoch 8/10:  83%|████████▎ | 450/545 [02:28<00:31,  3.04it/s]
Epoch 8/10:  83%|████████▎ | 451/545 [02:28<00:30,  3.04it/s]
Epoch 8/10:  83%|████████▎ | 452/545 [02:28<00:30,  3.04it/s]
Epoch 8/10:  83%|████████▎ | 453/545 [02:29<00:30,  3.04it/s]
Epoch 8/10:  83%|████████▎ | 454/545 [02:29<00:29,  3.04it/s]
Epoch 8/10:  83%|████████▎ | 455/545 [02:29<00:29,  3.04it/s]
Epoch 8/10:  84%|████████▎ | 456/545 [02:30<00:29,  3.04it/s]
Epoch 8/10:  84%|████████▍ | 457/545 [02:30<00:28,  3.04it/s]
Epoch 8/10:  84%|████████▍ | 458/545 [02:30<00:28,  3.04it/s]
Epoch 8/10:  84%|████████▍ | 459/545 [02:31<00:28,  3.04it/s]
Epoch 8/10:  84%|████████▍ | 460/545 [02:31<00:27,  3.04it/s]
Epoch 8/10:  85%|████████▍ | 461/545 [02:31<00:27,  3.04it/s]
Epoch 8/10:  85%|████████▍ | 462/545 [02:32<00:27,  3.04it/s]
Epoch 8/10:  85%|████████▍ | 463/545 [02:32<00:27,  3.04it/s]
Epoch 8/10:  85%|████████▌ | 464/545 [02:32<00:26,  3.04it/s]
Epoch 8/10:  85%|████████▌ | 465/545 [02:33<00:26,  3.04it/s]
Epoch 8/10:  86%|████████▌ | 466/545 [02:33<00:26,  3.04it/s]
Epoch 8/10:  86%|████████▌ | 467/545 [02:33<00:25,  3.04it/s]
Epoch 8/10:  86%|████████▌ | 468/545 [02:34<00:25,  3.04it/s]
Epoch 8/10:  86%|████████▌ | 469/545 [02:34<00:25,  3.04it/s]
Epoch 8/10:  86%|████████▌ | 470/545 [02:34<00:24,  3.04it/s]
Epoch 8/10:  86%|████████▋ | 471/545 [02:35<00:24,  3.04it/s]
Epoch 8/10:  87%|████████▋ | 472/545 [02:35<00:24,  3.03it/s]
Epoch 8/10:  87%|████████▋ | 473/545 [02:35<00:23,  3.03it/s]
Epoch 8/10:  87%|████████▋ | 474/545 [02:36<00:23,  3.04it/s]
Epoch 8/10:  87%|████████▋ | 475/545 [02:36<00:23,  3.03it/s]
Epoch 8/10:  87%|████████▋ | 476/545 [02:36<00:22,  3.03it/s]
Epoch 8/10:  88%|████████▊ | 477/545 [02:37<00:22,  3.03it/s]
Epoch 8/10:  88%|████████▊ | 478/545 [02:37<00:22,  3.03it/s]
Epoch 8/10:  88%|████████▊ | 479/545 [02:37<00:21,  3.03it/s]
Epoch 8/10:  88%|████████▊ | 480/545 [02:38<00:21,  3.03it/s]
Epoch 8/10:  88%|████████▊ | 481/545 [02:38<00:21,  3.04it/s]
Epoch 8/10:  88%|████████▊ | 482/545 [02:38<00:20,  3.04it/s]
Epoch 8/10:  89%|████████▊ | 483/545 [02:39<00:20,  3.03it/s]
Epoch 8/10:  89%|████████▉ | 484/545 [02:39<00:20,  3.04it/s]
Epoch 8/10:  89%|████████▉ | 485/545 [02:39<00:19,  3.04it/s]
Epoch 8/10:  89%|████████▉ | 486/545 [02:40<00:19,  3.04it/s]
Epoch 8/10:  89%|████████▉ | 487/545 [02:40<00:19,  3.04it/s]
Epoch 8/10:  90%|████████▉ | 488/545 [02:40<00:18,  3.04it/s]
Epoch 8/10:  90%|████████▉ | 489/545 [02:41<00:18,  3.04it/s]
Epoch 8/10:  90%|████████▉ | 490/545 [02:41<00:18,  3.04it/s]
Epoch 8/10:  90%|█████████ | 491/545 [02:41<00:17,  3.04it/s]
Epoch 8/10:  90%|█████████ | 492/545 [02:42<00:17,  3.04it/s]
Epoch 8/10:  90%|█████████ | 493/545 [02:42<00:17,  3.04it/s]
Epoch 8/10:  91%|█████████ | 494/545 [02:42<00:16,  3.04it/s]
Epoch 8/10:  91%|█████████ | 495/545 [02:43<00:16,  3.04it/s]
Epoch 8/10:  91%|█████████ | 496/545 [02:43<00:16,  3.04it/s]
Epoch 8/10:  91%|█████████ | 497/545 [02:43<00:15,  3.04it/s]
Epoch 8/10:  91%|█████████▏| 498/545 [02:44<00:15,  3.03it/s]
Epoch 8/10:  92%|█████████▏| 499/545 [02:44<00:15,  3.04it/s]
Epoch 8/10:  92%|█████████▏| 500/545 [02:44<00:14,  3.04it/s]
Epoch 8/10:  92%|█████████▏| 501/545 [02:45<00:14,  3.04it/s]
Epoch 8/10:  92%|█████████▏| 502/545 [02:45<00:14,  3.04it/s]
Epoch 8/10:  92%|█████████▏| 503/545 [02:45<00:13,  3.04it/s]
Epoch 8/10:  92%|█████████▏| 504/545 [02:46<00:13,  3.04it/s]
Epoch 8/10:  93%|█████████▎| 505/545 [02:46<00:13,  3.04it/s]
Epoch 8/10:  93%|█████████▎| 506/545 [02:46<00:12,  3.04it/s]
Epoch 8/10:  93%|█████████▎| 507/545 [02:47<00:12,  3.04it/s]
Epoch 8/10:  93%|█████████▎| 508/545 [02:47<00:12,  3.04it/s]
Epoch 8/10:  93%|█████████▎| 509/545 [02:47<00:11,  3.04it/s]
Epoch 8/10:  94%|█████████▎| 510/545 [02:48<00:11,  3.04it/s]
Epoch 8/10:  94%|█████████▍| 511/545 [02:48<00:11,  3.04it/s]
Epoch 8/10:  94%|█████████▍| 512/545 [02:48<00:10,  3.04it/s]
Epoch 8/10:  94%|█████████▍| 513/545 [02:49<00:10,  3.03it/s]
Epoch 8/10:  94%|█████████▍| 514/545 [02:49<00:10,  3.03it/s]
Epoch 8/10:  94%|█████████▍| 515/545 [02:49<00:09,  3.03it/s]
Epoch 8/10:  95%|█████████▍| 516/545 [02:49<00:09,  3.04it/s]
Epoch 8/10:  95%|█████████▍| 517/545 [02:50<00:09,  3.03it/s]
Epoch 8/10:  95%|█████████▌| 518/545 [02:50<00:08,  3.03it/s]
Epoch 8/10:  95%|█████████▌| 519/545 [02:50<00:08,  3.03it/s]
Epoch 8/10:  95%|█████████▌| 520/545 [02:51<00:08,  3.03it/s]
Epoch 8/10:  96%|█████████▌| 521/545 [02:51<00:07,  3.04it/s]
Epoch 8/10:  96%|█████████▌| 522/545 [02:51<00:07,  3.03it/s]
Epoch 8/10:  96%|█████████▌| 523/545 [02:52<00:07,  3.03it/s]
Epoch 8/10:  96%|█████████▌| 524/545 [02:52<00:06,  3.03it/s]
Epoch 8/10:  96%|█████████▋| 525/545 [02:52<00:06,  3.03it/s]
Epoch 8/10:  97%|█████████▋| 526/545 [02:53<00:06,  3.03it/s]
Epoch 8/10:  97%|█████████▋| 527/545 [02:53<00:05,  3.03it/s]
Epoch 8/10:  97%|█████████▋| 528/545 [02:53<00:05,  3.03it/s]
Epoch 8/10:  97%|█████████▋| 529/545 [02:54<00:05,  3.03it/s]
Epoch 8/10:  97%|█████████▋| 530/545 [02:54<00:04,  3.03it/s]
Epoch 8/10:  97%|█████████▋| 531/545 [02:54<00:04,  3.03it/s]
Epoch 8/10:  98%|█████████▊| 532/545 [02:55<00:04,  3.03it/s]
Epoch 8/10:  98%|█████████▊| 533/545 [02:55<00:03,  3.03it/s]
Epoch 8/10:  98%|█████████▊| 534/545 [02:55<00:03,  3.03it/s]
Epoch 8/10:  98%|█████████▊| 535/545 [02:56<00:03,  3.03it/s]
Epoch 8/10:  98%|█████████▊| 536/545 [02:56<00:02,  3.03it/s]
Epoch 8/10:  99%|█████████▊| 537/545 [02:56<00:02,  3.03it/s]
Epoch 8/10:  99%|█████████▊| 538/545 [02:57<00:02,  3.03it/s]
Epoch 8/10:  99%|█████████▉| 539/545 [02:57<00:01,  3.03it/s]
Epoch 8/10:  99%|█████████▉| 540/545 [02:57<00:01,  3.03it/s]
Epoch 8/10:  99%|█████████▉| 541/545 [02:58<00:01,  3.03it/s]
Epoch 8/10:  99%|█████████▉| 542/545 [02:58<00:00,  3.03it/s]
Epoch 8/10: 100%|█████████▉| 543/545 [02:58<00:00,  3.03it/s]
Epoch 8/10: 100%|█████████▉| 544/545 [02:59<00:00,  3.03it/s]
Epoch 8/10: 100%|██████████| 545/545 [02:59<00:00,  3.23it/s]
Epoch 8/10: 100%|██████████| 545/545 [02:59<00:00,  3.04it/s]

Epoch 9/10:   0%|          | 0/545 [00:00<?, ?it/s]
Epoch 9/10:   0%|          | 1/545 [00:00<02:59,  3.03it/s]
Epoch 9/10:   0%|          | 2/545 [00:00<02:59,  3.03it/s]
Epoch 9/10:   1%|          | 3/545 [00:00<02:58,  3.04it/s]
Epoch 9/10:   1%|          | 4/545 [00:01<02:58,  3.04it/s]
Epoch 9/10:   1%|          | 5/545 [00:01<02:57,  3.04it/s]
Epoch 9/10:   1%|          | 6/545 [00:01<02:57,  3.04it/s]
Epoch 9/10:   1%|▏         | 7/545 [00:02<02:57,  3.04it/s]
Epoch 9/10:   1%|▏         | 8/545 [00:02<02:56,  3.04it/s]
Epoch 9/10:   2%|▏         | 9/545 [00:02<02:56,  3.04it/s]
Epoch 9/10:   2%|▏         | 10/545 [00:03<02:56,  3.04it/s]
Epoch 9/10:   2%|▏         | 11/545 [00:03<02:55,  3.04it/s]
Epoch 9/10:   2%|▏         | 12/545 [00:03<02:55,  3.04it/s]
Epoch 9/10:   2%|▏         | 13/545 [00:04<02:55,  3.04it/s]
Epoch 9/10:   3%|▎         | 14/545 [00:04<02:54,  3.04it/s]
Epoch 9/10:   3%|▎         | 15/545 [00:04<02:54,  3.04it/s]
Epoch 9/10:   3%|▎         | 16/545 [00:05<02:54,  3.04it/s]
Epoch 9/10:   3%|▎         | 17/545 [00:05<02:53,  3.04it/s]
Epoch 9/10:   3%|▎         | 18/545 [00:05<02:53,  3.04it/s]
Epoch 9/10:   3%|▎         | 19/545 [00:06<02:53,  3.04it/s]
Epoch 9/10:   4%|▎         | 20/545 [00:06<02:52,  3.04it/s]
Epoch 9/10:   4%|▍         | 21/545 [00:06<02:52,  3.04it/s]
Epoch 9/10:   4%|▍         | 22/545 [00:07<02:52,  3.04it/s]
Epoch 9/10:   4%|▍         | 23/545 [00:07<02:51,  3.04it/s]
Epoch 9/10:   4%|▍         | 24/545 [00:07<02:51,  3.04it/s]
Epoch 9/10:   5%|▍         | 25/545 [00:08<02:51,  3.04it/s]
Epoch 9/10:   5%|▍         | 26/545 [00:08<02:50,  3.04it/s]
Epoch 9/10:   5%|▍         | 27/545 [00:08<02:50,  3.04it/s]
Epoch 9/10:   5%|▌         | 28/545 [00:09<02:50,  3.04it/s]
Epoch 9/10:   5%|▌         | 29/545 [00:09<02:49,  3.04it/s]
Epoch 9/10:   6%|▌         | 30/545 [00:09<02:49,  3.04it/s]
Epoch 9/10:   6%|▌         | 31/545 [00:10<02:49,  3.04it/s]
Epoch 9/10:   6%|▌         | 32/545 [00:10<02:48,  3.04it/s]
Epoch 9/10:   6%|▌         | 33/545 [00:10<02:48,  3.04it/s]
Epoch 9/10:   6%|▌         | 34/545 [00:11<02:48,  3.04it/s]
Epoch 9/10:   6%|▋         | 35/545 [00:11<02:47,  3.04it/s]
Epoch 9/10:   7%|▋         | 36/545 [00:11<02:47,  3.04it/s]
Epoch 9/10:   7%|▋         | 37/545 [00:12<02:47,  3.04it/s]
Epoch 9/10:   7%|▋         | 38/545 [00:12<02:46,  3.04it/s]
Epoch 9/10:   7%|▋         | 39/545 [00:12<02:46,  3.04it/s]
Epoch 9/10:   7%|▋         | 40/545 [00:13<02:46,  3.04it/s]
Epoch 9/10:   8%|▊         | 41/545 [00:13<02:45,  3.04it/s]
Epoch 9/10:   8%|▊         | 42/545 [00:13<02:45,  3.04it/s]
Epoch 9/10:   8%|▊         | 43/545 [00:14<02:45,  3.04it/s]
Epoch 9/10:   8%|▊         | 44/545 [00:14<02:44,  3.04it/s]
Epoch 9/10:   8%|▊         | 45/545 [00:14<02:44,  3.04it/s]
Epoch 9/10:   8%|▊         | 46/545 [00:15<02:44,  3.04it/s]
Epoch 9/10:   9%|▊         | 47/545 [00:15<02:44,  3.04it/s]
Epoch 9/10:   9%|▉         | 48/545 [00:15<02:43,  3.04it/s]
Epoch 9/10:   9%|▉         | 49/545 [00:16<02:43,  3.04it/s]
Epoch 9/10:   9%|▉         | 50/545 [00:16<02:43,  3.04it/s]
Epoch 9/10:   9%|▉         | 51/545 [00:16<02:42,  3.04it/s]
Epoch 9/10:  10%|▉         | 52/545 [00:17<02:42,  3.04it/s]
Epoch 9/10:  10%|▉         | 53/545 [00:17<02:41,  3.04it/s]
Epoch 9/10:  10%|▉         | 54/545 [00:17<02:41,  3.04it/s]
Epoch 9/10:  10%|█         | 55/545 [00:18<02:41,  3.04it/s]
Epoch 9/10:  10%|█         | 56/545 [00:18<02:41,  3.04it/s]
Epoch 9/10:  10%|█         | 57/545 [00:18<02:40,  3.04it/s]
Epoch 9/10:  11%|█         | 58/545 [00:19<02:40,  3.04it/s]
Epoch 9/10:  11%|█         | 59/545 [00:19<02:40,  3.04it/s]
Epoch 9/10:  11%|█         | 60/545 [00:19<02:39,  3.04it/s]
Epoch 9/10:  11%|█         | 61/545 [00:20<02:39,  3.04it/s]
Epoch 9/10:  11%|█▏        | 62/545 [00:20<02:39,  3.04it/s]
Epoch 9/10:  12%|█▏        | 63/545 [00:20<02:38,  3.04it/s]
Epoch 9/10:  12%|█▏        | 64/545 [00:21<02:38,  3.04it/s]
Epoch 9/10:  12%|█▏        | 65/545 [00:21<02:38,  3.04it/s]
Epoch 9/10:  12%|█▏        | 66/545 [00:21<02:37,  3.04it/s]
Epoch 9/10:  12%|█▏        | 67/545 [00:22<02:37,  3.04it/s]
Epoch 9/10:  12%|█▏        | 68/545 [00:22<02:37,  3.04it/s]
Epoch 9/10:  13%|█▎        | 69/545 [00:22<02:36,  3.04it/s]
Epoch 9/10:  13%|█▎        | 70/545 [00:23<02:36,  3.04it/s]
Epoch 9/10:  13%|█▎        | 71/545 [00:23<02:36,  3.04it/s]
Epoch 9/10:  13%|█▎        | 72/545 [00:23<02:35,  3.04it/s]
Epoch 9/10:  13%|█▎        | 73/545 [00:24<02:35,  3.04it/s]
Epoch 9/10:  14%|█▎        | 74/545 [00:24<02:35,  3.04it/s]
Epoch 9/10:  14%|█▍        | 75/545 [00:24<02:34,  3.04it/s]
Epoch 9/10:  14%|█▍        | 76/545 [00:25<02:34,  3.04it/s]
Epoch 9/10:  14%|█▍        | 77/545 [00:25<02:34,  3.04it/s]
Epoch 9/10:  14%|█▍        | 78/545 [00:25<02:33,  3.04it/s]
Epoch 9/10:  14%|█▍        | 79/545 [00:26<02:33,  3.04it/s]
Epoch 9/10:  15%|█▍        | 80/545 [00:26<02:33,  3.04it/s]
Epoch 9/10:  15%|█▍        | 81/545 [00:26<02:32,  3.04it/s]
Epoch 9/10:  15%|█▌        | 82/545 [00:27<02:32,  3.04it/s]
Epoch 9/10:  15%|█▌        | 83/545 [00:27<02:32,  3.04it/s]
Epoch 9/10:  15%|█▌        | 84/545 [00:27<02:31,  3.04it/s]
Epoch 9/10:  16%|█▌        | 85/545 [00:27<02:31,  3.04it/s]
Epoch 9/10:  16%|█▌        | 86/545 [00:28<02:31,  3.04it/s]
Epoch 9/10:  16%|█▌        | 87/545 [00:28<02:30,  3.04it/s]
Epoch 9/10:  16%|█▌        | 88/545 [00:28<02:30,  3.04it/s]
Epoch 9/10:  16%|█▋        | 89/545 [00:29<02:30,  3.04it/s]
Epoch 9/10:  17%|█▋        | 90/545 [00:29<02:29,  3.04it/s]
Epoch 9/10:  17%|█▋        | 91/545 [00:29<02:29,  3.04it/s]
Epoch 9/10:  17%|█▋        | 92/545 [00:30<02:29,  3.04it/s]
Epoch 9/10:  17%|█▋        | 93/545 [00:30<02:28,  3.04it/s]
Epoch 9/10:  17%|█▋        | 94/545 [00:30<02:28,  3.04it/s]
Epoch 9/10:  17%|█▋        | 95/545 [00:31<02:28,  3.04it/s]
Epoch 9/10:  18%|█▊        | 96/545 [00:31<02:27,  3.04it/s]
Epoch 9/10:  18%|█▊        | 97/545 [00:31<02:27,  3.04it/s]
Epoch 9/10:  18%|█▊        | 98/545 [00:32<02:27,  3.04it/s]
Epoch 9/10:  18%|█▊        | 99/545 [00:32<02:26,  3.04it/s]
Epoch 9/10:  18%|█▊        | 100/545 [00:32<02:26,  3.04it/s]
Epoch 9/10:  19%|█▊        | 101/545 [00:33<02:26,  3.04it/s]
Epoch 9/10:  19%|█▊        | 102/545 [00:33<02:25,  3.04it/s]
Epoch 9/10:  19%|█▉        | 103/545 [00:33<02:25,  3.04it/s]
Epoch 9/10:  19%|█▉        | 104/545 [00:34<02:25,  3.04it/s]
Epoch 9/10:  19%|█▉        | 105/545 [00:34<02:24,  3.04it/s]
Epoch 9/10:  19%|█▉        | 106/545 [00:34<02:24,  3.04it/s]
Epoch 9/10:  20%|█▉        | 107/545 [00:35<02:24,  3.04it/s]
Epoch 9/10:  20%|█▉        | 108/545 [00:35<02:23,  3.04it/s]
Epoch 9/10:  20%|██        | 109/545 [00:35<02:23,  3.04it/s]
Epoch 9/10:  20%|██        | 110/545 [00:36<02:23,  3.04it/s]
Epoch 9/10:  20%|██        | 111/545 [00:36<02:22,  3.04it/s]
Epoch 9/10:  21%|██        | 112/545 [00:36<02:22,  3.04it/s]
Epoch 9/10:  21%|██        | 113/545 [00:37<02:22,  3.04it/s]
Epoch 9/10:  21%|██        | 114/545 [00:37<02:21,  3.04it/s]
Epoch 9/10:  21%|██        | 115/545 [00:37<02:21,  3.04it/s]
Epoch 9/10:  21%|██▏       | 116/545 [00:38<02:21,  3.04it/s]
Epoch 9/10:  21%|██▏       | 117/545 [00:38<02:20,  3.04it/s]
Epoch 9/10:  22%|██▏       | 118/545 [00:38<02:20,  3.04it/s]
Epoch 9/10:  22%|██▏       | 119/545 [00:39<02:20,  3.04it/s]
Epoch 9/10:  22%|██▏       | 120/545 [00:39<02:19,  3.04it/s]
Epoch 9/10:  22%|██▏       | 121/545 [00:39<02:19,  3.04it/s]
Epoch 9/10:  22%|██▏       | 122/545 [00:40<02:19,  3.04it/s]
Epoch 9/10:  23%|██▎       | 123/545 [00:40<02:18,  3.04it/s]
Epoch 9/10:  23%|██▎       | 124/545 [00:40<02:18,  3.04it/s]
Epoch 9/10:  23%|██▎       | 125/545 [00:41<02:18,  3.04it/s]
Epoch 9/10:  23%|██▎       | 126/545 [00:41<02:17,  3.04it/s]
Epoch 9/10:  23%|██▎       | 127/545 [00:41<02:17,  3.04it/s]
Epoch 9/10:  23%|██▎       | 128/545 [00:42<02:17,  3.04it/s]
Epoch 9/10:  24%|██▎       | 129/545 [00:42<02:16,  3.04it/s]
Epoch 9/10:  24%|██▍       | 130/545 [00:42<02:16,  3.04it/s]
Epoch 9/10:  24%|██▍       | 131/545 [00:43<02:16,  3.04it/s]
Epoch 9/10:  24%|██▍       | 132/545 [00:43<02:16,  3.04it/s]
Epoch 9/10:  24%|██▍       | 133/545 [00:43<02:15,  3.04it/s]
Epoch 9/10:  25%|██▍       | 134/545 [00:44<02:15,  3.04it/s]
Epoch 9/10:  25%|██▍       | 135/545 [00:44<02:15,  3.04it/s]
Epoch 9/10:  25%|██▍       | 136/545 [00:44<02:14,  3.04it/s]
Epoch 9/10:  25%|██▌       | 137/545 [00:45<02:14,  3.04it/s]
Epoch 9/10:  25%|██▌       | 138/545 [00:45<02:14,  3.04it/s]
Epoch 9/10:  26%|██▌       | 139/545 [00:45<02:13,  3.04it/s]
Epoch 9/10:  26%|██▌       | 140/545 [00:46<02:13,  3.04it/s]
Epoch 9/10:  26%|██▌       | 141/545 [00:46<02:12,  3.04it/s]
Epoch 9/10:  26%|██▌       | 142/545 [00:46<02:12,  3.04it/s]
Epoch 9/10:  26%|██▌       | 143/545 [00:47<02:12,  3.04it/s]
Epoch 9/10:  26%|██▋       | 144/545 [00:47<02:12,  3.04it/s]
Epoch 9/10:  27%|██▋       | 145/545 [00:47<02:11,  3.04it/s]
Epoch 9/10:  27%|██▋       | 146/545 [00:48<02:11,  3.04it/s]
Epoch 9/10:  27%|██▋       | 147/545 [00:48<02:11,  3.04it/s]
Epoch 9/10:  27%|██▋       | 148/545 [00:48<02:10,  3.04it/s]
Epoch 9/10:  27%|██▋       | 149/545 [00:49<02:10,  3.04it/s]
Epoch 9/10:  28%|██▊       | 150/545 [00:49<02:10,  3.04it/s]
Epoch 9/10:  28%|██▊       | 151/545 [00:49<02:09,  3.04it/s]
Epoch 9/10:  28%|██▊       | 152/545 [00:50<02:09,  3.04it/s]
Epoch 9/10:  28%|██▊       | 153/545 [00:50<02:09,  3.04it/s]
Epoch 9/10:  28%|██▊       | 154/545 [00:50<02:08,  3.04it/s]
Epoch 9/10:  28%|██▊       | 155/545 [00:51<02:08,  3.04it/s]
Epoch 9/10:  29%|██▊       | 156/545 [00:51<02:08,  3.04it/s]
Epoch 9/10:  29%|██▉       | 157/545 [00:51<02:07,  3.04it/s]
Epoch 9/10:  29%|██▉       | 158/545 [00:52<02:07,  3.04it/s]
Epoch 9/10:  29%|██▉       | 159/545 [00:52<02:07,  3.04it/s]
Epoch 9/10:  29%|██▉       | 160/545 [00:52<02:06,  3.04it/s]
Epoch 9/10:  30%|██▉       | 161/545 [00:53<02:06,  3.04it/s]
Epoch 9/10:  30%|██▉       | 162/545 [00:53<02:06,  3.04it/s]
Epoch 9/10:  30%|██▉       | 163/545 [00:53<02:05,  3.04it/s]
Epoch 9/10:  30%|███       | 164/545 [00:53<02:05,  3.04it/s]
Epoch 9/10:  30%|███       | 165/545 [00:54<02:05,  3.04it/s]
Epoch 9/10:  30%|███       | 166/545 [00:54<02:04,  3.04it/s]
Epoch 9/10:  31%|███       | 167/545 [00:54<02:04,  3.04it/s]
Epoch 9/10:  31%|███       | 168/545 [00:55<02:04,  3.04it/s]
Epoch 9/10:  31%|███       | 169/545 [00:55<02:03,  3.04it/s]
Epoch 9/10:  31%|███       | 170/545 [00:55<02:03,  3.04it/s]
Epoch 9/10:  31%|███▏      | 171/545 [00:56<02:03,  3.04it/s]
Epoch 9/10:  32%|███▏      | 172/545 [00:56<02:02,  3.04it/s]
Epoch 9/10:  32%|███▏      | 173/545 [00:56<02:02,  3.04it/s]
Epoch 9/10:  32%|███▏      | 174/545 [00:57<02:02,  3.04it/s]
Epoch 9/10:  32%|███▏      | 175/545 [00:57<02:01,  3.04it/s]
Epoch 9/10:  32%|███▏      | 176/545 [00:57<02:01,  3.04it/s]
Epoch 9/10:  32%|███▏      | 177/545 [00:58<02:01,  3.04it/s]
Epoch 9/10:  33%|███▎      | 178/545 [00:58<02:00,  3.04it/s]
Epoch 9/10:  33%|███▎      | 179/545 [00:58<02:00,  3.04it/s]
Epoch 9/10:  33%|███▎      | 180/545 [00:59<02:00,  3.04it/s]
Epoch 9/10:  33%|███▎      | 181/545 [00:59<01:59,  3.04it/s]
Epoch 9/10:  33%|███▎      | 182/545 [00:59<01:59,  3.04it/s]
Epoch 9/10:  34%|███▎      | 183/545 [01:00<01:59,  3.04it/s]
Epoch 9/10:  34%|███▍      | 184/545 [01:00<01:58,  3.04it/s]
Epoch 9/10:  34%|███▍      | 185/545 [01:00<01:58,  3.04it/s]
Epoch 9/10:  34%|███▍      | 186/545 [01:01<01:58,  3.04it/s]
Epoch 9/10:  34%|███▍      | 187/545 [01:01<01:57,  3.04it/s]
Epoch 9/10:  34%|███▍      | 188/545 [01:01<01:57,  3.04it/s]
Epoch 9/10:  35%|███▍      | 189/545 [01:02<01:57,  3.04it/s]
Epoch 9/10:  35%|███▍      | 190/545 [01:02<01:56,  3.04it/s]
Epoch 9/10:  35%|███▌      | 191/545 [01:02<01:56,  3.04it/s]
Epoch 9/10:  35%|███▌      | 192/545 [01:03<01:56,  3.04it/s]
Epoch 9/10:  35%|███▌      | 193/545 [01:03<01:55,  3.04it/s]
Epoch 9/10:  36%|███▌      | 194/545 [01:03<01:55,  3.04it/s]
Epoch 9/10:  36%|███▌      | 195/545 [01:04<01:55,  3.04it/s]
Epoch 9/10:  36%|███▌      | 196/545 [01:04<01:54,  3.04it/s]
Epoch 9/10:  36%|███▌      | 197/545 [01:04<01:54,  3.04it/s]
Epoch 9/10:  36%|███▋      | 198/545 [01:05<01:54,  3.04it/s]
Epoch 9/10:  37%|███▋      | 199/545 [01:05<01:53,  3.04it/s]
Epoch 9/10:  37%|███▋      | 200/545 [01:05<01:53,  3.04it/s]
Epoch 9/10:  37%|███▋      | 201/545 [01:06<01:53,  3.04it/s]
Epoch 9/10:  37%|███▋      | 202/545 [01:06<01:53,  3.04it/s]
Epoch 9/10:  37%|███▋      | 203/545 [01:06<01:52,  3.04it/s]
Epoch 9/10:  37%|███▋      | 204/545 [01:07<01:52,  3.04it/s]
Epoch 9/10:  38%|███▊      | 205/545 [01:07<01:51,  3.04it/s]
Epoch 9/10:  38%|███▊      | 206/545 [01:07<01:51,  3.04it/s]
Epoch 9/10:  38%|███▊      | 207/545 [01:08<01:51,  3.04it/s]
Epoch 9/10:  38%|███▊      | 208/545 [01:08<01:50,  3.04it/s]
Epoch 9/10:  38%|███▊      | 209/545 [01:08<01:51,  3.02it/s]
Epoch 9/10:  39%|███▊      | 210/545 [01:09<01:50,  3.03it/s]
Epoch 9/10:  39%|███▊      | 211/545 [01:09<01:50,  3.03it/s]
Epoch 9/10:  39%|███▉      | 212/545 [01:09<01:49,  3.03it/s]
Epoch 9/10:  39%|███▉      | 213/545 [01:10<01:49,  3.03it/s]
Epoch 9/10:  39%|███▉      | 214/545 [01:10<01:49,  3.03it/s]
Epoch 9/10:  39%|███▉      | 215/545 [01:10<01:48,  3.04it/s]
Epoch 9/10:  40%|███▉      | 216/545 [01:11<01:48,  3.04it/s]
Epoch 9/10:  40%|███▉      | 217/545 [01:11<01:48,  3.04it/s]
Epoch 9/10:  40%|████      | 218/545 [01:11<01:47,  3.04it/s]
Epoch 9/10:  40%|████      | 219/545 [01:12<01:47,  3.04it/s]
Epoch 9/10:  40%|████      | 220/545 [01:12<01:46,  3.04it/s]
Epoch 9/10:  41%|████      | 221/545 [01:12<01:46,  3.04it/s]
Epoch 9/10:  41%|████      | 222/545 [01:13<01:46,  3.04it/s]
Epoch 9/10:  41%|████      | 223/545 [01:13<01:46,  3.04it/s]
Epoch 9/10:  41%|████      | 224/545 [01:13<01:45,  3.04it/s]
Epoch 9/10:  41%|████▏     | 225/545 [01:14<01:45,  3.04it/s]
Epoch 9/10:  41%|████▏     | 226/545 [01:14<01:45,  3.04it/s]
Epoch 9/10:  42%|████▏     | 227/545 [01:14<01:44,  3.04it/s]
Epoch 9/10:  42%|████▏     | 228/545 [01:15<01:44,  3.04it/s]
Epoch 9/10:  42%|████▏     | 229/545 [01:15<01:44,  3.04it/s]
Epoch 9/10:  42%|████▏     | 230/545 [01:15<01:43,  3.04it/s]
Epoch 9/10:  42%|████▏     | 231/545 [01:16<01:43,  3.04it/s]
Epoch 9/10:  43%|████▎     | 232/545 [01:16<01:43,  3.04it/s]
Epoch 9/10:  43%|████▎     | 233/545 [01:16<01:42,  3.04it/s]
Epoch 9/10:  43%|████▎     | 234/545 [01:17<01:42,  3.04it/s]
Epoch 9/10:  43%|████▎     | 235/545 [01:17<01:42,  3.04it/s]
Epoch 9/10:  43%|████▎     | 236/545 [01:17<01:41,  3.04it/s]
Epoch 9/10:  43%|████▎     | 237/545 [01:18<01:41,  3.04it/s]
Epoch 9/10:  44%|████▎     | 238/545 [01:18<01:41,  3.04it/s]
Epoch 9/10:  44%|████▍     | 239/545 [01:18<01:40,  3.04it/s]
Epoch 9/10:  44%|████▍     | 240/545 [01:19<01:40,  3.04it/s]
Epoch 9/10:  44%|████▍     | 241/545 [01:19<01:40,  3.04it/s]
Epoch 9/10:  44%|████▍     | 242/545 [01:19<01:39,  3.04it/s]
Epoch 9/10:  45%|████▍     | 243/545 [01:20<01:39,  3.04it/s]
Epoch 9/10:  45%|████▍     | 244/545 [01:20<01:39,  3.04it/s]
Epoch 9/10:  45%|████▍     | 245/545 [01:20<01:38,  3.04it/s]
Epoch 9/10:  45%|████▌     | 246/545 [01:21<01:38,  3.04it/s]
Epoch 9/10:  45%|████▌     | 247/545 [01:21<01:38,  3.04it/s]
Epoch 9/10:  46%|████▌     | 248/545 [01:21<01:37,  3.04it/s]
Epoch 9/10:  46%|████▌     | 249/545 [01:21<01:37,  3.04it/s]
Epoch 9/10:  46%|████▌     | 250/545 [01:22<01:37,  3.04it/s]
Epoch 9/10:  46%|████▌     | 251/545 [01:22<01:36,  3.04it/s]
Epoch 9/10:  46%|████▌     | 252/545 [01:22<01:36,  3.04it/s]
Epoch 9/10:  46%|████▋     | 253/545 [01:23<01:36,  3.04it/s]
Epoch 9/10:  47%|████▋     | 254/545 [01:23<01:35,  3.04it/s]
Epoch 9/10:  47%|████▋     | 255/545 [01:23<01:35,  3.04it/s]
Epoch 9/10:  47%|████▋     | 256/545 [01:24<01:35,  3.04it/s]
Epoch 9/10:  47%|████▋     | 257/545 [01:24<01:34,  3.04it/s]
Epoch 9/10:  47%|████▋     | 258/545 [01:24<01:34,  3.04it/s]
Epoch 9/10:  48%|████▊     | 259/545 [01:25<01:34,  3.04it/s]
Epoch 9/10:  48%|████▊     | 260/545 [01:25<01:33,  3.04it/s]
Epoch 9/10:  48%|████▊     | 261/545 [01:25<01:33,  3.04it/s]
Epoch 9/10:  48%|████▊     | 262/545 [01:26<01:33,  3.04it/s]
Epoch 9/10:  48%|████▊     | 263/545 [01:26<01:32,  3.04it/s]
Epoch 9/10:  48%|████▊     | 264/545 [01:26<01:32,  3.04it/s]
Epoch 9/10:  49%|████▊     | 265/545 [01:27<01:32,  3.04it/s]
Epoch 9/10:  49%|████▉     | 266/545 [01:27<01:31,  3.04it/s]
Epoch 9/10:  49%|████▉     | 267/545 [01:27<01:31,  3.04it/s]
Epoch 9/10:  49%|████▉     | 268/545 [01:28<01:31,  3.04it/s]
Epoch 9/10:  49%|████▉     | 269/545 [01:28<01:30,  3.04it/s]
Epoch 9/10:  50%|████▉     | 270/545 [01:28<01:30,  3.04it/s]
Epoch 9/10:  50%|████▉     | 271/545 [01:29<01:30,  3.04it/s]
Epoch 9/10:  50%|████▉     | 272/545 [01:29<01:29,  3.04it/s]
Epoch 9/10:  50%|█████     | 273/545 [01:29<01:29,  3.04it/s]
Epoch 9/10:  50%|█████     | 274/545 [01:30<01:29,  3.04it/s]
Epoch 9/10:  50%|█████     | 275/545 [01:30<01:28,  3.04it/s]
Epoch 9/10:  51%|█████     | 276/545 [01:30<01:28,  3.04it/s]
Epoch 9/10:  51%|█████     | 277/545 [01:31<01:28,  3.04it/s]
Epoch 9/10:  51%|█████     | 278/545 [01:31<01:27,  3.04it/s]
Epoch 9/10:  51%|█████     | 279/545 [01:31<01:27,  3.04it/s]
Epoch 9/10:  51%|█████▏    | 280/545 [01:32<01:27,  3.04it/s]
Epoch 9/10:  52%|█████▏    | 281/545 [01:32<01:26,  3.04it/s]
Epoch 9/10:  52%|█████▏    | 282/545 [01:32<01:26,  3.04it/s]
Epoch 9/10:  52%|█████▏    | 283/545 [01:33<01:26,  3.04it/s]
Epoch 9/10:  52%|█████▏    | 284/545 [01:33<01:25,  3.04it/s]
Epoch 9/10:  52%|█████▏    | 285/545 [01:33<01:25,  3.04it/s]
Epoch 9/10:  52%|█████▏    | 286/545 [01:34<01:25,  3.04it/s]
Epoch 9/10:  53%|█████▎    | 287/545 [01:34<01:24,  3.04it/s]
Epoch 9/10:  53%|█████▎    | 288/545 [01:34<01:24,  3.04it/s]
Epoch 9/10:  53%|█████▎    | 289/545 [01:35<01:24,  3.04it/s]
Epoch 9/10:  53%|█████▎    | 290/545 [01:35<01:23,  3.04it/s]
Epoch 9/10:  53%|█████▎    | 291/545 [01:35<01:23,  3.04it/s]
Epoch 9/10:  54%|█████▎    | 292/545 [01:36<01:23,  3.04it/s]
Epoch 9/10:  54%|█████▍    | 293/545 [01:36<01:22,  3.04it/s]
Epoch 9/10:  54%|█████▍    | 294/545 [01:36<01:22,  3.04it/s]
Epoch 9/10:  54%|█████▍    | 295/545 [01:37<01:22,  3.04it/s]
Epoch 9/10:  54%|█████▍    | 296/545 [01:37<01:21,  3.04it/s]
Epoch 9/10:  54%|█████▍    | 297/545 [01:37<01:21,  3.04it/s]
Epoch 9/10:  55%|█████▍    | 298/545 [01:38<01:21,  3.04it/s]
Epoch 9/10:  55%|█████▍    | 299/545 [01:38<01:20,  3.04it/s]
Epoch 9/10:  55%|█████▌    | 300/545 [01:38<01:20,  3.04it/s]
Epoch 9/10:  55%|█████▌    | 301/545 [01:39<01:20,  3.04it/s]
Epoch 9/10:  55%|█████▌    | 302/545 [01:39<01:19,  3.04it/s]
Epoch 9/10:  56%|█████▌    | 303/545 [01:39<01:19,  3.04it/s]
Epoch 9/10:  56%|█████▌    | 304/545 [01:40<01:19,  3.04it/s]
Epoch 9/10:  56%|█████▌    | 305/545 [01:40<01:18,  3.04it/s]
Epoch 9/10:  56%|█████▌    | 306/545 [01:40<01:18,  3.04it/s]
Epoch 9/10:  56%|█████▋    | 307/545 [01:41<01:18,  3.04it/s]
Epoch 9/10:  57%|█████▋    | 308/545 [01:41<01:18,  3.04it/s]
Epoch 9/10:  57%|█████▋    | 309/545 [01:41<01:17,  3.04it/s]
Epoch 9/10:  57%|█████▋    | 310/545 [01:42<01:17,  3.04it/s]
Epoch 9/10:  57%|█████▋    | 311/545 [01:42<01:17,  3.04it/s]
Epoch 9/10:  57%|█████▋    | 312/545 [01:42<01:16,  3.04it/s]
Epoch 9/10:  57%|█████▋    | 313/545 [01:43<01:16,  3.04it/s]
Epoch 9/10:  58%|█████▊    | 314/545 [01:43<01:16,  3.04it/s]
Epoch 9/10:  58%|█████▊    | 315/545 [01:43<01:15,  3.04it/s]
Epoch 9/10:  58%|█████▊    | 316/545 [01:44<01:15,  3.04it/s]
Epoch 9/10:  58%|█████▊    | 317/545 [01:44<01:15,  3.04it/s]
Epoch 9/10:  58%|█████▊    | 318/545 [01:44<01:14,  3.04it/s]
Epoch 9/10:  59%|█████▊    | 319/545 [01:45<01:14,  3.04it/s]
Epoch 9/10:  59%|█████▊    | 320/545 [01:45<01:14,  3.04it/s]
Epoch 9/10:  59%|█████▉    | 321/545 [01:45<01:13,  3.04it/s]
Epoch 9/10:  59%|█████▉    | 322/545 [01:46<01:13,  3.04it/s]
Epoch 9/10:  59%|█████▉    | 323/545 [01:46<01:13,  3.04it/s]
Epoch 9/10:  59%|█████▉    | 324/545 [01:46<01:12,  3.04it/s]
Epoch 9/10:  60%|█████▉    | 325/545 [01:47<01:12,  3.04it/s]
Epoch 9/10:  60%|█████▉    | 326/545 [01:47<01:12,  3.04it/s]
Epoch 9/10:  60%|██████    | 327/545 [01:47<01:11,  3.04it/s]
Epoch 9/10:  60%|██████    | 328/545 [01:47<01:11,  3.04it/s]
Epoch 9/10:  60%|██████    | 329/545 [01:48<01:11,  3.04it/s]
Epoch 9/10:  61%|██████    | 330/545 [01:48<01:10,  3.04it/s]
Epoch 9/10:  61%|██████    | 331/545 [01:48<01:10,  3.04it/s]
Epoch 9/10:  61%|██████    | 332/545 [01:49<01:10,  3.04it/s]
Epoch 9/10:  61%|██████    | 333/545 [01:49<01:09,  3.04it/s]
Epoch 9/10:  61%|██████▏   | 334/545 [01:49<01:09,  3.04it/s]
Epoch 9/10:  61%|██████▏   | 335/545 [01:50<01:09,  3.04it/s]
Epoch 9/10:  62%|██████▏   | 336/545 [01:50<01:08,  3.04it/s]
Epoch 9/10:  62%|██████▏   | 337/545 [01:50<01:08,  3.04it/s]
Epoch 9/10:  62%|██████▏   | 338/545 [01:51<01:08,  3.04it/s]
Epoch 9/10:  62%|██████▏   | 339/545 [01:51<01:07,  3.04it/s]
Epoch 9/10:  62%|██████▏   | 340/545 [01:51<01:07,  3.04it/s]
Epoch 9/10:  63%|██████▎   | 341/545 [01:52<01:07,  3.04it/s]
Epoch 9/10:  63%|██████▎   | 342/545 [01:52<01:06,  3.04it/s]
Epoch 9/10:  63%|██████▎   | 343/545 [01:52<01:06,  3.04it/s]
Epoch 9/10:  63%|██████▎   | 344/545 [01:53<01:06,  3.04it/s]
Epoch 9/10:  63%|██████▎   | 345/545 [01:53<01:05,  3.04it/s]
Epoch 9/10:  63%|██████▎   | 346/545 [01:53<01:05,  3.04it/s]
Epoch 9/10:  64%|██████▎   | 347/545 [01:54<01:05,  3.04it/s]
Epoch 9/10:  64%|██████▍   | 348/545 [01:54<01:04,  3.04it/s]
Epoch 9/10:  64%|██████▍   | 349/545 [01:54<01:04,  3.04it/s]
Epoch 9/10:  64%|██████▍   | 350/545 [01:55<01:04,  3.04it/s]
Epoch 9/10:  64%|██████▍   | 351/545 [01:55<01:03,  3.04it/s]
Epoch 9/10:  65%|██████▍   | 352/545 [01:55<01:03,  3.04it/s]
Epoch 9/10:  65%|██████▍   | 353/545 [01:56<01:03,  3.04it/s]
Epoch 9/10:  65%|██████▍   | 354/545 [01:56<01:02,  3.04it/s]
Epoch 9/10:  65%|██████▌   | 355/545 [01:56<01:02,  3.04it/s]
Epoch 9/10:  65%|██████▌   | 356/545 [01:57<01:02,  3.04it/s]
Epoch 9/10:  66%|██████▌   | 357/545 [01:57<01:01,  3.04it/s]
Epoch 9/10:  66%|██████▌   | 358/545 [01:57<01:01,  3.04it/s]
Epoch 9/10:  66%|██████▌   | 359/545 [01:58<01:01,  3.04it/s]
Epoch 9/10:  66%|██████▌   | 360/545 [01:58<01:00,  3.04it/s]
Epoch 9/10:  66%|██████▌   | 361/545 [01:58<01:00,  3.04it/s]
Epoch 9/10:  66%|██████▋   | 362/545 [01:59<01:00,  3.04it/s]
Epoch 9/10:  67%|██████▋   | 363/545 [01:59<00:59,  3.04it/s]
Epoch 9/10:  67%|██████▋   | 364/545 [01:59<00:59,  3.04it/s]
Epoch 9/10:  67%|██████▋   | 365/545 [02:00<00:59,  3.04it/s]
Epoch 9/10:  67%|██████▋   | 366/545 [02:00<00:58,  3.04it/s]
Epoch 9/10:  67%|██████▋   | 367/545 [02:00<00:58,  3.04it/s]
Epoch 9/10:  68%|██████▊   | 368/545 [02:01<00:58,  3.04it/s]
Epoch 9/10:  68%|██████▊   | 369/545 [02:01<00:57,  3.04it/s]
Epoch 9/10:  68%|██████▊   | 370/545 [02:01<00:57,  3.04it/s]
Epoch 9/10:  68%|██████▊   | 371/545 [02:02<00:57,  3.04it/s]
Epoch 9/10:  68%|██████▊   | 372/545 [02:02<00:56,  3.04it/s]
Epoch 9/10:  68%|██████▊   | 373/545 [02:02<00:56,  3.04it/s]
Epoch 9/10:  69%|██████▊   | 374/545 [02:03<00:56,  3.04it/s]
Epoch 9/10:  69%|██████▉   | 375/545 [02:03<00:55,  3.04it/s]
Epoch 9/10:  69%|██████▉   | 376/545 [02:03<00:55,  3.04it/s]
Epoch 9/10:  69%|██████▉   | 377/545 [02:04<00:55,  3.04it/s]
Epoch 9/10:  69%|██████▉   | 378/545 [02:04<00:54,  3.04it/s]
Epoch 9/10:  70%|██████▉   | 379/545 [02:04<00:54,  3.04it/s]
Epoch 9/10:  70%|██████▉   | 380/545 [02:05<00:54,  3.04it/s]
Epoch 9/10:  70%|██████▉   | 381/545 [02:05<00:53,  3.04it/s]
Epoch 9/10:  70%|███████   | 382/545 [02:05<00:53,  3.04it/s]
Epoch 9/10:  70%|███████   | 383/545 [02:06<00:53,  3.04it/s]
Epoch 9/10:  70%|███████   | 384/545 [02:06<00:53,  3.04it/s]
Epoch 9/10:  71%|███████   | 385/545 [02:06<00:52,  3.04it/s]
Epoch 9/10:  71%|███████   | 386/545 [02:07<00:52,  3.04it/s]
Epoch 9/10:  71%|███████   | 387/545 [02:07<00:52,  3.04it/s]
Epoch 9/10:  71%|███████   | 388/545 [02:07<00:51,  3.04it/s]
Epoch 9/10:  71%|███████▏  | 389/545 [02:08<00:51,  3.04it/s]
Epoch 9/10:  72%|███████▏  | 390/545 [02:08<00:51,  3.04it/s]
Epoch 9/10:  72%|███████▏  | 391/545 [02:08<00:50,  3.04it/s]
Epoch 9/10:  72%|███████▏  | 392/545 [02:09<00:50,  3.02it/s]
Epoch 9/10:  72%|███████▏  | 393/545 [02:09<00:50,  3.03it/s]
Epoch 9/10:  72%|███████▏  | 394/545 [02:09<00:49,  3.03it/s]
Epoch 9/10:  72%|███████▏  | 395/545 [02:10<00:49,  3.03it/s]
Epoch 9/10:  73%|███████▎  | 396/545 [02:10<00:49,  3.03it/s]
Epoch 9/10:  73%|███████▎  | 397/545 [02:10<00:48,  3.03it/s]
Epoch 9/10:  73%|███████▎  | 398/545 [02:11<00:48,  3.04it/s]
Epoch 9/10:  73%|███████▎  | 399/545 [02:11<00:48,  3.04it/s]
Epoch 9/10:  73%|███████▎  | 400/545 [02:11<00:47,  3.04it/s]
Epoch 9/10:  74%|███████▎  | 401/545 [02:12<00:47,  3.04it/s]
Epoch 9/10:  74%|███████▍  | 402/545 [02:12<00:47,  3.04it/s]
Epoch 9/10:  74%|███████▍  | 403/545 [02:12<00:46,  3.04it/s]
Epoch 9/10:  74%|███████▍  | 404/545 [02:13<00:46,  3.04it/s]
Epoch 9/10:  74%|███████▍  | 405/545 [02:13<00:46,  3.04it/s]
Epoch 9/10:  74%|███████▍  | 406/545 [02:13<00:45,  3.04it/s]
Epoch 9/10:  75%|███████▍  | 407/545 [02:14<00:45,  3.04it/s]
Epoch 9/10:  75%|███████▍  | 408/545 [02:14<00:45,  3.04it/s]
Epoch 9/10:  75%|███████▌  | 409/545 [02:14<00:44,  3.04it/s]
Epoch 9/10:  75%|███████▌  | 410/545 [02:15<00:44,  3.04it/s]
Epoch 9/10:  75%|███████▌  | 411/545 [02:15<00:44,  3.04it/s]
Epoch 9/10:  76%|███████▌  | 412/545 [02:15<00:43,  3.04it/s]
Epoch 9/10:  76%|███████▌  | 413/545 [02:15<00:43,  3.04it/s]
Epoch 9/10:  76%|███████▌  | 414/545 [02:16<00:43,  3.04it/s]
Epoch 9/10:  76%|███████▌  | 415/545 [02:16<00:42,  3.04it/s]
Epoch 9/10:  76%|███████▋  | 416/545 [02:16<00:42,  3.04it/s]
Epoch 9/10:  77%|███████▋  | 417/545 [02:17<00:42,  3.04it/s]
Epoch 9/10:  77%|███████▋  | 418/545 [02:17<00:41,  3.04it/s]
Epoch 9/10:  77%|███████▋  | 419/545 [02:17<00:41,  3.04it/s]
Epoch 9/10:  77%|███████▋  | 420/545 [02:18<00:41,  3.04it/s]
Epoch 9/10:  77%|███████▋  | 421/545 [02:18<00:40,  3.04it/s]
Epoch 9/10:  77%|███████▋  | 422/545 [02:18<00:40,  3.04it/s]
Epoch 9/10:  78%|███████▊  | 423/545 [02:19<00:40,  3.04it/s]
Epoch 9/10:  78%|███████▊  | 424/545 [02:19<00:39,  3.04it/s]
Epoch 9/10:  78%|███████▊  | 425/545 [02:19<00:39,  3.04it/s]
Epoch 9/10:  78%|███████▊  | 426/545 [02:20<00:39,  3.04it/s]
Epoch 9/10:  78%|███████▊  | 427/545 [02:20<00:38,  3.04it/s]
Epoch 9/10:  79%|███████▊  | 428/545 [02:20<00:38,  3.04it/s]
Epoch 9/10:  79%|███████▊  | 429/545 [02:21<00:38,  3.04it/s]
Epoch 9/10:  79%|███████▉  | 430/545 [02:21<00:37,  3.04it/s]
Epoch 9/10:  79%|███████▉  | 431/545 [02:21<00:37,  3.04it/s]
Epoch 9/10:  79%|███████▉  | 432/545 [02:22<00:37,  3.04it/s]
Epoch 9/10:  79%|███████▉  | 433/545 [02:22<00:36,  3.04it/s]
Epoch 9/10:  80%|███████▉  | 434/545 [02:22<00:36,  3.04it/s]
Epoch 9/10:  80%|███████▉  | 435/545 [02:23<00:36,  3.04it/s]
Epoch 9/10:  80%|████████  | 436/545 [02:23<00:35,  3.04it/s]
Epoch 9/10:  80%|████████  | 437/545 [02:23<00:35,  3.04it/s]
Epoch 9/10:  80%|████████  | 438/545 [02:24<00:35,  3.04it/s]
Epoch 9/10:  81%|████████  | 439/545 [02:24<00:34,  3.04it/s]
Epoch 9/10:  81%|████████  | 440/545 [02:24<00:34,  3.04it/s]
Epoch 9/10:  81%|████████  | 441/545 [02:25<00:34,  3.04it/s]
Epoch 9/10:  81%|████████  | 442/545 [02:25<00:33,  3.04it/s]
Epoch 9/10:  81%|████████▏ | 443/545 [02:25<00:33,  3.04it/s]
Epoch 9/10:  81%|████████▏ | 444/545 [02:26<00:33,  3.04it/s]
Epoch 9/10:  82%|████████▏ | 445/545 [02:26<00:32,  3.04it/s]
Epoch 9/10:  82%|████████▏ | 446/545 [02:26<00:32,  3.04it/s]
Epoch 9/10:  82%|████████▏ | 447/545 [02:27<00:32,  3.04it/s]
Epoch 9/10:  82%|████████▏ | 448/545 [02:27<00:31,  3.04it/s]
Epoch 9/10:  82%|████████▏ | 449/545 [02:27<00:31,  3.04it/s]
Epoch 9/10:  83%|████████▎ | 450/545 [02:28<00:31,  3.04it/s]
Epoch 9/10:  83%|████████▎ | 451/545 [02:28<00:30,  3.04it/s]
Epoch 9/10:  83%|████████▎ | 452/545 [02:28<00:30,  3.04it/s]
Epoch 9/10:  83%|████████▎ | 453/545 [02:29<00:30,  3.04it/s]
Epoch 9/10:  83%|████████▎ | 454/545 [02:29<00:29,  3.04it/s]
Epoch 9/10:  83%|████████▎ | 455/545 [02:29<00:29,  3.04it/s]
Epoch 9/10:  84%|████████▎ | 456/545 [02:30<00:29,  3.04it/s]
Epoch 9/10:  84%|████████▍ | 457/545 [02:30<00:28,  3.04it/s]
Epoch 9/10:  84%|████████▍ | 458/545 [02:30<00:28,  3.04it/s]
Epoch 9/10:  84%|████████▍ | 459/545 [02:31<00:28,  3.04it/s]
Epoch 9/10:  84%|████████▍ | 460/545 [02:31<00:27,  3.04it/s]
Epoch 9/10:  85%|████████▍ | 461/545 [02:31<00:27,  3.04it/s]
Epoch 9/10:  85%|████████▍ | 462/545 [02:32<00:27,  3.04it/s]
Epoch 9/10:  85%|████████▍ | 463/545 [02:32<00:27,  3.04it/s]
Epoch 9/10:  85%|████████▌ | 464/545 [02:32<00:26,  3.04it/s]
Epoch 9/10:  85%|████████▌ | 465/545 [02:33<00:26,  3.04it/s]
Epoch 9/10:  86%|████████▌ | 466/545 [02:33<00:26,  3.04it/s]
Epoch 9/10:  86%|████████▌ | 467/545 [02:33<00:25,  3.04it/s]
Epoch 9/10:  86%|████████▌ | 468/545 [02:34<00:25,  3.04it/s]
Epoch 9/10:  86%|████████▌ | 469/545 [02:34<00:25,  3.04it/s]
Epoch 9/10:  86%|████████▌ | 470/545 [02:34<00:24,  3.04it/s]
Epoch 9/10:  86%|████████▋ | 471/545 [02:35<00:24,  3.04it/s]
Epoch 9/10:  87%|████████▋ | 472/545 [02:35<00:24,  3.04it/s]
Epoch 9/10:  87%|████████▋ | 473/545 [02:35<00:23,  3.04it/s]
Epoch 9/10:  87%|████████▋ | 474/545 [02:36<00:23,  3.04it/s]
Epoch 9/10:  87%|████████▋ | 475/545 [02:36<00:23,  3.04it/s]
Epoch 9/10:  87%|████████▋ | 476/545 [02:36<00:22,  3.04it/s]
Epoch 9/10:  88%|████████▊ | 477/545 [02:37<00:22,  3.04it/s]
Epoch 9/10:  88%|████████▊ | 478/545 [02:37<00:22,  3.04it/s]
Epoch 9/10:  88%|████████▊ | 479/545 [02:37<00:21,  3.04it/s]
Epoch 9/10:  88%|████████▊ | 480/545 [02:38<00:21,  3.04it/s]
Epoch 9/10:  88%|████████▊ | 481/545 [02:38<00:21,  3.04it/s]
Epoch 9/10:  88%|████████▊ | 482/545 [02:38<00:20,  3.04it/s]
Epoch 9/10:  89%|████████▊ | 483/545 [02:39<00:20,  3.04it/s]
Epoch 9/10:  89%|████████▉ | 484/545 [02:39<00:20,  3.04it/s]
Epoch 9/10:  89%|████████▉ | 485/545 [02:39<00:19,  3.04it/s]
Epoch 9/10:  89%|████████▉ | 486/545 [02:40<00:19,  3.04it/s]
Epoch 9/10:  89%|████████▉ | 487/545 [02:40<00:19,  3.04it/s]
Epoch 9/10:  90%|████████▉ | 488/545 [02:40<00:18,  3.04it/s]
Epoch 9/10:  90%|████████▉ | 489/545 [02:41<00:18,  3.04it/s]
Epoch 9/10:  90%|████████▉ | 490/545 [02:41<00:18,  3.04it/s]
Epoch 9/10:  90%|█████████ | 491/545 [02:41<00:17,  3.04it/s]
Epoch 9/10:  90%|█████████ | 492/545 [02:42<00:17,  3.04it/s]
Epoch 9/10:  90%|█████████ | 493/545 [02:42<00:17,  3.04it/s]
Epoch 9/10:  91%|█████████ | 494/545 [02:42<00:16,  3.03it/s]
Epoch 9/10:  91%|█████████ | 495/545 [02:43<00:16,  3.04it/s]
Epoch 9/10:  91%|█████████ | 496/545 [02:43<00:16,  3.04it/s]
Epoch 9/10:  91%|█████████ | 497/545 [02:43<00:15,  3.04it/s]
Epoch 9/10:  91%|█████████▏| 498/545 [02:43<00:15,  3.04it/s]
Epoch 9/10:  92%|█████████▏| 499/545 [02:44<00:15,  3.04it/s]
Epoch 9/10:  92%|█████████▏| 500/545 [02:44<00:14,  3.04it/s]
Epoch 9/10:  92%|█████████▏| 501/545 [02:44<00:14,  3.04it/s]
Epoch 9/10:  92%|█████████▏| 502/545 [02:45<00:14,  3.04it/s]
Epoch 9/10:  92%|█████████▏| 503/545 [02:45<00:13,  3.04it/s]
Epoch 9/10:  92%|█████████▏| 504/545 [02:45<00:13,  3.04it/s]
Epoch 9/10:  93%|█████████▎| 505/545 [02:46<00:13,  3.04it/s]
Epoch 9/10:  93%|█████████▎| 506/545 [02:46<00:12,  3.04it/s]
Epoch 9/10:  93%|█████████▎| 507/545 [02:46<00:12,  3.04it/s]
Epoch 9/10:  93%|█████████▎| 508/545 [02:47<00:12,  3.04it/s]
Epoch 9/10:  93%|█████████▎| 509/545 [02:47<00:11,  3.04it/s]
Epoch 9/10:  94%|█████████▎| 510/545 [02:47<00:11,  3.04it/s]
Epoch 9/10:  94%|█████████▍| 511/545 [02:48<00:11,  3.04it/s]
Epoch 9/10:  94%|█████████▍| 512/545 [02:48<00:10,  3.04it/s]
Epoch 9/10:  94%|█████████▍| 513/545 [02:48<00:10,  3.04it/s]
Epoch 9/10:  94%|█████████▍| 514/545 [02:49<00:10,  3.04it/s]
Epoch 9/10:  94%|█████████▍| 515/545 [02:49<00:09,  3.04it/s]
Epoch 9/10:  95%|█████████▍| 516/545 [02:49<00:09,  3.04it/s]
Epoch 9/10:  95%|█████████▍| 517/545 [02:50<00:09,  3.04it/s]
Epoch 9/10:  95%|█████████▌| 518/545 [02:50<00:08,  3.04it/s]
Epoch 9/10:  95%|█████████▌| 519/545 [02:50<00:08,  3.04it/s]
Epoch 9/10:  95%|█████████▌| 520/545 [02:51<00:08,  3.04it/s]
Epoch 9/10:  96%|█████████▌| 521/545 [02:51<00:07,  3.04it/s]
Epoch 9/10:  96%|█████████▌| 522/545 [02:51<00:07,  3.04it/s]
Epoch 9/10:  96%|█████████▌| 523/545 [02:52<00:07,  3.04it/s]
Epoch 9/10:  96%|█████████▌| 524/545 [02:52<00:06,  3.04it/s]
Epoch 9/10:  96%|█████████▋| 525/545 [02:52<00:06,  3.03it/s]
Epoch 9/10:  97%|█████████▋| 526/545 [02:53<00:06,  3.03it/s]
Epoch 9/10:  97%|█████████▋| 527/545 [02:53<00:05,  3.03it/s]
Epoch 9/10:  97%|█████████▋| 528/545 [02:53<00:05,  3.04it/s]
Epoch 9/10:  97%|█████████▋| 529/545 [02:54<00:05,  3.04it/s]
Epoch 9/10:  97%|█████████▋| 530/545 [02:54<00:04,  3.04it/s]
Epoch 9/10:  97%|█████████▋| 531/545 [02:54<00:04,  3.04it/s]
Epoch 9/10:  98%|█████████▊| 532/545 [02:55<00:04,  3.04it/s]
Epoch 9/10:  98%|█████████▊| 533/545 [02:55<00:03,  3.04it/s]
Epoch 9/10:  98%|█████████▊| 534/545 [02:55<00:03,  3.04it/s]
Epoch 9/10:  98%|█████████▊| 535/545 [02:56<00:03,  3.04it/s]
Epoch 9/10:  98%|█████████▊| 536/545 [02:56<00:02,  3.04it/s]
Epoch 9/10:  99%|█████████▊| 537/545 [02:56<00:02,  3.04it/s]
Epoch 9/10:  99%|█████████▊| 538/545 [02:57<00:02,  3.04it/s]
Epoch 9/10:  99%|█████████▉| 539/545 [02:57<00:01,  3.04it/s]
Epoch 9/10:  99%|█████████▉| 540/545 [02:57<00:01,  3.04it/s]
Epoch 9/10:  99%|█████████▉| 541/545 [02:58<00:01,  3.04it/s]
Epoch 9/10:  99%|█████████▉| 542/545 [02:58<00:00,  3.04it/s]
Epoch 9/10: 100%|█████████▉| 543/545 [02:58<00:00,  3.04it/s]
Epoch 9/10: 100%|█████████▉| 544/545 [02:59<00:00,  3.04it/s]
Epoch 9/10: 100%|██████████| 545/545 [02:59<00:00,  3.23it/s]
Epoch 9/10: 100%|██████████| 545/545 [02:59<00:00,  3.04it/s]

Epoch 10/10:   0%|          | 0/545 [00:00<?, ?it/s]
Epoch 10/10:   0%|          | 1/545 [00:00<02:59,  3.03it/s]
Epoch 10/10:   0%|          | 2/545 [00:00<02:58,  3.04it/s]
Epoch 10/10:   1%|          | 3/545 [00:00<02:58,  3.04it/s]
Epoch 10/10:   1%|          | 4/545 [00:01<02:58,  3.04it/s]
Epoch 10/10:   1%|          | 5/545 [00:01<02:57,  3.04it/s]
Epoch 10/10:   1%|          | 6/545 [00:01<02:57,  3.04it/s]
Epoch 10/10:   1%|▏         | 7/545 [00:02<02:57,  3.04it/s]
Epoch 10/10:   1%|▏         | 8/545 [00:02<02:56,  3.04it/s]
Epoch 10/10:   2%|▏         | 9/545 [00:02<02:56,  3.04it/s]
Epoch 10/10:   2%|▏         | 10/545 [00:03<02:56,  3.04it/s]
Epoch 10/10:   2%|▏         | 11/545 [00:03<02:55,  3.04it/s]
Epoch 10/10:   2%|▏         | 12/545 [00:03<02:55,  3.04it/s]
Epoch 10/10:   2%|▏         | 13/545 [00:04<02:55,  3.04it/s]
Epoch 10/10:   3%|▎         | 14/545 [00:04<02:54,  3.04it/s]
Epoch 10/10:   3%|▎         | 15/545 [00:04<02:54,  3.04it/s]
Epoch 10/10:   3%|▎         | 16/545 [00:05<02:54,  3.04it/s]
Epoch 10/10:   3%|▎         | 17/545 [00:05<02:53,  3.04it/s]
Epoch 10/10:   3%|▎         | 18/545 [00:05<02:53,  3.04it/s]
Epoch 10/10:   3%|▎         | 19/545 [00:06<02:53,  3.04it/s]
Epoch 10/10:   4%|▎         | 20/545 [00:06<02:52,  3.04it/s]
Epoch 10/10:   4%|▍         | 21/545 [00:06<02:52,  3.04it/s]
Epoch 10/10:   4%|▍         | 22/545 [00:07<02:52,  3.04it/s]
Epoch 10/10:   4%|▍         | 23/545 [00:07<02:51,  3.04it/s]
Epoch 10/10:   4%|▍         | 24/545 [00:07<02:52,  3.02it/s]
Epoch 10/10:   5%|▍         | 25/545 [00:08<02:51,  3.03it/s]
Epoch 10/10:   5%|▍         | 26/545 [00:08<02:51,  3.03it/s]
Epoch 10/10:   5%|▍         | 27/545 [00:08<02:50,  3.03it/s]
Epoch 10/10:   5%|▌         | 28/545 [00:09<02:50,  3.03it/s]
Epoch 10/10:   5%|▌         | 29/545 [00:09<02:50,  3.03it/s]
Epoch 10/10:   6%|▌         | 30/545 [00:09<02:49,  3.04it/s]
Epoch 10/10:   6%|▌         | 31/545 [00:10<02:49,  3.04it/s]
Epoch 10/10:   6%|▌         | 32/545 [00:10<02:48,  3.04it/s]
Epoch 10/10:   6%|▌         | 33/545 [00:10<02:48,  3.04it/s]
Epoch 10/10:   6%|▌         | 34/545 [00:11<02:48,  3.04it/s]
Epoch 10/10:   6%|▋         | 35/545 [00:11<02:47,  3.04it/s]
Epoch 10/10:   7%|▋         | 36/545 [00:11<02:47,  3.04it/s]
Epoch 10/10:   7%|▋         | 37/545 [00:12<02:47,  3.04it/s]
Epoch 10/10:   7%|▋         | 38/545 [00:12<02:46,  3.04it/s]
Epoch 10/10:   7%|▋         | 39/545 [00:12<02:46,  3.04it/s]
Epoch 10/10:   7%|▋         | 40/545 [00:13<02:46,  3.04it/s]
Epoch 10/10:   8%|▊         | 41/545 [00:13<02:45,  3.04it/s]
Epoch 10/10:   8%|▊         | 42/545 [00:13<02:45,  3.04it/s]
Epoch 10/10:   8%|▊         | 43/545 [00:14<02:45,  3.04it/s]
Epoch 10/10:   8%|▊         | 44/545 [00:14<02:44,  3.04it/s]
Epoch 10/10:   8%|▊         | 45/545 [00:14<02:44,  3.04it/s]
Epoch 10/10:   8%|▊         | 46/545 [00:15<02:44,  3.04it/s]
Epoch 10/10:   9%|▊         | 47/545 [00:15<02:43,  3.04it/s]
Epoch 10/10:   9%|▉         | 48/545 [00:15<02:43,  3.04it/s]
Epoch 10/10:   9%|▉         | 49/545 [00:16<02:43,  3.04it/s]
Epoch 10/10:   9%|▉         | 50/545 [00:16<02:42,  3.04it/s]
Epoch 10/10:   9%|▉         | 51/545 [00:16<02:42,  3.04it/s]
Epoch 10/10:  10%|▉         | 52/545 [00:17<02:42,  3.04it/s]
Epoch 10/10:  10%|▉         | 53/545 [00:17<02:42,  3.04it/s]
Epoch 10/10:  10%|▉         | 54/545 [00:17<02:41,  3.04it/s]
Epoch 10/10:  10%|█         | 55/545 [00:18<02:41,  3.04it/s]
Epoch 10/10:  10%|█         | 56/545 [00:18<02:41,  3.04it/s]
Epoch 10/10:  10%|█         | 57/545 [00:18<02:40,  3.04it/s]
Epoch 10/10:  11%|█         | 58/545 [00:19<02:40,  3.04it/s]
Epoch 10/10:  11%|█         | 59/545 [00:19<02:40,  3.04it/s]
Epoch 10/10:  11%|█         | 60/545 [00:19<02:39,  3.04it/s]
Epoch 10/10:  11%|█         | 61/545 [00:20<02:39,  3.04it/s]
Epoch 10/10:  11%|█▏        | 62/545 [00:20<02:39,  3.04it/s]
Epoch 10/10:  12%|█▏        | 63/545 [00:20<02:38,  3.04it/s]
Epoch 10/10:  12%|█▏        | 64/545 [00:21<02:38,  3.04it/s]
Epoch 10/10:  12%|█▏        | 65/545 [00:21<02:38,  3.04it/s]
Epoch 10/10:  12%|█▏        | 66/545 [00:21<02:37,  3.04it/s]
Epoch 10/10:  12%|█▏        | 67/545 [00:22<02:37,  3.04it/s]
Epoch 10/10:  12%|█▏        | 68/545 [00:22<02:37,  3.04it/s]
Epoch 10/10:  13%|█▎        | 69/545 [00:22<02:36,  3.04it/s]
Epoch 10/10:  13%|█▎        | 70/545 [00:23<02:36,  3.04it/s]
Epoch 10/10:  13%|█▎        | 71/545 [00:23<02:36,  3.04it/s]
Epoch 10/10:  13%|█▎        | 72/545 [00:23<02:35,  3.04it/s]
Epoch 10/10:  13%|█▎        | 73/545 [00:24<02:35,  3.04it/s]
Epoch 10/10:  14%|█▎        | 74/545 [00:24<02:35,  3.04it/s]
Epoch 10/10:  14%|█▍        | 75/545 [00:24<02:34,  3.04it/s]
Epoch 10/10:  14%|█▍        | 76/545 [00:25<02:34,  3.04it/s]
Epoch 10/10:  14%|█▍        | 77/545 [00:25<02:34,  3.04it/s]
Epoch 10/10:  14%|█▍        | 78/545 [00:25<02:33,  3.04it/s]
Epoch 10/10:  14%|█▍        | 79/545 [00:26<02:33,  3.04it/s]
Epoch 10/10:  15%|█▍        | 80/545 [00:26<02:33,  3.04it/s]
Epoch 10/10:  15%|█▍        | 81/545 [00:26<02:32,  3.04it/s]
Epoch 10/10:  15%|█▌        | 82/545 [00:27<02:32,  3.04it/s]
Epoch 10/10:  15%|█▌        | 83/545 [00:27<02:32,  3.04it/s]
Epoch 10/10:  15%|█▌        | 84/545 [00:27<02:31,  3.04it/s]
Epoch 10/10:  16%|█▌        | 85/545 [00:27<02:31,  3.04it/s]
Epoch 10/10:  16%|█▌        | 86/545 [00:28<02:31,  3.04it/s]
Epoch 10/10:  16%|█▌        | 87/545 [00:28<02:30,  3.04it/s]
Epoch 10/10:  16%|█▌        | 88/545 [00:28<02:30,  3.04it/s]
Epoch 10/10:  16%|█▋        | 89/545 [00:29<02:30,  3.04it/s]
Epoch 10/10:  17%|█▋        | 90/545 [00:29<02:29,  3.04it/s]
Epoch 10/10:  17%|█▋        | 91/545 [00:29<02:29,  3.04it/s]
Epoch 10/10:  17%|█▋        | 92/545 [00:30<02:29,  3.04it/s]
Epoch 10/10:  17%|█▋        | 93/545 [00:30<02:28,  3.04it/s]
Epoch 10/10:  17%|█▋        | 94/545 [00:30<02:28,  3.04it/s]
Epoch 10/10:  17%|█▋        | 95/545 [00:31<02:28,  3.04it/s]
Epoch 10/10:  18%|█▊        | 96/545 [00:31<02:27,  3.04it/s]
Epoch 10/10:  18%|█▊        | 97/545 [00:31<02:27,  3.04it/s]
Epoch 10/10:  18%|█▊        | 98/545 [00:32<02:27,  3.04it/s]
Epoch 10/10:  18%|█▊        | 99/545 [00:32<02:26,  3.04it/s]
Epoch 10/10:  18%|█▊        | 100/545 [00:32<02:26,  3.04it/s]
Epoch 10/10:  19%|█▊        | 101/545 [00:33<02:26,  3.04it/s]
Epoch 10/10:  19%|█▊        | 102/545 [00:33<02:25,  3.04it/s]
Epoch 10/10:  19%|█▉        | 103/545 [00:33<02:25,  3.04it/s]
Epoch 10/10:  19%|█▉        | 104/545 [00:34<02:25,  3.04it/s]
Epoch 10/10:  19%|█▉        | 105/545 [00:34<02:24,  3.04it/s]
Epoch 10/10:  19%|█▉        | 106/545 [00:34<02:24,  3.04it/s]
Epoch 10/10:  20%|█▉        | 107/545 [00:35<02:24,  3.04it/s]
Epoch 10/10:  20%|█▉        | 108/545 [00:35<02:23,  3.04it/s]
Epoch 10/10:  20%|██        | 109/545 [00:35<02:23,  3.04it/s]
Epoch 10/10:  20%|██        | 110/545 [00:36<02:23,  3.04it/s]
Epoch 10/10:  20%|██        | 111/545 [00:36<02:22,  3.04it/s]
Epoch 10/10:  21%|██        | 112/545 [00:36<02:22,  3.04it/s]
Epoch 10/10:  21%|██        | 113/545 [00:37<02:22,  3.04it/s]
Epoch 10/10:  21%|██        | 114/545 [00:37<02:21,  3.04it/s]
Epoch 10/10:  21%|██        | 115/545 [00:37<02:21,  3.04it/s]
Epoch 10/10:  21%|██▏       | 116/545 [00:38<02:21,  3.04it/s]
Epoch 10/10:  21%|██▏       | 117/545 [00:38<02:20,  3.04it/s]
Epoch 10/10:  22%|██▏       | 118/545 [00:38<02:20,  3.04it/s]
Epoch 10/10:  22%|██▏       | 119/545 [00:39<02:20,  3.04it/s]
Epoch 10/10:  22%|██▏       | 120/545 [00:39<02:19,  3.04it/s]
Epoch 10/10:  22%|██▏       | 121/545 [00:39<02:19,  3.04it/s]
Epoch 10/10:  22%|██▏       | 122/545 [00:40<02:19,  3.04it/s]
Epoch 10/10:  23%|██▎       | 123/545 [00:40<02:19,  3.04it/s]
Epoch 10/10:  23%|██▎       | 124/545 [00:40<02:18,  3.04it/s]
Epoch 10/10:  23%|██▎       | 125/545 [00:41<02:18,  3.04it/s]
Epoch 10/10:  23%|██▎       | 126/545 [00:41<02:18,  3.04it/s]
Epoch 10/10:  23%|██▎       | 127/545 [00:41<02:17,  3.04it/s]
Epoch 10/10:  23%|██▎       | 128/545 [00:42<02:17,  3.04it/s]
Epoch 10/10:  24%|██▎       | 129/545 [00:42<02:17,  3.04it/s]
Epoch 10/10:  24%|██▍       | 130/545 [00:42<02:16,  3.04it/s]
Epoch 10/10:  24%|██▍       | 131/545 [00:43<02:16,  3.04it/s]
Epoch 10/10:  24%|██▍       | 132/545 [00:43<02:16,  3.04it/s]
Epoch 10/10:  24%|██▍       | 133/545 [00:43<02:15,  3.04it/s]
Epoch 10/10:  25%|██▍       | 134/545 [00:44<02:15,  3.04it/s]
Epoch 10/10:  25%|██▍       | 135/545 [00:44<02:14,  3.04it/s]
Epoch 10/10:  25%|██▍       | 136/545 [00:44<02:14,  3.04it/s]
Epoch 10/10:  25%|██▌       | 137/545 [00:45<02:14,  3.04it/s]
Epoch 10/10:  25%|██▌       | 138/545 [00:45<02:14,  3.04it/s]
Epoch 10/10:  26%|██▌       | 139/545 [00:45<02:13,  3.04it/s]
Epoch 10/10:  26%|██▌       | 140/545 [00:46<02:13,  3.04it/s]
Epoch 10/10:  26%|██▌       | 141/545 [00:46<02:12,  3.04it/s]
Epoch 10/10:  26%|██▌       | 142/545 [00:46<02:12,  3.04it/s]
Epoch 10/10:  26%|██▌       | 143/545 [00:47<02:12,  3.04it/s]
Epoch 10/10:  26%|██▋       | 144/545 [00:47<02:12,  3.04it/s]
Epoch 10/10:  27%|██▋       | 145/545 [00:47<02:11,  3.04it/s]
Epoch 10/10:  27%|██▋       | 146/545 [00:48<02:11,  3.04it/s]
Epoch 10/10:  27%|██▋       | 147/545 [00:48<02:11,  3.04it/s]
Epoch 10/10:  27%|██▋       | 148/545 [00:48<02:10,  3.04it/s]
Epoch 10/10:  27%|██▋       | 149/545 [00:49<02:10,  3.04it/s]
Epoch 10/10:  28%|██▊       | 150/545 [00:49<02:10,  3.04it/s]
Epoch 10/10:  28%|██▊       | 151/545 [00:49<02:09,  3.04it/s]
Epoch 10/10:  28%|██▊       | 152/545 [00:50<02:09,  3.04it/s]
Epoch 10/10:  28%|██▊       | 153/545 [00:50<02:09,  3.04it/s]
Epoch 10/10:  28%|██▊       | 154/545 [00:50<02:08,  3.04it/s]
Epoch 10/10:  28%|██▊       | 155/545 [00:51<02:08,  3.04it/s]
Epoch 10/10:  29%|██▊       | 156/545 [00:51<02:08,  3.04it/s]
Epoch 10/10:  29%|██▉       | 157/545 [00:51<02:07,  3.04it/s]
Epoch 10/10:  29%|██▉       | 158/545 [00:52<02:07,  3.04it/s]
Epoch 10/10:  29%|██▉       | 159/545 [00:52<02:07,  3.04it/s]
Epoch 10/10:  29%|██▉       | 160/545 [00:52<02:06,  3.04it/s]
Epoch 10/10:  30%|██▉       | 161/545 [00:53<02:06,  3.04it/s]
Epoch 10/10:  30%|██▉       | 162/545 [00:53<02:06,  3.04it/s]
Epoch 10/10:  30%|██▉       | 163/545 [00:53<02:05,  3.04it/s]
Epoch 10/10:  30%|███       | 164/545 [00:54<02:05,  3.04it/s]
Epoch 10/10:  30%|███       | 165/545 [00:54<02:05,  3.04it/s]
Epoch 10/10:  30%|███       | 166/545 [00:54<02:04,  3.03it/s]
Epoch 10/10:  31%|███       | 167/545 [00:54<02:04,  3.03it/s]
Epoch 10/10:  31%|███       | 168/545 [00:55<02:04,  3.03it/s]
Epoch 10/10:  31%|███       | 169/545 [00:55<02:03,  3.03it/s]
Epoch 10/10:  31%|███       | 170/545 [00:55<02:03,  3.03it/s]
Epoch 10/10:  31%|███▏      | 171/545 [00:56<02:03,  3.03it/s]
Epoch 10/10:  32%|███▏      | 172/545 [00:56<02:02,  3.03it/s]
Epoch 10/10:  32%|███▏      | 173/545 [00:56<02:02,  3.03it/s]
Epoch 10/10:  32%|███▏      | 174/545 [00:57<02:02,  3.04it/s]
Epoch 10/10:  32%|███▏      | 175/545 [00:57<02:01,  3.04it/s]
Epoch 10/10:  32%|███▏      | 176/545 [00:57<02:01,  3.04it/s]
Epoch 10/10:  32%|███▏      | 177/545 [00:58<02:01,  3.04it/s]
Epoch 10/10:  33%|███▎      | 178/545 [00:58<02:00,  3.04it/s]
Epoch 10/10:  33%|███▎      | 179/545 [00:58<02:00,  3.04it/s]
Epoch 10/10:  33%|███▎      | 180/545 [00:59<02:00,  3.04it/s]
Epoch 10/10:  33%|███▎      | 181/545 [00:59<01:59,  3.04it/s]
Epoch 10/10:  33%|███▎      | 182/545 [00:59<01:59,  3.04it/s]
Epoch 10/10:  34%|███▎      | 183/545 [01:00<01:59,  3.04it/s]
Epoch 10/10:  34%|███▍      | 184/545 [01:00<01:58,  3.04it/s]
Epoch 10/10:  34%|███▍      | 185/545 [01:00<01:58,  3.04it/s]
Epoch 10/10:  34%|███▍      | 186/545 [01:01<01:58,  3.04it/s]
Epoch 10/10:  34%|███▍      | 187/545 [01:01<01:57,  3.04it/s]
Epoch 10/10:  34%|███▍      | 188/545 [01:01<01:57,  3.04it/s]
Epoch 10/10:  35%|███▍      | 189/545 [01:02<01:57,  3.04it/s]
Epoch 10/10:  35%|███▍      | 190/545 [01:02<01:56,  3.04it/s]
Epoch 10/10:  35%|███▌      | 191/545 [01:02<01:56,  3.04it/s]
Epoch 10/10:  35%|███▌      | 192/545 [01:03<01:56,  3.04it/s]
Epoch 10/10:  35%|███▌      | 193/545 [01:03<01:55,  3.04it/s]
Epoch 10/10:  36%|███▌      | 194/545 [01:03<01:55,  3.04it/s]
Epoch 10/10:  36%|███▌      | 195/545 [01:04<01:55,  3.04it/s]
Epoch 10/10:  36%|███▌      | 196/545 [01:04<01:54,  3.04it/s]
Epoch 10/10:  36%|███▌      | 197/545 [01:04<01:54,  3.04it/s]
Epoch 10/10:  36%|███▋      | 198/545 [01:05<01:54,  3.04it/s]
Epoch 10/10:  37%|███▋      | 199/545 [01:05<01:53,  3.04it/s]
Epoch 10/10:  37%|███▋      | 200/545 [01:05<01:53,  3.04it/s]
Epoch 10/10:  37%|███▋      | 201/545 [01:06<01:53,  3.04it/s]
Epoch 10/10:  37%|███▋      | 202/545 [01:06<01:52,  3.04it/s]
Epoch 10/10:  37%|███▋      | 203/545 [01:06<01:52,  3.04it/s]
Epoch 10/10:  37%|███▋      | 204/545 [01:07<01:52,  3.04it/s]
Epoch 10/10:  38%|███▊      | 205/545 [01:07<01:52,  3.04it/s]
Epoch 10/10:  38%|███▊      | 206/545 [01:07<01:51,  3.04it/s]
Epoch 10/10:  38%|███▊      | 207/545 [01:08<01:51,  3.04it/s]
Epoch 10/10:  38%|███▊      | 208/545 [01:08<01:51,  3.04it/s]
Epoch 10/10:  38%|███▊      | 209/545 [01:08<01:50,  3.04it/s]
Epoch 10/10:  39%|███▊      | 210/545 [01:09<01:50,  3.04it/s]
Epoch 10/10:  39%|███▊      | 211/545 [01:09<01:50,  3.03it/s]
Epoch 10/10:  39%|███▉      | 212/545 [01:09<01:49,  3.04it/s]
Epoch 10/10:  39%|███▉      | 213/545 [01:10<01:49,  3.04it/s]
Epoch 10/10:  39%|███▉      | 214/545 [01:10<01:49,  3.04it/s]
Epoch 10/10:  39%|███▉      | 215/545 [01:10<01:48,  3.04it/s]
Epoch 10/10:  40%|███▉      | 216/545 [01:11<01:48,  3.04it/s]
Epoch 10/10:  40%|███▉      | 217/545 [01:11<01:48,  3.04it/s]
Epoch 10/10:  40%|████      | 218/545 [01:11<01:47,  3.04it/s]
Epoch 10/10:  40%|████      | 219/545 [01:12<01:47,  3.04it/s]
Epoch 10/10:  40%|████      | 220/545 [01:12<01:47,  3.04it/s]
Epoch 10/10:  41%|████      | 221/545 [01:12<01:46,  3.04it/s]
Epoch 10/10:  41%|████      | 222/545 [01:13<01:46,  3.04it/s]
Epoch 10/10:  41%|████      | 223/545 [01:13<01:46,  3.04it/s]
Epoch 10/10:  41%|████      | 224/545 [01:13<01:45,  3.04it/s]
Epoch 10/10:  41%|████▏     | 225/545 [01:14<01:45,  3.03it/s]
Epoch 10/10:  41%|████▏     | 226/545 [01:14<01:45,  3.03it/s]
Epoch 10/10:  42%|████▏     | 227/545 [01:14<01:44,  3.04it/s]
Epoch 10/10:  42%|████▏     | 228/545 [01:15<01:44,  3.03it/s]
Epoch 10/10:  42%|████▏     | 229/545 [01:15<01:44,  3.03it/s]
Epoch 10/10:  42%|████▏     | 230/545 [01:15<01:43,  3.03it/s]
Epoch 10/10:  42%|████▏     | 231/545 [01:16<01:43,  3.04it/s]
Epoch 10/10:  43%|████▎     | 232/545 [01:16<01:43,  3.03it/s]
Epoch 10/10:  43%|████▎     | 233/545 [01:16<01:42,  3.04it/s]
Epoch 10/10:  43%|████▎     | 234/545 [01:17<01:42,  3.04it/s]
Epoch 10/10:  43%|████▎     | 235/545 [01:17<01:42,  3.04it/s]
Epoch 10/10:  43%|████▎     | 236/545 [01:17<01:41,  3.04it/s]
Epoch 10/10:  43%|████▎     | 237/545 [01:18<01:41,  3.04it/s]
Epoch 10/10:  44%|████▎     | 238/545 [01:18<01:41,  3.04it/s]
Epoch 10/10:  44%|████▍     | 239/545 [01:18<01:40,  3.04it/s]
Epoch 10/10:  44%|████▍     | 240/545 [01:19<01:40,  3.04it/s]
Epoch 10/10:  44%|████▍     | 241/545 [01:19<01:40,  3.04it/s]
Epoch 10/10:  44%|████▍     | 242/545 [01:19<01:39,  3.04it/s]
Epoch 10/10:  45%|████▍     | 243/545 [01:20<01:39,  3.04it/s]
Epoch 10/10:  45%|████▍     | 244/545 [01:20<01:39,  3.04it/s]
Epoch 10/10:  45%|████▍     | 245/545 [01:20<01:38,  3.04it/s]
Epoch 10/10:  45%|████▌     | 246/545 [01:21<01:38,  3.04it/s]
Epoch 10/10:  45%|████▌     | 247/545 [01:21<01:38,  3.04it/s]
Epoch 10/10:  46%|████▌     | 248/545 [01:21<01:37,  3.04it/s]
Epoch 10/10:  46%|████▌     | 249/545 [01:22<01:37,  3.04it/s]
Epoch 10/10:  46%|████▌     | 250/545 [01:22<01:37,  3.03it/s]
Epoch 10/10:  46%|████▌     | 251/545 [01:22<01:36,  3.04it/s]
Epoch 10/10:  46%|████▌     | 252/545 [01:22<01:36,  3.04it/s]
Epoch 10/10:  46%|████▋     | 253/545 [01:23<01:36,  3.03it/s]
Epoch 10/10:  47%|████▋     | 254/545 [01:23<01:35,  3.03it/s]
Epoch 10/10:  47%|████▋     | 255/545 [01:23<01:35,  3.04it/s]
Epoch 10/10:  47%|████▋     | 256/545 [01:24<01:35,  3.03it/s]
Epoch 10/10:  47%|████▋     | 257/545 [01:24<01:34,  3.03it/s]
Epoch 10/10:  47%|████▋     | 258/545 [01:24<01:34,  3.04it/s]
Epoch 10/10:  48%|████▊     | 259/545 [01:25<01:34,  3.04it/s]
Epoch 10/10:  48%|████▊     | 260/545 [01:25<01:33,  3.04it/s]
Epoch 10/10:  48%|████▊     | 261/545 [01:25<01:33,  3.04it/s]
Epoch 10/10:  48%|████▊     | 262/545 [01:26<01:33,  3.04it/s]
Epoch 10/10:  48%|████▊     | 263/545 [01:26<01:32,  3.04it/s]
Epoch 10/10:  48%|████▊     | 264/545 [01:26<01:32,  3.04it/s]
Epoch 10/10:  49%|████▊     | 265/545 [01:27<01:32,  3.04it/s]
Epoch 10/10:  49%|████▉     | 266/545 [01:27<01:31,  3.04it/s]
Epoch 10/10:  49%|████▉     | 267/545 [01:27<01:31,  3.04it/s]
Epoch 10/10:  49%|████▉     | 268/545 [01:28<01:31,  3.04it/s]
Epoch 10/10:  49%|████▉     | 269/545 [01:28<01:30,  3.04it/s]
Epoch 10/10:  50%|████▉     | 270/545 [01:28<01:30,  3.04it/s]
Epoch 10/10:  50%|████▉     | 271/545 [01:29<01:30,  3.04it/s]
Epoch 10/10:  50%|████▉     | 272/545 [01:29<01:29,  3.04it/s]
Epoch 10/10:  50%|█████     | 273/545 [01:29<01:29,  3.04it/s]
Epoch 10/10:  50%|█████     | 274/545 [01:30<01:29,  3.04it/s]
Epoch 10/10:  50%|█████     | 275/545 [01:30<01:28,  3.04it/s]
Epoch 10/10:  51%|█████     | 276/545 [01:30<01:28,  3.04it/s]
Epoch 10/10:  51%|█████     | 277/545 [01:31<01:28,  3.04it/s]
Epoch 10/10:  51%|█████     | 278/545 [01:31<01:27,  3.04it/s]
Epoch 10/10:  51%|█████     | 279/545 [01:31<01:27,  3.04it/s]
Epoch 10/10:  51%|█████▏    | 280/545 [01:32<01:27,  3.04it/s]
Epoch 10/10:  52%|█████▏    | 281/545 [01:32<01:26,  3.04it/s]
Epoch 10/10:  52%|█████▏    | 282/545 [01:32<01:26,  3.04it/s]
Epoch 10/10:  52%|█████▏    | 283/545 [01:33<01:26,  3.04it/s]
Epoch 10/10:  52%|█████▏    | 284/545 [01:33<01:25,  3.04it/s]
Epoch 10/10:  52%|█████▏    | 285/545 [01:33<01:25,  3.04it/s]
Epoch 10/10:  52%|█████▏    | 286/545 [01:34<01:25,  3.03it/s]
Epoch 10/10:  53%|█████▎    | 287/545 [01:34<01:25,  3.03it/s]
Epoch 10/10:  53%|█████▎    | 288/545 [01:34<01:24,  3.03it/s]
Epoch 10/10:  53%|█████▎    | 289/545 [01:35<01:24,  3.03it/s]
Epoch 10/10:  53%|█████▎    | 290/545 [01:35<01:24,  3.03it/s]
Epoch 10/10:  53%|█████▎    | 291/545 [01:35<01:23,  3.04it/s]
Epoch 10/10:  54%|█████▎    | 292/545 [01:36<01:23,  3.04it/s]
Epoch 10/10:  54%|█████▍    | 293/545 [01:36<01:23,  3.03it/s]
Epoch 10/10:  54%|█████▍    | 294/545 [01:36<01:22,  3.03it/s]
Epoch 10/10:  54%|█████▍    | 295/545 [01:37<01:22,  3.04it/s]
Epoch 10/10:  54%|█████▍    | 296/545 [01:37<01:22,  3.04it/s]
Epoch 10/10:  54%|█████▍    | 297/545 [01:37<01:21,  3.04it/s]
Epoch 10/10:  55%|█████▍    | 298/545 [01:38<01:21,  3.04it/s]
Epoch 10/10:  55%|█████▍    | 299/545 [01:38<01:21,  3.04it/s]
Epoch 10/10:  55%|█████▌    | 300/545 [01:38<01:20,  3.04it/s]
Epoch 10/10:  55%|█████▌    | 301/545 [01:39<01:20,  3.04it/s]
Epoch 10/10:  55%|█████▌    | 302/545 [01:39<01:20,  3.04it/s]
Epoch 10/10:  56%|█████▌    | 303/545 [01:39<01:19,  3.04it/s]
Epoch 10/10:  56%|█████▌    | 304/545 [01:40<01:19,  3.04it/s]
Epoch 10/10:  56%|█████▌    | 305/545 [01:40<01:19,  3.04it/s]
Epoch 10/10:  56%|█████▌    | 306/545 [01:40<01:18,  3.04it/s]
Epoch 10/10:  56%|█████▋    | 307/545 [01:41<01:18,  3.04it/s]
Epoch 10/10:  57%|█████▋    | 308/545 [01:41<01:18,  3.04it/s]
Epoch 10/10:  57%|█████▋    | 309/545 [01:41<01:17,  3.04it/s]
Epoch 10/10:  57%|█████▋    | 310/545 [01:42<01:17,  3.04it/s]
Epoch 10/10:  57%|█████▋    | 311/545 [01:42<01:17,  3.04it/s]
Epoch 10/10:  57%|█████▋    | 312/545 [01:42<01:16,  3.04it/s]
Epoch 10/10:  57%|█████▋    | 313/545 [01:43<01:16,  3.04it/s]
Epoch 10/10:  58%|█████▊    | 314/545 [01:43<01:16,  3.04it/s]
Epoch 10/10:  58%|█████▊    | 315/545 [01:43<01:15,  3.04it/s]
Epoch 10/10:  58%|█████▊    | 316/545 [01:44<01:15,  3.04it/s]
Epoch 10/10:  58%|█████▊    | 317/545 [01:44<01:15,  3.04it/s]
Epoch 10/10:  58%|█████▊    | 318/545 [01:44<01:14,  3.04it/s]
Epoch 10/10:  59%|█████▊    | 319/545 [01:45<01:14,  3.04it/s]
Epoch 10/10:  59%|█████▊    | 320/545 [01:45<01:14,  3.04it/s]
Epoch 10/10:  59%|█████▉    | 321/545 [01:45<01:13,  3.04it/s]
Epoch 10/10:  59%|█████▉    | 322/545 [01:46<01:13,  3.04it/s]
Epoch 10/10:  59%|█████▉    | 323/545 [01:46<01:13,  3.04it/s]
Epoch 10/10:  59%|█████▉    | 324/545 [01:46<01:12,  3.04it/s]
Epoch 10/10:  60%|█████▉    | 325/545 [01:47<01:12,  3.04it/s]
Epoch 10/10:  60%|█████▉    | 326/545 [01:47<01:12,  3.04it/s]
Epoch 10/10:  60%|██████    | 327/545 [01:47<01:11,  3.04it/s]
Epoch 10/10:  60%|██████    | 328/545 [01:48<01:11,  3.04it/s]
Epoch 10/10:  60%|██████    | 329/545 [01:48<01:11,  3.04it/s]
Epoch 10/10:  61%|██████    | 330/545 [01:48<01:10,  3.04it/s]
Epoch 10/10:  61%|██████    | 331/545 [01:49<01:10,  3.04it/s]
Epoch 10/10:  61%|██████    | 332/545 [01:49<01:10,  3.04it/s]
Epoch 10/10:  61%|██████    | 333/545 [01:49<01:09,  3.04it/s]
Epoch 10/10:  61%|██████▏   | 334/545 [01:50<01:09,  3.04it/s]
Epoch 10/10:  61%|██████▏   | 335/545 [01:50<01:09,  3.04it/s]
Epoch 10/10:  62%|██████▏   | 336/545 [01:50<01:08,  3.04it/s]
Epoch 10/10:  62%|██████▏   | 337/545 [01:50<01:08,  3.04it/s]
Epoch 10/10:  62%|██████▏   | 338/545 [01:51<01:08,  3.04it/s]
Epoch 10/10:  62%|██████▏   | 339/545 [01:51<01:07,  3.04it/s]
Epoch 10/10:  62%|██████▏   | 340/545 [01:51<01:07,  3.03it/s]
Epoch 10/10:  63%|██████▎   | 341/545 [01:52<01:07,  3.04it/s]
Epoch 10/10:  63%|██████▎   | 342/545 [01:52<01:06,  3.04it/s]
Epoch 10/10:  63%|██████▎   | 343/545 [01:52<01:06,  3.04it/s]
Epoch 10/10:  63%|██████▎   | 344/545 [01:53<01:06,  3.04it/s]
Epoch 10/10:  63%|██████▎   | 345/545 [01:53<01:05,  3.04it/s]
Epoch 10/10:  63%|██████▎   | 346/545 [01:53<01:05,  3.04it/s]
Epoch 10/10:  64%|██████▎   | 347/545 [01:54<01:05,  3.04it/s]
Epoch 10/10:  64%|██████▍   | 348/545 [01:54<01:04,  3.04it/s]
Epoch 10/10:  64%|██████▍   | 349/545 [01:54<01:04,  3.04it/s]
Epoch 10/10:  64%|██████▍   | 350/545 [01:55<01:04,  3.04it/s]
Epoch 10/10:  64%|██████▍   | 351/545 [01:55<01:03,  3.04it/s]
Epoch 10/10:  65%|██████▍   | 352/545 [01:55<01:03,  3.04it/s]
Epoch 10/10:  65%|██████▍   | 353/545 [01:56<01:03,  3.04it/s]
Epoch 10/10:  65%|██████▍   | 354/545 [01:56<01:02,  3.04it/s]
Epoch 10/10:  65%|██████▌   | 355/545 [01:56<01:02,  3.04it/s]
Epoch 10/10:  65%|██████▌   | 356/545 [01:57<01:02,  3.04it/s]
Epoch 10/10:  66%|██████▌   | 357/545 [01:57<01:01,  3.04it/s]
Epoch 10/10:  66%|██████▌   | 358/545 [01:57<01:01,  3.04it/s]
Epoch 10/10:  66%|██████▌   | 359/545 [01:58<01:01,  3.04it/s]
Epoch 10/10:  66%|██████▌   | 360/545 [01:58<01:00,  3.04it/s]
Epoch 10/10:  66%|██████▌   | 361/545 [01:58<01:00,  3.04it/s]
Epoch 10/10:  66%|██████▋   | 362/545 [01:59<01:00,  3.04it/s]
Epoch 10/10:  67%|██████▋   | 363/545 [01:59<00:59,  3.04it/s]
Epoch 10/10:  67%|██████▋   | 364/545 [01:59<00:59,  3.04it/s]
Epoch 10/10:  67%|██████▋   | 365/545 [02:00<00:59,  3.04it/s]
Epoch 10/10:  67%|██████▋   | 366/545 [02:00<00:58,  3.04it/s]
Epoch 10/10:  67%|██████▋   | 367/545 [02:00<00:58,  3.04it/s]
Epoch 10/10:  68%|██████▊   | 368/545 [02:01<00:58,  3.04it/s]
Epoch 10/10:  68%|██████▊   | 369/545 [02:01<00:57,  3.04it/s]
Epoch 10/10:  68%|██████▊   | 370/545 [02:01<00:57,  3.03it/s]
Epoch 10/10:  68%|██████▊   | 371/545 [02:02<00:57,  3.03it/s]
Epoch 10/10:  68%|██████▊   | 372/545 [02:02<00:57,  3.03it/s]
Epoch 10/10:  68%|██████▊   | 373/545 [02:02<00:56,  3.03it/s]
Epoch 10/10:  69%|██████▊   | 374/545 [02:03<00:56,  3.03it/s]
Epoch 10/10:  69%|██████▉   | 375/545 [02:03<00:56,  3.04it/s]
Epoch 10/10:  69%|██████▉   | 376/545 [02:03<00:55,  3.04it/s]
Epoch 10/10:  69%|██████▉   | 377/545 [02:04<00:55,  3.04it/s]
Epoch 10/10:  69%|██████▉   | 378/545 [02:04<00:55,  3.04it/s]
Epoch 10/10:  70%|██████▉   | 379/545 [02:04<00:54,  3.04it/s]
Epoch 10/10:  70%|██████▉   | 380/545 [02:05<00:54,  3.04it/s]
Epoch 10/10:  70%|██████▉   | 381/545 [02:05<00:54,  3.04it/s]
Epoch 10/10:  70%|███████   | 382/545 [02:05<00:53,  3.04it/s]
Epoch 10/10:  70%|███████   | 383/545 [02:06<00:53,  3.04it/s]
Epoch 10/10:  70%|███████   | 384/545 [02:06<00:53,  3.04it/s]
Epoch 10/10:  71%|███████   | 385/545 [02:06<00:52,  3.04it/s]
Epoch 10/10:  71%|███████   | 386/545 [02:07<00:52,  3.04it/s]
Epoch 10/10:  71%|███████   | 387/545 [02:07<00:52,  3.04it/s]
Epoch 10/10:  71%|███████   | 388/545 [02:07<00:51,  3.04it/s]
Epoch 10/10:  71%|███████▏  | 389/545 [02:08<00:51,  3.02it/s]
Epoch 10/10:  72%|███████▏  | 390/545 [02:08<00:51,  3.02it/s]
Epoch 10/10:  72%|███████▏  | 391/545 [02:08<00:50,  3.03it/s]
Epoch 10/10:  72%|███████▏  | 392/545 [02:09<00:50,  3.03it/s]
Epoch 10/10:  72%|███████▏  | 393/545 [02:09<00:50,  3.03it/s]
Epoch 10/10:  72%|███████▏  | 394/545 [02:09<00:49,  3.03it/s]
Epoch 10/10:  72%|███████▏  | 395/545 [02:10<00:49,  3.03it/s]
Epoch 10/10:  73%|███████▎  | 396/545 [02:10<00:49,  3.03it/s]
Epoch 10/10:  73%|███████▎  | 397/545 [02:10<00:48,  3.04it/s]
Epoch 10/10:  73%|███████▎  | 398/545 [02:11<00:48,  3.04it/s]
Epoch 10/10:  73%|███████▎  | 399/545 [02:11<00:48,  3.04it/s]
Epoch 10/10:  73%|███████▎  | 400/545 [02:11<00:47,  3.04it/s]
Epoch 10/10:  74%|███████▎  | 401/545 [02:12<00:47,  3.04it/s]
Epoch 10/10:  74%|███████▍  | 402/545 [02:12<00:47,  3.04it/s]
Epoch 10/10:  74%|███████▍  | 403/545 [02:12<00:46,  3.04it/s]
Epoch 10/10:  74%|███████▍  | 404/545 [02:13<00:46,  3.04it/s]
Epoch 10/10:  74%|███████▍  | 405/545 [02:13<00:46,  3.04it/s]
Epoch 10/10:  74%|███████▍  | 406/545 [02:13<00:45,  3.04it/s]
Epoch 10/10:  75%|███████▍  | 407/545 [02:14<00:45,  3.04it/s]
Epoch 10/10:  75%|███████▍  | 408/545 [02:14<00:45,  3.04it/s]
Epoch 10/10:  75%|███████▌  | 409/545 [02:14<00:44,  3.04it/s]
Epoch 10/10:  75%|███████▌  | 410/545 [02:15<00:44,  3.04it/s]
Epoch 10/10:  75%|███████▌  | 411/545 [02:15<00:44,  3.04it/s]
Epoch 10/10:  76%|███████▌  | 412/545 [02:15<00:43,  3.04it/s]
Epoch 10/10:  76%|███████▌  | 413/545 [02:16<00:43,  3.04it/s]
Epoch 10/10:  76%|███████▌  | 414/545 [02:16<00:43,  3.04it/s]
Epoch 10/10:  76%|███████▌  | 415/545 [02:16<00:42,  3.04it/s]
Epoch 10/10:  76%|███████▋  | 416/545 [02:17<00:42,  3.04it/s]
Epoch 10/10:  77%|███████▋  | 417/545 [02:17<00:42,  3.04it/s]
Epoch 10/10:  77%|███████▋  | 418/545 [02:17<00:41,  3.04it/s]
Epoch 10/10:  77%|███████▋  | 419/545 [02:18<00:41,  3.04it/s]
Epoch 10/10:  77%|███████▋  | 420/545 [02:18<00:41,  3.04it/s]
Epoch 10/10:  77%|███████▋  | 421/545 [02:18<00:40,  3.04it/s]
Epoch 10/10:  77%|███████▋  | 422/545 [02:18<00:40,  3.04it/s]
Epoch 10/10:  78%|███████▊  | 423/545 [02:19<00:40,  3.04it/s]
Epoch 10/10:  78%|███████▊  | 424/545 [02:19<00:39,  3.04it/s]
Epoch 10/10:  78%|███████▊  | 425/545 [02:19<00:39,  3.04it/s]
Epoch 10/10:  78%|███████▊  | 426/545 [02:20<00:39,  3.04it/s]
Epoch 10/10:  78%|███████▊  | 427/545 [02:20<00:38,  3.04it/s]
Epoch 10/10:  79%|███████▊  | 428/545 [02:20<00:38,  3.04it/s]
Epoch 10/10:  79%|███████▊  | 429/545 [02:21<00:38,  3.04it/s]
Epoch 10/10:  79%|███████▉  | 430/545 [02:21<00:37,  3.04it/s]
Epoch 10/10:  79%|███████▉  | 431/545 [02:21<00:37,  3.04it/s]
Epoch 10/10:  79%|███████▉  | 432/545 [02:22<00:37,  3.04it/s]
Epoch 10/10:  79%|███████▉  | 433/545 [02:22<00:36,  3.04it/s]
Epoch 10/10:  80%|███████▉  | 434/545 [02:22<00:36,  3.04it/s]
Epoch 10/10:  80%|███████▉  | 435/545 [02:23<00:36,  3.04it/s]
Epoch 10/10:  80%|████████  | 436/545 [02:23<00:35,  3.04it/s]
Epoch 10/10:  80%|████████  | 437/545 [02:23<00:35,  3.04it/s]
Epoch 10/10:  80%|████████  | 438/545 [02:24<00:35,  3.04it/s]
Epoch 10/10:  81%|████████  | 439/545 [02:24<00:34,  3.04it/s]
Epoch 10/10:  81%|████████  | 440/545 [02:24<00:34,  3.04it/s]
Epoch 10/10:  81%|████████  | 441/545 [02:25<00:34,  3.04it/s]
Epoch 10/10:  81%|████████  | 442/545 [02:25<00:33,  3.04it/s]
Epoch 10/10:  81%|████████▏ | 443/545 [02:25<00:33,  3.04it/s]
Epoch 10/10:  81%|████████▏ | 444/545 [02:26<00:33,  3.04it/s]
Epoch 10/10:  82%|████████▏ | 445/545 [02:26<00:32,  3.04it/s]
Epoch 10/10:  82%|████████▏ | 446/545 [02:26<00:32,  3.04it/s]
Epoch 10/10:  82%|████████▏ | 447/545 [02:27<00:32,  3.04it/s]
Epoch 10/10:  82%|████████▏ | 448/545 [02:27<00:31,  3.04it/s]
Epoch 10/10:  82%|████████▏ | 449/545 [02:27<00:31,  3.04it/s]
Epoch 10/10:  83%|████████▎ | 450/545 [02:28<00:31,  3.04it/s]
Epoch 10/10:  83%|████████▎ | 451/545 [02:28<00:30,  3.03it/s]
Epoch 10/10:  83%|████████▎ | 452/545 [02:28<00:30,  3.03it/s]
Epoch 10/10:  83%|████████▎ | 453/545 [02:29<00:30,  3.03it/s]
Epoch 10/10:  83%|████████▎ | 454/545 [02:29<00:29,  3.04it/s]
Epoch 10/10:  83%|████████▎ | 455/545 [02:29<00:29,  3.04it/s]
Epoch 10/10:  84%|████████▎ | 456/545 [02:30<00:29,  3.03it/s]
Epoch 10/10:  84%|████████▍ | 457/545 [02:30<00:28,  3.04it/s]
Epoch 10/10:  84%|████████▍ | 458/545 [02:30<00:28,  3.04it/s]
Epoch 10/10:  84%|████████▍ | 459/545 [02:31<00:28,  3.04it/s]
Epoch 10/10:  84%|████████▍ | 460/545 [02:31<00:28,  3.04it/s]
Epoch 10/10:  85%|████████▍ | 461/545 [02:31<00:27,  3.04it/s]
Epoch 10/10:  85%|████████▍ | 462/545 [02:32<00:27,  3.03it/s]
Epoch 10/10:  85%|████████▍ | 463/545 [02:32<00:27,  3.04it/s]
Epoch 10/10:  85%|████████▌ | 464/545 [02:32<00:26,  3.04it/s]
Epoch 10/10:  85%|████████▌ | 465/545 [02:33<00:26,  3.03it/s]
Epoch 10/10:  86%|████████▌ | 466/545 [02:33<00:26,  3.03it/s]
Epoch 10/10:  86%|████████▌ | 467/545 [02:33<00:25,  3.03it/s]
Epoch 10/10:  86%|████████▌ | 468/545 [02:34<00:25,  3.04it/s]
Epoch 10/10:  86%|████████▌ | 469/545 [02:34<00:25,  3.03it/s]
Epoch 10/10:  86%|████████▌ | 470/545 [02:34<00:24,  3.03it/s]
Epoch 10/10:  86%|████████▋ | 471/545 [02:35<00:24,  3.03it/s]
Epoch 10/10:  87%|████████▋ | 472/545 [02:35<00:24,  3.04it/s]
Epoch 10/10:  87%|████████▋ | 473/545 [02:35<00:23,  3.03it/s]
Epoch 10/10:  87%|████████▋ | 474/545 [02:36<00:23,  3.04it/s]
Epoch 10/10:  87%|████████▋ | 475/545 [02:36<00:23,  3.04it/s]
Epoch 10/10:  87%|████████▋ | 476/545 [02:36<00:22,  3.04it/s]
Epoch 10/10:  88%|████████▊ | 477/545 [02:37<00:22,  3.04it/s]
Epoch 10/10:  88%|████████▊ | 478/545 [02:37<00:22,  3.04it/s]
Epoch 10/10:  88%|████████▊ | 479/545 [02:37<00:21,  3.04it/s]
Epoch 10/10:  88%|████████▊ | 480/545 [02:38<00:21,  3.03it/s]
Epoch 10/10:  88%|████████▊ | 481/545 [02:38<00:21,  3.03it/s]
Epoch 10/10:  88%|████████▊ | 482/545 [02:38<00:20,  3.04it/s]
Epoch 10/10:  89%|████████▊ | 483/545 [02:39<00:20,  3.04it/s]
Epoch 10/10:  89%|████████▉ | 484/545 [02:39<00:20,  3.03it/s]
Epoch 10/10:  89%|████████▉ | 485/545 [02:39<00:19,  3.04it/s]
Epoch 10/10:  89%|████████▉ | 486/545 [02:40<00:19,  3.04it/s]
Epoch 10/10:  89%|████████▉ | 487/545 [02:40<00:19,  3.03it/s]
Epoch 10/10:  90%|████████▉ | 488/545 [02:40<00:18,  3.03it/s]
Epoch 10/10:  90%|████████▉ | 489/545 [02:41<00:18,  3.03it/s]
Epoch 10/10:  90%|████████▉ | 490/545 [02:41<00:18,  3.04it/s]
Epoch 10/10:  90%|█████████ | 491/545 [02:41<00:17,  3.03it/s]
Epoch 10/10:  90%|█████████ | 492/545 [02:42<00:17,  3.03it/s]
Epoch 10/10:  90%|█████████ | 493/545 [02:42<00:17,  3.03it/s]
Epoch 10/10:  91%|█████████ | 494/545 [02:42<00:16,  3.03it/s]
Epoch 10/10:  91%|█████████ | 495/545 [02:43<00:16,  3.03it/s]
Epoch 10/10:  91%|█████████ | 496/545 [02:43<00:16,  3.04it/s]
Epoch 10/10:  91%|█████████ | 497/545 [02:43<00:15,  3.04it/s]
Epoch 10/10:  91%|█████████▏| 498/545 [02:44<00:15,  3.03it/s]
Epoch 10/10:  92%|█████████▏| 499/545 [02:44<00:15,  3.04it/s]
Epoch 10/10:  92%|█████████▏| 500/545 [02:44<00:14,  3.03it/s]
Epoch 10/10:  92%|█████████▏| 501/545 [02:45<00:14,  3.03it/s]
Epoch 10/10:  92%|█████████▏| 502/545 [02:45<00:14,  3.03it/s]
Epoch 10/10:  92%|█████████▏| 503/545 [02:45<00:13,  3.04it/s]
Epoch 10/10:  92%|█████████▏| 504/545 [02:46<00:13,  3.04it/s]
Epoch 10/10:  93%|█████████▎| 505/545 [02:46<00:13,  3.03it/s]
Epoch 10/10:  93%|█████████▎| 506/545 [02:46<00:12,  3.03it/s]
Epoch 10/10:  93%|█████████▎| 507/545 [02:47<00:12,  3.04it/s]
Epoch 10/10:  93%|█████████▎| 508/545 [02:47<00:12,  3.04it/s]
Epoch 10/10:  93%|█████████▎| 509/545 [02:47<00:11,  3.03it/s]
Epoch 10/10:  94%|█████████▎| 510/545 [02:47<00:11,  3.03it/s]
Epoch 10/10:  94%|█████████▍| 511/545 [02:48<00:11,  3.04it/s]
Epoch 10/10:  94%|█████████▍| 512/545 [02:48<00:10,  3.04it/s]
Epoch 10/10:  94%|█████████▍| 513/545 [02:48<00:10,  3.04it/s]
Epoch 10/10:  94%|█████████▍| 514/545 [02:49<00:10,  3.04it/s]
Epoch 10/10:  94%|█████████▍| 515/545 [02:49<00:09,  3.04it/s]
Epoch 10/10:  95%|█████████▍| 516/545 [02:49<00:09,  3.04it/s]
Epoch 10/10:  95%|█████████▍| 517/545 [02:50<00:09,  3.04it/s]
Epoch 10/10:  95%|█████████▌| 518/545 [02:50<00:08,  3.04it/s]
Epoch 10/10:  95%|█████████▌| 519/545 [02:50<00:08,  3.04it/s]
Epoch 10/10:  95%|█████████▌| 520/545 [02:51<00:08,  3.04it/s]
Epoch 10/10:  96%|█████████▌| 521/545 [02:51<00:07,  3.04it/s]
Epoch 10/10:  96%|█████████▌| 522/545 [02:51<00:07,  3.04it/s]
Epoch 10/10:  96%|█████████▌| 523/545 [02:52<00:07,  3.04it/s]
Epoch 10/10:  96%|█████████▌| 524/545 [02:52<00:06,  3.04it/s]
Epoch 10/10:  96%|█████████▋| 525/545 [02:52<00:06,  3.04it/s]
Epoch 10/10:  97%|█████████▋| 526/545 [02:53<00:06,  3.04it/s]
Epoch 10/10:  97%|█████████▋| 527/545 [02:53<00:05,  3.04it/s]
Epoch 10/10:  97%|█████████▋| 528/545 [02:53<00:05,  3.04it/s]
Epoch 10/10:  97%|█████████▋| 529/545 [02:54<00:05,  3.04it/s]
Epoch 10/10:  97%|█████████▋| 530/545 [02:54<00:04,  3.04it/s]
Epoch 10/10:  97%|█████████▋| 531/545 [02:54<00:04,  3.04it/s]
Epoch 10/10:  98%|█████████▊| 532/545 [02:55<00:04,  3.04it/s]
Epoch 10/10:  98%|█████████▊| 533/545 [02:55<00:03,  3.04it/s]
Epoch 10/10:  98%|█████████▊| 534/545 [02:55<00:03,  3.04it/s]
Epoch 10/10:  98%|█████████▊| 535/545 [02:56<00:03,  3.04it/s]
Epoch 10/10:  98%|█████████▊| 536/545 [02:56<00:02,  3.04it/s]
Epoch 10/10:  99%|█████████▊| 537/545 [02:56<00:02,  3.04it/s]
Epoch 10/10:  99%|█████████▊| 538/545 [02:57<00:02,  3.04it/s]
Epoch 10/10:  99%|█████████▉| 539/545 [02:57<00:01,  3.04it/s]
Epoch 10/10:  99%|█████████▉| 540/545 [02:57<00:01,  3.04it/s]
Epoch 10/10:  99%|█████████▉| 541/545 [02:58<00:01,  3.04it/s]
Epoch 10/10:  99%|█████████▉| 542/545 [02:58<00:00,  3.04it/s]
Epoch 10/10: 100%|█████████▉| 543/545 [02:58<00:00,  3.04it/s]
Epoch 10/10: 100%|█████████▉| 544/545 [02:59<00:00,  3.04it/s]
Epoch 10/10: 100%|██████████| 545/545 [02:59<00:00,  3.23it/s]
Epoch 10/10: 100%|██████████| 545/545 [02:59<00:00,  3.04it/s]
/user/nirish.samant/u28445/.conda/envs/dnlp/lib/python3.10/site-packages/huggingface_hub/file_download.py:942: FutureWarning: `resume_download` is deprecated and will be removed in version 1.0.0. Downloads always resume when possible. If you want to force a new download, use `force_download=True`.
  warnings.warn(

Linguistic features:   0%|          | 0/2730 [00:00<?, ?it/s]
Linguistic features:   0%|          | 12/2730 [00:00<00:22, 119.25it/s]
Linguistic features:   1%|          | 25/2730 [00:00<00:22, 119.62it/s]
Linguistic features:   1%|▏         | 37/2730 [00:00<00:22, 119.46it/s]
Linguistic features:   2%|▏         | 50/2730 [00:00<00:22, 120.24it/s]
Linguistic features:   2%|▏         | 64/2730 [00:00<00:21, 123.75it/s]
Linguistic features:   3%|▎         | 77/2730 [00:00<00:21, 124.29it/s]
Linguistic features:   3%|▎         | 90/2730 [00:00<00:21, 123.44it/s]
Linguistic features:   4%|▍         | 103/2730 [00:00<00:21, 122.85it/s]
Linguistic features:   4%|▍         | 116/2730 [00:00<00:21, 121.93it/s]
Linguistic features:   5%|▍         | 129/2730 [00:01<00:21, 120.96it/s]
Linguistic features:   5%|▌         | 142/2730 [00:01<00:21, 119.79it/s]
Linguistic features:   6%|▌         | 155/2730 [00:01<00:21, 120.65it/s]
Linguistic features:   6%|▌         | 168/2730 [00:01<00:21, 120.48it/s]
Linguistic features:   7%|▋         | 181/2730 [00:01<00:21, 120.79it/s]
Linguistic features:   7%|▋         | 194/2730 [00:01<00:20, 121.22it/s]
Linguistic features:   8%|▊         | 207/2730 [00:01<00:20, 122.50it/s]
Linguistic features:   8%|▊         | 220/2730 [00:01<00:20, 123.23it/s]
Linguistic features:   9%|▊         | 233/2730 [00:01<00:20, 124.09it/s]
Linguistic features:   9%|▉         | 246/2730 [00:02<00:20, 122.85it/s]
Linguistic features:   9%|▉         | 259/2730 [00:02<00:20, 123.29it/s]
Linguistic features:  10%|▉         | 272/2730 [00:02<00:19, 124.66it/s]
Linguistic features:  10%|█         | 285/2730 [00:02<00:19, 124.06it/s]
Linguistic features:  11%|█         | 298/2730 [00:02<00:19, 124.70it/s]
Linguistic features:  11%|█▏        | 311/2730 [00:02<00:19, 124.91it/s]
Linguistic features:  12%|█▏        | 325/2730 [00:02<00:18, 126.76it/s]
Linguistic features:  12%|█▏        | 338/2730 [00:02<00:19, 125.44it/s]
Linguistic features:  13%|█▎        | 351/2730 [00:02<00:18, 126.46it/s]
Linguistic features:  13%|█▎        | 364/2730 [00:02<00:18, 125.21it/s]
Linguistic features:  14%|█▍        | 377/2730 [00:03<00:18, 124.65it/s]
Linguistic features:  14%|█▍        | 390/2730 [00:03<00:18, 124.11it/s]
Linguistic features:  15%|█▍        | 403/2730 [00:03<00:18, 124.60it/s]
Linguistic features:  15%|█▌        | 416/2730 [00:03<00:18, 124.05it/s]
Linguistic features:  16%|█▌        | 429/2730 [00:03<00:18, 123.46it/s]
Linguistic features:  16%|█▌        | 442/2730 [00:03<00:18, 122.36it/s]
Linguistic features:  17%|█▋        | 455/2730 [00:03<00:18, 122.64it/s]
Linguistic features:  17%|█▋        | 468/2730 [00:03<00:18, 124.55it/s]
Linguistic features:  18%|█▊        | 481/2730 [00:03<00:18, 124.75it/s]
Linguistic features:  18%|█▊        | 494/2730 [00:04<00:18, 123.80it/s]
Linguistic features:  19%|█▊        | 507/2730 [00:04<00:17, 124.60it/s]
Linguistic features:  19%|█▉        | 520/2730 [00:04<00:17, 123.91it/s]
Linguistic features:  20%|█▉        | 533/2730 [00:04<00:17, 122.76it/s]
Linguistic features:  20%|██        | 546/2730 [00:04<00:17, 124.46it/s]
Linguistic features:  20%|██        | 559/2730 [00:04<00:17, 124.18it/s]
Linguistic features:  21%|██        | 572/2730 [00:04<00:17, 124.91it/s]
Linguistic features:  21%|██▏       | 585/2730 [00:04<00:17, 124.42it/s]
Linguistic features:  22%|██▏       | 598/2730 [00:04<00:16, 125.43it/s]
Linguistic features:  22%|██▏       | 611/2730 [00:04<00:17, 124.31it/s]
Linguistic features:  23%|██▎       | 624/2730 [00:05<00:17, 122.94it/s]
Linguistic features:  23%|██▎       | 637/2730 [00:05<00:16, 124.56it/s]
Linguistic features:  24%|██▍       | 650/2730 [00:05<00:16, 124.33it/s]
Linguistic features:  24%|██▍       | 663/2730 [00:05<00:16, 123.33it/s]
Linguistic features:  25%|██▍       | 676/2730 [00:05<00:16, 123.95it/s]
Linguistic features:  25%|██▌       | 689/2730 [00:05<00:16, 125.08it/s]
Linguistic features:  26%|██▌       | 702/2730 [00:05<00:16, 124.22it/s]
Linguistic features:  26%|██▌       | 715/2730 [00:05<00:16, 124.25it/s]
Linguistic features:  27%|██▋       | 728/2730 [00:05<00:16, 125.06it/s]
Linguistic features:  27%|██▋       | 741/2730 [00:05<00:15, 124.67it/s]
Linguistic features:  28%|██▊       | 754/2730 [00:06<00:15, 124.89it/s]
Linguistic features:  28%|██▊       | 767/2730 [00:06<00:15, 123.25it/s]
Linguistic features:  29%|██▊       | 780/2730 [00:06<00:15, 122.65it/s]
Linguistic features:  29%|██▉       | 793/2730 [00:06<00:15, 123.17it/s]
Linguistic features:  30%|██▉       | 806/2730 [00:06<00:15, 124.68it/s]
Linguistic features:  30%|███       | 820/2730 [00:06<00:15, 126.38it/s]
Linguistic features:  31%|███       | 833/2730 [00:06<00:15, 124.63it/s]
Linguistic features:  31%|███       | 846/2730 [00:06<00:15, 123.84it/s]
Linguistic features:  31%|███▏      | 859/2730 [00:06<00:15, 121.86it/s]
Linguistic features:  32%|███▏      | 872/2730 [00:07<00:15, 122.34it/s]
Linguistic features:  32%|███▏      | 885/2730 [00:07<00:14, 123.95it/s]
Linguistic features:  33%|███▎      | 898/2730 [00:07<00:14, 123.50it/s]
Linguistic features:  33%|███▎      | 911/2730 [00:07<00:14, 124.94it/s]
Linguistic features:  34%|███▍      | 924/2730 [00:07<00:14, 123.75it/s]
Linguistic features:  34%|███▍      | 937/2730 [00:07<00:14, 122.40it/s]
Linguistic features:  35%|███▍      | 950/2730 [00:07<00:14, 121.70it/s]
Linguistic features:  35%|███▌      | 963/2730 [00:07<00:14, 122.22it/s]
Linguistic features:  36%|███▌      | 977/2730 [00:07<00:14, 124.59it/s]
Linguistic features:  36%|███▋      | 990/2730 [00:08<00:13, 125.01it/s]
Linguistic features:  37%|███▋      | 1003/2730 [00:08<00:14, 123.27it/s]
Linguistic features:  37%|███▋      | 1016/2730 [00:08<00:13, 123.42it/s]
Linguistic features:  38%|███▊      | 1029/2730 [00:08<00:13, 123.59it/s]
Linguistic features:  38%|███▊      | 1043/2730 [00:08<00:13, 125.49it/s]
Linguistic features:  39%|███▊      | 1056/2730 [00:08<00:13, 126.32it/s]
Linguistic features:  39%|███▉      | 1069/2730 [00:08<00:13, 124.83it/s]
Linguistic features:  40%|███▉      | 1082/2730 [00:08<00:13, 124.84it/s]
Linguistic features:  40%|████      | 1095/2730 [00:08<00:13, 124.93it/s]
Linguistic features:  41%|████      | 1108/2730 [00:08<00:12, 124.79it/s]
Linguistic features:  41%|████      | 1121/2730 [00:09<00:12, 123.90it/s]
Linguistic features:  42%|████▏     | 1134/2730 [00:09<00:12, 123.50it/s]
Linguistic features:  42%|████▏     | 1147/2730 [00:09<00:12, 122.84it/s]
Linguistic features:  42%|████▏     | 1160/2730 [00:09<00:12, 123.38it/s]
Linguistic features:  43%|████▎     | 1173/2730 [00:09<00:12, 121.12it/s]
Linguistic features:  43%|████▎     | 1186/2730 [00:09<00:12, 123.35it/s]
Linguistic features:  44%|████▍     | 1199/2730 [00:09<00:12, 121.56it/s]
Linguistic features:  44%|████▍     | 1212/2730 [00:09<00:12, 122.43it/s]
Linguistic features:  45%|████▍     | 1225/2730 [00:09<00:12, 124.29it/s]
Linguistic features:  45%|████▌     | 1238/2730 [00:10<00:12, 123.26it/s]
Linguistic features:  46%|████▌     | 1251/2730 [00:10<00:12, 122.39it/s]
Linguistic features:  46%|████▋     | 1264/2730 [00:10<00:11, 123.64it/s]
Linguistic features:  47%|████▋     | 1277/2730 [00:10<00:11, 123.75it/s]
Linguistic features:  47%|████▋     | 1290/2730 [00:10<00:11, 123.73it/s]
Linguistic features:  48%|████▊     | 1303/2730 [00:10<00:11, 123.75it/s]
Linguistic features:  48%|████▊     | 1316/2730 [00:10<00:11, 121.20it/s]
Linguistic features:  49%|████▊     | 1329/2730 [00:10<00:11, 120.82it/s]
Linguistic features:  49%|████▉     | 1342/2730 [00:10<00:11, 120.00it/s]
Linguistic features:  50%|████▉     | 1355/2730 [00:10<00:11, 122.15it/s]
Linguistic features:  50%|█████     | 1368/2730 [00:11<00:11, 123.35it/s]
Linguistic features:  51%|█████     | 1382/2730 [00:11<00:10, 125.16it/s]
Linguistic features:  51%|█████     | 1395/2730 [00:11<00:10, 124.68it/s]
Linguistic features:  52%|█████▏    | 1409/2730 [00:11<00:10, 125.92it/s]
Linguistic features:  52%|█████▏    | 1422/2730 [00:11<00:10, 123.93it/s]
Linguistic features:  53%|█████▎    | 1435/2730 [00:11<00:10, 124.33it/s]
Linguistic features:  53%|█████▎    | 1448/2730 [00:11<00:10, 123.32it/s]
Linguistic features:  54%|█████▎    | 1461/2730 [00:11<00:10, 123.48it/s]
Linguistic features:  54%|█████▍    | 1474/2730 [00:11<00:10, 124.17it/s]
Linguistic features:  54%|█████▍    | 1487/2730 [00:12<00:10, 122.82it/s]
Linguistic features:  55%|█████▍    | 1500/2730 [00:12<00:09, 123.06it/s]
Linguistic features:  55%|█████▌    | 1513/2730 [00:12<00:09, 122.41it/s]
Linguistic features:  56%|█████▌    | 1526/2730 [00:12<00:09, 122.75it/s]
Linguistic features:  56%|█████▋    | 1539/2730 [00:12<00:09, 123.59it/s]
Linguistic features:  57%|█████▋    | 1552/2730 [00:12<00:09, 122.15it/s]
Linguistic features:  57%|█████▋    | 1565/2730 [00:12<00:09, 121.10it/s]
Linguistic features:  58%|█████▊    | 1578/2730 [00:12<00:09, 121.93it/s]
Linguistic features:  58%|█████▊    | 1591/2730 [00:12<00:09, 122.70it/s]
Linguistic features:  59%|█████▉    | 1604/2730 [00:12<00:09, 121.76it/s]
Linguistic features:  59%|█████▉    | 1618/2730 [00:13<00:08, 124.61it/s]
Linguistic features:  60%|█████▉    | 1632/2730 [00:13<00:08, 126.05it/s]
Linguistic features:  60%|██████    | 1645/2730 [00:13<00:08, 125.79it/s]
Linguistic features:  61%|██████    | 1658/2730 [00:13<00:08, 124.30it/s]
Linguistic features:  61%|██████    | 1671/2730 [00:13<00:08, 125.60it/s]
Linguistic features:  62%|██████▏   | 1684/2730 [00:13<00:08, 126.25it/s]
Linguistic features:  62%|██████▏   | 1697/2730 [00:13<00:08, 127.02it/s]
Linguistic features:  63%|██████▎   | 1710/2730 [00:13<00:08, 125.95it/s]
Linguistic features:  63%|██████▎   | 1723/2730 [00:13<00:08, 124.95it/s]
Linguistic features:  64%|██████▎   | 1736/2730 [00:14<00:07, 126.30it/s]
Linguistic features:  64%|██████▍   | 1749/2730 [00:14<00:07, 125.19it/s]
Linguistic features:  65%|██████▍   | 1762/2730 [00:14<00:07, 125.87it/s]
Linguistic features:  65%|██████▌   | 1775/2730 [00:14<00:07, 125.42it/s]
Linguistic features:  65%|██████▌   | 1788/2730 [00:14<00:07, 124.31it/s]
Linguistic features:  66%|██████▌   | 1801/2730 [00:14<00:07, 123.26it/s]
Linguistic features:  66%|██████▋   | 1814/2730 [00:14<00:07, 123.29it/s]
Linguistic features:  67%|██████▋   | 1827/2730 [00:14<00:07, 123.32it/s]
Linguistic features:  67%|██████▋   | 1840/2730 [00:14<00:07, 122.99it/s]
Linguistic features:  68%|██████▊   | 1853/2730 [00:14<00:07, 124.04it/s]
Linguistic features:  68%|██████▊   | 1866/2730 [00:15<00:06, 123.61it/s]
Linguistic features:  69%|██████▉   | 1879/2730 [00:15<00:06, 123.87it/s]
Linguistic features:  69%|██████▉   | 1892/2730 [00:15<00:06, 123.19it/s]
Linguistic features:  70%|██████▉   | 1905/2730 [00:15<00:06, 123.62it/s]
Linguistic features:  70%|███████   | 1918/2730 [00:15<00:06, 123.63it/s]
Linguistic features:  71%|███████   | 1931/2730 [00:15<00:06, 123.94it/s]
Linguistic features:  71%|███████   | 1944/2730 [00:15<00:06, 123.09it/s]
Linguistic features:  72%|███████▏  | 1957/2730 [00:15<00:06, 122.07it/s]
Linguistic features:  72%|███████▏  | 1970/2730 [00:15<00:06, 123.88it/s]
Linguistic features:  73%|███████▎  | 1983/2730 [00:16<00:06, 123.12it/s]
Linguistic features:  73%|███████▎  | 1996/2730 [00:16<00:05, 124.48it/s]
Linguistic features:  74%|███████▎  | 2009/2730 [00:16<00:05, 125.22it/s]
Linguistic features:  74%|███████▍  | 2022/2730 [00:16<00:05, 123.30it/s]
Linguistic features:  75%|███████▍  | 2035/2730 [00:16<00:05, 123.17it/s]
Linguistic features:  75%|███████▌  | 2048/2730 [00:16<00:05, 122.49it/s]
Linguistic features:  75%|███████▌  | 2061/2730 [00:16<00:05, 124.33it/s]
Linguistic features:  76%|███████▌  | 2074/2730 [00:16<00:05, 124.72it/s]
Linguistic features:  76%|███████▋  | 2087/2730 [00:16<00:05, 123.79it/s]
Linguistic features:  77%|███████▋  | 2100/2730 [00:16<00:05, 122.90it/s]
Linguistic features:  77%|███████▋  | 2113/2730 [00:17<00:04, 124.29it/s]
Linguistic features:  78%|███████▊  | 2127/2730 [00:17<00:04, 125.80it/s]
Linguistic features:  78%|███████▊  | 2140/2730 [00:17<00:04, 125.47it/s]
Linguistic features:  79%|███████▉  | 2153/2730 [00:17<00:04, 124.61it/s]
Linguistic features:  79%|███████▉  | 2166/2730 [00:17<00:04, 124.53it/s]
Linguistic features:  80%|███████▉  | 2179/2730 [00:17<00:04, 125.54it/s]
Linguistic features:  80%|████████  | 2192/2730 [00:17<00:04, 125.59it/s]
Linguistic features:  81%|████████  | 2205/2730 [00:17<00:04, 124.03it/s]
Linguistic features:  81%|████████  | 2218/2730 [00:17<00:04, 125.59it/s]
Linguistic features:  82%|████████▏ | 2232/2730 [00:18<00:03, 126.55it/s]
Linguistic features:  82%|████████▏ | 2245/2730 [00:18<00:03, 125.03it/s]
Linguistic features:  83%|████████▎ | 2258/2730 [00:18<00:03, 124.41it/s]
Linguistic features:  83%|████████▎ | 2271/2730 [00:18<00:03, 124.81it/s]
Linguistic features:  84%|████████▎ | 2284/2730 [00:18<00:03, 125.47it/s]
Linguistic features:  84%|████████▍ | 2297/2730 [00:18<00:03, 124.85it/s]
Linguistic features:  85%|████████▍ | 2310/2730 [00:18<00:03, 125.09it/s]
Linguistic features:  85%|████████▌ | 2323/2730 [00:18<00:03, 124.17it/s]
Linguistic features:  86%|████████▌ | 2336/2730 [00:18<00:03, 123.99it/s]
Linguistic features:  86%|████████▌ | 2349/2730 [00:18<00:03, 124.54it/s]
Linguistic features:  87%|████████▋ | 2362/2730 [00:19<00:02, 124.89it/s]
Linguistic features:  87%|████████▋ | 2375/2730 [00:19<00:02, 124.90it/s]
Linguistic features:  87%|████████▋ | 2388/2730 [00:19<00:02, 123.25it/s]
Linguistic features:  88%|████████▊ | 2401/2730 [00:19<00:02, 123.44it/s]
Linguistic features:  88%|████████▊ | 2414/2730 [00:19<00:02, 122.78it/s]
Linguistic features:  89%|████████▉ | 2427/2730 [00:19<00:02, 124.74it/s]
Linguistic features:  89%|████████▉ | 2440/2730 [00:19<00:02, 122.86it/s]
Linguistic features:  90%|████████▉ | 2454/2730 [00:19<00:02, 125.74it/s]
Linguistic features:  90%|█████████ | 2467/2730 [00:19<00:02, 126.42it/s]
Linguistic features:  91%|█████████ | 2480/2730 [00:20<00:01, 125.89it/s]
Linguistic features:  91%|█████████▏| 2493/2730 [00:20<00:01, 125.32it/s]
Linguistic features:  92%|█████████▏| 2506/2730 [00:20<00:01, 125.27it/s]
Linguistic features:  92%|█████████▏| 2519/2730 [00:20<00:01, 123.71it/s]
Linguistic features:  93%|█████████▎| 2532/2730 [00:20<00:01, 122.59it/s]
Linguistic features:  93%|█████████▎| 2545/2730 [00:20<00:01, 123.74it/s]
Linguistic features:  94%|█████████▎| 2558/2730 [00:20<00:01, 123.33it/s]
Linguistic features:  94%|█████████▍| 2571/2730 [00:20<00:01, 123.80it/s]
Linguistic features:  95%|█████████▍| 2584/2730 [00:20<00:01, 122.80it/s]
Linguistic features:  95%|█████████▌| 2597/2730 [00:20<00:01, 121.99it/s]
Linguistic features:  96%|█████████▌| 2610/2730 [00:21<00:00, 122.38it/s]
Linguistic features:  96%|█████████▌| 2623/2730 [00:21<00:00, 123.35it/s]
Linguistic features:  97%|█████████▋| 2636/2730 [00:21<00:00, 124.32it/s]
Linguistic features:  97%|█████████▋| 2649/2730 [00:21<00:00, 122.36it/s]
Linguistic features:  98%|█████████▊| 2662/2730 [00:21<00:00, 122.67it/s]
Linguistic features:  98%|█████████▊| 2675/2730 [00:21<00:00, 123.63it/s]
Linguistic features:  98%|█████████▊| 2688/2730 [00:21<00:00, 124.03it/s]
Linguistic features:  99%|█████████▉| 2701/2730 [00:21<00:00, 125.41it/s]
Linguistic features:  99%|█████████▉| 2714/2730 [00:21<00:00, 126.24it/s]
Linguistic features: 100%|█████████▉| 2727/2730 [00:22<00:00, 125.53it/s]
Linguistic features: 100%|██████████| 2730/2730 [00:22<00:00, 123.86it/s]

Testing:   0%|          | 0/147 [00:00<?, ?it/s]
Testing:   1%|          | 1/147 [00:00<00:16,  8.70it/s]
Testing:   1%|▏         | 2/147 [00:00<00:16,  8.74it/s]
Testing:   2%|▏         | 3/147 [00:00<00:16,  8.98it/s]
Testing:   3%|▎         | 4/147 [00:00<00:15,  9.24it/s]
Testing:   3%|▎         | 5/147 [00:00<00:15,  9.40it/s]
Testing:   4%|▍         | 6/147 [00:00<00:14,  9.48it/s]
Testing:   5%|▍         | 7/147 [00:00<00:14,  9.54it/s]
Testing:   5%|▌         | 8/147 [00:00<00:14,  9.58it/s]
Testing:   6%|▌         | 9/147 [00:00<00:14,  9.60it/s]
Testing:   7%|▋         | 10/147 [00:01<00:14,  9.62it/s]
Testing:   7%|▋         | 11/147 [00:01<00:14,  9.63it/s]
Testing:   8%|▊         | 12/147 [00:01<00:14,  9.64it/s]
Testing:   9%|▉         | 13/147 [00:01<00:13,  9.65it/s]
Testing:  10%|▉         | 14/147 [00:01<00:13,  9.65it/s]
Testing:  10%|█         | 15/147 [00:01<00:13,  9.65it/s]
Testing:  11%|█         | 16/147 [00:01<00:13,  9.66it/s]
Testing:  12%|█▏        | 17/147 [00:01<00:13,  9.66it/s]
Testing:  12%|█▏        | 18/147 [00:01<00:13,  9.66it/s]
Testing:  13%|█▎        | 19/147 [00:01<00:13,  9.66it/s]
Testing:  14%|█▎        | 20/147 [00:02<00:13,  9.66it/s]
Testing:  14%|█▍        | 21/147 [00:02<00:13,  9.66it/s]
Testing:  15%|█▍        | 22/147 [00:02<00:12,  9.66it/s]
Testing:  16%|█▌        | 23/147 [00:02<00:12,  9.66it/s]
Testing:  16%|█▋        | 24/147 [00:02<00:12,  9.66it/s]
Testing:  17%|█▋        | 25/147 [00:02<00:12,  9.66it/s]
Testing:  18%|█▊        | 26/147 [00:02<00:12,  9.66it/s]
Testing:  18%|█▊        | 27/147 [00:02<00:12,  9.67it/s]
Testing:  19%|█▉        | 28/147 [00:02<00:12,  9.67it/s]
Testing:  20%|█▉        | 29/147 [00:03<00:12,  9.66it/s]
Testing:  20%|██        | 30/147 [00:03<00:12,  9.66it/s]
Testing:  21%|██        | 31/147 [00:03<00:12,  9.66it/s]
Testing:  22%|██▏       | 32/147 [00:03<00:11,  9.66it/s]
Testing:  22%|██▏       | 33/147 [00:03<00:11,  9.66it/s]
Testing:  23%|██▎       | 34/147 [00:03<00:11,  9.66it/s]
Testing:  24%|██▍       | 35/147 [00:03<00:11,  9.66it/s]
Testing:  24%|██▍       | 36/147 [00:03<00:11,  9.66it/s]
Testing:  25%|██▌       | 37/147 [00:03<00:11,  9.66it/s]
Testing:  26%|██▌       | 38/147 [00:03<00:11,  9.66it/s]
Testing:  27%|██▋       | 39/147 [00:04<00:11,  9.66it/s]
Testing:  27%|██▋       | 40/147 [00:04<00:11,  9.66it/s]
Testing:  28%|██▊       | 41/147 [00:04<00:10,  9.66it/s]
Testing:  29%|██▊       | 42/147 [00:04<00:10,  9.66it/s]
Testing:  29%|██▉       | 43/147 [00:04<00:10,  9.66it/s]
Testing:  30%|██▉       | 44/147 [00:04<00:10,  9.66it/s]
Testing:  31%|███       | 45/147 [00:04<00:10,  9.66it/s]
Testing:  31%|███▏      | 46/147 [00:04<00:10,  9.66it/s]
Testing:  32%|███▏      | 47/147 [00:04<00:10,  9.66it/s]
Testing:  33%|███▎      | 48/147 [00:04<00:10,  9.66it/s]
Testing:  33%|███▎      | 49/147 [00:05<00:10,  9.66it/s]
Testing:  34%|███▍      | 50/147 [00:05<00:10,  9.66it/s]
Testing:  35%|███▍      | 51/147 [00:05<00:09,  9.66it/s]
Testing:  35%|███▌      | 52/147 [00:05<00:09,  9.66it/s]
Testing:  36%|███▌      | 53/147 [00:05<00:09,  9.66it/s]
Testing:  37%|███▋      | 54/147 [00:05<00:09,  9.66it/s]
Testing:  37%|███▋      | 55/147 [00:05<00:09,  9.66it/s]
Testing:  38%|███▊      | 56/147 [00:05<00:09,  9.66it/s]
Testing:  39%|███▉      | 57/147 [00:05<00:09,  9.66it/s]
Testing:  39%|███▉      | 58/147 [00:06<00:09,  9.66it/s]
Testing:  40%|████      | 59/147 [00:06<00:09,  9.66it/s]
Testing:  41%|████      | 60/147 [00:06<00:09,  9.66it/s]
Testing:  41%|████▏     | 61/147 [00:06<00:08,  9.66it/s]
Testing:  42%|████▏     | 62/147 [00:06<00:08,  9.66it/s]
Testing:  43%|████▎     | 63/147 [00:06<00:08,  9.66it/s]
Testing:  44%|████▎     | 64/147 [00:06<00:08,  9.66it/s]
Testing:  44%|████▍     | 65/147 [00:06<00:08,  9.66it/s]
Testing:  45%|████▍     | 66/147 [00:06<00:08,  9.66it/s]
Testing:  46%|████▌     | 67/147 [00:06<00:08,  9.66it/s]
Testing:  46%|████▋     | 68/147 [00:07<00:08,  9.66it/s]
Testing:  47%|████▋     | 69/147 [00:07<00:08,  9.66it/s]
Testing:  48%|████▊     | 70/147 [00:07<00:07,  9.66it/s]
Testing:  48%|████▊     | 71/147 [00:07<00:07,  9.66it/s]
Testing:  49%|████▉     | 72/147 [00:07<00:07,  9.66it/s]
Testing:  50%|████▉     | 73/147 [00:07<00:07,  9.66it/s]
Testing:  50%|█████     | 74/147 [00:07<00:07,  9.66it/s]
Testing:  51%|█████     | 75/147 [00:07<00:07,  9.66it/s]
Testing:  52%|█████▏    | 76/147 [00:07<00:07,  9.66it/s]
Testing:  52%|█████▏    | 77/147 [00:07<00:07,  9.66it/s]
Testing:  53%|█████▎    | 78/147 [00:08<00:07,  9.66it/s]
Testing:  54%|█████▎    | 79/147 [00:08<00:07,  9.66it/s]
Testing:  54%|█████▍    | 80/147 [00:08<00:06,  9.66it/s]
Testing:  55%|█████▌    | 81/147 [00:08<00:06,  9.66it/s]
Testing:  56%|█████▌    | 82/147 [00:08<00:06,  9.66it/s]
Testing:  56%|█████▋    | 83/147 [00:08<00:06,  9.66it/s]
Testing:  57%|█████▋    | 84/147 [00:08<00:06,  9.66it/s]
Testing:  58%|█████▊    | 85/147 [00:08<00:06,  9.66it/s]
Testing:  59%|█████▊    | 86/147 [00:08<00:06,  9.66it/s]
Testing:  59%|█████▉    | 87/147 [00:09<00:06,  9.66it/s]
Testing:  60%|█████▉    | 88/147 [00:09<00:06,  9.66it/s]
Testing:  61%|██████    | 89/147 [00:09<00:06,  9.66it/s]
Testing:  61%|██████    | 90/147 [00:09<00:05,  9.66it/s]
Testing:  62%|██████▏   | 91/147 [00:09<00:05,  9.66it/s]
Testing:  63%|██████▎   | 92/147 [00:09<00:05,  9.66it/s]
Testing:  63%|██████▎   | 93/147 [00:09<00:05,  9.66it/s]
Testing:  64%|██████▍   | 94/147 [00:09<00:05,  9.66it/s]
Testing:  65%|██████▍   | 95/147 [00:09<00:05,  9.66it/s]
Testing:  65%|██████▌   | 96/147 [00:09<00:05,  9.66it/s]
Testing:  66%|██████▌   | 97/147 [00:10<00:05,  9.66it/s]
Testing:  67%|██████▋   | 98/147 [00:10<00:05,  9.66it/s]
Testing:  67%|██████▋   | 99/147 [00:10<00:04,  9.66it/s]
Testing:  68%|██████▊   | 100/147 [00:10<00:04,  9.66it/s]
Testing:  69%|██████▊   | 101/147 [00:10<00:04,  9.66it/s]
Testing:  69%|██████▉   | 102/147 [00:10<00:04,  9.66it/s]
Testing:  70%|███████   | 103/147 [00:10<00:04,  9.66it/s]
Testing:  71%|███████   | 104/147 [00:10<00:04,  9.66it/s]
Testing:  71%|███████▏  | 105/147 [00:10<00:04,  9.66it/s]
Testing:  72%|███████▏  | 106/147 [00:10<00:04,  9.66it/s]
Testing:  73%|███████▎  | 107/147 [00:11<00:04,  9.66it/s]
Testing:  73%|███████▎  | 108/147 [00:11<00:04,  9.66it/s]
Testing:  74%|███████▍  | 109/147 [00:11<00:03,  9.66it/s]
Testing:  75%|███████▍  | 110/147 [00:11<00:03,  9.66it/s]
Testing:  76%|███████▌  | 111/147 [00:11<00:03,  9.66it/s]
Testing:  76%|███████▌  | 112/147 [00:11<00:03,  9.66it/s]
Testing:  77%|███████▋  | 113/147 [00:11<00:03,  9.66it/s]
Testing:  78%|███████▊  | 114/147 [00:11<00:03,  9.66it/s]
Testing:  78%|███████▊  | 115/147 [00:11<00:03,  9.66it/s]
Testing:  79%|███████▉  | 116/147 [00:12<00:03,  9.66it/s]
Testing:  80%|███████▉  | 117/147 [00:12<00:03,  9.66it/s]
Testing:  80%|████████  | 118/147 [00:12<00:03,  9.66it/s]
Testing:  81%|████████  | 119/147 [00:12<00:02,  9.66it/s]
Testing:  82%|████████▏ | 120/147 [00:12<00:02,  9.66it/s]
Testing:  82%|████████▏ | 121/147 [00:12<00:02,  9.66it/s]
Testing:  83%|████████▎ | 122/147 [00:12<00:02,  9.66it/s]
Testing:  84%|████████▎ | 123/147 [00:12<00:02,  9.66it/s]
Testing:  84%|████████▍ | 124/147 [00:12<00:02,  9.66it/s]
Testing:  85%|████████▌ | 125/147 [00:12<00:02,  9.66it/s]
Testing:  86%|████████▌ | 126/147 [00:13<00:02,  9.66it/s]
Testing:  86%|████████▋ | 127/147 [00:13<00:02,  9.66it/s]
Testing:  87%|████████▋ | 128/147 [00:13<00:01,  9.66it/s]
Testing:  88%|████████▊ | 129/147 [00:13<00:01,  9.66it/s]
Testing:  88%|████████▊ | 130/147 [00:13<00:01,  9.66it/s]
Testing:  89%|████████▉ | 131/147 [00:13<00:01,  9.66it/s]
Testing:  90%|████████▉ | 132/147 [00:13<00:01,  9.66it/s]
Testing:  90%|█████████ | 133/147 [00:13<00:01,  9.66it/s]
Testing:  91%|█████████ | 134/147 [00:13<00:01,  9.66it/s]
Testing:  92%|█████████▏| 135/147 [00:13<00:01,  9.66it/s]
Testing:  93%|█████████▎| 136/147 [00:14<00:01,  9.66it/s]
Testing:  93%|█████████▎| 137/147 [00:14<00:01,  9.66it/s]
Testing:  94%|█████████▍| 138/147 [00:14<00:00,  9.66it/s]
Testing:  95%|█████████▍| 139/147 [00:14<00:00,  9.66it/s]
Testing:  95%|█████████▌| 140/147 [00:14<00:00,  9.66it/s]
Testing:  96%|█████████▌| 141/147 [00:14<00:00,  9.66it/s]
Testing:  97%|█████████▋| 142/147 [00:14<00:00,  9.66it/s]
Testing:  97%|█████████▋| 143/147 [00:14<00:00,  9.66it/s]
Testing:  98%|█████████▊| 144/147 [00:14<00:00,  9.66it/s]
Testing:  99%|█████████▊| 145/147 [00:15<00:00,  9.66it/s]
Testing:  99%|█████████▉| 146/147 [00:15<00:00,  9.66it/s]
Testing: 100%|██████████| 147/147 [00:15<00:00,  9.69it/s]
